# Blender 3.6.0
# www.blender.org
mtllib Drzewo_8.mtl
o tree
v -0.050300 0.000000 0.087123
v 0.050300 0.000000 0.087123
v 0.100601 0.000000 -0.000000
v 0.050300 0.000000 -0.087123
v -0.050300 0.000000 -0.087123
v -0.100601 0.000000 0.000000
v -0.045841 0.589297 0.079122
v 0.045189 0.598231 0.078745
v 0.091030 0.596046 -0.000377
v 0.045841 0.584927 -0.079122
v -0.045189 0.575992 -0.078745
v -0.091030 0.578177 0.000377
v -0.153979 1.149244 -0.026166
v -0.072887 1.163489 -0.026837
v -0.032646 1.168986 -0.098458
v -0.073495 1.160236 -0.169408
v -0.154587 1.145990 -0.168738
v -0.194828 1.140494 -0.097116
v -0.226205 1.655243 0.029966
v -0.153583 1.664412 0.029050
v -0.119635 1.681502 -0.033513
v -0.158307 1.689423 -0.095161
v -0.230929 1.680254 -0.094245
v -0.264877 1.663164 -0.031682
v -0.272704 2.191477 0.175557
v -0.208891 2.197096 0.174341
v -0.178693 2.207410 0.118782
v -0.212308 2.212105 0.064440
v -0.276120 2.206485 0.065656
v -0.306318 2.196172 0.121215
v -0.308165 2.714089 0.165812
v -0.253355 2.717699 0.164761
v -0.226466 2.713586 0.117029
v -0.254386 2.705863 0.070349
v -0.309196 2.702254 0.071400
v -0.336085 2.706367 0.119132
v -0.337876 3.283677 0.016178
v -0.292115 3.285584 0.015527
v -0.269321 3.275615 -0.022935
v -0.292290 3.263738 -0.060745
v -0.338052 3.261831 -0.060093
v -0.360845 3.271800 -0.021632
v -0.349179 3.788214 -0.155755
v -0.312519 3.789164 -0.156098
v -0.294209 3.779550 -0.186384
v -0.312559 3.768986 -0.216328
v -0.349218 3.768036 -0.215986
v -0.367528 3.777650 -0.185699
v -0.357244 4.257124 -0.326233
v -0.329712 4.257779 -0.326471
v -0.315955 4.250314 -0.349132
v -0.329730 4.242192 -0.371555
v -0.357262 4.241537 -0.371318
v -0.371019 4.249002 -0.348657
v -0.066997 0.606810 -0.015410
v -0.044440 0.606810 0.052452
v 0.022558 0.587112 0.067862
v 0.066997 0.567413 0.015410
v 0.044440 0.567413 -0.052452
v -0.022558 0.587112 -0.067862
v 0.089919 1.076650 -0.063864
v 0.108221 1.069842 -0.002524
v 0.168803 1.053041 0.011313
v 0.211083 1.043047 -0.036190
v 0.192780 1.049856 -0.097530
v 0.132198 1.066657 -0.111367
v 0.186225 1.476061 0.003665
v 0.200586 1.461352 0.057079
v 0.255051 1.449142 0.069735
v 0.295154 1.451642 0.028977
v 0.280792 1.466352 -0.024436
v 0.226327 1.478562 -0.037092
v 0.242327 1.893527 0.129390
v 0.255536 1.885116 0.176972
v 0.303693 1.877830 0.188684
v 0.338641 1.878956 0.152813
v 0.325431 1.887368 0.105231
v 0.277275 1.894654 0.093519
v 0.297353 2.313016 0.130949
v 0.309844 2.316785 0.171873
v 0.351505 2.314007 0.181954
v 0.380674 2.307461 0.151112
v 0.368183 2.303691 0.110188
v 0.326522 2.306469 0.100107
v 0.340627 2.783777 0.016691
v 0.351495 2.792347 0.049721
v 0.386407 2.792140 0.057703
v 0.410450 2.783361 0.032655
v 0.399582 2.774790 -0.000375
v 0.364671 2.774998 -0.008357
v 0.374882 3.210852 -0.118530
v 0.383663 3.219149 -0.092526
v 0.411673 3.220050 -0.086464
v 0.430903 3.212654 -0.106405
v 0.422122 3.204358 -0.132409
v 0.394112 3.203457 -0.138471
v 0.388072 3.610538 -0.254738
v 0.394676 3.617126 -0.235331
v 0.415725 3.618309 -0.230950
v 0.430170 3.612903 -0.245976
v 0.423566 3.606316 -0.265383
v 0.402517 3.605133 -0.269764
v 0.059916 0.612307 -0.064357
v -0.029680 0.612307 -0.082769
v -0.089596 0.587112 -0.018413
v -0.059916 0.561916 0.064357
v 0.029680 0.561916 0.082769
v 0.089596 0.587112 0.018413
v 0.002689 1.368502 0.191394
v -0.078056 1.370162 0.175372
v -0.132024 1.348092 0.233506
v -0.105248 1.324362 0.307662
v -0.024503 1.322702 0.323684
v 0.029465 1.344772 0.265550
v -0.019129 2.001833 0.417071
v -0.090973 2.004926 0.403377
v -0.138977 1.985943 0.455281
v -0.115137 1.963868 0.520879
v -0.043292 1.960775 0.534573
v 0.004712 1.979758 0.482669
v -0.037825 2.622237 0.638753
v -0.100673 2.623338 0.626341
v -0.142833 2.613528 0.673578
v -0.122146 2.602617 0.733228
v -0.059299 2.601517 0.745640
v -0.017138 2.611327 0.698403
v -0.056600 3.275648 0.673739
v -0.110407 3.273192 0.662918
v -0.146821 3.275571 0.703985
v -0.129430 3.280406 0.755874
v -0.075624 3.282862 0.766695
v -0.039209 3.280483 0.725627
v -0.092392 4.050054 0.515374
v -0.137222 4.046742 0.506570
v -0.167739 4.054808 0.539764
v -0.153426 4.066186 0.581763
v -0.108596 4.069498 0.590567
v -0.078080 4.061431 0.557373
v -0.102412 4.760900 0.298636
v -0.138304 4.758263 0.291582
v -0.162766 4.766623 0.317595
v -0.151336 4.777618 0.350662
v -0.115444 4.780255 0.357716
v -0.090981 4.771895 0.331703
v -0.116196 5.412887 0.081346
v -0.143149 5.410760 0.076098
v -0.161522 5.417245 0.095563
v -0.152942 5.425856 0.120277
v -0.125989 5.427982 0.125525
v -0.107616 5.421497 0.106059
v -0.094309 1.166063 -0.097618
v -0.109665 1.166063 -0.116152
v -0.128431 1.150993 -0.116232
v -0.131841 1.135922 -0.097778
v -0.116485 1.135922 -0.079244
v -0.097719 1.150993 -0.079164
v -0.161485 1.245730 -0.043495
v -0.174489 1.244683 -0.061029
v -0.190282 1.229612 -0.062037
v -0.193073 1.215587 -0.045510
v -0.180070 1.216633 -0.027976
v -0.164276 1.231705 -0.026968
v -0.247869 1.313263 0.004474
v -0.257694 1.310843 -0.012359
v -0.268943 1.294955 -0.014967
v -0.270365 1.281487 -0.000742
v -0.260540 1.283908 0.016091
v -0.249291 1.299796 0.018699
v -0.347416 1.357644 0.046608
v -0.354099 1.354301 0.030865
v -0.363047 1.339597 0.028142
v -0.365311 1.328236 0.041161
v -0.358627 1.331580 0.056904
v -0.349679 1.346284 0.059627
v -0.444067 1.416499 0.063528
v -0.449381 1.413270 0.049644
v -0.457886 1.400848 0.047454
v -0.461077 1.391656 0.059148
v -0.455763 1.394885 0.073032
v -0.447258 1.407307 0.075221
v -0.539128 1.475855 0.090039
v -0.544103 1.473377 0.078288
v -0.551495 1.462844 0.076450
v -0.553912 1.454789 0.086361
v -0.548937 1.457267 0.098112
v -0.541545 1.467800 0.099950
v -0.219785 1.682368 -0.019916
v -0.193230 1.682368 -0.002302
v -0.165716 1.672456 -0.014958
v -0.164757 1.662544 -0.045228
v -0.191312 1.662544 -0.062842
v -0.218826 1.672456 -0.050186
v -0.171922 1.894160 -0.089353
v -0.147614 1.895512 -0.073894
v -0.122776 1.886230 -0.085237
v -0.122247 1.875595 -0.112038
v -0.146556 1.874243 -0.127497
v -0.171393 1.883525 -0.116154
v -0.133772 2.096135 -0.185586
v -0.111450 2.101605 -0.173834
v -0.089136 2.093926 -0.184294
v -0.089143 2.080778 -0.206507
v -0.111465 2.075308 -0.218259
v -0.133779 2.082986 -0.207799
v -0.141010 2.276985 -0.319632
v -0.121290 2.282791 -0.309802
v -0.101560 2.278025 -0.320157
v -0.101551 2.267454 -0.340343
v -0.121271 2.261648 -0.350173
v -0.141000 2.266413 -0.339817
v -0.141626 2.488017 -0.394606
v -0.124466 2.492250 -0.385769
v -0.107594 2.491368 -0.396016
v -0.107882 2.486253 -0.415100
v -0.125041 2.482019 -0.423937
v -0.141913 2.482902 -0.413690
v -0.182850 2.705541 -0.436616
v -0.168424 2.709804 -0.429286
v -0.154426 2.710922 -0.438386
v -0.154854 2.707778 -0.454815
v -0.169280 2.703515 -0.462145
v -0.183278 2.702397 -0.453046
v 0.295348 2.103275 0.165218
v 0.314525 2.103275 0.178978
v 0.334611 2.093603 0.171226
v 0.335520 2.083932 0.149715
v 0.316343 2.083932 0.135956
v 0.296257 2.093603 0.143707
v 0.357974 2.296381 0.079858
v 0.374987 2.295239 0.092850
v 0.392835 2.285342 0.086293
v 0.393670 2.276585 0.066744
v 0.376657 2.277726 0.053753
v 0.358809 2.287624 0.060310
v 0.449878 2.481736 -0.000112
v 0.464163 2.478678 0.012455
v 0.479077 2.467501 0.007556
v 0.479706 2.459384 -0.009910
v 0.465421 2.462443 -0.022476
v 0.450507 2.473619 -0.017578
v 0.573423 2.645552 -0.077031
v 0.585130 2.641292 -0.065312
v 0.598367 2.631372 -0.069660
v 0.599898 2.625712 -0.085728
v 0.588191 2.629972 -0.097447
v 0.574953 2.639892 -0.093099
v 0.683528 2.831185 -0.103308
v 0.693851 2.827630 -0.093114
v 0.706091 2.820099 -0.097190
v 0.708007 2.816123 -0.111462
v 0.697683 2.819678 -0.121656
v 0.685444 2.827209 -0.117580
v 0.782530 3.019293 -0.155280
v 0.791702 3.016904 -0.146719
v 0.802212 3.010551 -0.150224
v 0.803550 3.006586 -0.162291
v 0.794379 3.008975 -0.170852
v 0.783868 3.015328 -0.167346
v -0.267826 2.438804 0.162527
v -0.239387 2.438804 0.152050
v -0.232109 2.421901 0.127970
v -0.253270 2.404998 0.114366
v -0.281709 2.404998 0.124843
v -0.288987 2.421901 0.148924
v -0.289935 2.515549 0.098373
v -0.264761 2.517182 0.087565
v -0.258172 2.501882 0.065754
v -0.276758 2.484948 0.054751
v -0.301933 2.483315 0.065559
v -0.308521 2.498616 0.087370
v -0.328369 2.583573 0.035367
v -0.308877 2.589840 0.021762
v -0.303899 2.577586 0.001041
v -0.318412 2.559064 -0.006074
v -0.337904 2.552797 0.007531
v -0.342882 2.565051 0.028252
v -0.399022 2.637344 -0.006954
v -0.383965 2.645201 -0.020493
v -0.381963 2.636943 -0.040482
v -0.395018 2.620826 -0.046932
v -0.410075 2.612969 -0.033392
v -0.412077 2.621228 -0.013404
v -0.455660 2.710840 -0.036430
v -0.442823 2.717950 -0.048274
v -0.444070 2.714421 -0.066757
v -0.458153 2.703781 -0.073395
v -0.470990 2.696671 -0.061551
v -0.469743 2.700201 -0.043068
v -0.508154 2.795195 -0.035067
v -0.497805 2.802052 -0.045152
v -0.500292 2.801253 -0.060933
v -0.513130 2.793598 -0.066628
v -0.523480 2.786741 -0.056543
v -0.520992 2.787539 -0.040762
v 0.371015 2.838357 0.026119
v 0.390195 2.838357 0.023158
v 0.397854 2.827303 0.009165
v 0.386332 2.816248 -0.001867
v 0.367152 2.816248 0.001094
v 0.359493 2.827303 0.015087
v 0.351435 2.990063 -0.106977
v 0.368992 2.988816 -0.108518
v 0.376062 2.977470 -0.120070
v 0.365576 2.967372 -0.130082
v 0.348019 2.968620 -0.128541
v 0.340949 2.979965 -0.116989
v 0.368119 3.123440 -0.261420
v 0.383585 3.119898 -0.260024
v 0.389613 3.107349 -0.267764
v 0.380173 3.098343 -0.276901
v 0.364707 3.101884 -0.278298
v 0.358679 3.114433 -0.270557
v 0.434722 3.222219 -0.424805
v 0.447559 3.217325 -0.421258
v 0.452624 3.205585 -0.427409
v 0.444852 3.198739 -0.437106
v 0.432015 3.203633 -0.440653
v 0.426950 3.215373 -0.434503
v 0.533021 3.341781 -0.550563
v 0.544069 3.337188 -0.547125
v 0.549164 3.327795 -0.553510
v 0.543211 3.322993 -0.563333
v 0.532163 3.327585 -0.566770
v 0.527067 3.336979 -0.560385
v 0.619274 3.481314 -0.665359
v 0.628955 3.477635 -0.662636
v 0.633643 3.470021 -0.668529
v 0.628649 3.466085 -0.677146
v 0.618967 3.469763 -0.679870
v 0.614279 3.477378 -0.673976
v -0.286333 3.131042 0.035428
v -0.285418 3.131042 0.009533
v -0.306895 3.126373 -0.004189
v -0.329288 3.121704 0.007983
v -0.330203 3.121704 0.033878
v -0.308726 3.126373 0.047601
v -0.319942 3.279238 0.033030
v -0.319026 3.278868 0.009544
v -0.338295 3.273702 -0.002890
v -0.358480 3.268905 0.008162
v -0.359396 3.269275 0.031648
v -0.340127 3.274441 0.044082
v -0.364656 3.425274 0.025354
v -0.363917 3.425212 0.004264
v -0.380683 3.418854 -0.006863
v -0.398188 3.412558 0.003101
v -0.398927 3.412620 0.024191
v -0.382161 3.418978 0.035317
v -0.428238 3.561387 0.025981
v -0.427600 3.561380 0.007293
v -0.442746 3.556603 -0.002578
v -0.458530 3.551831 0.006240
v -0.459168 3.551838 0.024928
v -0.444022 3.556615 0.034798
v -0.455921 3.706883 0.019648
v -0.455624 3.707988 0.003393
v -0.469406 3.706323 -0.005139
v -0.483485 3.703552 0.002583
v -0.483782 3.702447 0.018838
v -0.470000 3.704112 0.027370
v -0.479202 3.853261 0.042551
v -0.479151 3.855522 0.028846
v -0.491034 3.854980 0.021673
v -0.502968 3.852175 0.028205
v -0.503019 3.849913 0.041910
v -0.491136 3.850456 0.049083
v 0.405929 3.256553 -0.141206
v 0.390911 3.256553 -0.133798
v 0.389305 3.250870 -0.118129
v 0.402716 3.245186 -0.109868
v 0.417733 3.245186 -0.117276
v 0.419340 3.250870 -0.132945
v 0.435669 3.414566 -0.079266
v 0.422134 3.415276 -0.072229
v 0.420615 3.409853 -0.058033
v 0.432630 3.403718 -0.050876
v 0.446165 3.403008 -0.057914
v 0.447684 3.408431 -0.072109
v 0.487625 3.563884 -0.011872
v 0.476129 3.566494 -0.004701
v 0.474822 3.561770 0.008198
v 0.485011 3.554436 0.013925
v 0.496507 3.551826 0.006754
v 0.497814 3.556551 -0.006145
v 0.574697 3.700045 0.042629
v 0.564814 3.703157 0.049302
v 0.564254 3.700171 0.061247
v 0.573579 3.694074 0.066518
v 0.583462 3.690963 0.059845
v 0.584022 3.693948 0.047900
v 0.634116 3.856490 0.071286
v 0.625445 3.859303 0.077173
v 0.625782 3.858617 0.087997
v 0.634789 3.855118 0.092935
v 0.643460 3.852305 0.087048
v 0.643123 3.852991 0.076223
v 0.689112 4.017951 0.061991
v 0.681762 4.020788 0.067076
v 0.682401 4.021190 0.076423
v 0.690391 4.018754 0.080686
v 0.697742 4.015917 0.075601
v 0.697102 4.015515 0.066254
v -0.339511 3.577530 -0.104858
v -0.317389 3.577530 -0.098057
v -0.303029 3.560925 -0.105388
v -0.310791 3.544321 -0.119518
v -0.332913 3.544321 -0.126319
v -0.347273 3.560925 -0.118989
v -0.298932 3.666370 -0.233308
v -0.278469 3.667302 -0.228574
v -0.265507 3.652006 -0.234905
v -0.273009 3.635779 -0.245970
v -0.293473 3.634847 -0.250703
v -0.306434 3.650142 -0.244372
v -0.281225 3.734201 -0.378114
v -0.262562 3.737200 -0.378487
v -0.250901 3.723498 -0.384291
v -0.257902 3.706798 -0.389723
v -0.276564 3.703799 -0.389349
v -0.288226 3.717501 -0.383545
v -0.318854 3.768361 -0.528395
v -0.302893 3.772183 -0.531923
v -0.292944 3.760787 -0.539196
v -0.298955 3.745567 -0.542942
v -0.314915 3.741745 -0.539414
v -0.324864 3.753142 -0.532141
v -0.366343 3.835329 -0.663087
v -0.352816 3.839181 -0.667247
v -0.345113 3.830437 -0.676154
v -0.350937 3.817841 -0.680903
v -0.364465 3.813989 -0.676743
v -0.372168 3.822732 -0.667836
v -0.436550 3.915967 -0.781558
v -0.425334 3.919690 -0.785777
v -0.419234 3.912795 -0.794303
v -0.424349 3.902176 -0.798610
v -0.435564 3.898453 -0.794390
v -0.441665 3.905349 -0.785864
v -0.080552 3.591631 0.676025
v -0.091902 3.591631 0.651427
v -0.115900 3.579666 0.647583
v -0.128548 3.567700 0.668336
v -0.117199 3.567700 0.692934
v -0.093201 3.579666 0.696778
v -0.156519 3.727430 0.709701
v -0.167348 3.728388 0.687675
v -0.188805 3.716999 0.684033
v -0.199433 3.704653 0.702418
v -0.188603 3.703695 0.724444
v -0.167146 3.715084 0.728086
v -0.239575 3.852598 0.762782
v -0.251054 3.856242 0.744327
v -0.269962 3.845485 0.740807
v -0.277392 3.831084 0.755741
v -0.265913 3.827439 0.774196
v -0.247004 3.838197 0.777717
v -0.318024 3.954204 0.851692
v -0.329105 3.958980 0.836360
v -0.346938 3.951299 0.834441
v -0.353689 3.938842 0.847854
v -0.342609 3.934067 0.863187
v -0.324776 3.941747 0.865106
v -0.362424 4.084721 0.920651
v -0.372405 4.089878 0.907913
v -0.389057 4.086556 0.908293
v -0.395729 4.078079 0.921412
v -0.385747 4.072922 0.934151
v -0.369095 4.076243 0.933770
v -0.372380 4.220199 0.998727
v -0.381001 4.225610 0.988458
v -0.395345 4.224176 0.989565
v -0.401069 4.217331 1.000942
v -0.392449 4.211920 1.011211
v -0.378104 4.213354 1.010103
v -0.352558 3.956807 -0.243543
v -0.340911 3.956807 -0.226647
v -0.323873 3.945390 -0.225929
v -0.318483 3.933974 -0.242107
v -0.330130 3.933974 -0.259003
v -0.347168 3.945390 -0.259721
v -0.266603 4.078092 -0.301679
v -0.255267 4.079148 -0.286883
v -0.239867 4.068618 -0.286152
v -0.235805 4.057033 -0.300217
v -0.247141 4.055976 -0.315012
v -0.262541 4.066506 -0.315743
v -0.185177 4.185132 -0.385578
v -0.172739 4.189383 -0.375089
v -0.158442 4.180528 -0.374972
v -0.156583 4.167423 -0.385346
v -0.169022 4.163172 -0.395835
v -0.183319 4.172026 -0.395952
v -0.146118 4.262344 -0.516030
v -0.134202 4.268010 -0.508968
v -0.120708 4.261846 -0.510935
v -0.119129 4.250016 -0.519964
v -0.131045 4.244350 -0.527026
v -0.144539 4.250514 -0.525059
v -0.130284 4.372643 -0.625354
v -0.119825 4.377763 -0.619325
v -0.107745 4.374519 -0.623265
v -0.106126 4.366156 -0.633234
v -0.116585 4.361036 -0.639262
v -0.128664 4.364280 -0.635322
v -0.144233 4.500227 -0.717311
v -0.135267 4.504877 -0.712331
v -0.124963 4.503136 -0.716525
v -0.123623 4.496745 -0.725699
v -0.132589 4.492095 -0.730680
v -0.142894 4.493836 -0.726486
v -0.323389 4.109211 -0.289358
v -0.324555 4.109211 -0.308593
v -0.340816 4.103575 -0.317260
v -0.355912 4.097938 -0.306692
v -0.354746 4.097938 -0.287458
v -0.338485 4.103575 -0.278791
v -0.356011 4.195664 -0.288267
v -0.356783 4.194901 -0.305777
v -0.371272 4.188931 -0.313666
v -0.384988 4.183726 -0.304045
v -0.384215 4.184489 -0.286535
v -0.369727 4.190459 -0.278646
v -0.394847 4.280313 -0.295436
v -0.395095 4.278638 -0.311163
v -0.407412 4.271615 -0.318175
v -0.419480 4.266265 -0.309460
v -0.419232 4.267940 -0.293733
v -0.406915 4.274964 -0.286721
v -0.442530 4.357317 -0.305774
v -0.442537 4.355379 -0.319732
v -0.453710 4.349538 -0.326029
v -0.464875 4.345637 -0.318368
v -0.464868 4.347576 -0.304409
v -0.453695 4.353416 -0.298113
v -0.470093 4.441799 -0.319588
v -0.470131 4.440184 -0.331848
v -0.480423 4.436379 -0.337552
v -0.490677 4.434189 -0.330995
v -0.490639 4.435804 -0.318734
v -0.480347 4.439609 -0.313031
v -0.496501 4.528571 -0.329901
v -0.496595 4.527390 -0.340476
v -0.505506 4.524304 -0.345406
v -0.514322 4.522398 -0.339761
v -0.514228 4.523578 -0.329187
v -0.505318 4.526664 -0.324257
v -0.146562 4.202357 0.517015
v -0.128605 4.202357 0.533599
v -0.107271 4.191563 0.528513
v -0.103895 4.180768 0.506843
v -0.121852 4.180768 0.490259
v -0.143186 4.191563 0.495345
v -0.101892 4.307374 0.470392
v -0.086193 4.306045 0.486019
v -0.067454 4.294858 0.481998
v -0.064414 4.285002 0.462349
v -0.080114 4.286331 0.446722
v -0.098853 4.297518 0.450744
v -0.037705 4.406895 0.428956
v -0.026840 4.400824 0.444532
v -0.011967 4.387819 0.441850
v -0.007958 4.380886 0.423590
v -0.018823 4.386957 0.408013
v -0.033697 4.399962 0.410696
v 0.052171 4.484417 0.433476
v 0.058970 4.475194 0.446948
v 0.074057 4.466218 0.444799
v 0.082345 4.466466 0.429176
v 0.075546 4.475689 0.415704
v 0.060459 4.484664 0.417854
v 0.080490 4.580693 0.491788
v 0.086266 4.572286 0.503370
v 0.101260 4.568630 0.503521
v 0.110477 4.573381 0.492091
v 0.104701 4.581789 0.480509
v 0.089707 4.585444 0.480357
v 0.102775 4.681828 0.554643
v 0.107722 4.674713 0.564574
v 0.120605 4.671949 0.564923
v 0.128541 4.676301 0.555341
v 0.123594 4.683417 0.545410
v 0.110711 4.686181 0.545061
v -0.139054 4.377555 0.469039
v -0.115561 4.377555 0.471573
v -0.102827 4.359285 0.463678
v -0.113584 4.341015 0.453247
v -0.137077 4.341015 0.450712
v -0.149811 4.359285 0.458608
v -0.111867 4.498279 0.226966
v -0.090464 4.498636 0.228484
v -0.078984 4.481586 0.222315
v -0.088907 4.464180 0.214630
v -0.110310 4.463822 0.213112
v -0.121790 4.480872 0.219281
v -0.104690 4.576793 -0.032718
v -0.086033 4.578741 -0.037220
v -0.075664 4.563277 -0.042269
v -0.083952 4.545866 -0.042816
v -0.102609 4.543918 -0.038313
v -0.112978 4.559382 -0.033264
v -0.236328 4.570918 -0.267830
v -0.221897 4.573077 -0.276788
v -0.213166 4.559447 -0.282372
v -0.218867 4.543658 -0.278998
v -0.233298 4.541499 -0.270040
v -0.242029 4.555129 -0.264456
v -0.387200 4.578276 -0.491288
v -0.375142 4.580184 -0.499924
v -0.368044 4.568302 -0.505585
v -0.373004 4.554512 -0.502610
v -0.385062 4.552604 -0.493974
v -0.392159 4.564486 -0.488313
v -0.550546 4.586911 -0.706711
v -0.540442 4.588555 -0.714370
v -0.534515 4.578405 -0.719400
v -0.538691 4.566611 -0.716770
v -0.548795 4.564968 -0.709111
v -0.554722 4.575117 -0.704081
v -0.141869 4.678801 0.361929
v -0.124480 4.678801 0.375588
v -0.108854 4.663284 0.373592
v -0.110616 4.647768 0.357938
v -0.128005 4.647768 0.344279
v -0.143632 4.663284 0.346275
v 0.021445 4.866697 0.155868
v 0.035961 4.865414 0.169709
v 0.048811 4.849963 0.169392
v 0.047145 4.835795 0.155235
v 0.032629 4.837079 0.141394
v 0.019779 4.852530 0.141710
v 0.254662 5.010637 -0.019761
v 0.264913 5.007742 -0.005146
v 0.273260 4.991849 -0.002960
v 0.271356 4.978850 -0.015388
v 0.261105 4.981745 -0.030003
v 0.252758 4.997639 -0.032189
v 0.535337 5.089354 -0.158459
v 0.541923 5.085818 -0.144232
v 0.547796 5.071105 -0.141531
v 0.547084 5.059927 -0.153057
v 0.540498 5.063463 -0.167283
v 0.534624 5.078177 -0.169984
v 0.826828 5.194891 -0.236784
v 0.832353 5.191710 -0.224256
v 0.838348 5.179163 -0.222199
v 0.838818 5.169796 -0.232671
v 0.833292 5.172978 -0.245200
v 0.827297 5.185525 -0.247256
v 1.099004 5.323562 -0.345291
v 1.104383 5.321127 -0.334794
v 1.110061 5.310622 -0.333231
v 1.110360 5.302550 -0.342165
v 1.104981 5.304985 -0.352662
v 1.099303 5.315490 -0.354225
v -0.135832 4.834373 0.322387
v -0.114671 4.834373 0.319101
v -0.106187 4.821836 0.303952
v -0.118865 4.809300 0.292089
v -0.140027 4.809300 0.295375
v -0.148511 4.821836 0.310524
v -0.153074 4.961137 0.205079
v -0.134012 4.962069 0.201209
v -0.126270 4.950521 0.187575
v -0.137589 4.938042 0.177811
v -0.156650 4.937110 0.181681
v -0.164393 4.948658 0.195315
v -0.194071 5.072936 0.081581
v -0.178994 5.077721 0.074025
v -0.172659 5.068529 0.060509
v -0.181401 5.054552 0.054549
v -0.196478 5.049767 0.062104
v -0.202813 5.058959 0.075620
v -0.316425 5.150663 -0.005904
v -0.305881 5.157605 -0.015046
v -0.302656 5.151694 -0.029104
v -0.309976 5.138840 -0.034020
v -0.320520 5.131898 -0.024878
v -0.323745 5.137809 -0.010820
v -0.434974 5.260033 -0.056713
v -0.426585 5.266858 -0.065033
v -0.426646 5.264246 -0.078425
v -0.435095 5.254809 -0.083497
v -0.443483 5.247984 -0.075177
v -0.443423 5.250596 -0.061785
v -0.551853 5.385024 -0.053975
v -0.545224 5.391463 -0.061154
v -0.546601 5.390594 -0.072741
v -0.554607 5.383286 -0.077150
v -0.561235 5.376847 -0.069971
v -0.559858 5.377716 -0.058384
v -0.135065 5.166165 0.207921
v -0.117415 5.166165 0.199352
v -0.113540 5.153506 0.184872
v -0.127315 5.140846 0.178961
v -0.144965 5.140846 0.187530
v -0.148840 5.153506 0.202010
v -0.194559 5.287677 0.083377
v -0.179148 5.288788 0.074420
v -0.175563 5.277165 0.061343
v -0.187387 5.264432 0.057223
v -0.202798 5.263321 0.066179
v -0.206384 5.274943 0.079256
v -0.291324 5.387962 -0.036863
v -0.279662 5.391108 -0.047506
v -0.276259 5.380466 -0.059096
v -0.284516 5.366680 -0.060043
v -0.296178 5.363535 -0.049400
v -0.299582 5.374177 -0.037811
v -0.433817 5.444104 -0.135526
v -0.425445 5.448081 -0.146464
v -0.423575 5.439282 -0.157628
v -0.430076 5.426506 -0.157853
v -0.438447 5.422528 -0.146914
v -0.440317 5.431327 -0.135751
v -0.575903 5.533599 -0.203976
v -0.569987 5.537860 -0.214224
v -0.570134 5.531109 -0.224833
v -0.576197 5.520097 -0.225195
v -0.582112 5.515836 -0.214948
v -0.581965 5.522587 -0.204338
v -0.736632 5.612380 -0.242344
v -0.732483 5.616539 -0.251424
v -0.733106 5.610996 -0.260689
v -0.737878 5.601293 -0.260874
v -0.742027 5.597133 -0.251794
v -0.741404 5.602677 -0.242529
v -0.148034 5.250719 0.163707
v -0.135905 5.250719 0.178512
v -0.120194 5.239802 0.178010
v -0.116611 5.228886 0.162704
v -0.128740 5.228886 0.147900
v -0.144451 5.239802 0.148401
v -0.112312 5.300344 0.135574
v -0.101565 5.299942 0.149285
v -0.087937 5.289081 0.149358
v -0.085057 5.278623 0.135721
v -0.095805 5.279025 0.122010
v -0.109432 5.289885 0.121936
v -0.067262 5.345424 0.106129
v -0.060965 5.341837 0.120072
v -0.051468 5.329393 0.121436
v -0.048266 5.320537 0.108857
v -0.054563 5.324123 0.094915
v -0.064060 5.336567 0.093550
v -0.007069 5.374080 0.108256
v -0.007436 5.366357 0.119928
v 0.000751 5.355061 0.121109
v 0.009305 5.351488 0.110618
v 0.009673 5.359210 0.098945
v 0.001486 5.370507 0.097764
v 0.020722 5.409510 0.152749
v 0.018235 5.400418 0.160634
v 0.026789 5.391966 0.163163
v 0.037830 5.392606 0.157807
v 0.040317 5.401697 0.149923
v 0.031763 5.410149 0.147394
v 0.037428 5.443802 0.206047
v 0.035077 5.435570 0.212255
v 0.042563 5.428536 0.214771
v 0.052401 5.429736 0.211080
v 0.054752 5.437968 0.204873
v 0.047266 5.445002 0.202356
v -0.143601 5.328986 0.146703
v -0.124935 5.328986 0.148256
v -0.114655 5.317473 0.137643
v -0.123041 5.305961 0.125478
v -0.141707 5.305961 0.123926
v -0.151988 5.317473 0.134538
v -0.140220 5.357520 0.116075
v -0.123191 5.358455 0.116494
v -0.113831 5.347902 0.106901
v -0.121498 5.336415 0.096888
v -0.138527 5.335479 0.096469
v -0.147887 5.346032 0.106062
v -0.142620 5.380530 0.084550
v -0.128742 5.385444 0.080076
v -0.120947 5.377707 0.069298
v -0.127030 5.365057 0.062995
v -0.140909 5.360143 0.067469
v -0.148704 5.367880 0.078246
v -0.167784 5.394444 0.063398
v -0.158865 5.402103 0.056332
v -0.155574 5.398680 0.043464
v -0.161202 5.387599 0.037662
v -0.170121 5.379941 0.044728
v -0.173412 5.383363 0.057596
v -0.194836 5.417950 0.058031
v -0.188116 5.425629 0.051632
v -0.189181 5.426013 0.039641
v -0.196965 5.418719 0.034049
v -0.203685 5.411040 0.040448
v -0.202621 5.410656 0.052439
v -0.220709 5.446327 0.067515
v -0.215310 5.453340 0.062106
v -0.217609 5.455100 0.052146
v -0.225308 5.449847 0.047594
v -0.230708 5.442833 0.053003
v -0.228409 5.441074 0.062963
v -0.355549 4.259804 -0.326309
v -0.328090 4.259804 -0.328437
v -0.316028 4.249658 -0.351022
v -0.331425 4.239512 -0.371480
v -0.358884 4.239512 -0.369352
v -0.370946 4.249658 -0.346767
v -0.355732 4.294588 -0.345189
v -0.330868 4.295138 -0.347394
v -0.319891 4.285151 -0.367474
v -0.333779 4.274613 -0.385348
v -0.358644 4.274063 -0.383143
v -0.369620 4.284050 -0.363063
v -0.358230 4.327638 -0.367949
v -0.336245 4.330301 -0.371281
v -0.326225 4.320144 -0.388542
v -0.338189 4.307324 -0.402472
v -0.360174 4.304661 -0.399140
v -0.370194 4.314818 -0.381878
v -0.367300 4.353212 -0.393115
v -0.348252 4.357025 -0.397053
v -0.339788 4.349473 -0.413308
v -0.350373 4.338109 -0.425625
v -0.369421 4.334296 -0.421687
v -0.377885 4.341848 -0.405432
v -0.374965 4.382551 -0.408962
v -0.358744 4.386913 -0.412879
v -0.352610 4.383969 -0.428729
v -0.362698 4.376664 -0.440661
v -0.378919 4.372303 -0.436744
v -0.385053 4.375247 -0.420894
v -0.387414 4.415787 -0.417611
v -0.373960 4.420432 -0.421181
v -0.369365 4.419609 -0.435094
v -0.378224 4.414140 -0.445436
v -0.391679 4.409495 -0.441865
v -0.396274 4.410318 -0.427953
v 0.397604 3.619626 -0.233971
v 0.419115 3.619626 -0.232999
v 0.430632 3.611721 -0.249385
v 0.420639 3.603816 -0.266743
v 0.399128 3.603816 -0.267715
v 0.387610 3.611721 -0.251329
v 0.399375 3.651748 -0.250844
v 0.418890 3.650879 -0.249531
v 0.429306 3.642563 -0.263871
v 0.420207 3.635115 -0.279525
v 0.400692 3.635984 -0.280838
v 0.390276 3.644300 -0.266497
v 0.405036 3.683420 -0.271159
v 0.422340 3.680915 -0.268945
v 0.431344 3.670996 -0.280396
v 0.423045 3.663582 -0.294061
v 0.405742 3.666086 -0.296275
v 0.396737 3.676006 -0.284824
v 0.414911 3.708762 -0.293634
v 0.429739 3.704745 -0.290550
v 0.437738 3.695906 -0.300718
v 0.430910 3.691083 -0.313970
v 0.416082 3.695099 -0.317054
v 0.408083 3.703939 -0.306886
v 0.428650 3.736920 -0.305240
v 0.441440 3.732926 -0.302319
v 0.448935 3.726449 -0.311802
v 0.443640 3.723964 -0.324206
v 0.430850 3.727958 -0.327127
v 0.423355 3.734436 -0.317644
v 0.440846 3.766894 -0.318368
v 0.451940 3.763805 -0.315989
v 0.458409 3.758360 -0.324162
v 0.453783 3.756004 -0.334713
v 0.442690 3.759094 -0.337093
v 0.436221 3.764539 -0.328920
v -0.147589 5.429470 0.122880
v -0.120064 5.429470 0.121933
v -0.107044 5.419371 0.099865
v -0.121549 5.409273 0.078743
v -0.149074 5.409273 0.079689
v -0.162094 5.419371 0.101758
v -0.148731 5.574848 0.052464
v -0.123817 5.575800 0.051136
v -0.111998 5.566260 0.031320
v -0.125093 5.555768 0.012831
v -0.150007 5.554815 0.014159
v -0.161827 5.564355 0.033976
v -0.163802 5.711840 -0.029230
v -0.142217 5.716707 -0.032684
v -0.131770 5.708961 -0.050915
v -0.142907 5.696347 -0.065692
v -0.164492 5.691480 -0.062239
v -0.174939 5.699226 -0.044008
v -0.229602 5.831060 -0.109320
v -0.211513 5.837855 -0.113736
v -0.203278 5.833476 -0.131225
v -0.213131 5.822300 -0.144299
v -0.231220 5.815505 -0.139883
v -0.239456 5.819885 -0.122393
v -0.289702 5.969516 -0.158725
v -0.273791 5.975053 -0.162423
v -0.267426 5.973010 -0.178323
v -0.276973 5.965429 -0.190526
v -0.292884 5.959892 -0.186828
v -0.299248 5.961935 -0.170928
v -0.346085 6.114743 -0.197838
v -0.332491 6.119314 -0.200945
v -0.327226 6.117947 -0.214575
v -0.335555 6.112008 -0.225097
v -0.349149 6.107437 -0.221989
v -0.354414 6.108805 -0.208359
v 0.073935 0.851157 -0.033689
v 0.088489 0.851157 -0.027446
v 0.098658 0.839568 -0.031066
v 0.094272 0.827979 -0.040928
v 0.079717 0.827979 -0.047171
v 0.069549 0.839568 -0.043551
v 0.079404 0.857327 -0.044533
v 0.092282 0.856792 -0.037993
v 0.100951 0.845407 -0.040026
v 0.096742 0.834558 -0.048597
v 0.083864 0.835094 -0.055137
v 0.075195 0.846478 -0.053104
v 0.087776 0.861891 -0.056604
v 0.098411 0.860672 -0.049106
v 0.104627 0.849198 -0.048397
v 0.100207 0.838941 -0.055185
v 0.089572 0.840159 -0.062683
v 0.083356 0.851634 -0.063392
v 0.096934 0.862749 -0.066381
v 0.105015 0.861119 -0.058098
v 0.109752 0.850548 -0.056556
v 0.106408 0.841607 -0.063297
v 0.098327 0.843238 -0.071580
v 0.093590 0.853809 -0.073122
v 0.106341 0.864915 -0.072376
v 0.113112 0.863348 -0.064771
v 0.117730 0.854191 -0.063792
v 0.115577 0.846601 -0.070417
v 0.108806 0.848168 -0.078022
v 0.104188 0.857325 -0.079001
v 0.115109 0.867396 -0.079699
v 0.121360 0.866209 -0.073449
v 0.125551 0.858367 -0.072767
v 0.123493 0.851711 -0.078335
v 0.117242 0.852898 -0.084586
v 0.113051 0.860741 -0.085267
v 0.231386 1.379894 -0.021717
v 0.208624 1.379894 -0.016701
v 0.199966 1.364165 -0.001838
v 0.214070 1.348436 0.008007
v 0.236832 1.348436 0.002990
v 0.245490 1.364165 -0.011872
v 0.272914 1.536443 0.171532
v 0.252531 1.537285 0.177194
v 0.244493 1.522498 0.190040
v 0.256839 1.506871 0.197224
v 0.277223 1.506030 0.191563
v 0.285260 1.520816 0.178717
v 0.352147 1.656751 0.379652
v 0.334474 1.658538 0.386498
v 0.326721 1.644415 0.396636
v 0.336640 1.628504 0.399928
v 0.354312 1.626716 0.393082
v 0.362065 1.640840 0.382944
v 0.454833 1.735230 0.595440
v 0.440161 1.737649 0.603472
v 0.433227 1.725069 0.612376
v 0.440965 1.710070 0.613248
v 0.455637 1.707651 0.605217
v 0.462570 1.720230 0.596313
v 0.597917 1.804896 0.788511
v 0.585213 1.807086 0.795708
v 0.579663 1.796435 0.804294
v 0.586816 1.783594 0.805684
v 0.599520 1.781405 0.798487
v 0.605071 1.792056 0.789901
v 0.705154 1.914629 0.987089
v 0.693822 1.916099 0.992465
v 0.689220 1.907113 1.000051
v 0.695948 1.896658 1.002262
v 0.707280 1.895188 0.996886
v 0.711883 1.904173 0.989299
v -0.038652 1.876505 0.423405
v -0.059711 1.876505 0.400759
v -0.085745 1.860105 0.403854
v -0.090720 1.843704 0.429595
v -0.069661 1.843704 0.452241
v -0.043627 1.860105 0.449146
v -0.275313 2.287734 0.641520
v -0.294772 2.288383 0.621401
v -0.317579 2.272275 0.623460
v -0.320927 2.255519 0.645638
v -0.301468 2.254870 0.665757
v -0.278661 2.270977 0.663698
v -0.538159 2.637931 0.927045
v -0.556137 2.639293 0.909625
v -0.575572 2.623476 0.910405
v -0.577029 2.606298 0.928606
v -0.559052 2.604936 0.946026
v -0.539617 2.620753 0.945245
v -0.805119 2.958926 1.236431
v -0.821540 2.960868 1.221704
v -0.839174 2.947536 1.222963
v -0.840388 2.932263 1.238949
v -0.823967 2.930321 1.253675
v -0.806333 2.943653 1.252417
v -1.015981 3.318549 1.545255
v -1.029819 3.319577 1.531962
v -1.045811 3.309104 1.533911
v -1.047966 3.297603 1.549153
v -1.034128 3.296575 1.562445
v -1.018136 3.307048 1.560496
v -1.253215 3.729680 1.758231
v -1.264336 3.729486 1.746332
v -1.278001 3.720801 1.748098
v -1.280546 3.712311 1.761763
v -1.269426 3.712505 1.773662
v -1.255760 3.721190 1.771896
v -0.086405 2.521562 0.637139
v -0.102960 2.521562 0.664614
v -0.094356 2.501984 0.688524
v -0.069197 2.482406 0.684957
v -0.052642 2.482406 0.657482
v -0.061246 2.501984 0.633572
v 0.174772 2.825545 0.796386
v 0.158804 2.824464 0.820605
v 0.164656 2.804628 0.840976
v 0.186476 2.785873 0.837128
v 0.202444 2.786953 0.812909
v 0.196592 2.806789 0.792539
v 0.455240 3.067793 1.022781
v 0.438132 3.064225 1.042005
v 0.439755 3.043137 1.057092
v 0.458488 3.025616 1.052955
v 0.475596 3.029184 1.033732
v 0.473973 3.050272 1.018645
v 0.690331 3.245027 1.336608
v 0.673531 3.240429 1.351524
v 0.673933 3.220936 1.363594
v 0.691135 3.206041 1.360750
v 0.707934 3.210639 1.345834
v 0.707533 3.230132 1.333764
v 0.896873 3.454021 1.643672
v 0.881987 3.449659 1.656109
v 0.883714 3.434376 1.668708
v 0.900327 3.423454 1.668870
v 0.915214 3.427816 1.656433
v 0.913486 3.443100 1.643834
v 1.022849 3.754247 1.918143
v 1.010110 3.750292 1.928411
v 1.012241 3.738633 1.940365
v 1.027113 3.730928 1.942050
v 1.039853 3.734883 1.931783
v 1.037721 3.746542 1.919829
v -0.125908 4.522473 0.430901
v -0.107610 4.522473 0.417214
v -0.107886 4.510473 0.397770
v -0.126461 4.498473 0.392013
v -0.144759 4.498473 0.405700
v -0.144482 4.510473 0.425144
v -0.257639 4.809632 0.253088
v -0.241829 4.811127 0.239714
v -0.241875 4.799848 0.222283
v -0.257731 4.787074 0.218227
v -0.273540 4.785578 0.231601
v -0.273494 4.796857 0.249031
v -0.466589 5.052126 0.084093
v -0.454817 5.056346 0.070228
v -0.454930 5.046287 0.054497
v -0.466816 5.032007 0.052632
v -0.478589 5.027787 0.066498
v -0.478476 5.037847 0.082228
v -0.744968 5.249550 -0.029847
v -0.736644 5.255105 -0.043071
v -0.738336 5.247520 -0.057720
v -0.748352 5.234380 -0.059146
v -0.756677 5.228826 -0.045923
v -0.754984 5.236411 -0.031273
v -1.013479 5.484062 -0.081022
v -1.005565 5.488308 -0.092398
v -1.008236 5.482814 -0.105542
v -1.018822 5.473073 -0.107310
v -1.026737 5.468826 -0.095934
v -1.024065 5.474320 -0.082790
v -1.211018 5.776759 -0.160007
v -1.203446 5.779357 -0.169482
v -1.205835 5.774788 -0.180765
v -1.215798 5.767621 -0.182572
v -1.223370 5.765022 -0.173097
v -1.220981 5.769591 -0.161814
v -0.147782 4.958830 0.264799
v -0.135594 4.958830 0.281611
v -0.116490 4.950756 0.280585
v -0.109575 4.942682 0.262747
v -0.121763 4.942682 0.245935
v -0.140867 4.950756 0.246961
v -0.032516 5.237007 0.182445
v -0.021836 5.236130 0.197999
v -0.005158 5.227275 0.197517
v 0.000839 5.219298 0.181480
v -0.009842 5.220176 0.165926
v -0.026519 5.229030 0.166409
v 0.134322 5.490592 0.103707
v 0.141893 5.486624 0.118415
v 0.155325 5.476185 0.118523
v 0.161187 5.469716 0.103922
v 0.153616 5.473684 0.089214
v 0.140184 5.484123 0.089106
v 0.346359 5.718209 0.119098
v 0.351434 5.712662 0.132233
v 0.362840 5.702715 0.132345
v 0.369172 5.698314 0.119322
v 0.364097 5.703861 0.106186
v 0.352690 5.713808 0.106074
v 0.543589 5.954508 0.143565
v 0.548279 5.949968 0.155105
v 0.559262 5.942546 0.155337
v 0.565556 5.939664 0.144029
v 0.560865 5.944204 0.132490
v 0.549882 5.951626 0.132258
v 0.691137 6.223751 0.180004
v 0.695338 6.220142 0.189947
v 0.705329 6.214701 0.190265
v 0.711119 6.212868 0.180640
v 0.706918 6.216477 0.170697
v 0.696927 6.221918 0.170379
v -0.143140 5.071118 0.235260
v -0.123850 5.071118 0.241135
v -0.110676 5.058539 0.232485
v -0.116791 5.045960 0.217960
v -0.136081 5.045960 0.212084
v -0.149255 5.058539 0.220734
v -0.073143 5.297448 0.008509
v -0.055238 5.298893 0.012251
v -0.043296 5.287260 0.004588
v -0.049258 5.274182 -0.006818
v -0.067163 5.272737 -0.010559
v -0.079106 5.284369 -0.002896
v -0.068497 5.474148 -0.269045
v -0.052227 5.476696 -0.267580
v -0.041550 5.465459 -0.273329
v -0.047141 5.451675 -0.280543
v -0.063411 5.449127 -0.282008
v -0.074088 5.460364 -0.276259
v -0.065718 5.596924 -0.573289
v -0.051280 5.599775 -0.573250
v -0.041765 5.589638 -0.578077
v -0.046688 5.576651 -0.582943
v -0.061126 5.573801 -0.582982
v -0.070641 5.583937 -0.578155
v -0.112602 5.715384 -0.873809
v -0.099985 5.718053 -0.874152
v -0.091754 5.709641 -0.879436
v -0.096140 5.698561 -0.884378
v -0.108757 5.695892 -0.884036
v -0.116988 5.704304 -0.878751
v -0.140145 5.883007 -1.153333
v -0.129254 5.885068 -1.153206
v -0.122231 5.878071 -1.158166
v -0.126099 5.869013 -1.163252
v -0.136990 5.866952 -1.163378
v -0.144013 5.873949 -1.158419
v -0.151018 5.386561 0.107987
v -0.147073 5.386561 0.125975
v -0.130176 5.381992 0.131696
v -0.117224 5.377422 0.119429
v -0.121168 5.377422 0.101441
v -0.138065 5.381992 0.095720
v -0.079961 5.624149 0.093258
v -0.076509 5.623711 0.109669
v -0.061420 5.618611 0.114933
v -0.049782 5.613949 0.103787
v -0.053234 5.614388 0.087376
v -0.068323 5.619487 0.082112
v 0.017675 5.852887 0.086717
v 0.019935 5.850213 0.101442
v 0.033107 5.844431 0.106149
v 0.044019 5.841324 0.096131
v 0.041759 5.843998 0.081407
v 0.028587 5.849780 0.076699
v 0.102302 6.076254 0.148926
v 0.103936 6.072770 0.161861
v 0.115890 6.068221 0.166166
v 0.126210 6.067155 0.157535
v 0.124576 6.070640 0.144600
v 0.112622 6.075189 0.140296
v 0.157105 6.310572 0.194289
v 0.158803 6.308854 0.205896
v 0.169764 6.307216 0.210105
v 0.179028 6.307296 0.202708
v 0.177330 6.309013 0.191101
v 0.166369 6.310651 0.186892
v 0.152229 6.555575 0.214112
v 0.153717 6.554821 0.224190
v 0.163211 6.554769 0.227961
v 0.171216 6.555471 0.221653
v 0.169727 6.556225 0.211575
v 0.160234 6.556277 0.207804
v -0.153568 1.212623 -0.065197
v -0.160662 1.212623 -0.062225
v -0.162859 1.206952 -0.057517
v -0.157962 1.201281 -0.055780
v -0.150868 1.201281 -0.058752
v -0.148671 1.206952 -0.063460
v -0.136502 1.239223 -0.021795
v -0.141723 1.239166 -0.019697
v -0.143189 1.235278 -0.015901
v -0.139432 1.231447 -0.014204
v -0.134211 1.231503 -0.016303
v -0.132746 1.235391 -0.020098
v -0.123620 1.275178 0.016535
v -0.126794 1.275357 0.018146
v -0.127768 1.272820 0.020450
v -0.125569 1.270102 0.021144
v -0.122395 1.269923 0.019533
v -0.121421 1.272461 0.017228
v -0.094975 1.290183 0.060583
v -0.094975 1.290183 0.060583
v -0.094975 1.290183 0.060583
v -0.094975 1.290183 0.060583
v -0.094975 1.290183 0.060583
v -0.094975 1.290183 0.060583
v -0.210906 1.267937 -0.017319
v -0.204264 1.267937 -0.022752
v -0.203794 1.262026 -0.028955
v -0.209967 1.256115 -0.029724
v -0.216610 1.256115 -0.024291
v -0.217079 1.262026 -0.018088
v -0.241391 1.303139 -0.056449
v -0.236546 1.303100 -0.060351
v -0.236365 1.299022 -0.065045
v -0.241029 1.294983 -0.065837
v -0.245874 1.295022 -0.061935
v -0.246055 1.299100 -0.057241
v -0.267663 1.344504 -0.092278
v -0.264433 1.344036 -0.094339
v -0.264439 1.341739 -0.097442
v -0.267675 1.339911 -0.098484
v -0.270906 1.340380 -0.096423
v -0.270900 1.342676 -0.093320
v -0.271676 1.392327 -0.130109
v -0.271676 1.392327 -0.130109
v -0.271676 1.392327 -0.130109
v -0.271676 1.392327 -0.130109
v -0.271676 1.392327 -0.130109
v -0.271676 1.392327 -0.130109
v -0.332314 1.338875 0.034447
v -0.341231 1.338875 0.029229
v -0.349754 1.334963 0.033566
v -0.349359 1.331051 0.043120
v -0.340442 1.331051 0.048338
v -0.331920 1.334963 0.044001
v -0.351282 1.405120 0.063954
v -0.357602 1.404890 0.060135
v -0.363741 1.402277 0.063306
v -0.363561 1.399894 0.070297
v -0.357241 1.400124 0.074116
v -0.351102 1.402737 0.070945
v -0.371323 1.475134 0.085045
v -0.375039 1.474735 0.082641
v -0.378517 1.472508 0.084280
v -0.378279 1.470678 0.088323
v -0.374563 1.471076 0.090727
v -0.371085 1.473304 0.089087
v -0.409043 1.526698 0.126363
v -0.409043 1.526698 0.126363
v -0.409043 1.526698 0.126363
v -0.409043 1.526698 0.126363
v -0.409043 1.526698 0.126363
v -0.409043 1.526698 0.126363
v 0.291280 1.584937 0.266541
v 0.288856 1.584937 0.274489
v 0.292477 1.579812 0.279937
v 0.298522 1.574687 0.277437
v 0.300946 1.574687 0.269488
v 0.297325 1.579812 0.264040
v 0.382780 1.676809 0.295624
v 0.380800 1.676560 0.301324
v 0.383620 1.673050 0.305351
v 0.388421 1.669790 0.303676
v 0.390402 1.670039 0.297975
v 0.387581 1.673549 0.293949
v 0.452730 1.783976 0.333769
v 0.451357 1.783664 0.337266
v 0.452818 1.781130 0.339645
v 0.455651 1.778908 0.338527
v 0.457024 1.779220 0.335030
v 0.455564 1.781754 0.332651
v 0.557716 1.850820 0.383058
v 0.557716 1.850820 0.383058
v 0.557716 1.850820 0.383058
v 0.557716 1.850820 0.383058
v 0.557716 1.850820 0.383058
v 0.557716 1.850820 0.383058
v 0.364168 1.665390 0.423325
v 0.356159 1.665390 0.418876
v 0.350867 1.657911 0.418969
v 0.353585 1.650432 0.423510
v 0.361595 1.650432 0.427958
v 0.366887 1.657911 0.427865
v 0.294638 1.712965 0.545868
v 0.289137 1.712778 0.542211
v 0.285458 1.707292 0.542055
v 0.287280 1.701991 0.545556
v 0.292780 1.702178 0.549212
v 0.296460 1.707664 0.549368
v 0.204162 1.759930 0.654555
v 0.201271 1.759563 0.651736
v 0.199302 1.756046 0.651299
v 0.200223 1.752897 0.653679
v 0.203114 1.753264 0.656498
v 0.205083 1.756780 0.656935
v 0.088935 1.796279 0.741348
v 0.088935 1.796279 0.741348
v 0.088935 1.796279 0.741348
v 0.088935 1.796279 0.741348
v 0.088935 1.796279 0.741348
v 0.088935 1.796279 0.741348
v 0.526727 1.762641 0.704124
v 0.519573 1.762641 0.712269
v 0.522835 1.760342 0.722348
v 0.533251 1.758044 0.724282
v 0.540405 1.758044 0.716137
v 0.537142 1.760342 0.706058
v 0.560543 1.935197 0.735885
v 0.555380 1.934737 0.741615
v 0.557740 1.933349 0.748841
v 0.565264 1.932421 0.750336
v 0.570427 1.932882 0.744606
v 0.568067 1.934269 0.737381
v 0.560469 2.111595 0.766784
v 0.557361 2.110755 0.770089
v 0.558760 2.109684 0.774352
v 0.563266 2.109453 0.775312
v 0.566374 2.110294 0.772008
v 0.564976 2.111365 0.767744
v 0.562033 2.279371 0.830213
v 0.562033 2.279371 0.830213
v 0.562033 2.279371 0.830213
v 0.562033 2.279371 0.830213
v 0.562033 2.279371 0.830213
v 0.562033 2.279371 0.830213
v -0.166215 1.792071 -0.074433
v -0.174843 1.792071 -0.069539
v -0.176103 1.786115 -0.061708
v -0.168736 1.780158 -0.058771
v -0.160107 1.780158 -0.063665
v -0.158847 1.786115 -0.071496
v -0.131138 1.864993 -0.009764
v -0.137532 1.864441 -0.006696
v -0.138386 1.860302 -0.000975
v -0.132847 1.856714 0.001678
v -0.126453 1.857266 -0.001389
v -0.125599 1.861406 -0.007110
v -0.122071 1.948178 0.052105
v -0.125626 1.948476 0.054518
v -0.126279 1.945697 0.057742
v -0.123379 1.942620 0.058553
v -0.119824 1.942321 0.056140
v -0.119170 1.945100 0.052916
v -0.042521 1.976143 0.113474
v -0.042521 1.976143 0.113474
v -0.042521 1.976143 0.113474
v -0.042521 1.976143 0.113474
v -0.042521 1.976143 0.113474
v -0.042521 1.976143 0.113474
v -0.147817 1.919835 -0.110607
v -0.137747 1.919835 -0.106597
v -0.131796 1.910780 -0.106891
v -0.135916 1.901725 -0.111195
v -0.145986 1.901725 -0.115205
v -0.151937 1.910780 -0.114911
v -0.105232 1.947431 -0.213336
v -0.098129 1.947378 -0.210297
v -0.093913 1.940905 -0.210445
v -0.096800 1.934486 -0.213632
v -0.103903 1.934540 -0.216671
v -0.108119 1.941013 -0.216523
v -0.057249 1.976042 -0.313411
v -0.052965 1.976039 -0.311700
v -0.050475 1.972155 -0.311722
v -0.052269 1.968275 -0.313455
v -0.056554 1.968278 -0.315166
v -0.059044 1.972161 -0.315144
v -0.018655 1.994941 -0.419641
v -0.018655 1.994941 -0.419641
v -0.018655 1.994941 -0.419641
v -0.018655 1.994941 -0.419641
v -0.018655 1.994941 -0.419641
v -0.018655 1.994941 -0.419641
v -0.109670 2.025084 -0.154472
v -0.112182 2.025084 -0.165951
v -0.121954 2.019832 -0.169827
v -0.129213 2.014581 -0.162223
v -0.126700 2.014581 -0.150744
v -0.116928 2.019832 -0.146869
v -0.175705 2.130935 -0.141771
v -0.177228 2.130494 -0.149952
v -0.184084 2.126642 -0.152713
v -0.189416 2.123233 -0.147291
v -0.187893 2.123674 -0.139110
v -0.181037 2.127526 -0.136349
v -0.241224 2.237626 -0.144927
v -0.242532 2.238033 -0.149650
v -0.246617 2.235826 -0.151268
v -0.249394 2.233212 -0.148164
v -0.248086 2.232805 -0.143441
v -0.244001 2.235013 -0.141823
v -0.311282 2.326614 -0.091693
v -0.311282 2.326614 -0.091693
v -0.311282 2.326614 -0.091693
v -0.311282 2.326614 -0.091693
v -0.311282 2.326614 -0.091693
v -0.311282 2.326614 -0.091693
v -0.116464 2.143804 -0.230140
v -0.109972 2.143804 -0.219278
v -0.103852 2.133369 -0.215565
v -0.104224 2.122934 -0.222714
v -0.110716 2.122934 -0.233576
v -0.116836 2.133369 -0.237289
v -0.003821 2.182161 -0.295311
v 0.000229 2.181937 -0.287348
v 0.004826 2.174683 -0.284876
v 0.005373 2.167654 -0.290367
v 0.001324 2.167879 -0.298330
v -0.003273 2.175132 -0.300802
v 0.110160 2.241357 -0.338431
v 0.112617 2.241274 -0.333828
v 0.115616 2.237201 -0.332545
v 0.116157 2.233211 -0.335864
v 0.113700 2.233294 -0.340467
v 0.110701 2.237367 -0.341750
v 0.214738 2.297136 -0.404846
v 0.214738 2.297136 -0.404846
v 0.214738 2.297136 -0.404846
v 0.214738 2.297136 -0.404846
v 0.214738 2.297136 -0.404846
v 0.214738 2.297136 -0.404846
v -0.119886 2.237290 -0.294187
v -0.111421 2.237290 -0.304769
v -0.109932 2.226093 -0.312254
v -0.116907 2.214895 -0.309156
v -0.125371 2.214895 -0.298574
v -0.126861 2.226093 -0.291089
v -0.229749 2.278316 -0.384921
v -0.222001 2.277523 -0.390420
v -0.219957 2.269203 -0.394605
v -0.225660 2.261678 -0.393290
v -0.233408 2.262470 -0.387790
v -0.235452 2.270790 -0.383606
v -0.271577 2.306720 -0.524473
v -0.266654 2.306079 -0.526878
v -0.264957 2.301052 -0.528393
v -0.268185 2.296667 -0.527504
v -0.273108 2.297308 -0.525099
v -0.274805 2.302335 -0.523583
v -0.349773 2.307137 -0.648904
v -0.349773 2.307137 -0.648904
v -0.349773 2.307137 -0.648904
v -0.349773 2.307137 -0.648904
v -0.349773 2.307137 -0.648904
v -0.349773 2.307137 -0.648904
v -0.119598 2.349471 -0.375890
v -0.132623 2.349471 -0.369655
v -0.134295 2.343933 -0.356423
v -0.122941 2.338395 -0.349426
v -0.109915 2.338395 -0.355660
v -0.108243 2.343933 -0.368892
v -0.089834 2.490764 -0.308064
v -0.099193 2.488357 -0.305032
v -0.100530 2.482693 -0.296743
v -0.092509 2.479436 -0.291487
v -0.083151 2.481843 -0.294520
v -0.081814 2.487507 -0.302808
v -0.130094 2.598408 -0.197080
v -0.135328 2.596041 -0.196186
v -0.135946 2.591713 -0.192354
v -0.131328 2.589752 -0.189415
v -0.126094 2.592119 -0.190309
v -0.125477 2.596446 -0.194142
v -0.146879 2.694108 -0.072745
v -0.146879 2.694108 -0.072745
v -0.146879 2.694108 -0.072745
v -0.146879 2.694108 -0.072745
v -0.146879 2.694108 -0.072745
v -0.146879 2.694108 -0.072745
v -0.130445 2.471820 -0.392659
v -0.115193 2.471820 -0.391169
v -0.107006 2.459865 -0.396161
v -0.114072 2.447911 -0.402644
v -0.129324 2.447911 -0.404134
v -0.137511 2.459865 -0.399141
v -0.113243 2.541327 -0.545027
v -0.102640 2.541081 -0.543492
v -0.096927 2.532675 -0.546890
v -0.101817 2.524514 -0.551823
v -0.112420 2.524760 -0.553357
v -0.118133 2.533166 -0.549960
v -0.078842 2.616468 -0.693609
v -0.072842 2.616248 -0.692487
v -0.069872 2.610918 -0.692790
v -0.072903 2.605810 -0.694213
v -0.078904 2.606030 -0.695334
v -0.081873 2.611360 -0.695032
v -0.047920 2.583663 -0.857466
v -0.047920 2.583663 -0.857466
v -0.047920 2.583663 -0.857466
v -0.047920 2.583663 -0.857466
v -0.047920 2.583663 -0.857466
v -0.047920 2.583663 -0.857466
v -0.128998 2.594884 -0.430951
v -0.142954 2.594884 -0.439183
v -0.155279 2.585603 -0.434234
v -0.153648 2.576322 -0.421053
v -0.139692 2.576322 -0.412821
v -0.127366 2.585603 -0.417770
v -0.192811 2.726192 -0.327581
v -0.202384 2.725836 -0.333580
v -0.211020 2.719449 -0.330065
v -0.210084 2.713417 -0.320553
v -0.200512 2.713773 -0.314555
v -0.191875 2.720161 -0.318069
v -0.264068 2.864762 -0.240735
v -0.269758 2.865278 -0.243619
v -0.274815 2.862102 -0.241314
v -0.274181 2.858410 -0.236124
v -0.268491 2.857893 -0.233239
v -0.263434 2.861070 -0.235544
v -0.280466 2.994393 -0.119058
v -0.280466 2.994393 -0.119058
v -0.280466 2.994393 -0.119058
v -0.280466 2.994393 -0.119058
v -0.280466 2.994393 -0.119058
v -0.280466 2.994393 -0.119058
v -0.164287 2.710487 -0.430079
v -0.152913 2.710487 -0.442353
v -0.157479 2.706659 -0.457990
v -0.173417 2.702832 -0.461353
v -0.184791 2.702832 -0.449079
v -0.180225 2.706659 -0.433442
v -0.202384 2.892008 -0.468828
v -0.194326 2.891053 -0.477195
v -0.197543 2.888642 -0.488135
v -0.208817 2.887185 -0.490709
v -0.216875 2.888140 -0.482341
v -0.213658 2.890551 -0.471401
v -0.198243 3.077349 -0.511797
v -0.193657 3.075790 -0.516247
v -0.195448 3.073776 -0.522248
v -0.201824 3.073321 -0.523798
v -0.206410 3.074880 -0.519347
v -0.204619 3.076895 -0.513347
v -0.201647 3.245984 -0.600575
v -0.201647 3.245984 -0.600575
v -0.201647 3.245984 -0.600575
v -0.201647 3.245984 -0.600575
v -0.201647 3.245984 -0.600575
v -0.201647 3.245984 -0.600575
v -0.159825 2.051188 0.517790
v -0.168255 2.051188 0.513491
v -0.172865 2.043038 0.512114
v -0.169044 2.034889 0.515037
v -0.160614 2.034889 0.519336
v -0.156004 2.043038 0.520712
v -0.266311 2.073552 0.723666
v -0.272054 2.073471 0.720010
v -0.275323 2.067595 0.718937
v -0.272849 2.061802 0.721520
v -0.267105 2.061883 0.725176
v -0.263836 2.067759 0.726249
v -0.409402 2.113420 0.903553
v -0.412840 2.113360 0.901222
v -0.414566 2.109734 0.900160
v -0.412854 2.106168 0.901428
v -0.409416 2.106228 0.903759
v -0.407690 2.109854 0.904822
v -0.527023 2.079043 1.101979
v -0.527023 2.079043 1.101979
v -0.527023 2.079043 1.101979
v -0.527023 2.079043 1.101979
v -0.527023 2.079043 1.101979
v -0.527023 2.079043 1.101979
v -0.281271 2.234329 0.613357
v -0.280731 2.234329 0.623538
v -0.272120 2.231467 0.628186
v -0.264049 2.228606 0.622653
v -0.264589 2.228606 0.612472
v -0.273200 2.231467 0.607824
v -0.197051 2.472484 0.610329
v -0.196863 2.471807 0.617592
v -0.190631 2.469993 0.620927
v -0.184588 2.468858 0.616999
v -0.184776 2.469536 0.609736
v -0.191008 2.471349 0.606401
v -0.157774 2.717976 0.658256
v -0.157817 2.716974 0.662538
v -0.154166 2.715480 0.664484
v -0.150472 2.714988 0.662147
v -0.150429 2.715989 0.657864
v -0.154080 2.717483 0.655919
v -0.057671 2.941052 0.725010
v -0.057671 2.941052 0.725010
v -0.057671 2.941052 0.725010
v -0.057671 2.941052 0.725010
v -0.057671 2.941052 0.725010
v -0.057671 2.941052 0.725010
v -0.392062 2.419151 0.748541
v -0.392663 2.419151 0.737635
v -0.393512 2.409708 0.732212
v -0.393761 2.400265 0.737695
v -0.393160 2.400265 0.748601
v -0.392311 2.409708 0.754024
v -0.664537 2.432316 0.761961
v -0.664221 2.432260 0.754186
v -0.664679 2.425522 0.750322
v -0.665454 2.418839 0.754232
v -0.665770 2.418895 0.762007
v -0.665312 2.425633 0.765872
v -0.932955 2.463268 0.723096
v -0.933267 2.463269 0.718466
v -0.933598 2.459254 0.716162
v -0.933618 2.455238 0.718488
v -0.933307 2.455238 0.723118
v -0.932975 2.459252 0.725422
v -1.196087 2.448932 0.793835
v -1.196087 2.448932 0.793835
v -1.196087 2.448932 0.793835
v -1.196087 2.448932 0.793835
v -1.196087 2.448932 0.793835
v -1.196087 2.448932 0.793835
v -0.500231 2.565153 0.864417
v -0.511701 2.565153 0.866422
v -0.516871 2.555618 0.870656
v -0.510571 2.546083 0.872886
v -0.499102 2.546083 0.870882
v -0.493932 2.555618 0.866647
v -0.454097 2.657575 1.138195
v -0.462257 2.657525 1.139491
v -0.465855 2.650926 1.142923
v -0.461293 2.644377 1.145060
v -0.453133 2.644427 1.143764
v -0.449535 2.651026 1.140332
v -0.420424 2.790311 1.397191
v -0.424813 2.790723 1.399287
v -0.426963 2.786799 1.401240
v -0.424724 2.782465 1.401097
v -0.420334 2.782053 1.399002
v -0.418185 2.785976 1.397049
v -0.223251 2.756614 1.611909
v -0.223251 2.756614 1.611909
v -0.223251 2.756614 1.611909
v -0.223251 2.756614 1.611909
v -0.223251 2.756614 1.611909
v -0.223251 2.756614 1.611909
v -0.627424 2.721544 1.022958
v -0.624838 2.721544 1.010872
v -0.632707 2.716367 1.002868
v -0.643161 2.711189 1.006952
v -0.645747 2.711189 1.019039
v -0.637878 2.716367 1.027042
v -0.777756 2.993901 0.988975
v -0.775221 2.992219 0.980781
v -0.780879 2.988780 0.975075
v -0.789071 2.987024 0.977563
v -0.791606 2.988705 0.985757
v -0.785948 2.992144 0.991463
v -0.801869 3.274556 0.851561
v -0.800155 3.272700 0.847108
v -0.803388 3.270379 0.843887
v -0.808336 3.269914 0.845120
v -0.810050 3.271770 0.849574
v -0.806816 3.274091 0.852794
v -0.902744 3.535750 0.710146
v -0.902744 3.535750 0.710146
v -0.902744 3.535750 0.710146
v -0.902744 3.535750 0.710146
v -0.902744 3.535750 0.710146
v -0.902744 3.535750 0.710146
v -0.871898 3.021479 1.289882
v -0.879218 3.021479 1.301557
v -0.875117 3.013831 1.312260
v -0.863696 3.006183 1.311290
v -0.856376 3.006183 1.299615
v -0.860477 3.013831 1.288912
v -0.679124 3.289817 1.413080
v -0.685092 3.288172 1.420529
v -0.681887 3.283440 1.428350
v -0.672714 3.280352 1.428721
v -0.666745 3.281997 1.421271
v -0.669950 3.286730 1.413451
v -0.683289 3.604050 1.575236
v -0.687000 3.601551 1.578592
v -0.685232 3.598337 1.582815
v -0.679752 3.597623 1.583681
v -0.676041 3.600123 1.580325
v -0.677810 3.603337 1.576102
v -0.670026 3.839135 1.840137
v -0.670026 3.839135 1.840137
v -0.670026 3.839135 1.840137
v -0.670026 3.839135 1.840137
v -0.670026 3.839135 1.840137
v -0.670026 3.839135 1.840137
v 0.354385 2.232589 0.104290
v 0.359898 2.232589 0.099141
v 0.360102 2.227233 0.093835
v 0.354795 2.221876 0.093677
v 0.349282 2.221876 0.098826
v 0.349078 2.227233 0.104132
v 0.296999 2.289879 0.041378
v 0.301320 2.289543 0.037946
v 0.301413 2.285686 0.033987
v 0.297184 2.282163 0.033460
v 0.292863 2.282499 0.036892
v 0.292770 2.286357 0.040851
v 0.262892 2.358850 -0.026527
v 0.265580 2.358718 -0.028787
v 0.265601 2.356318 -0.031354
v 0.262934 2.354050 -0.031660
v 0.260247 2.354182 -0.029400
v 0.260226 2.356582 -0.026833
v 0.200567 2.416007 -0.084935
v 0.200567 2.416007 -0.084935
v 0.200567 2.416007 -0.084935
v 0.200567 2.416007 -0.084935
v 0.200567 2.416007 -0.084935
v 0.200567 2.416007 -0.084935
v 0.411068 2.373770 0.032303
v 0.403942 2.373770 0.036777
v 0.402974 2.368359 0.043149
v 0.409133 2.362948 0.045046
v 0.416260 2.362948 0.040571
v 0.417228 2.368359 0.034200
v 0.456503 2.449782 0.106806
v 0.451146 2.449397 0.109718
v 0.450547 2.445687 0.114536
v 0.455306 2.442361 0.116440
v 0.460663 2.442745 0.113528
v 0.461262 2.446456 0.108711
v 0.474103 2.541680 0.175316
v 0.470725 2.541319 0.177030
v 0.470340 2.538971 0.179999
v 0.473332 2.536984 0.181254
v 0.476710 2.537345 0.179540
v 0.477096 2.539693 0.176571
v 0.510216 2.618375 0.254958
v 0.510216 2.618375 0.254958
v 0.510216 2.618375 0.254958
v 0.510216 2.618375 0.254958
v 0.510216 2.618375 0.254958
v 0.510216 2.618375 0.254958
v 0.479258 2.505584 -0.021447
v 0.486226 2.505584 -0.015321
v 0.489132 2.497597 -0.011601
v 0.485071 2.489610 -0.014007
v 0.478103 2.489610 -0.020133
v 0.475197 2.497597 -0.023853
v 0.565002 2.489268 -0.117003
v 0.569542 2.489328 -0.112097
v 0.571570 2.483581 -0.109349
v 0.569058 2.477774 -0.111508
v 0.564518 2.477714 -0.116414
v 0.562490 2.483460 -0.119162
v 0.669514 2.484323 -0.193696
v 0.672009 2.484394 -0.190453
v 0.672971 2.480909 -0.188535
v 0.671438 2.477353 -0.189861
v 0.668944 2.477283 -0.193105
v 0.667981 2.480767 -0.195022
v 0.770055 2.454016 -0.269771
v 0.770055 2.454016 -0.269771
v 0.770055 2.454016 -0.269771
v 0.770055 2.454016 -0.269771
v 0.770055 2.454016 -0.269771
v 0.770055 2.454016 -0.269771
v 0.571813 2.612221 -0.064029
v 0.577050 2.612221 -0.072702
v 0.572997 2.608191 -0.081067
v 0.563707 2.604160 -0.080759
v 0.558470 2.604160 -0.072086
v 0.562523 2.608191 -0.063721
v 0.514611 2.737682 -0.100251
v 0.518415 2.737554 -0.106426
v 0.515494 2.734714 -0.112428
v 0.508768 2.732001 -0.112254
v 0.504964 2.732128 -0.106079
v 0.507885 2.734969 -0.100077
v 0.464759 2.865212 -0.138633
v 0.466714 2.865865 -0.142494
v 0.464787 2.864501 -0.146181
v 0.460906 2.862485 -0.146006
v 0.458952 2.861832 -0.142144
v 0.460878 2.863195 -0.138458
v 0.382661 2.981107 -0.129926
v 0.382661 2.981107 -0.129926
v 0.382661 2.981107 -0.129926
v 0.382661 2.981107 -0.129926
v 0.382661 2.981107 -0.129926
v 0.382661 2.981107 -0.129926
v 0.650412 2.748781 -0.104403
v 0.642971 2.748781 -0.096332
v 0.642754 2.740554 -0.089068
v 0.649976 2.732327 -0.089875
v 0.657416 2.732327 -0.097946
v 0.657634 2.740554 -0.105210
v 0.749496 2.824478 -0.010922
v 0.743742 2.824069 -0.005646
v 0.743624 2.818243 -0.000433
v 0.749261 2.812826 -0.000497
v 0.755016 2.813235 -0.005774
v 0.755134 2.819061 -0.010986
v 0.817088 2.915396 0.095146
v 0.814590 2.915951 0.099040
v 0.814980 2.912873 0.102516
v 0.817868 2.909241 0.102099
v 0.820366 2.908686 0.098206
v 0.819976 2.911764 0.094729
v 0.960531 2.973549 0.107721
v 0.960531 2.973549 0.107721
v 0.960531 2.973549 0.107721
v 0.960531 2.973549 0.107721
v 0.960531 2.973549 0.107721
v 0.960531 2.973549 0.107721
v 0.719355 2.889816 -0.117792
v 0.730883 2.889816 -0.115197
v 0.737590 2.880529 -0.118092
v 0.732770 2.871242 -0.123581
v 0.721242 2.871242 -0.126176
v 0.714535 2.880529 -0.123281
v 0.754807 2.957758 -0.267801
v 0.762513 2.956910 -0.264626
v 0.767482 2.950713 -0.267288
v 0.764744 2.945363 -0.273125
v 0.757038 2.946211 -0.276299
v 0.752069 2.952408 -0.273637
v 0.840065 3.077648 -0.351277
v 0.844180 3.076567 -0.348770
v 0.846991 3.072754 -0.350164
v 0.845687 3.070021 -0.354065
v 0.841572 3.071102 -0.356573
v 0.838761 3.074916 -0.355179
v 0.934634 3.153513 -0.470344
v 0.934634 3.153513 -0.470344
v 0.934634 3.153513 -0.470344
v 0.934634 3.153513 -0.470344
v 0.934634 3.153513 -0.470344
v 0.934634 3.153513 -0.470344
v 0.781602 3.018498 -0.159964
v 0.787569 3.018498 -0.148672
v 0.799007 3.012939 -0.147493
v 0.804479 3.007381 -0.157607
v 0.798512 3.007381 -0.168899
v 0.787073 3.012939 -0.170078
v 0.865868 3.174272 -0.202369
v 0.870030 3.174169 -0.194374
v 0.878262 3.170574 -0.193623
v 0.882333 3.167082 -0.200869
v 0.878172 3.167186 -0.208865
v 0.869939 3.170781 -0.209615
v 0.936805 3.339976 -0.232298
v 0.938807 3.339056 -0.227524
v 0.943437 3.336613 -0.227043
v 0.946065 3.335091 -0.231334
v 0.944063 3.336011 -0.236107
v 0.939433 3.338454 -0.236589
v 1.042477 3.488023 -0.211076
v 1.042477 3.488023 -0.211076
v 1.042477 3.488023 -0.211076
v 1.042477 3.488023 -0.211076
v 1.042477 3.488023 -0.211076
v 1.042477 3.488023 -0.211076
v -0.277466 2.477739 0.101897
v -0.267974 2.477739 0.100899
v -0.263232 2.469474 0.100370
v -0.267981 2.461208 0.100839
v -0.277473 2.461208 0.101837
v -0.282215 2.469474 0.102366
v -0.281079 2.475592 0.054673
v -0.274218 2.475578 0.054533
v -0.270804 2.469634 0.054214
v -0.274251 2.463702 0.054034
v -0.281113 2.463716 0.054173
v -0.284527 2.469660 0.054493
v -0.276711 2.477056 0.007518
v -0.272563 2.477053 0.006991
v -0.270483 2.473431 0.006802
v -0.272550 2.469812 0.007140
v -0.276698 2.469815 0.007667
v -0.278779 2.473438 0.007856
v -0.289314 2.467742 -0.037245
v -0.289314 2.467742 -0.037245
v -0.289314 2.467742 -0.037245
v -0.289314 2.467742 -0.037245
v -0.289314 2.467742 -0.037245
v -0.289314 2.467742 -0.037245
v -0.284006 2.526746 0.062506
v -0.287420 2.526746 0.052548
v -0.295028 2.520099 0.049593
v -0.299223 2.513451 0.056595
v -0.295809 2.513451 0.066553
v -0.288200 2.520099 0.069508
v -0.322556 2.560935 0.074132
v -0.324724 2.560664 0.066939
v -0.330142 2.555900 0.064823
v -0.333390 2.551407 0.069901
v -0.331221 2.551678 0.077094
v -0.325804 2.556442 0.079210
v -0.361008 2.597059 0.079930
v -0.362357 2.596942 0.075629
v -0.365414 2.593903 0.074307
v -0.367122 2.590981 0.077286
v -0.365773 2.591097 0.081587
v -0.362716 2.594136 0.082909
v -0.404720 2.623697 0.094260
v -0.404720 2.623697 0.094260
v -0.404720 2.623697 0.094260
v -0.404720 2.623697 0.094260
v -0.404720 2.623697 0.094260
v -0.404720 2.623697 0.094260
v -0.322703 2.570220 0.026324
v -0.311588 2.570220 0.029273
v -0.304555 2.562093 0.025184
v -0.308636 2.553966 0.018146
v -0.319751 2.553966 0.015198
v -0.326785 2.562093 0.019286
v -0.308591 2.601202 -0.020390
v -0.300734 2.601101 -0.018169
v -0.295644 2.595600 -0.021413
v -0.298412 2.590200 -0.026878
v -0.306270 2.590301 -0.029099
v -0.311360 2.595802 -0.025855
v -0.293441 2.639385 -0.061799
v -0.288789 2.639328 -0.060488
v -0.285836 2.635910 -0.062207
v -0.287534 2.632549 -0.065237
v -0.292185 2.632607 -0.066548
v -0.295139 2.636024 -0.064829
v -0.277433 2.663258 -0.113180
v -0.277433 2.663258 -0.113180
v -0.277433 2.663258 -0.113180
v -0.277433 2.663258 -0.113180
v -0.277433 2.663258 -0.113180
v -0.277433 2.663258 -0.113180
v -0.361355 2.610246 -0.002462
v -0.361601 2.610246 -0.014922
v -0.359081 2.599782 -0.021205
v -0.356315 2.589318 -0.015027
v -0.356068 2.589318 -0.002566
v -0.358588 2.599782 0.003716
v -0.422545 2.591532 -0.003093
v -0.421880 2.591736 -0.011874
v -0.419810 2.584410 -0.016306
v -0.418404 2.576880 -0.011956
v -0.419069 2.576676 -0.003175
v -0.421140 2.584002 0.001257
v -0.482946 2.575369 -0.016125
v -0.482615 2.575475 -0.021268
v -0.481352 2.571200 -0.023857
v -0.480420 2.566821 -0.021303
v -0.480751 2.566716 -0.016161
v -0.482014 2.570990 -0.013572
v -0.542656 2.553245 -0.016023
v -0.542656 2.553245 -0.016023
v -0.542656 2.553245 -0.016023
v -0.542656 2.553245 -0.016023
v -0.542656 2.553245 -0.016023
v -0.542656 2.553245 -0.016023
v -0.400576 2.640208 -0.043975
v -0.413940 2.640208 -0.042775
v -0.419590 2.638799 -0.030686
v -0.411876 2.637390 -0.019797
v -0.398511 2.637390 -0.020998
v -0.392861 2.638799 -0.033087
v -0.401502 2.708395 -0.032051
v -0.410885 2.707619 -0.031288
v -0.414859 2.706541 -0.022788
v -0.409451 2.706239 -0.015050
v -0.400068 2.707015 -0.015812
v -0.396094 2.708093 -0.024313
v -0.414263 2.776430 -0.024245
v -0.419631 2.775429 -0.023868
v -0.421874 2.774329 -0.018999
v -0.418750 2.774228 -0.014507
v -0.413382 2.775229 -0.014884
v -0.411139 2.776330 -0.019753
v -0.429116 2.841456 -0.004111
v -0.429116 2.841456 -0.004111
v -0.429116 2.841456 -0.004111
v -0.429116 2.841456 -0.004111
v -0.429116 2.841456 -0.004111
v -0.429116 2.841456 -0.004111
v -0.446407 2.697180 -0.044328
v -0.434189 2.697180 -0.051884
v -0.429544 2.685054 -0.058030
v -0.437118 2.672928 -0.056620
v -0.449336 2.672928 -0.049064
v -0.453981 2.685054 -0.042918
v -0.483306 2.710278 -0.108087
v -0.474372 2.710102 -0.112747
v -0.471002 2.701542 -0.116861
v -0.476566 2.693158 -0.116315
v -0.485500 2.693333 -0.111655
v -0.488869 2.701893 -0.107541
v -0.510008 2.725572 -0.176528
v -0.505216 2.725587 -0.179775
v -0.503100 2.720608 -0.181835
v -0.505776 2.715615 -0.180649
v -0.510569 2.715599 -0.177402
v -0.512685 2.720578 -0.175342
v -0.560539 2.716663 -0.231105
v -0.560539 2.716663 -0.231105
v -0.560539 2.716663 -0.231105
v -0.560539 2.716663 -0.231105
v -0.560539 2.716663 -0.231105
v -0.560539 2.716663 -0.231105
v -0.468327 2.751168 -0.060254
v -0.482512 2.751168 -0.066005
v -0.492445 2.740278 -0.061875
v -0.488193 2.729389 -0.051994
v -0.474007 2.729389 -0.046243
v -0.464074 2.740278 -0.050373
v -0.496010 2.793521 0.001893
v -0.505639 2.793023 -0.002757
v -0.512550 2.785348 0.000055
v -0.509832 2.778169 0.007517
v -0.500203 2.778667 0.012166
v -0.493292 2.786343 0.009354
v -0.533893 2.839777 0.055521
v -0.539704 2.840051 0.053679
v -0.543569 2.835546 0.055095
v -0.541623 2.830766 0.058351
v -0.535811 2.830492 0.060192
v -0.531946 2.834997 0.058777
v -0.540274 2.858314 0.133404
v -0.540274 2.858314 0.133404
v -0.540274 2.858314 0.133404
v -0.540274 2.858314 0.133404
v -0.540274 2.858314 0.133404
v -0.540274 2.858314 0.133404
v -0.498293 2.801685 -0.043761
v -0.499500 2.801685 -0.059711
v -0.511849 2.794396 -0.066797
v -0.522991 2.787107 -0.057934
v -0.521785 2.787107 -0.041984
v -0.509436 2.794396 -0.034898
v -0.546890 2.872197 -0.042513
v -0.547380 2.871617 -0.053650
v -0.555912 2.866388 -0.058597
v -0.563954 2.861738 -0.052407
v -0.563464 2.862318 -0.041269
v -0.554932 2.867547 -0.036322
v -0.593476 2.943927 -0.051810
v -0.593797 2.943662 -0.058128
v -0.598367 2.940291 -0.060928
v -0.602618 2.937185 -0.057410
v -0.602297 2.937450 -0.051092
v -0.597726 2.940820 -0.048292
v -0.655559 3.003270 -0.048087
v -0.655559 3.003270 -0.048087
v -0.655559 3.003270 -0.048087
v -0.655559 3.003270 -0.048087
v -0.655559 3.003270 -0.048087
v -0.655559 3.003270 -0.048087
v 0.026795 2.635233 0.715094
v 0.022313 2.635233 0.723755
v 0.019671 2.626800 0.727878
v 0.021509 2.618366 0.723340
v 0.025991 2.618366 0.714678
v 0.028633 2.626800 0.710555
v 0.193259 2.622633 0.802877
v 0.190936 2.622659 0.809481
v 0.190378 2.616643 0.813020
v 0.192144 2.610601 0.809954
v 0.194468 2.610575 0.803349
v 0.195026 2.616591 0.799811
v 0.372194 2.670087 0.839398
v 0.372144 2.670270 0.843644
v 0.372599 2.666716 0.845931
v 0.373103 2.662978 0.843971
v 0.373153 2.662795 0.839724
v 0.372698 2.666349 0.837438
v 0.559789 2.665023 0.808633
v 0.559789 2.665023 0.808633
v 0.559789 2.665023 0.808633
v 0.559789 2.665023 0.808633
v 0.559789 2.665023 0.808633
v 0.559789 2.665023 0.808633
v 0.121516 2.757423 0.783747
v 0.127803 2.757423 0.792094
v 0.137298 2.753103 0.791484
v 0.140507 2.748784 0.782526
v 0.134220 2.748784 0.774179
v 0.124725 2.753103 0.774790
v 0.202445 2.936460 0.724663
v 0.206769 2.936072 0.730737
v 0.213573 2.933031 0.730288
v 0.216053 2.930377 0.723765
v 0.211729 2.930765 0.717690
v 0.204925 2.933806 0.718139
v 0.285877 3.123073 0.693930
v 0.287997 3.122118 0.697763
v 0.291256 3.119040 0.697816
v 0.292395 3.116916 0.694036
v 0.290275 3.117872 0.690202
v 0.287017 3.120950 0.690149
v 0.469223 3.207324 0.648717
v 0.469223 3.207324 0.648717
v 0.469223 3.207324 0.648717
v 0.469223 3.207324 0.648717
v 0.469223 3.207324 0.648717
v 0.469223 3.207324 0.648717
v 0.258985 2.885841 0.863548
v 0.247946 2.885841 0.865056
v 0.242901 2.876853 0.869289
v 0.248896 2.867865 0.872012
v 0.259935 2.867865 0.870503
v 0.264980 2.876853 0.866271
v 0.285328 2.963408 1.068131
v 0.277448 2.963325 1.068999
v 0.273859 2.956931 1.072013
v 0.278150 2.950620 1.074160
v 0.286030 2.950703 1.073292
v 0.289619 2.957097 1.070278
v 0.298927 3.047617 1.271162
v 0.294366 3.047823 1.272337
v 0.292260 3.044076 1.274272
v 0.294713 3.040124 1.275034
v 0.299274 3.039918 1.273859
v 0.301381 3.043665 1.271923
v 0.389612 3.099836 1.464967
v 0.389612 3.099836 1.464967
v 0.389612 3.099836 1.464967
v 0.389612 3.099836 1.464967
v 0.389612 3.099836 1.464967
v 0.389612 3.099836 1.464967
v 0.364122 2.981467 0.944486
v 0.363327 2.981467 0.956288
v 0.363105 2.971224 0.962201
v 0.363679 2.960981 0.956312
v 0.364474 2.960981 0.944510
v 0.364695 2.971224 0.938597
v 0.598470 2.982507 0.961989
v 0.597669 2.982491 0.970337
v 0.598042 2.975263 0.974572
v 0.599217 2.968050 0.970460
v 0.600018 2.968065 0.962112
v 0.599644 2.975293 0.957877
v 0.827462 3.025578 0.992483
v 0.826615 3.025506 0.997352
v 0.827149 3.021298 0.999891
v 0.828532 3.017164 0.997561
v 0.829379 3.017237 0.992692
v 0.828845 3.021444 0.990153
v 1.049985 3.080977 1.046342
v 1.049985 3.080977 1.046342
v 1.049985 3.080977 1.046342
v 1.049985 3.080977 1.046342
v 1.049985 3.080977 1.046342
v 1.049985 3.080977 1.046342
v 0.489022 3.068547 1.054458
v 0.476722 3.068547 1.052162
v 0.468634 3.066139 1.061399
v 0.472845 3.063730 1.072932
v 0.485144 3.063730 1.075228
v 0.493233 3.066139 1.065991
v 0.476059 3.314256 1.112496
v 0.467734 3.312228 1.110317
v 0.462383 3.308505 1.116290
v 0.465357 3.306811 1.124442
v 0.473682 3.308839 1.126621
v 0.479033 3.312562 1.120647
v 0.339105 3.507045 1.204471
v 0.334838 3.504774 1.202634
v 0.332676 3.500855 1.205223
v 0.334780 3.499208 1.209650
v 0.339046 3.501479 1.211487
v 0.341209 3.505397 1.208898
v 0.193137 3.629312 1.369020
v 0.193137 3.629312 1.369020
v 0.193137 3.629312 1.369020
v 0.193137 3.629312 1.369020
v 0.193137 3.629312 1.369020
v 0.193137 3.629312 1.369020
v 0.586392 3.148828 1.190790
v 0.573380 3.148828 1.192958
v 0.566105 3.138408 1.189423
v 0.571841 3.127989 1.183719
v 0.584852 3.127989 1.181551
v 0.592128 3.138408 1.185086
v 0.624055 3.035902 1.430722
v 0.614952 3.037248 1.429418
v 0.609867 3.030772 1.425108
v 0.613886 3.022949 1.422101
v 0.622989 3.021603 1.423404
v 0.628074 3.028080 1.427715
v 0.486178 2.923000 1.631512
v 0.481293 2.924456 1.629738
v 0.478914 2.921658 1.625784
v 0.481418 2.917403 1.623604
v 0.486303 2.915946 1.625378
v 0.488682 2.918745 1.629332
v 0.398367 2.719022 1.778852
v 0.398367 2.719022 1.778852
v 0.398367 2.719022 1.778852
v 0.398367 2.719022 1.778852
v 0.398367 2.719022 1.778852
v 0.398367 2.719022 1.778852
v 0.663087 3.218213 1.313618
v 0.666166 3.218213 1.327138
v 0.672992 3.207499 1.332694
v 0.676740 3.196784 1.324730
v 0.673662 3.196784 1.311210
v 0.666835 3.207499 1.305654
v 0.909791 3.342033 1.259571
v 0.911052 3.341554 1.269221
v 0.915617 3.333901 1.273164
v 0.918919 3.326728 1.267457
v 0.917658 3.327207 1.257806
v 0.913094 3.334859 1.253863
v 1.156956 3.477676 1.266074
v 1.157902 3.477491 1.271613
v 1.159704 3.472729 1.273999
v 1.160559 3.468154 1.270846
v 1.159613 3.468340 1.265308
v 1.157812 3.473101 1.262922
v 1.425528 3.486590 1.181308
v 1.425528 3.486590 1.181308
v 1.425528 3.486590 1.181308
v 1.425528 3.486590 1.181308
v 1.425528 3.486590 1.181308
v 1.425528 3.486590 1.181308
v 0.914187 3.493369 1.716179
v 0.927967 3.493369 1.724052
v 0.941221 3.488441 1.716849
v 0.940696 3.483514 1.701772
v 0.926917 3.483514 1.693900
v 0.913663 3.488441 1.701103
v 0.976164 3.796149 1.612518
v 0.985717 3.795790 1.618119
v 0.995059 3.792825 1.612952
v 0.994848 3.790219 1.602185
v 0.985295 3.790579 1.596585
v 0.975952 3.793544 1.601751
v 1.035415 4.113487 1.558795
v 1.040709 4.112785 1.562118
v 1.045769 4.110164 1.559456
v 1.045536 4.108246 1.553470
v 1.040241 4.108948 1.550147
v 1.035181 4.111569 1.552809
v 1.182526 4.368790 1.415192
v 1.182526 4.368790 1.415192
v 1.182526 4.368790 1.415192
v 1.182526 4.368790 1.415192
v 1.182526 4.368790 1.415192
v 1.182526 4.368790 1.415192
v 0.354468 2.953810 -0.095234
v 0.355212 2.953810 -0.088956
v 0.360585 2.951662 -0.086410
v 0.365215 2.949514 -0.090142
v 0.364471 2.949514 -0.096420
v 0.359097 2.951662 -0.098966
v 0.393343 3.041832 -0.099034
v 0.393808 3.041608 -0.094347
v 0.397838 3.040061 -0.092449
v 0.401402 3.038739 -0.095238
v 0.400937 3.038963 -0.099924
v 0.396908 3.040510 -0.101822
v 0.425275 3.132348 -0.092101
v 0.425684 3.132469 -0.089023
v 0.428377 3.131550 -0.087776
v 0.430662 3.130508 -0.089608
v 0.430253 3.130387 -0.092685
v 0.427559 3.131307 -0.093932
v 0.465273 3.217419 -0.113137
v 0.465273 3.217419 -0.113137
v 0.465273 3.217419 -0.113137
v 0.465273 3.217419 -0.113137
v 0.465273 3.217419 -0.113137
v 0.465273 3.217419 -0.113137
v 0.359414 3.074849 -0.216298
v 0.366315 3.074849 -0.214402
v 0.369661 3.068664 -0.213072
v 0.366105 3.062479 -0.213638
v 0.359204 3.062479 -0.215535
v 0.355859 3.068664 -0.216865
v 0.389509 3.066161 -0.322251
v 0.394569 3.066165 -0.320774
v 0.397062 3.061604 -0.319898
v 0.394496 3.057039 -0.320500
v 0.389436 3.057035 -0.321977
v 0.386942 3.061596 -0.322852
v 0.423083 3.064718 -0.427660
v 0.426324 3.064723 -0.426679
v 0.427902 3.061797 -0.426039
v 0.426240 3.058867 -0.426380
v 0.423000 3.058863 -0.427361
v 0.421421 3.061789 -0.428001
v 0.455882 3.049927 -0.532433
v 0.455882 3.049927 -0.532433
v 0.455882 3.049927 -0.532433
v 0.455882 3.049927 -0.532433
v 0.455882 3.049927 -0.532433
v 0.455882 3.049927 -0.532433
v 0.399448 3.166449 -0.345853
v 0.406592 3.166449 -0.349410
v 0.408019 3.161489 -0.355496
v 0.402302 3.156528 -0.358026
v 0.395158 3.156528 -0.354468
v 0.393731 3.161489 -0.348382
v 0.360032 3.251686 -0.427419
v 0.365286 3.251575 -0.429920
v 0.366198 3.248281 -0.434631
v 0.361854 3.245099 -0.436842
v 0.356600 3.245210 -0.434341
v 0.355688 3.248504 -0.429630
v 0.335004 3.353849 -0.494645
v 0.338217 3.353993 -0.496394
v 0.338843 3.351798 -0.499255
v 0.336257 3.349458 -0.500367
v 0.333045 3.349314 -0.498619
v 0.332419 3.351509 -0.495758
v 0.271855 3.418022 -0.581800
v 0.271855 3.418022 -0.581800
v 0.271855 3.418022 -0.581800
v 0.271855 3.418022 -0.581800
v 0.271855 3.418022 -0.581800
v 0.271855 3.418022 -0.581800
v 0.468205 3.256788 -0.482836
v 0.468020 3.256788 -0.474043
v 0.471441 3.250031 -0.469572
v 0.475048 3.243273 -0.473895
v 0.475233 3.243273 -0.482688
v 0.471812 3.250031 -0.487159
v 0.592261 3.318954 -0.479019
v 0.591657 3.318681 -0.472690
v 0.594349 3.313918 -0.469440
v 0.597645 3.309429 -0.472519
v 0.598249 3.309703 -0.478848
v 0.595557 3.314466 -0.482098
v 0.700171 3.402500 -0.451945
v 0.700003 3.402452 -0.448017
v 0.701524 3.399425 -0.446021
v 0.703213 3.396446 -0.447953
v 0.703381 3.396494 -0.451881
v 0.701859 3.399521 -0.453877
v 0.833394 3.441764 -0.464052
v 0.833394 3.441764 -0.464052
v 0.833394 3.441764 -0.464052
v 0.833394 3.441764 -0.464052
v 0.833394 3.441764 -0.464052
v 0.833394 3.441764 -0.464052
v 0.549892 3.365196 -0.579459
v 0.559481 3.365196 -0.578965
v 0.564245 3.356901 -0.578143
v 0.559421 3.348606 -0.577815
v 0.549833 3.348606 -0.578309
v 0.545068 3.356901 -0.579131
v 0.559104 3.352249 -0.731993
v 0.565964 3.352272 -0.731239
v 0.569384 3.346313 -0.730587
v 0.565944 3.340332 -0.730689
v 0.559084 3.340309 -0.731443
v 0.555664 3.346267 -0.732095
v 0.586034 3.346470 -0.882921
v 0.590188 3.346492 -0.882299
v 0.592257 3.342870 -0.881804
v 0.590171 3.339226 -0.881933
v 0.586017 3.339204 -0.882555
v 0.583948 3.342826 -0.883049
v 0.607934 3.330942 -1.033946
v 0.607934 3.330942 -1.033946
v 0.607934 3.330942 -1.033946
v 0.607934 3.330942 -1.033946
v 0.607934 3.330942 -1.033946
v 0.607934 3.330942 -1.033946
v 0.615764 3.480295 -0.669255
v 0.624327 3.480295 -0.662823
v 0.632524 3.473699 -0.664821
v 0.632158 3.467103 -0.673251
v 0.623595 3.467103 -0.679682
v 0.615398 3.473699 -0.677684
v 0.689474 3.595864 -0.764872
v 0.695316 3.595412 -0.759971
v 0.701341 3.591007 -0.761605
v 0.701523 3.587056 -0.768140
v 0.695681 3.587508 -0.773042
v 0.689656 3.591912 -0.771408
v 0.766958 3.732927 -0.821349
v 0.770440 3.732635 -0.818404
v 0.774088 3.730079 -0.819426
v 0.774253 3.727816 -0.823393
v 0.770771 3.728108 -0.826337
v 0.767123 3.730664 -0.825315
v 0.839580 3.854815 -0.910772
v 0.839580 3.854815 -0.910772
v 0.839580 3.854815 -0.910772
v 0.839580 3.854815 -0.910772
v 0.839580 3.854815 -0.910772
v 0.839580 3.854815 -0.910772
v -0.328511 3.234684 0.026791
v -0.323213 3.234684 0.020428
v -0.323229 3.228408 0.015027
v -0.328544 3.222132 0.015989
v -0.333842 3.222132 0.022352
v -0.333826 3.228408 0.027753
v -0.376162 3.267239 -0.014355
v -0.372205 3.267161 -0.018891
v -0.372223 3.262603 -0.022824
v -0.376200 3.258123 -0.022221
v -0.380157 3.258201 -0.017685
v -0.380138 3.262759 -0.013752
v -0.420212 3.301715 -0.057400
v -0.418159 3.301965 -0.060540
v -0.418383 3.299269 -0.063152
v -0.420659 3.296324 -0.062624
v -0.422712 3.296074 -0.059484
v -0.422489 3.298770 -0.056872
v -0.479862 3.331653 -0.080589
v -0.479862 3.331653 -0.080589
v -0.479862 3.331653 -0.080589
v -0.479862 3.331653 -0.080589
v -0.479862 3.331653 -0.080589
v -0.479862 3.331653 -0.080589
v -0.349006 3.343354 0.014361
v -0.357522 3.343354 0.010782
v -0.363958 3.337660 0.014173
v -0.361877 3.331966 0.021144
v -0.353360 3.331966 0.024723
v -0.346925 3.337660 0.021331
v -0.372799 3.397814 0.067674
v -0.378773 3.397414 0.064760
v -0.383477 3.393469 0.067338
v -0.382208 3.389924 0.072830
v -0.376234 3.390325 0.075745
v -0.371530 3.394270 0.073167
v -0.404501 3.460738 0.106057
v -0.408154 3.460478 0.104260
v -0.410946 3.457867 0.105684
v -0.410086 3.455516 0.108904
v -0.406433 3.455775 0.110701
v -0.403640 3.458386 0.109278
v -0.432846 3.505592 0.166612
v -0.432846 3.505592 0.166612
v -0.432846 3.505592 0.166612
v -0.432846 3.505592 0.166612
v -0.432846 3.505592 0.166612
v -0.432846 3.505592 0.166612
v -0.397281 3.447402 0.017950
v -0.387762 3.447402 0.021571
v -0.380844 3.441001 0.017708
v -0.383446 3.434601 0.010225
v -0.392965 3.434601 0.006603
v -0.399883 3.441001 0.010466
v -0.372436 3.506610 -0.043332
v -0.365728 3.506325 -0.040491
v -0.360650 3.502083 -0.043552
v -0.362281 3.498127 -0.049454
v -0.368988 3.498412 -0.052295
v -0.374066 3.502653 -0.049234
v -0.343787 3.577827 -0.087794
v -0.339693 3.577811 -0.086195
v -0.336548 3.575512 -0.088231
v -0.337497 3.573231 -0.091866
v -0.341591 3.573247 -0.093464
v -0.344736 3.575545 -0.091428
v -0.328068 3.644001 -0.145565
v -0.328068 3.644001 -0.145565
v -0.328068 3.644001 -0.145565
v -0.328068 3.644001 -0.145565
v -0.328068 3.644001 -0.145565
v -0.328068 3.644001 -0.145565
v -0.431838 3.543346 0.021181
v -0.433631 3.543346 0.010204
v -0.437345 3.534146 0.005175
v -0.439266 3.524947 0.011124
v -0.437474 3.524947 0.022101
v -0.433760 3.534146 0.027130
v -0.525452 3.569787 0.034847
v -0.526372 3.569666 0.026987
v -0.529170 3.563172 0.023430
v -0.531047 3.556800 0.027733
v -0.530127 3.556921 0.035593
v -0.527329 3.563415 0.039151
v -0.616715 3.605630 0.038613
v -0.617807 3.605755 0.034036
v -0.619666 3.601963 0.031955
v -0.620432 3.598046 0.034451
v -0.619339 3.597921 0.039029
v -0.617481 3.601713 0.041109
v -0.705628 3.626057 0.075345
v -0.705628 3.626057 0.075345
v -0.705628 3.626057 0.075345
v -0.705628 3.626057 0.075345
v -0.705628 3.626057 0.075345
v -0.705628 3.626057 0.075345
v -0.459205 3.646271 0.001100
v -0.470009 3.646271 0.006437
v -0.471690 3.640080 0.016639
v -0.462566 3.633890 0.021504
v -0.451761 3.633890 0.016166
v -0.450081 3.640080 0.005964
v -0.431482 3.730897 0.061173
v -0.439274 3.730367 0.064615
v -0.440432 3.726104 0.071917
v -0.433799 3.722370 0.075776
v -0.426008 3.722900 0.072334
v -0.424850 3.727163 0.065033
v -0.423454 3.822388 0.117851
v -0.427989 3.822248 0.119992
v -0.428760 3.819401 0.124050
v -0.424996 3.816695 0.125968
v -0.420461 3.816835 0.123827
v -0.419690 3.819682 0.119768
v -0.379445 3.887953 0.191713
v -0.379445 3.887953 0.191713
v -0.379445 3.887953 0.191713
v -0.379445 3.887953 0.191713
v -0.379445 3.887953 0.191713
v -0.379445 3.887953 0.191713
v -0.472602 3.758868 0.024290
v -0.468129 3.758868 0.012114
v -0.472101 3.749787 0.003745
v -0.480546 3.740707 0.007552
v -0.485019 3.740707 0.019729
v -0.481047 3.749787 0.028098
v -0.562266 3.824858 -0.010683
v -0.558528 3.824368 -0.019018
v -0.561359 3.817989 -0.024933
v -0.567928 3.812101 -0.022513
v -0.571666 3.812591 -0.014178
v -0.568835 3.818969 -0.008263
v -0.636385 3.900233 -0.061650
v -0.634378 3.900076 -0.066579
v -0.635540 3.895997 -0.069797
v -0.638709 3.892075 -0.068086
v -0.640715 3.892233 -0.063157
v -0.639554 3.896312 -0.059939
v -0.745295 3.930507 -0.093548
v -0.745295 3.930507 -0.093548
v -0.745295 3.930507 -0.093548
v -0.745295 3.930507 -0.093548
v -0.745295 3.930507 -0.093548
v -0.745295 3.930507 -0.093548
v -0.478105 3.855294 0.031154
v -0.488527 3.855294 0.021970
v -0.501507 3.852718 0.026194
v -0.504065 3.850142 0.039602
v -0.493644 3.850142 0.048786
v -0.480664 3.852718 0.044562
v -0.499760 3.977290 0.052609
v -0.507013 3.976815 0.046094
v -0.516156 3.975160 0.049082
v -0.518047 3.973980 0.058585
v -0.510794 3.974455 0.065099
v -0.501651 3.976110 0.062112
v -0.522962 4.101006 0.056980
v -0.527199 4.101101 0.053274
v -0.532458 4.100037 0.054983
v -0.533478 4.098877 0.060397
v -0.529241 4.098782 0.064103
v -0.523983 4.099846 0.062395
v -0.543132 4.217528 0.100948
v -0.543132 4.217528 0.100948
v -0.543132 4.217528 0.100948
v -0.543132 4.217528 0.100948
v -0.543132 4.217528 0.100948
v -0.543132 4.217528 0.100948
v 0.437482 3.411073 -0.061006
v 0.439255 3.411073 -0.066318
v 0.435923 3.409142 -0.070383
v 0.430817 3.407211 -0.069136
v 0.429043 3.407211 -0.063824
v 0.432376 3.409142 -0.059760
v 0.404590 3.488489 -0.072710
v 0.405975 3.488380 -0.076709
v 0.403462 3.486904 -0.079779
v 0.399565 3.485536 -0.078851
v 0.398181 3.485645 -0.074852
v 0.400693 3.487121 -0.071782
v 0.375007 3.566325 -0.088322
v 0.375765 3.566674 -0.091064
v 0.373988 3.565852 -0.093158
v 0.371453 3.564681 -0.092509
v 0.370695 3.564332 -0.089766
v 0.372472 3.565154 -0.087673
v 0.332132 3.638345 -0.075851
v 0.332132 3.638345 -0.075851
v 0.332132 3.638345 -0.075851
v 0.332132 3.638345 -0.075851
v 0.332132 3.638345 -0.075851
v 0.332132 3.638345 -0.075851
v 0.488991 3.564751 -0.000799
v 0.483435 3.564751 0.002499
v 0.480762 3.559160 0.004324
v 0.483645 3.553569 0.002852
v 0.489201 3.553569 -0.000445
v 0.491874 3.559160 -0.002271
v 0.539081 3.566974 0.085230
v 0.534747 3.566950 0.087309
v 0.532736 3.562787 0.088625
v 0.535058 3.558648 0.087861
v 0.539392 3.558672 0.085782
v 0.541403 3.562835 0.084466
v 0.573369 3.576864 0.179406
v 0.570256 3.576903 0.179908
v 0.568583 3.574243 0.179642
v 0.570023 3.571545 0.178874
v 0.573136 3.571506 0.178372
v 0.574809 3.574166 0.178639
v 0.565610 3.526846 0.266448
v 0.565610 3.526846 0.266448
v 0.565610 3.526846 0.266448
v 0.565610 3.526846 0.266448
v 0.565610 3.526846 0.266448
v 0.565610 3.526846 0.266448
v 0.569218 3.702034 0.056686
v 0.575909 3.702034 0.059626
v 0.580829 3.697060 0.057514
v 0.579058 3.692085 0.052461
v 0.572367 3.692085 0.049521
v 0.567447 3.697060 0.051633
v 0.606383 3.770570 -0.025213
v 0.611526 3.771284 -0.023834
v 0.615366 3.768339 -0.026167
v 0.614064 3.764681 -0.029879
v 0.608921 3.763967 -0.031258
v 0.605080 3.766911 -0.028925
v 0.593046 3.851924 -0.102180
v 0.596240 3.853187 -0.102099
v 0.598616 3.851992 -0.104275
v 0.597796 3.849535 -0.106533
v 0.594602 3.848273 -0.106615
v 0.592226 3.849467 -0.104438
v 0.551567 3.925753 -0.178341
v 0.551567 3.925753 -0.178341
v 0.551567 3.925753 -0.178341
v 0.551567 3.925753 -0.178341
v 0.551567 3.925753 -0.178341
v 0.551567 3.925753 -0.178341
v 0.639137 3.860916 0.077835
v 0.631064 3.860916 0.076749
v 0.626379 3.855804 0.081025
v 0.629768 3.850693 0.086386
v 0.637841 3.850693 0.087472
v 0.642526 3.855804 0.083196
v 0.625451 3.948144 0.171346
v 0.619627 3.947847 0.170269
v 0.616197 3.944236 0.173488
v 0.618591 3.940923 0.177785
v 0.624415 3.941220 0.178862
v 0.627845 3.944831 0.175642
v 0.595859 4.046788 0.248340
v 0.592214 4.046584 0.247650
v 0.590046 4.044412 0.249744
v 0.591522 4.042445 0.252529
v 0.595167 4.042650 0.253219
v 0.597335 4.044821 0.251125
v 0.580607 4.140705 0.335118
v 0.580607 4.140705 0.335118
v 0.580607 4.140705 0.335118
v 0.580607 4.140705 0.335118
v 0.580607 4.140705 0.335118
v 0.580607 4.140705 0.335118
v 0.681323 4.021012 0.068203
v 0.683116 4.021012 0.077408
v 0.691545 4.018353 0.080543
v 0.698180 4.015693 0.074474
v 0.696387 4.015693 0.065269
v 0.687959 4.018353 0.062134
v 0.729870 4.156025 0.060102
v 0.730927 4.155349 0.066736
v 0.736890 4.153134 0.068996
v 0.741798 4.151594 0.064622
v 0.740742 4.152270 0.057988
v 0.734778 4.154485 0.055728
v 0.781727 4.289190 0.082223
v 0.782202 4.288447 0.086254
v 0.785339 4.286109 0.087565
v 0.788001 4.284515 0.084845
v 0.787526 4.285259 0.080815
v 0.784389 4.287597 0.079504
v 0.894344 4.379393 0.085310
v 0.894344 4.379393 0.085310
v 0.894344 4.379393 0.085310
v 0.894344 4.379393 0.085310
v 0.894344 4.379393 0.085310
v 0.894344 4.379393 0.085310
v -0.293557 3.637491 -0.207547
v -0.286340 3.637491 -0.209727
v -0.284539 3.635602 -0.216800
v -0.289955 3.633713 -0.221693
v -0.297172 3.633713 -0.219513
v -0.298974 3.635602 -0.212440
v -0.299521 3.710641 -0.230751
v -0.294217 3.710376 -0.232280
v -0.292907 3.709185 -0.237515
v -0.296901 3.708259 -0.241220
v -0.302205 3.708524 -0.239691
v -0.303515 3.709715 -0.234456
v -0.295102 3.786644 -0.246160
v -0.291729 3.786257 -0.247062
v -0.290893 3.784947 -0.250212
v -0.293429 3.784025 -0.252461
v -0.296802 3.784413 -0.251559
v -0.297639 3.785722 -0.248409
v -0.297642 3.848415 -0.293595
v -0.297642 3.848415 -0.293595
v -0.297642 3.848415 -0.293595
v -0.297642 3.848415 -0.293595
v -0.297642 3.848415 -0.293595
v -0.297642 3.848415 -0.293595
v -0.270895 3.707290 -0.336450
v -0.265334 3.707290 -0.329976
v -0.263799 3.700083 -0.325670
v -0.267824 3.692876 -0.327838
v -0.273385 3.692876 -0.334312
v -0.274921 3.700083 -0.338618
v -0.205147 3.685692 -0.391386
v -0.201327 3.685745 -0.386516
v -0.200050 3.680478 -0.383527
v -0.202593 3.675157 -0.385408
v -0.206412 3.675103 -0.390278
v -0.207689 3.680371 -0.393267
v -0.132853 3.675707 -0.441369
v -0.130049 3.675623 -0.438739
v -0.129229 3.672344 -0.436907
v -0.131213 3.669148 -0.437705
v -0.134016 3.669232 -0.440334
v -0.134836 3.672511 -0.442167
v -0.090266 3.640461 -0.510765
v -0.090266 3.640461 -0.510765
v -0.090266 3.640461 -0.510765
v -0.090266 3.640461 -0.510765
v -0.090266 3.640461 -0.510765
v -0.090266 3.640461 -0.510765
v -0.285866 3.747066 -0.456158
v -0.283363 3.747066 -0.465340
v -0.281878 3.738827 -0.469867
v -0.282897 3.730588 -0.465213
v -0.285400 3.730588 -0.456031
v -0.286885 3.738827 -0.451504
v -0.381332 3.741810 -0.483566
v -0.379324 3.741805 -0.490109
v -0.378750 3.735892 -0.493508
v -0.380185 3.729984 -0.490364
v -0.382193 3.729989 -0.483821
v -0.382767 3.735902 -0.480421
v -0.474152 3.757491 -0.516762
v -0.473160 3.757501 -0.520814
v -0.472767 3.753894 -0.522874
v -0.473368 3.750278 -0.520882
v -0.474361 3.750268 -0.516830
v -0.474753 3.753875 -0.514770
v -0.571839 3.741850 -0.533770
v -0.571839 3.741850 -0.533770
v -0.571839 3.741850 -0.533770
v -0.571839 3.741850 -0.533770
v -0.571839 3.741850 -0.533770
v -0.571839 3.741850 -0.533770
v -0.333004 3.783055 -0.582907
v -0.324999 3.783055 -0.576131
v -0.316278 3.777653 -0.578316
v -0.315563 3.772251 -0.587277
v -0.323568 3.772251 -0.594054
v -0.332289 3.777653 -0.591869
v -0.287935 3.870549 -0.633827
v -0.282219 3.870544 -0.628984
v -0.275786 3.867152 -0.630785
v -0.275068 3.863767 -0.637430
v -0.280784 3.863772 -0.642274
v -0.287217 3.867163 -0.640472
v -0.253126 3.968924 -0.672341
v -0.249437 3.969622 -0.669866
v -0.245601 3.967519 -0.670905
v -0.245454 3.964718 -0.674419
v -0.249142 3.964020 -0.676894
v -0.252978 3.966122 -0.675855
v -0.226961 4.029424 -0.762698
v -0.226961 4.029424 -0.762698
v -0.226961 4.029424 -0.762698
v -0.226961 4.029424 -0.762698
v -0.226961 4.029424 -0.762698
v -0.226961 4.029424 -0.762698
v -0.376518 3.850419 -0.694506
v -0.366292 3.850419 -0.699656
v -0.360064 3.840818 -0.700018
v -0.364062 3.831217 -0.695229
v -0.374289 3.831217 -0.690079
v -0.380516 3.840818 -0.689717
v -0.428273 3.816900 -0.800974
v -0.420782 3.817039 -0.804139
v -0.416253 3.810284 -0.804168
v -0.419215 3.803389 -0.801031
v -0.426706 3.803250 -0.797866
v -0.431235 3.810005 -0.797838
v -0.464563 3.784326 -0.914237
v -0.460267 3.784297 -0.916414
v -0.457411 3.780435 -0.916054
v -0.458851 3.776602 -0.913517
v -0.463148 3.776631 -0.911341
v -0.466004 3.780493 -0.911701
v -0.524373 3.717324 -0.998430
v -0.524373 3.717324 -0.998430
v -0.524373 3.717324 -0.998430
v -0.524373 3.717324 -0.998430
v -0.524373 3.717324 -0.998430
v -0.524373 3.717324 -0.998430
v -0.432916 3.918403 -0.782065
v -0.422195 3.918403 -0.788585
v -0.419728 3.909072 -0.796603
v -0.427982 3.899740 -0.798102
v -0.438704 3.899740 -0.791582
v -0.441171 3.909072 -0.783564
v -0.491718 3.983997 -0.882303
v -0.484123 3.983973 -0.886878
v -0.482696 3.977786 -0.893065
v -0.488862 3.971624 -0.894678
v -0.496457 3.971649 -0.890104
v -0.497884 3.977836 -0.883917
v -0.541336 4.070933 -0.970147
v -0.537269 4.071412 -0.973325
v -0.536762 4.068229 -0.977382
v -0.540321 4.064565 -0.978263
v -0.544387 4.064086 -0.975086
v -0.544895 4.067269 -0.971028
v -0.627552 4.147258 -1.038605
v -0.627552 4.147258 -1.038605
v -0.627552 4.147258 -1.038605
v -0.627552 4.147258 -1.038605
v -0.627552 4.147258 -1.038605
v -0.627552 4.147258 -1.038605
v -0.140422 3.652279 0.691894
v -0.134073 3.652279 0.686465
v -0.132794 3.645658 0.681534
v -0.137864 3.639036 0.682033
v -0.144213 3.639036 0.687462
v -0.145492 3.645658 0.692393
v -0.182564 3.679257 0.640862
v -0.177680 3.679046 0.637265
v -0.176789 3.674266 0.633633
v -0.180783 3.669696 0.633598
v -0.185667 3.669906 0.637194
v -0.186558 3.674687 0.640826
v -0.213065 3.713552 0.585795
v -0.210078 3.713467 0.583473
v -0.209430 3.710413 0.581334
v -0.211769 3.707443 0.581517
v -0.214756 3.707528 0.583840
v -0.215404 3.710582 0.585979
v -0.260218 3.729990 0.534179
v -0.260218 3.729990 0.534179
v -0.260218 3.729990 0.534179
v -0.260218 3.729990 0.534179
v -0.260218 3.729990 0.534179
v -0.260218 3.729990 0.534179
v -0.172719 3.723405 0.705601
v -0.180868 3.723405 0.701646
v -0.186126 3.716041 0.702104
v -0.183233 3.708678 0.706518
v -0.175083 3.708678 0.710473
v -0.169826 3.716041 0.710015
v -0.206294 3.748399 0.771884
v -0.212032 3.748281 0.768750
v -0.215778 3.742927 0.768987
v -0.213787 3.737690 0.772359
v -0.208048 3.737807 0.775492
v -0.204302 3.743161 0.775255
v -0.246577 3.774607 0.833675
v -0.250264 3.774664 0.832074
v -0.252585 3.771387 0.832257
v -0.251219 3.768054 0.834040
v -0.247532 3.767997 0.835641
v -0.245211 3.771274 0.835458
v -0.267861 3.791523 0.907029
v -0.267861 3.791523 0.907029
v -0.267861 3.791523 0.907029
v -0.267861 3.791523 0.907029
v -0.267861 3.791523 0.907029
v -0.267861 3.791523 0.907029
v -0.226704 3.784224 0.731197
v -0.219325 3.784224 0.737581
v -0.210483 3.781155 0.734818
v -0.209022 3.778086 0.725671
v -0.216401 3.778086 0.719287
v -0.225243 3.781155 0.722050
v -0.204102 3.862210 0.707156
v -0.198917 3.861753 0.711844
v -0.192490 3.859873 0.709787
v -0.191248 3.858449 0.703041
v -0.196433 3.858906 0.698353
v -0.202860 3.860787 0.700410
v -0.183016 3.944315 0.702626
v -0.179825 3.944225 0.705436
v -0.175924 3.943080 0.704187
v -0.175215 3.942024 0.700129
v -0.178406 3.942113 0.697320
v -0.182307 3.943259 0.698568
v -0.162056 4.020165 0.669734
v -0.162056 4.020165 0.669734
v -0.162056 4.020165 0.669734
v -0.162056 4.020165 0.669734
v -0.162056 4.020165 0.669734
v -0.162056 4.020165 0.669734
v -0.255499 3.850788 0.763765
v -0.258874 3.850788 0.753873
v -0.261858 3.841841 0.749370
v -0.261468 3.832894 0.754758
v -0.258093 3.832894 0.764650
v -0.255109 3.841841 0.769153
v -0.340948 3.861810 0.791298
v -0.343780 3.861918 0.784389
v -0.347113 3.855834 0.781624
v -0.347613 3.849642 0.785768
v -0.344781 3.849534 0.792677
v -0.341448 3.855618 0.795442
v -0.414335 3.902135 0.826502
v -0.416358 3.902328 0.822505
v -0.418699 3.898810 0.821004
v -0.419018 3.895100 0.823501
v -0.416995 3.894907 0.827498
v -0.414654 3.898424 0.828999
v -0.494431 3.921899 0.867697
v -0.494431 3.921899 0.867697
v -0.494431 3.921899 0.867697
v -0.494431 3.921899 0.867697
v -0.494431 3.921899 0.867697
v -0.494431 3.921899 0.867697
v -0.296756 3.901800 0.796467
v -0.306949 3.901800 0.800962
v -0.310090 3.893457 0.807642
v -0.303039 3.885114 0.809826
v -0.292847 3.885114 0.805332
v -0.289705 3.893457 0.798652
v -0.263287 3.948866 0.876351
v -0.270766 3.948474 0.878947
v -0.273024 3.942498 0.883639
v -0.267804 3.936914 0.885735
v -0.260324 3.937306 0.883140
v -0.258066 3.943282 0.878447
v -0.249169 4.002594 0.958713
v -0.253710 4.002165 0.959902
v -0.255238 3.998226 0.961990
v -0.252224 3.994715 0.962890
v -0.247684 3.995144 0.961702
v -0.246156 3.999083 0.959614
v -0.227532 4.019895 1.054096
v -0.227532 4.019895 1.054096
v -0.227532 4.019895 1.054096
v -0.227532 4.019895 1.054096
v -0.227532 4.019895 1.054096
v -0.227532 4.019895 1.054096
v -0.334063 3.954202 0.858583
v -0.326885 3.954202 0.849188
v -0.328679 3.946523 0.840378
v -0.337651 3.938844 0.840963
v -0.344828 3.938844 0.850358
v -0.343035 3.946523 0.859168
v -0.397214 4.021475 0.808187
v -0.391172 4.020053 0.802554
v -0.392493 4.014683 0.796255
v -0.399856 4.010734 0.795589
v -0.405899 4.012155 0.801222
v -0.404578 4.017525 0.807521
v -0.405777 4.100729 0.739534
v -0.401995 4.099238 0.736726
v -0.402772 4.096066 0.733017
v -0.407330 4.094386 0.732118
v -0.411112 4.095877 0.734926
v -0.410336 4.099049 0.738634
v -0.432025 4.176768 0.671484
v -0.432025 4.176768 0.671484
v -0.432025 4.176768 0.671484
v -0.432025 4.176768 0.671484
v -0.432025 4.176768 0.671484
v -0.432025 4.176768 0.671484
v -0.355993 4.022233 0.886255
v -0.367774 4.022233 0.882068
v -0.374436 4.011654 0.882146
v -0.369317 4.001074 0.886411
v -0.357537 4.001074 0.890598
v -0.350874 4.011654 0.890520
v -0.394476 4.042886 0.989085
v -0.402617 4.042758 0.985655
v -0.407415 4.035345 0.985942
v -0.404072 4.028060 0.989659
v -0.395931 4.028189 0.993089
v -0.391133 4.035602 0.992803
v -0.443811 4.077950 1.083097
v -0.448467 4.077796 1.080861
v -0.451297 4.073478 1.081081
v -0.449471 4.069314 1.083537
v -0.444815 4.069468 1.085773
v -0.441985 4.073786 1.085554
v -0.493028 4.106616 1.179680
v -0.493028 4.106616 1.179680
v -0.493028 4.106616 1.179680
v -0.493028 4.106616 1.179680
v -0.493028 4.106616 1.179680
v -0.493028 4.106616 1.179680
v -0.390973 4.086840 0.919439
v -0.385264 4.086840 0.931316
v -0.373368 4.081400 0.932909
v -0.367180 4.075960 0.922624
v -0.372888 4.075960 0.910747
v -0.384785 4.081400 0.909155
v -0.336465 4.189568 0.895402
v -0.332839 4.188746 0.903911
v -0.324471 4.184882 0.905038
v -0.319730 4.181839 0.897657
v -0.323357 4.182660 0.889149
v -0.331724 4.186524 0.888021
v -0.283049 4.295527 0.897821
v -0.280877 4.295188 0.902746
v -0.275999 4.292984 0.903396
v -0.273292 4.291118 0.899121
v -0.275464 4.291456 0.894197
v -0.280342 4.293660 0.893547
v -0.228878 4.396641 0.867265
v -0.228878 4.396641 0.867265
v -0.228878 4.396641 0.867265
v -0.228878 4.396641 0.867265
v -0.228878 4.396641 0.867265
v -0.228878 4.396641 0.867265
v -0.377954 4.161216 0.963014
v -0.386086 4.161216 0.951803
v -0.393661 4.150033 0.948743
v -0.393104 4.138850 0.956894
v -0.384973 4.138850 0.968105
v -0.377398 4.150033 0.971165
v -0.474701 4.203140 1.030654
v -0.479729 4.202787 1.022328
v -0.485195 4.195001 1.020271
v -0.485633 4.187569 1.026539
v -0.480605 4.187922 1.034865
v -0.475139 4.195708 1.036923
v -0.576975 4.261291 1.074129
v -0.579495 4.260874 1.069127
v -0.582610 4.256360 1.067920
v -0.583205 4.252262 1.071714
v -0.580685 4.252678 1.076716
v -0.577570 4.257193 1.077924
v -0.682717 4.310377 1.121054
v -0.682717 4.310377 1.121054
v -0.682717 4.310377 1.121054
v -0.682717 4.310377 1.121054
v -0.682717 4.310377 1.121054
v -0.682717 4.310377 1.121054
v -0.378481 4.225018 0.989735
v -0.392872 4.225018 0.988339
v -0.401115 4.218765 0.998438
v -0.394968 4.212512 1.009934
v -0.380577 4.212512 1.011330
v -0.372334 4.218765 1.001231
v -0.387305 4.337435 1.058321
v -0.397376 4.337157 1.057190
v -0.403170 4.332957 1.064372
v -0.398892 4.329035 1.072686
v -0.388820 4.329313 1.073817
v -0.383027 4.333514 1.066634
v -0.403405 4.455048 1.116338
v -0.409191 4.455637 1.116125
v -0.412516 4.453206 1.120236
v -0.410056 4.450184 1.124558
v -0.404270 4.449595 1.124771
v -0.400945 4.452027 1.120660
v -0.376364 4.548335 1.206310
v -0.376364 4.548335 1.206310
v -0.376364 4.548335 1.206310
v -0.376364 4.548335 1.206310
v -0.376364 4.548335 1.206310
v -0.376364 4.548335 1.206310
v -0.264809 4.047989 -0.294234
v -0.271277 4.047989 -0.292543
v -0.273174 4.045622 -0.286586
v -0.268604 4.043255 -0.282320
v -0.262136 4.043255 -0.284011
v -0.260239 4.045622 -0.289968
v -0.257394 4.117143 -0.262453
v -0.262208 4.116924 -0.261293
v -0.263618 4.115134 -0.256891
v -0.260213 4.113563 -0.253649
v -0.255399 4.113782 -0.254809
v -0.253989 4.115572 -0.259211
v -0.257750 4.187565 -0.231266
v -0.260881 4.187468 -0.230485
v -0.261848 4.185796 -0.227899
v -0.259685 4.184221 -0.226092
v -0.256554 4.184319 -0.226873
v -0.255586 4.185990 -0.229460
v -0.241497 4.235982 -0.173605
v -0.241497 4.235982 -0.173605
v -0.241497 4.235982 -0.173605
v -0.241497 4.235982 -0.173605
v -0.241497 4.235982 -0.173605
v -0.241497 4.235982 -0.173605
v -0.196899 4.147904 -0.353834
v -0.192297 4.147904 -0.347826
v -0.190475 4.141378 -0.344456
v -0.193255 4.134852 -0.347093
v -0.197856 4.134852 -0.353101
v -0.199679 4.141378 -0.356471
v -0.127172 4.138099 -0.405975
v -0.123942 4.138112 -0.401467
v -0.122524 4.133322 -0.399059
v -0.124334 4.128520 -0.401159
v -0.127563 4.128507 -0.405667
v -0.128982 4.133296 -0.408075
v -0.053462 4.135289 -0.454079
v -0.051194 4.135259 -0.451384
v -0.050592 4.132269 -0.449621
v -0.052259 4.129309 -0.450554
v -0.054526 4.129339 -0.453249
v -0.055128 4.132329 -0.455012
v 0.001214 4.095644 -0.510825
v 0.001214 4.095644 -0.510825
v 0.001214 4.095644 -0.510825
v 0.001214 4.095644 -0.510825
v 0.001214 4.095644 -0.510825
v 0.001214 4.095644 -0.510825
v -0.147236 4.221682 -0.443672
v -0.140537 4.221682 -0.448803
v -0.140052 4.216094 -0.455109
v -0.146267 4.210506 -0.456282
v -0.152966 4.210506 -0.451150
v -0.153450 4.216094 -0.444845
v -0.193132 4.283962 -0.505486
v -0.188088 4.283684 -0.508950
v -0.187729 4.279618 -0.513518
v -0.192415 4.275830 -0.514622
v -0.197460 4.276108 -0.511157
v -0.197818 4.280174 -0.506589
v -0.224758 4.350941 -0.571018
v -0.221769 4.350999 -0.573385
v -0.221599 4.348549 -0.576301
v -0.224417 4.346040 -0.576851
v -0.227406 4.345982 -0.574484
v -0.227576 4.348432 -0.571567
v -0.285313 4.408743 -0.623735
v -0.285313 4.408743 -0.623735
v -0.285313 4.408743 -0.623735
v -0.285313 4.408743 -0.623735
v -0.285313 4.408743 -0.623735
v -0.285313 4.408743 -0.623735
v -0.130261 4.298456 -0.561898
v -0.126763 4.298456 -0.553281
v -0.120711 4.291875 -0.550719
v -0.118158 4.285295 -0.556775
v -0.121657 4.285295 -0.565391
v -0.127708 4.291875 -0.567953
v -0.045394 4.359953 -0.594916
v -0.042102 4.360552 -0.589111
v -0.037436 4.356050 -0.587426
v -0.036061 4.350948 -0.591546
v -0.039353 4.350349 -0.597351
v -0.044019 4.354851 -0.599036
v 0.024911 4.415241 -0.658989
v 0.027611 4.416118 -0.656031
v 0.030544 4.413420 -0.655067
v 0.030778 4.409846 -0.657061
v 0.028078 4.408969 -0.660020
v 0.025145 4.411666 -0.660984
v 0.091746 4.446665 -0.741165
v 0.091746 4.446665 -0.741165
v 0.091746 4.446665 -0.741165
v 0.091746 4.446665 -0.741165
v 0.091746 4.446665 -0.741165
v 0.091746 4.446665 -0.741165
v -0.122509 4.400666 -0.643516
v -0.113916 4.400666 -0.648924
v -0.110440 4.392010 -0.652930
v -0.115556 4.383353 -0.651529
v -0.124148 4.383353 -0.646121
v -0.127625 4.392010 -0.642115
v -0.185339 4.419510 -0.746069
v -0.178989 4.419438 -0.749604
v -0.176428 4.413216 -0.752351
v -0.180218 4.407063 -0.751563
v -0.186569 4.407135 -0.748028
v -0.189129 4.413358 -0.745281
v -0.236390 4.440342 -0.854837
v -0.232584 4.440306 -0.857011
v -0.230896 4.436511 -0.858414
v -0.233015 4.432751 -0.857641
v -0.236821 4.432786 -0.855466
v -0.238509 4.436582 -0.854064
v -0.301829 4.437470 -0.957579
v -0.301829 4.437470 -0.957579
v -0.301829 4.437470 -0.957579
v -0.301829 4.437470 -0.957579
v -0.301829 4.437470 -0.957579
v -0.301829 4.437470 -0.957579
v -0.138151 4.504209 -0.712774
v -0.127050 4.504209 -0.714667
v -0.122827 4.498486 -0.723398
v -0.129705 4.492764 -0.730236
v -0.140806 4.492764 -0.728343
v -0.145029 4.498486 -0.719612
v -0.149982 4.609622 -0.791813
v -0.142080 4.609540 -0.793106
v -0.139129 4.605975 -0.799640
v -0.144080 4.602494 -0.804883
v -0.151982 4.602577 -0.803591
v -0.154933 4.606141 -0.797056
v -0.155038 4.728467 -0.850657
v -0.150335 4.728121 -0.851254
v -0.148580 4.725945 -0.855099
v -0.151529 4.724115 -0.858347
v -0.156233 4.724460 -0.857750
v -0.157987 4.726636 -0.853905
v -0.146654 4.836411 -0.928515
v -0.146654 4.836411 -0.928515
v -0.146654 4.836411 -0.928515
v -0.146654 4.836411 -0.928515
v -0.146654 4.836411 -0.928515
v -0.146654 4.836411 -0.928515
v -0.371587 4.195036 -0.292719
v -0.367094 4.195036 -0.297338
v -0.366006 4.189695 -0.300775
v -0.369412 4.184354 -0.299593
v -0.373905 4.184354 -0.294974
v -0.374992 4.189695 -0.291537
v -0.402137 4.206673 -0.323573
v -0.398511 4.206523 -0.326708
v -0.397850 4.202627 -0.329425
v -0.400814 4.198880 -0.329006
v -0.404440 4.199030 -0.325871
v -0.405101 4.202926 -0.323154
v -0.423838 4.227089 -0.357229
v -0.421574 4.227067 -0.359416
v -0.421235 4.224572 -0.361305
v -0.423160 4.222098 -0.361007
v -0.425423 4.222120 -0.358819
v -0.425762 4.224616 -0.356930
v -0.457602 4.239401 -0.384738
v -0.457602 4.239401 -0.384738
v -0.457602 4.239401 -0.384738
v -0.457602 4.239401 -0.384738
v -0.457602 4.239401 -0.384738
v -0.457602 4.239401 -0.384738
v -0.402563 4.279050 -0.303404
v -0.409247 4.279050 -0.306660
v -0.413847 4.273289 -0.305704
v -0.411764 4.267528 -0.301492
v -0.405080 4.267528 -0.298237
v -0.400480 4.273289 -0.299193
v -0.424497 4.301114 -0.260613
v -0.428624 4.300301 -0.264089
v -0.432029 4.296103 -0.263346
v -0.431308 4.292717 -0.259129
v -0.427181 4.293530 -0.255653
v -0.423776 4.297729 -0.256395
v -0.464268 4.333988 -0.246227
v -0.466399 4.333086 -0.248824
v -0.468129 4.330072 -0.248687
v -0.467728 4.327960 -0.245953
v -0.465598 4.328861 -0.243356
v -0.463867 4.331875 -0.243493
v -0.505105 4.343373 -0.212652
v -0.505105 4.343373 -0.212652
v -0.505105 4.343373 -0.212652
v -0.505105 4.343373 -0.212652
v -0.505105 4.343373 -0.212652
v -0.505105 4.343373 -0.212652
v -0.460453 4.356304 -0.310703
v -0.454097 4.356304 -0.305195
v -0.447347 4.351477 -0.306563
v -0.446952 4.346651 -0.313439
v -0.453308 4.346651 -0.318947
v -0.460058 4.351477 -0.317579
v -0.432429 4.400123 -0.341285
v -0.427854 4.400048 -0.337240
v -0.422782 4.396860 -0.338425
v -0.422285 4.393745 -0.343654
v -0.426860 4.393820 -0.347699
v -0.431932 4.397008 -0.346514
v -0.408296 4.450443 -0.364479
v -0.405429 4.450434 -0.361979
v -0.402211 4.448574 -0.362783
v -0.401859 4.446723 -0.366087
v -0.404726 4.446733 -0.368587
v -0.407944 4.448593 -0.367783
v -0.382283 4.497095 -0.393769
v -0.382283 4.497095 -0.393769
v -0.382283 4.497095 -0.393769
v -0.382283 4.497095 -0.393769
v -0.382283 4.497095 -0.393769
v -0.382283 4.497095 -0.393769
v -0.479991 4.445844 -0.320183
v -0.476876 4.445844 -0.329025
v -0.477270 4.437994 -0.334133
v -0.480779 4.430144 -0.330399
v -0.483893 4.430144 -0.321558
v -0.483499 4.437994 -0.316450
v -0.542330 4.461027 -0.343532
v -0.539856 4.460953 -0.349811
v -0.540362 4.455372 -0.353572
v -0.543341 4.449864 -0.351054
v -0.545814 4.449937 -0.344775
v -0.545309 4.455519 -0.341014
v -0.600518 4.484617 -0.370939
v -0.599449 4.484704 -0.374921
v -0.599684 4.481271 -0.377195
v -0.600987 4.477751 -0.375487
v -0.602056 4.477664 -0.371504
v -0.601821 4.481097 -0.369230
v -0.668681 4.485978 -0.380388
v -0.668681 4.485978 -0.380388
v -0.668681 4.485978 -0.380388
v -0.668681 4.485978 -0.380388
v -0.668681 4.485978 -0.380388
v -0.668681 4.485978 -0.380388
v -0.499073 4.528182 -0.326721
v -0.495283 4.528182 -0.336664
v -0.501622 4.525484 -0.344774
v -0.511750 4.522787 -0.342941
v -0.515540 4.522787 -0.332998
v -0.509202 4.525484 -0.324888
v -0.521655 4.599949 -0.336953
v -0.518896 4.599727 -0.344025
v -0.523509 4.598171 -0.349853
v -0.530881 4.596836 -0.348609
v -0.533639 4.597058 -0.341537
v -0.529026 4.598614 -0.335709
v -0.532186 4.674502 -0.347517
v -0.530676 4.674948 -0.351783
v -0.533468 4.674139 -0.355279
v -0.537771 4.672884 -0.354510
v -0.539280 4.672438 -0.350244
v -0.536488 4.673247 -0.346748
v -0.568085 4.741859 -0.342582
v -0.568085 4.741859 -0.342582
v -0.568085 4.741859 -0.342582
v -0.568085 4.741859 -0.342582
v -0.568085 4.741859 -0.342582
v -0.568085 4.741859 -0.342582
v -0.106037 4.253726 0.482910
v -0.107929 4.253726 0.490280
v -0.106228 4.247730 0.494644
v -0.102636 4.241734 0.491639
v -0.100744 4.241734 0.484269
v -0.102444 4.247730 0.479904
v -0.056653 4.275139 0.496643
v -0.058324 4.275001 0.501957
v -0.057154 4.270573 0.505131
v -0.054314 4.266282 0.502991
v -0.052644 4.266420 0.497677
v -0.053813 4.270848 0.494502
v -0.009607 4.298099 0.516489
v -0.010451 4.298091 0.519923
v -0.010158 4.295115 0.521810
v -0.009021 4.292145 0.520262
v -0.008177 4.292152 0.516828
v -0.008470 4.295129 0.514941
v 0.045727 4.296487 0.524745
v 0.045727 4.296487 0.524745
v 0.045727 4.296487 0.524745
v 0.045727 4.296487 0.524745
v 0.045727 4.296487 0.524745
v 0.045727 4.296487 0.524745
v -0.080963 4.315896 0.461950
v -0.072648 4.315896 0.462018
v -0.068481 4.308792 0.460876
v -0.072629 4.301688 0.459666
v -0.080943 4.301688 0.459598
v -0.085110 4.308792 0.460740
v -0.079334 4.323891 0.401563
v -0.073295 4.323855 0.401790
v -0.070260 4.318746 0.400691
v -0.073264 4.313673 0.399367
v -0.079303 4.313708 0.399140
v -0.082338 4.318818 0.400238
v -0.074077 4.340135 0.343196
v -0.070308 4.340186 0.343058
v -0.068414 4.337072 0.342088
v -0.070289 4.333907 0.341257
v -0.074058 4.333856 0.341395
v -0.075951 4.336970 0.342365
v -0.081045 4.352271 0.283658
v -0.081045 4.352271 0.283658
v -0.081045 4.352271 0.283658
v -0.081045 4.352271 0.283658
v -0.081045 4.352271 0.283658
v -0.081045 4.352271 0.283658
v -0.040885 4.363834 0.430374
v -0.049473 4.363834 0.427637
v -0.056017 4.361380 0.433329
v -0.053973 4.358925 0.441757
v -0.045385 4.358925 0.444495
v -0.038841 4.361380 0.438803
v -0.049075 4.426494 0.451954
v -0.055265 4.426375 0.449943
v -0.060008 4.424774 0.454103
v -0.058562 4.423291 0.460274
v -0.052372 4.423409 0.462285
v -0.047629 4.425011 0.458125
v -0.058052 4.491079 0.467622
v -0.061887 4.491375 0.466510
v -0.064793 4.490222 0.469013
v -0.063863 4.488772 0.472628
v -0.060028 4.488475 0.473740
v -0.057122 4.489628 0.471238
v -0.058927 4.546286 0.506124
v -0.058927 4.546286 0.506124
v -0.058927 4.546286 0.506124
v -0.058927 4.546286 0.506124
v -0.058927 4.546286 0.506124
v -0.058927 4.546286 0.506124
v -0.000491 4.422674 0.417888
v -0.002581 4.422674 0.427368
v -0.004221 4.414289 0.431976
v -0.003773 4.405905 0.427105
v -0.001683 4.405905 0.417625
v -0.000042 4.414289 0.413017
v 0.069809 4.415037 0.434784
v 0.068115 4.415050 0.441546
v 0.066933 4.409029 0.444855
v 0.067444 4.402995 0.441401
v 0.069137 4.402982 0.434639
v 0.070320 4.409003 0.431330
v 0.139022 4.409705 0.455691
v 0.138591 4.409670 0.459904
v 0.138074 4.405998 0.461950
v 0.137987 4.402360 0.459782
v 0.138418 4.402395 0.455568
v 0.138936 4.406067 0.453523
v 0.210407 4.397064 0.452500
v 0.210407 4.397064 0.452500
v 0.210407 4.397064 0.452500
v 0.210407 4.397064 0.452500
v 0.210407 4.397064 0.452500
v 0.210407 4.397064 0.452500
v 0.041762 4.460811 0.425620
v 0.049891 4.460811 0.432100
v 0.057545 4.453893 0.430835
v 0.057072 4.446975 0.423091
v 0.048943 4.446975 0.416612
v 0.041289 4.453893 0.417876
v 0.081651 4.509188 0.377981
v 0.087115 4.508756 0.382998
v 0.092432 4.503617 0.382266
v 0.092285 4.498912 0.376518
v 0.086821 4.499345 0.371501
v 0.081504 4.504483 0.372233
v 0.131808 4.557514 0.340255
v 0.135093 4.557255 0.343268
v 0.137912 4.553793 0.343206
v 0.137447 4.550591 0.340130
v 0.134162 4.550849 0.337117
v 0.131343 4.554311 0.337179
v 0.180010 4.581530 0.282483
v 0.180010 4.581530 0.282483
v 0.180010 4.581530 0.282483
v 0.180010 4.581530 0.282483
v 0.180010 4.581530 0.282483
v 0.180010 4.581530 0.282483
v 0.091211 4.517495 0.449969
v 0.086113 4.517495 0.440134
v 0.078342 4.509916 0.437924
v 0.075669 4.502337 0.445548
v 0.080767 4.502337 0.455383
v 0.088538 4.509916 0.457593
v 0.029993 4.566869 0.479908
v 0.026632 4.566631 0.472779
v 0.021074 4.561260 0.471218
v 0.018878 4.556127 0.476787
v 0.022239 4.556365 0.483915
v 0.027797 4.561737 0.485476
v -0.032151 4.620800 0.501134
v -0.034071 4.620598 0.496857
v -0.036767 4.616948 0.495665
v -0.037544 4.613499 0.498751
v -0.035624 4.613700 0.503028
v -0.032928 4.617351 0.504219
v -0.107942 4.641111 0.534015
v -0.107942 4.641111 0.534015
v -0.107942 4.641111 0.534015
v -0.107942 4.641111 0.534015
v -0.107942 4.641111 0.534015
v -0.107942 4.641111 0.534015
v 0.096767 4.574386 0.479286
v 0.087071 4.574386 0.485933
v 0.083142 4.564335 0.490597
v 0.088909 4.554285 0.488613
v 0.098605 4.554285 0.481966
v 0.102534 4.564335 0.477302
v 0.145690 4.585773 0.553660
v 0.138588 4.585693 0.558026
v 0.135903 4.578601 0.561489
v 0.140319 4.571588 0.560586
v 0.147421 4.571667 0.556220
v 0.150107 4.578759 0.552757
v 0.185709 4.606788 0.631091
v 0.181519 4.606741 0.633667
v 0.180036 4.602604 0.635876
v 0.182743 4.598515 0.635510
v 0.186933 4.598561 0.632934
v 0.188416 4.602698 0.630725
v 0.233413 4.625276 0.705033
v 0.233413 4.625276 0.705033
v 0.233413 4.625276 0.705033
v 0.233413 4.625276 0.705033
v 0.233413 4.625276 0.705033
v 0.233413 4.625276 0.705033
v 0.093951 4.625567 0.524611
v 0.103856 4.625567 0.532121
v 0.115099 4.622837 0.527578
v 0.116437 4.620107 0.515526
v 0.106532 4.620107 0.508017
v 0.095289 4.622837 0.512560
v 0.111885 4.717174 0.503969
v 0.118857 4.716989 0.509313
v 0.126818 4.715138 0.506087
v 0.127806 4.713471 0.497517
v 0.120833 4.713656 0.492173
v 0.112873 4.715507 0.495399
v 0.130499 4.809690 0.489297
v 0.134669 4.810340 0.492237
v 0.139344 4.809397 0.490314
v 0.139851 4.807802 0.485451
v 0.135681 4.807151 0.482511
v 0.131006 4.808095 0.484434
v 0.132332 4.893679 0.443557
v 0.132332 4.893679 0.443557
v 0.132332 4.893679 0.443557
v 0.132332 4.893679 0.443557
v 0.132332 4.893679 0.443557
v 0.132332 4.893679 0.443557
v 0.119017 4.685278 0.543863
v 0.106463 4.685278 0.547880
v 0.103104 4.679065 0.559009
v 0.112299 4.672852 0.566121
v 0.124853 4.672852 0.562104
v 0.128212 4.679065 0.550975
v 0.134806 4.768257 0.599573
v 0.125885 4.767739 0.602100
v 0.123549 4.763570 0.610064
v 0.130135 4.759919 0.615500
v 0.139056 4.760437 0.612972
v 0.141392 4.764606 0.605009
v 0.134425 4.858073 0.647978
v 0.129254 4.857851 0.649498
v 0.127816 4.854839 0.653734
v 0.131547 4.852048 0.656451
v 0.136717 4.852270 0.654931
v 0.138156 4.855282 0.650694
v 0.160872 4.917993 0.726607
v 0.160872 4.917993 0.726607
v 0.160872 4.917993 0.726607
v 0.160872 4.917993 0.726607
v 0.160872 4.917993 0.726607
v 0.160872 4.917993 0.726607
v -0.112958 4.433775 0.338080
v -0.107746 4.433775 0.332889
v -0.105725 4.427460 0.329707
v -0.108915 4.421144 0.331715
v -0.114127 4.421144 0.336906
v -0.116148 4.427460 0.340088
v -0.198574 4.448093 0.250755
v -0.194443 4.448009 0.247274
v -0.193139 4.443420 0.244737
v -0.195968 4.438914 0.245682
v -0.200099 4.438997 0.249163
v -0.201403 4.443587 0.251700
v -0.264069 4.487785 0.154399
v -0.261343 4.487691 0.152283
v -0.260643 4.484821 0.150497
v -0.262669 4.482046 0.150827
v -0.265394 4.482140 0.152943
v -0.266095 4.485010 0.154729
v -0.338309 4.524411 0.062900
v -0.338309 4.524411 0.062900
v -0.338309 4.524411 0.062900
v -0.338309 4.524411 0.062900
v -0.338309 4.524411 0.062900
v -0.338309 4.524411 0.062900
v -0.104541 4.497653 0.187700
v -0.101828 4.497653 0.195266
v -0.094957 4.493895 0.197071
v -0.090797 4.490138 0.191311
v -0.093510 4.490138 0.183745
v -0.100381 4.493895 0.181939
v -0.033592 4.611066 0.163420
v -0.031643 4.611016 0.168945
v -0.026526 4.608468 0.170223
v -0.023357 4.605968 0.165977
v -0.025305 4.606018 0.160452
v -0.030423 4.608567 0.159174
v 0.027493 4.731573 0.145545
v 0.028841 4.731751 0.148964
v 0.031964 4.729999 0.149804
v 0.033740 4.728067 0.147225
v 0.032392 4.727888 0.143806
v 0.029268 4.729641 0.142966
v 0.112306 4.827307 0.097758
v 0.112306 4.827307 0.097758
v 0.112306 4.827307 0.097758
v 0.112306 4.827307 0.097758
v 0.112306 4.827307 0.097758
v 0.112306 4.827307 0.097758
v -0.086422 4.548021 0.046836
v -0.077817 4.548021 0.048204
v -0.074311 4.542439 0.053903
v -0.079411 4.536857 0.058233
v -0.088017 4.536857 0.056865
v -0.091522 4.542439 0.051167
v -0.068185 4.446379 -0.060265
v -0.062018 4.446650 -0.058960
v -0.059451 4.442484 -0.054977
v -0.063050 4.438049 -0.052299
v -0.069217 4.437778 -0.053603
v -0.071784 4.441944 -0.057586
v -0.028531 4.362696 -0.176652
v -0.024670 4.362683 -0.176072
v -0.023056 4.360005 -0.173733
v -0.025304 4.357340 -0.171975
v -0.029165 4.357353 -0.172555
v -0.030778 4.360031 -0.174894
v -0.031650 4.261861 -0.286242
v -0.031650 4.261861 -0.286242
v -0.031650 4.261861 -0.286242
v -0.031650 4.261861 -0.286242
v -0.031650 4.261861 -0.286242
v -0.031650 4.261861 -0.286242
v -0.112212 4.573775 -0.092255
v -0.109623 4.573775 -0.101275
v -0.112627 4.566989 -0.107018
v -0.118219 4.560204 -0.103742
v -0.120808 4.560204 -0.094723
v -0.117804 4.566989 -0.088979
v -0.242568 4.660649 -0.131028
v -0.240432 4.660441 -0.137434
v -0.242880 4.655774 -0.141661
v -0.247464 4.651315 -0.139482
v -0.249599 4.651523 -0.133076
v -0.247151 4.656190 -0.128849
v -0.350581 4.771431 -0.180998
v -0.348773 4.770943 -0.184677
v -0.349507 4.767545 -0.186903
v -0.352048 4.764635 -0.185450
v -0.353856 4.765123 -0.181771
v -0.353122 4.768521 -0.179545
v -0.483893 4.796685 -0.271302
v -0.483893 4.796685 -0.271302
v -0.483893 4.796685 -0.271302
v -0.483893 4.796685 -0.271302
v -0.483893 4.796685 -0.271302
v -0.483893 4.796685 -0.271302
v -0.195927 4.567897 -0.221000
v -0.186602 4.567897 -0.217258
v -0.181931 4.559195 -0.215408
v -0.186585 4.550492 -0.217300
v -0.195911 4.550492 -0.221042
v -0.200582 4.559195 -0.222893
v -0.129742 4.565867 -0.382109
v -0.123176 4.565855 -0.379157
v -0.119694 4.559635 -0.378149
v -0.122778 4.553428 -0.380095
v -0.129344 4.553440 -0.383047
v -0.132826 4.559660 -0.384054
v -0.050891 4.591386 -0.536333
v -0.047242 4.591356 -0.533967
v -0.045470 4.587575 -0.532751
v -0.047346 4.583824 -0.533901
v -0.050996 4.583854 -0.536267
v -0.052768 4.587635 -0.537483
v 0.059494 4.554561 -0.667648
v 0.059494 4.554561 -0.667648
v 0.059494 4.554561 -0.667648
v 0.059494 4.554561 -0.667648
v 0.059494 4.554561 -0.667648
v 0.059494 4.554561 -0.667648
v -0.284361 4.566795 -0.347794
v -0.282670 4.566795 -0.358368
v -0.276510 4.559243 -0.362804
v -0.272041 4.551691 -0.356667
v -0.273733 4.551691 -0.346094
v -0.279893 4.559243 -0.341657
v -0.432841 4.456178 -0.373095
v -0.431346 4.456367 -0.380583
v -0.427314 4.450742 -0.383816
v -0.424777 4.444928 -0.379561
v -0.426272 4.444739 -0.372072
v -0.430304 4.450364 -0.368839
v -0.595071 4.375984 -0.417890
v -0.595271 4.375481 -0.422427
v -0.593487 4.371762 -0.424394
v -0.591504 4.368546 -0.421824
v -0.591304 4.369049 -0.417287
v -0.593088 4.372768 -0.415320
v -0.740232 4.284199 -0.344169
v -0.740232 4.284199 -0.344169
v -0.740232 4.284199 -0.344169
v -0.740232 4.284199 -0.344169
v -0.740232 4.284199 -0.344169
v -0.740232 4.284199 -0.344169
v -0.360850 4.570530 -0.459715
v -0.351225 4.570530 -0.465757
v -0.350782 4.565113 -0.475736
v -0.359962 4.559695 -0.479673
v -0.369586 4.559695 -0.473631
v -0.370030 4.565113 -0.463652
v -0.419252 4.735862 -0.555822
v -0.412261 4.735339 -0.559831
v -0.411980 4.731608 -0.566988
v -0.418690 4.728402 -0.570136
v -0.425681 4.728925 -0.566127
v -0.425962 4.732656 -0.558970
v -0.439546 4.912040 -0.648228
v -0.435447 4.911911 -0.650699
v -0.435295 4.909757 -0.654972
v -0.439242 4.907731 -0.656774
v -0.443340 4.907860 -0.654302
v -0.443492 4.910014 -0.650029
v -0.514242 5.074130 -0.738809
v -0.514242 5.074130 -0.738809
v -0.514242 5.074130 -0.738809
v -0.514242 5.074130 -0.738809
v -0.514242 5.074130 -0.738809
v -0.514242 5.074130 -0.738809
v -0.457855 4.578878 -0.601772
v -0.446004 4.578878 -0.599795
v -0.441187 4.570950 -0.592160
v -0.448221 4.563021 -0.586501
v -0.460072 4.563021 -0.588478
v -0.464889 4.570950 -0.596113
v -0.429846 4.439001 -0.759147
v -0.421551 4.439361 -0.757284
v -0.418061 4.433459 -0.752243
v -0.422867 4.427197 -0.749065
v -0.431163 4.426836 -0.750927
v -0.434653 4.432738 -0.755968
v -0.368919 4.336771 -0.934988
v -0.364083 4.337082 -0.933734
v -0.361950 4.333426 -0.931063
v -0.364652 4.329459 -0.929646
v -0.369487 4.329148 -0.930900
v -0.371621 4.332804 -0.933571
v -0.320148 4.232250 -1.113855
v -0.320148 4.232250 -1.113855
v -0.320148 4.232250 -1.113855
v -0.320148 4.232250 -1.113855
v -0.320148 4.232250 -1.113855
v -0.320148 4.232250 -1.113855
v -0.549435 4.587825 -0.707517
v -0.539286 4.587825 -0.715291
v -0.534469 4.576761 -0.719514
v -0.539801 4.565698 -0.715964
v -0.549951 4.565698 -0.708190
v -0.554768 4.576761 -0.703966
v -0.685255 4.593220 -0.887951
v -0.677661 4.593185 -0.892824
v -0.674122 4.585365 -0.895606
v -0.678176 4.577581 -0.893515
v -0.685771 4.577616 -0.888642
v -0.689310 4.585436 -0.885860
v -0.789426 4.606063 -1.088645
v -0.784811 4.606044 -1.091172
v -0.782378 4.601488 -1.092172
v -0.784560 4.596950 -1.090645
v -0.789174 4.596968 -1.088118
v -0.791608 4.601525 -1.087118
v -0.896097 4.556817 -1.282019
v -0.896097 4.556817 -1.282019
v -0.896097 4.556817 -1.282019
v -0.896097 4.556817 -1.282019
v -0.896097 4.556817 -1.282019
v -0.896097 4.556817 -1.282019
v -0.204235 4.690515 0.305801
v -0.199662 4.690515 0.311356
v -0.193624 4.686612 0.311046
v -0.192160 4.682710 0.305180
v -0.196733 4.682710 0.299625
v -0.202771 4.686612 0.299935
v -0.121847 4.819778 0.239210
v -0.118764 4.819324 0.243493
v -0.114316 4.816456 0.243263
v -0.112951 4.814043 0.238749
v -0.116034 4.814498 0.234465
v -0.120482 4.817366 0.234696
v -0.032022 4.958132 0.212604
v -0.029901 4.958073 0.215259
v -0.027026 4.956267 0.215098
v -0.026271 4.954523 0.212280
v -0.028392 4.954582 0.209625
v -0.031267 4.956388 0.209787
v 0.039349 5.077291 0.119674
v 0.039349 5.077291 0.119674
v 0.039349 5.077291 0.119674
v 0.039349 5.077291 0.119674
v 0.039349 5.077291 0.119674
v 0.039349 5.077291 0.119674
v -0.307079 4.875122 0.192235
v -0.302500 4.875122 0.185753
v -0.300473 4.868256 0.182326
v -0.303025 4.861390 0.185381
v -0.307605 4.861390 0.191864
v -0.309631 4.868256 0.195291
v -0.458635 4.881998 0.083867
v -0.455143 4.881989 0.079247
v -0.453598 4.876975 0.076794
v -0.455546 4.871970 0.078961
v -0.459038 4.871979 0.083581
v -0.460583 4.876993 0.086034
v -0.603099 4.889738 -0.034231
v -0.601176 4.889720 -0.037328
v -0.599902 4.886577 -0.038665
v -0.600552 4.883451 -0.036905
v -0.602475 4.883468 -0.033809
v -0.603749 4.886611 -0.032471
v -0.764534 4.833531 -0.109295
v -0.764534 4.833531 -0.109295
v -0.764534 4.833531 -0.109295
v -0.764534 4.833531 -0.109295
v -0.764534 4.833531 -0.109295
v -0.764534 4.833531 -0.109295
v -0.425538 5.013881 0.085056
v -0.432937 5.013881 0.080538
v -0.440201 5.010783 0.084117
v -0.440065 5.007684 0.092213
v -0.432665 5.007684 0.096731
v -0.425402 5.010783 0.093153
v -0.471685 5.200037 0.158370
v -0.476928 5.199556 0.154946
v -0.482249 5.197556 0.157615
v -0.482327 5.196035 0.163708
v -0.477085 5.196516 0.167132
v -0.471764 5.198517 0.164463
v -0.526715 5.396980 0.181793
v -0.529990 5.396782 0.179703
v -0.533199 5.395226 0.181258
v -0.533132 5.393869 0.184903
v -0.529858 5.394068 0.186993
v -0.526649 5.395623 0.185438
v -0.585467 5.557579 0.296844
v -0.585467 5.557579 0.296844
v -0.585467 5.557579 0.296844
v -0.585467 5.557579 0.296844
v -0.585467 5.557579 0.296844
v -0.585467 5.557579 0.296844
v -0.606540 5.150773 0.005549
v -0.597667 5.150773 0.002458
v -0.593514 5.142681 0.000097
v -0.598235 5.134590 0.000827
v -0.607108 5.134590 0.003918
v -0.611261 5.142681 0.006279
v -0.678759 5.172296 -0.205747
v -0.672304 5.172262 -0.207769
v -0.669464 5.166512 -0.209921
v -0.673079 5.160797 -0.210051
v -0.679534 5.160830 -0.208029
v -0.682374 5.166580 -0.205877
v -0.734481 5.238167 -0.413256
v -0.730558 5.238159 -0.414554
v -0.728791 5.234627 -0.415771
v -0.730948 5.231103 -0.415689
v -0.734871 5.231111 -0.414391
v -0.736637 5.234643 -0.413174
v -0.813501 5.241107 -0.624153
v -0.813501 5.241107 -0.624153
v -0.813501 5.241107 -0.624153
v -0.813501 5.241107 -0.624153
v -0.813501 5.241107 -0.624153
v -0.813501 5.241107 -0.624153
v -0.038745 4.784675 0.230987
v -0.039858 4.784675 0.237861
v -0.037208 4.779594 0.241817
v -0.033445 4.774513 0.238900
v -0.032331 4.774513 0.232026
v -0.034981 4.779594 0.228070
v 0.085136 4.863138 0.251980
v 0.083927 4.862875 0.256971
v 0.085832 4.859087 0.259881
v 0.088945 4.855562 0.257800
v 0.090153 4.855826 0.252809
v 0.088249 4.859613 0.249898
v 0.196202 4.949671 0.298443
v 0.195697 4.949673 0.301725
v 0.196780 4.947135 0.303573
v 0.198369 4.944596 0.302139
v 0.198874 4.944594 0.298856
v 0.197790 4.947132 0.297008
v 0.337466 4.994276 0.293367
v 0.337466 4.994276 0.293367
v 0.337466 4.994276 0.293367
v 0.337466 4.994276 0.293367
v 0.337466 4.994276 0.293367
v 0.337466 4.994276 0.293367
v 0.085353 4.901615 0.103161
v 0.092181 4.901615 0.106677
v 0.095168 4.895030 0.109264
v 0.091328 4.888444 0.108334
v 0.084500 4.888444 0.104818
v 0.081512 4.895030 0.102231
v 0.160957 4.876734 -0.041414
v 0.165744 4.876781 -0.038471
v 0.167963 4.871955 -0.036636
v 0.165394 4.867081 -0.037743
v 0.160606 4.867033 -0.040686
v 0.158387 4.871860 -0.042522
v 0.258598 4.870950 -0.174231
v 0.261742 4.870963 -0.172561
v 0.263213 4.867895 -0.171513
v 0.261540 4.864814 -0.172135
v 0.258396 4.864802 -0.173805
v 0.256925 4.867870 -0.174854
v 0.316022 4.846964 -0.327087
v 0.316022 4.846964 -0.327087
v 0.316022 4.846964 -0.327087
v 0.316022 4.846964 -0.327087
v 0.316022 4.846964 -0.327087
v 0.316022 4.846964 -0.327087
v 0.222857 4.980013 0.011173
v 0.231216 4.980013 0.011890
v 0.236006 4.978618 0.005145
v 0.232436 4.977222 -0.002318
v 0.224077 4.977222 -0.003036
v 0.219288 4.978618 0.003709
v 0.227162 5.158362 -0.025534
v 0.233217 5.158018 -0.024952
v 0.236696 5.157003 -0.029851
v 0.234119 5.156332 -0.035331
v 0.228063 5.156676 -0.035913
v 0.224585 5.157691 -0.031014
v 0.251284 5.337980 -0.048553
v 0.254968 5.337194 -0.048082
v 0.257052 5.336027 -0.051033
v 0.255452 5.335646 -0.054455
v 0.251768 5.336432 -0.054926
v 0.249684 5.337599 -0.051975
v 0.313458 5.499454 -0.107230
v 0.313458 5.499454 -0.107230
v 0.313458 5.499454 -0.107230
v 0.313458 5.499454 -0.107230
v 0.313458 5.499454 -0.107230
v 0.313458 5.499454 -0.107230
v 0.401377 5.044796 -0.097407
v 0.399074 5.044796 -0.088610
v 0.395327 5.037393 -0.084892
v 0.393883 5.029990 -0.089970
v 0.396187 5.029990 -0.098766
v 0.399934 5.037393 -0.102484
v 0.581474 4.974878 -0.048931
v 0.579568 4.974967 -0.042653
v 0.576854 4.969627 -0.039972
v 0.576046 4.964200 -0.043570
v 0.577951 4.964111 -0.049849
v 0.580665 4.969450 -0.052529
v 0.759607 4.913317 0.015815
v 0.758725 4.913258 0.019748
v 0.756961 4.910016 0.021369
v 0.756078 4.906834 0.019057
v 0.756960 4.906894 0.015124
v 0.758724 4.910135 0.013503
v 0.932585 4.815464 0.030716
v 0.932585 4.815464 0.030716
v 0.932585 4.815464 0.030716
v 0.932585 4.815464 0.030716
v 0.932585 4.815464 0.030716
v 0.932585 4.815464 0.030716
v 0.576388 5.096362 -0.170422
v 0.585786 5.096362 -0.167679
v 0.590726 5.087927 -0.167137
v 0.586270 5.079493 -0.169337
v 0.576872 5.079493 -0.172080
v 0.571931 5.087927 -0.172623
v 0.638389 5.116088 -0.377504
v 0.644404 5.115897 -0.373877
v 0.647603 5.109753 -0.372701
v 0.644788 5.103800 -0.375151
v 0.638773 5.103991 -0.378778
v 0.635573 5.110135 -0.379954
v 0.795490 5.135932 -0.526555
v 0.798837 5.135810 -0.523918
v 0.800240 5.132071 -0.522426
v 0.798295 5.128454 -0.523570
v 0.794948 5.128576 -0.526208
v 0.793545 5.132315 -0.527700
v 0.900215 5.075286 -0.706234
v 0.900215 5.075286 -0.706234
v 0.900215 5.075286 -0.706234
v 0.900215 5.075286 -0.706234
v 0.900215 5.075286 -0.706234
v 0.900215 5.075286 -0.706234
v 0.755675 5.156795 -0.221575
v 0.747898 5.156795 -0.214548
v 0.748702 5.151016 -0.205841
v 0.757284 5.145238 -0.204161
v 0.765061 5.145238 -0.211187
v 0.764256 5.151016 -0.219895
v 0.855282 5.334692 -0.109105
v 0.849721 5.334681 -0.104091
v 0.850456 5.330861 -0.097693
v 0.856751 5.327052 -0.096309
v 0.862312 5.327062 -0.101323
v 0.861578 5.330882 -0.107721
v 0.938906 5.529459 -0.013104
v 0.935518 5.529331 -0.010154
v 0.936096 5.527370 -0.006152
v 0.940062 5.525538 -0.005099
v 0.943450 5.525667 -0.008049
v 0.942872 5.527627 -0.012051
v 0.996243 5.737077 0.076023
v 0.996243 5.737077 0.076023
v 0.996243 5.737077 0.076023
v 0.996243 5.737077 0.076023
v 0.996243 5.737077 0.076023
v 0.996243 5.737077 0.076023
v -0.140485 4.904625 0.238302
v -0.135588 4.904625 0.242939
v -0.131126 4.899571 0.243131
v -0.131562 4.894518 0.238687
v -0.136459 4.894518 0.234050
v -0.140921 4.899571 0.233858
v -0.091763 4.943396 0.188114
v -0.088216 4.943327 0.191631
v -0.084870 4.939618 0.191732
v -0.085071 4.935978 0.188316
v -0.088618 4.936048 0.184798
v -0.091964 4.939756 0.184697
v -0.041699 4.986437 0.142770
v -0.039238 4.986523 0.144889
v -0.037108 4.984074 0.145003
v -0.037437 4.981540 0.142998
v -0.039897 4.981455 0.140879
v -0.042028 4.983903 0.140765
v 0.001608 5.013036 0.080719
v 0.001608 5.013036 0.080719
v 0.001608 5.013036 0.080719
v 0.001608 5.013036 0.080719
v 0.001608 5.013036 0.080719
v 0.001608 5.013036 0.080719
v -0.153983 4.988163 0.161909
v -0.148602 4.988163 0.156773
v -0.146770 4.981842 0.153306
v -0.150319 4.975522 0.154974
v -0.155700 4.975522 0.160110
v -0.157532 4.981842 0.163577
v -0.213854 5.003675 0.097744
v -0.209852 5.003659 0.094032
v -0.208596 4.999048 0.091393
v -0.211342 4.994453 0.092468
v -0.215344 4.994470 0.096180
v -0.216600 4.999081 0.098819
v -0.271106 5.025539 0.032606
v -0.268927 5.025605 0.029894
v -0.267956 5.022631 0.028371
v -0.269164 5.019592 0.029559
v -0.271343 5.019527 0.032271
v -0.272314 5.022501 0.033795
v -0.346983 5.010358 -0.012589
v -0.346983 5.010358 -0.012589
v -0.346983 5.010358 -0.012589
v -0.346983 5.010358 -0.012589
v -0.346983 5.010358 -0.012589
v -0.346983 5.010358 -0.012589
v -0.182755 5.050543 0.088964
v -0.175096 5.050543 0.091678
v -0.168948 5.049398 0.086490
v -0.170458 5.048254 0.078589
v -0.178117 5.048254 0.075875
v -0.184266 5.049398 0.081063
v -0.175750 5.147127 0.072496
v -0.170177 5.147043 0.074483
v -0.165688 5.146439 0.070676
v -0.166772 5.145919 0.064882
v -0.172344 5.146003 0.062896
v -0.176834 5.146607 0.066703
v -0.169532 5.244619 0.066871
v -0.166134 5.245631 0.067957
v -0.163366 5.245773 0.065493
v -0.163997 5.244904 0.061943
v -0.167396 5.243892 0.060858
v -0.170164 5.243750 0.063322
v -0.212898 5.325554 0.032256
v -0.212898 5.325554 0.032256
v -0.212898 5.325554 0.032256
v -0.212898 5.325554 0.032256
v -0.212898 5.325554 0.032256
v -0.212898 5.325554 0.032256
v -0.249698 5.112163 0.019092
v -0.242495 5.112163 0.014025
v -0.237765 5.104793 0.013097
v -0.240238 5.097423 0.017234
v -0.247441 5.097423 0.022301
v -0.252171 5.104793 0.023229
v -0.308097 5.082497 -0.066032
v -0.302607 5.082608 -0.069263
v -0.299323 5.077221 -0.070149
v -0.301528 5.071724 -0.067804
v -0.307018 5.071612 -0.064573
v -0.310302 5.076999 -0.063687
v -0.353365 5.073177 -0.163229
v -0.350117 5.073193 -0.165451
v -0.348058 5.069877 -0.165950
v -0.349247 5.066544 -0.164228
v -0.352495 5.066528 -0.162006
v -0.354554 5.069844 -0.161506
v -0.420485 5.030800 -0.236357
v -0.420485 5.030800 -0.236357
v -0.420485 5.030800 -0.236357
v -0.420485 5.030800 -0.236357
v -0.420485 5.030800 -0.236357
v -0.420485 5.030800 -0.236357
v -0.324469 5.165909 -0.028888
v -0.331174 5.165909 -0.035592
v -0.337196 5.158617 -0.036275
v -0.336513 5.151325 -0.030253
v -0.329808 5.151325 -0.023548
v -0.323787 5.158617 -0.022866
v -0.399523 5.217587 0.044288
v -0.404038 5.217358 0.039180
v -0.408374 5.212115 0.038693
v -0.408197 5.207102 0.043314
v -0.403682 5.207331 0.048423
v -0.399346 5.212573 0.048909
v -0.482364 5.277397 0.102093
v -0.485048 5.277213 0.098919
v -0.487331 5.273787 0.098321
v -0.486931 5.270545 0.100897
v -0.484247 5.270728 0.104071
v -0.481963 5.274154 0.104669
v -0.568983 5.298910 0.178427
v -0.568983 5.298910 0.178427
v -0.568983 5.298910 0.178427
v -0.568983 5.298910 0.178427
v -0.568983 5.298910 0.178427
v -0.568983 5.298910 0.178427
v -0.408860 5.232022 -0.057813
v -0.398894 5.232022 -0.055881
v -0.392855 5.225204 -0.060364
v -0.396782 5.218387 -0.066778
v -0.406747 5.218387 -0.068710
v -0.412787 5.225204 -0.064228
v -0.388599 5.309401 -0.154759
v -0.381483 5.309320 -0.153287
v -0.377099 5.304704 -0.156792
v -0.379831 5.300168 -0.161769
v -0.386947 5.300248 -0.163242
v -0.391331 5.304864 -0.159737
v -0.366588 5.400359 -0.238582
v -0.362243 5.400865 -0.238302
v -0.359580 5.398278 -0.240632
v -0.361262 5.395184 -0.243243
v -0.365607 5.394678 -0.243523
v -0.368270 5.397264 -0.241193
v -0.390925 5.465147 -0.343969
v -0.390925 5.465147 -0.343969
v -0.390925 5.465147 -0.343969
v -0.390925 5.465147 -0.343969
v -0.390925 5.465147 -0.343969
v -0.390925 5.465147 -0.343969
v -0.479726 5.314650 -0.067866
v -0.483250 5.314650 -0.078092
v -0.484659 5.305290 -0.083326
v -0.482544 5.295931 -0.078335
v -0.479021 5.295931 -0.068109
v -0.477612 5.305290 -0.062874
v -0.607740 5.306573 -0.025393
v -0.609771 5.306577 -0.032832
v -0.610945 5.299903 -0.036511
v -0.610086 5.293226 -0.032753
v -0.608054 5.293222 -0.025314
v -0.606881 5.299896 -0.021635
v -0.740231 5.315822 0.000071
v -0.741556 5.315826 -0.004340
v -0.742246 5.311840 -0.006540
v -0.741611 5.307849 -0.004330
v -0.740287 5.307846 0.000080
v -0.739596 5.311831 0.002281
v -0.866074 5.301783 0.048171
v -0.866074 5.301783 0.048171
v -0.866074 5.301783 0.048171
v -0.866074 5.301783 0.048171
v -0.866074 5.301783 0.048171
v -0.866074 5.301783 0.048171
v -0.545602 5.391069 -0.060000
v -0.546051 5.391069 -0.071694
v -0.553679 5.384155 -0.077256
v -0.560857 5.377240 -0.071124
v -0.560408 5.377240 -0.059431
v -0.552780 5.384155 -0.053869
v -0.647444 5.495765 -0.057957
v -0.646493 5.494536 -0.066111
v -0.650775 5.488538 -0.069932
v -0.656007 5.483768 -0.065598
v -0.656958 5.484997 -0.057443
v -0.652677 5.490995 -0.053623
v -0.760333 5.570050 -0.115334
v -0.759289 5.569033 -0.120013
v -0.760406 5.564639 -0.121873
v -0.762566 5.561262 -0.119054
v -0.763610 5.562279 -0.114375
v -0.762493 5.566673 -0.112515
v -0.902819 5.586148 -0.138742
v -0.902819 5.586148 -0.138742
v -0.902819 5.586148 -0.138742
v -0.902819 5.586148 -0.138742
v -0.902819 5.586148 -0.138742
v -0.902819 5.586148 -0.138742
v -0.065693 5.124640 0.210881
v -0.067866 5.124640 0.217048
v -0.067612 5.119158 0.220605
v -0.065183 5.113676 0.217994
v -0.063010 5.113676 0.211827
v -0.063264 5.119158 0.208270
v 0.065073 5.159187 0.257860
v 0.063141 5.159086 0.262318
v 0.063451 5.155051 0.265009
v 0.065692 5.151118 0.263241
v 0.067624 5.151220 0.258784
v 0.067314 5.155255 0.256093
v 0.181292 5.213502 0.321781
v 0.179999 5.213425 0.324685
v 0.180150 5.210766 0.326422
v 0.181593 5.208184 0.325255
v 0.182886 5.208261 0.322351
v 0.182735 5.210920 0.320614
v 0.312268 5.242445 0.372734
v 0.312268 5.242445 0.372734
v 0.312268 5.242445 0.372734
v 0.312268 5.242445 0.372734
v 0.312268 5.242445 0.372734
v 0.312268 5.242445 0.372734
v 0.018398 5.303660 0.160493
v 0.025592 5.303660 0.161007
v 0.029366 5.297929 0.158786
v 0.025946 5.292199 0.156051
v 0.018752 5.292198 0.155538
v 0.014978 5.297929 0.157759
v 0.029815 5.365614 0.013847
v 0.035086 5.365497 0.014469
v 0.037881 5.361363 0.012659
v 0.035406 5.357347 0.010226
v 0.030135 5.357464 0.009603
v 0.027340 5.361598 0.011414
v 0.056741 5.447866 -0.120715
v 0.060123 5.447797 -0.120329
v 0.061885 5.445035 -0.121254
v 0.060267 5.442343 -0.122565
v 0.056885 5.442412 -0.122951
v 0.055123 5.445174 -0.122027
v 0.068094 5.480927 -0.277067
v 0.068094 5.480927 -0.277067
v 0.068094 5.480927 -0.277067
v 0.068094 5.480927 -0.277067
v 0.068094 5.480927 -0.277067
v 0.068094 5.480927 -0.277067
v 0.125482 5.448868 0.103060
v 0.117606 5.448868 0.103243
v 0.113814 5.446265 0.109640
v 0.117898 5.443662 0.115854
v 0.125775 5.443662 0.115671
v 0.129567 5.446265 0.109274
v 0.126012 5.611298 0.172090
v 0.120277 5.610854 0.172041
v 0.117515 5.608766 0.176635
v 0.120488 5.607122 0.181277
v 0.126224 5.607566 0.181325
v 0.128986 5.609654 0.176732
v 0.097183 5.772426 0.238459
v 0.093558 5.772399 0.238551
v 0.091827 5.770840 0.241330
v 0.093720 5.769308 0.244016
v 0.097345 5.769334 0.243924
v 0.099077 5.770894 0.241146
v 0.125336 5.909194 0.346335
v 0.125336 5.909194 0.346335
v 0.125336 5.909194 0.346335
v 0.125336 5.909194 0.346335
v 0.125336 5.909194 0.346335
v 0.125336 5.909194 0.346335
v 0.253450 5.602941 0.100322
v 0.250773 5.602941 0.108431
v 0.248053 5.595691 0.112029
v 0.248011 5.588440 0.107519
v 0.250688 5.588440 0.099410
v 0.253408 5.595691 0.095812
v 0.432145 5.563043 0.160557
v 0.430178 5.563048 0.166429
v 0.428230 5.557785 0.169047
v 0.428249 5.552516 0.165792
v 0.430216 5.552511 0.159920
v 0.432164 5.557775 0.157303
v 0.610892 5.525939 0.222601
v 0.609661 5.525945 0.226244
v 0.608407 5.522685 0.227855
v 0.608385 5.519420 0.225823
v 0.609617 5.519414 0.222179
v 0.610870 5.522675 0.220568
v 0.787802 5.480048 0.284186
v 0.787802 5.480048 0.284186
v 0.787802 5.480048 0.284186
v 0.787802 5.480048 0.284186
v 0.787802 5.480048 0.284186
v 0.787802 5.480048 0.284186
v 0.380479 5.745764 0.126949
v 0.389457 5.745764 0.128925
v 0.395249 5.740602 0.123992
v 0.392063 5.735440 0.117084
v 0.383084 5.735440 0.115109
v 0.377292 5.740602 0.120041
v 0.411237 5.903446 -0.006745
v 0.417769 5.904467 -0.006270
v 0.421956 5.900933 -0.010001
v 0.419611 5.896378 -0.014208
v 0.413078 5.895357 -0.014683
v 0.408891 5.898891 -0.010951
v 0.360821 6.025532 -0.169191
v 0.364613 6.026843 -0.169841
v 0.367217 6.024557 -0.171964
v 0.366030 6.020959 -0.173437
v 0.362238 6.019649 -0.172787
v 0.359633 6.021935 -0.170664
v 0.292347 6.083184 -0.358769
v 0.292347 6.083184 -0.358769
v 0.292347 6.083184 -0.358769
v 0.292347 6.083184 -0.358769
v 0.292347 6.083184 -0.358769
v 0.292347 6.083184 -0.358769
v -0.079135 5.224691 0.073257
v -0.075005 5.224691 0.078203
v -0.072920 5.219110 0.080660
v -0.074965 5.213530 0.078170
v -0.079096 5.213530 0.073223
v -0.081180 5.219110 0.070767
v 0.039505 5.223978 -0.024726
v 0.042234 5.223971 -0.020782
v 0.043681 5.219816 -0.018874
v 0.042399 5.215667 -0.020910
v 0.039669 5.215673 -0.024853
v 0.038222 5.219829 -0.026761
v 0.173987 5.229478 -0.099922
v 0.175694 5.229478 -0.097277
v 0.176318 5.226765 -0.095807
v 0.175234 5.224053 -0.096981
v 0.173526 5.224053 -0.099625
v 0.172903 5.226766 -0.101096
v 0.294765 5.189325 -0.186737
v 0.294765 5.189325 -0.186737
v 0.294765 5.189325 -0.186737
v 0.294765 5.189325 -0.186737
v 0.294765 5.189325 -0.186737
v 0.294765 5.189325 -0.186737
v -0.054378 5.376115 -0.109035
v -0.049967 5.376115 -0.114712
v -0.049790 5.370444 -0.119126
v -0.054023 5.364772 -0.117864
v -0.058434 5.364772 -0.112186
v -0.058612 5.370444 -0.107772
v -0.179246 5.446259 -0.207255
v -0.175703 5.446074 -0.211183
v -0.175546 5.441882 -0.214410
v -0.178932 5.437874 -0.213710
v -0.182475 5.438059 -0.209782
v -0.182632 5.442252 -0.206555
v -0.280700 5.527450 -0.322876
v -0.278458 5.527350 -0.325426
v -0.278157 5.524542 -0.327313
v -0.280097 5.521835 -0.326651
v -0.282339 5.521935 -0.324101
v -0.282640 5.524743 -0.322214
v -0.417621 5.560561 -0.424875
v -0.417621 5.560561 -0.424875
v -0.417621 5.560561 -0.424875
v -0.417621 5.560561 -0.424875
v -0.417621 5.560561 -0.424875
v -0.417621 5.560561 -0.424875
v -0.062823 5.490627 -0.323440
v -0.060462 5.490627 -0.315873
v -0.054581 5.485843 -0.313557
v -0.051062 5.481060 -0.318807
v -0.053424 5.481060 -0.326373
v -0.059304 5.485843 -0.328690
v 0.067411 5.628019 -0.362967
v 0.068851 5.627699 -0.357374
v 0.073222 5.624299 -0.355704
v 0.076152 5.621218 -0.359626
v 0.074711 5.621538 -0.365219
v 0.070340 5.624938 -0.366889
v 0.186047 5.780982 -0.368705
v 0.186790 5.780591 -0.365161
v 0.189414 5.778302 -0.364091
v 0.191295 5.776405 -0.366566
v 0.190553 5.776795 -0.370110
v 0.187929 5.779084 -0.371180
v 0.329885 5.909984 -0.383881
v 0.329885 5.909984 -0.383881
v 0.329885 5.909984 -0.383881
v 0.329885 5.909984 -0.383881
v 0.329885 5.909984 -0.383881
v 0.329885 5.909984 -0.383881
v -0.058142 5.574694 -0.532674
v -0.049581 5.574694 -0.533948
v -0.044810 5.567977 -0.531293
v -0.048601 5.561260 -0.527364
v -0.057162 5.561260 -0.526089
v -0.061933 5.567977 -0.528744
v -0.084937 5.478222 -0.720787
v -0.078716 5.478287 -0.721568
v -0.075296 5.473298 -0.719915
v -0.078098 5.468244 -0.717481
v -0.084320 5.468179 -0.716699
v -0.087739 5.473168 -0.718353
v -0.102871 5.409102 -0.921834
v -0.099282 5.408639 -0.923248
v -0.097147 5.405580 -0.922165
v -0.098600 5.402983 -0.919667
v -0.102189 5.403446 -0.918252
v -0.104325 5.406505 -0.919336
v -0.226824 5.265274 -1.019841
v -0.226824 5.265274 -1.019841
v -0.226824 5.265274 -1.019841
v -0.226824 5.265274 -1.019841
v -0.226824 5.265274 -1.019841
v -0.226824 5.265274 -1.019841
v -0.173717 5.241428 0.104425
v -0.174698 5.241428 0.110618
v -0.170116 5.239666 0.114518
v -0.164553 5.237904 0.112225
v -0.163571 5.237904 0.106033
v -0.168154 5.239666 0.102133
v -0.144962 5.322403 0.109785
v -0.145712 5.322347 0.114404
v -0.142255 5.321149 0.117322
v -0.138047 5.320008 0.115621
v -0.137297 5.320065 0.111002
v -0.140754 5.321262 0.108084
v -0.122635 5.405508 0.116351
v -0.123112 5.405524 0.119403
v -0.120868 5.404616 0.121323
v -0.118146 5.403690 0.120191
v -0.117669 5.403674 0.117138
v -0.119913 5.404583 0.115218
v -0.083291 5.482367 0.120945
v -0.083291 5.482367 0.120945
v -0.083291 5.482367 0.120945
v -0.083291 5.482367 0.120945
v -0.083291 5.482367 0.120945
v -0.083291 5.482367 0.120945
v -0.230818 5.330248 0.016499
v -0.224082 5.330248 0.014610
v -0.220263 5.324425 0.015276
v -0.223180 5.318603 0.017830
v -0.229915 5.318603 0.019719
v -0.233734 5.324425 0.019054
v -0.255045 5.301899 -0.073249
v -0.249980 5.301996 -0.074248
v -0.247202 5.297655 -0.073933
v -0.249490 5.293216 -0.072618
v -0.254555 5.293119 -0.071619
v -0.257332 5.297460 -0.071934
v -0.264934 5.290542 -0.169682
v -0.261669 5.290601 -0.170344
v -0.259821 5.287872 -0.169856
v -0.261238 5.285084 -0.168706
v -0.264503 5.285026 -0.168044
v -0.266351 5.287755 -0.168532
v -0.287460 5.241795 -0.251451
v -0.287460 5.241795 -0.251451
v -0.287460 5.241795 -0.251451
v -0.287460 5.241795 -0.251451
v -0.287460 5.241795 -0.251451
v -0.287460 5.241795 -0.251451
v -0.303949 5.394699 -0.062574
v -0.305359 5.394699 -0.070157
v -0.309399 5.388945 -0.073328
v -0.312029 5.383192 -0.068916
v -0.310619 5.383192 -0.061334
v -0.306579 5.388945 -0.058163
v -0.396902 5.448242 -0.046341
v -0.397544 5.447996 -0.051940
v -0.400526 5.443804 -0.054256
v -0.402867 5.439859 -0.050972
v -0.402225 5.440105 -0.045373
v -0.399243 5.444297 -0.043057
v -0.485827 5.510982 -0.048943
v -0.486177 5.510792 -0.052492
v -0.487764 5.507961 -0.053981
v -0.489001 5.505320 -0.051921
v -0.488652 5.505509 -0.048373
v -0.487065 5.508340 -0.046884
v -0.589030 5.543064 -0.035304
v -0.589030 5.543064 -0.035304
v -0.589030 5.543064 -0.035304
v -0.589030 5.543064 -0.035304
v -0.589030 5.543064 -0.035304
v -0.589030 5.543064 -0.035304
v -0.412315 5.430953 -0.129266
v -0.403980 5.430953 -0.130476
v -0.400299 5.424491 -0.134429
v -0.404952 5.418029 -0.137173
v -0.413287 5.418029 -0.135963
v -0.416968 5.424491 -0.132009
v -0.426541 5.484733 -0.235327
v -0.420449 5.484510 -0.235796
v -0.417768 5.479778 -0.238591
v -0.421180 5.475267 -0.240915
v -0.427273 5.475490 -0.240445
v -0.429954 5.480222 -0.237651
v -0.422120 5.543732 -0.339828
v -0.418323 5.543556 -0.340043
v -0.416638 5.540442 -0.341443
v -0.418750 5.537505 -0.342629
v -0.422547 5.537681 -0.342414
v -0.424232 5.540795 -0.341014
v -0.431821 5.573545 -0.455700
v -0.431821 5.573545 -0.455700
v -0.431821 5.573545 -0.455700
v -0.431821 5.573545 -0.455700
v -0.431821 5.573545 -0.455700
v -0.431821 5.573545 -0.455700
v -0.514728 5.493383 -0.184957
v -0.514692 5.493383 -0.194083
v -0.511993 5.485949 -0.198635
v -0.509329 5.478515 -0.194062
v -0.509365 5.478515 -0.184936
v -0.512064 5.485949 -0.180384
v -0.636962 5.446946 -0.186704
v -0.636583 5.447065 -0.193276
v -0.634693 5.441683 -0.196562
v -0.633183 5.436181 -0.193277
v -0.633563 5.436062 -0.186705
v -0.635452 5.441444 -0.183419
v -0.761687 5.411645 -0.203260
v -0.761851 5.411589 -0.207298
v -0.760816 5.408244 -0.209317
v -0.759616 5.404955 -0.207297
v -0.759452 5.405011 -0.203259
v -0.760487 5.408356 -0.201241
v -0.879068 5.359380 -0.178924
v -0.879068 5.359380 -0.178924
v -0.879068 5.359380 -0.178924
v -0.879068 5.359380 -0.178924
v -0.879068 5.359380 -0.178924
v -0.879068 5.359380 -0.178924
v -0.614932 5.553958 -0.233317
v -0.623560 5.553958 -0.238010
v -0.631826 5.551962 -0.233093
v -0.631462 5.549965 -0.223482
v -0.622833 5.549965 -0.218789
v -0.614568 5.551962 -0.223707
v -0.633146 5.691055 -0.202718
v -0.639305 5.690774 -0.206132
v -0.645274 5.689673 -0.202549
v -0.645083 5.688852 -0.195551
v -0.638923 5.689133 -0.192137
v -0.632954 5.690234 -0.195720
v -0.650959 5.832070 -0.196926
v -0.654681 5.831811 -0.199010
v -0.658242 5.830747 -0.196900
v -0.658081 5.829941 -0.192706
v -0.654359 5.830200 -0.190621
v -0.650797 5.831264 -0.192731
v -0.687951 5.959815 -0.145399
v -0.687951 5.959815 -0.145399
v -0.687951 5.959815 -0.145399
v -0.687951 5.959815 -0.145399
v -0.687951 5.959815 -0.145399
v -0.687951 5.959815 -0.145399
v -0.112807 5.279310 0.146639
v -0.106692 5.279310 0.146575
v -0.103658 5.274556 0.144209
v -0.106740 5.269801 0.141906
v -0.112856 5.269801 0.141970
v -0.115889 5.274556 0.144336
v -0.112336 5.291722 0.118322
v -0.107777 5.291510 0.118666
v -0.105502 5.287998 0.116811
v -0.107788 5.284697 0.114612
v -0.112347 5.284909 0.114268
v -0.114621 5.288421 0.116123
v -0.105846 5.308303 0.092669
v -0.102811 5.308216 0.092794
v -0.101318 5.305771 0.091781
v -0.102861 5.303413 0.090643
v -0.105895 5.303500 0.090517
v -0.107388 5.305945 0.091530
v -0.107084 5.312764 0.061581
v -0.107084 5.312764 0.061581
v -0.107084 5.312764 0.061581
v -0.107084 5.312764 0.061581
v -0.107084 5.312764 0.061581
v -0.107084 5.312764 0.061581
v -0.084869 5.312343 0.115775
v -0.089061 5.312343 0.121158
v -0.087045 5.309559 0.127053
v -0.080836 5.306776 0.127564
v -0.076643 5.306776 0.122180
v -0.078660 5.309559 0.116285
v -0.071310 5.342557 0.127461
v -0.074528 5.342261 0.131341
v -0.073066 5.340124 0.135675
v -0.068387 5.338282 0.136130
v -0.065170 5.338577 0.132250
v -0.066631 5.340715 0.127915
v -0.061376 5.373513 0.142229
v -0.063491 5.373260 0.144716
v -0.062793 5.371331 0.147268
v -0.059980 5.369655 0.147334
v -0.057865 5.369908 0.144847
v -0.058563 5.371837 0.142294
v -0.039464 5.392649 0.162952
v -0.039464 5.392649 0.162952
v -0.039464 5.392649 0.162952
v -0.039464 5.392649 0.162952
v -0.039464 5.392649 0.162952
v -0.039464 5.392649 0.162952
v -0.047229 5.344618 0.101315
v -0.046153 5.344618 0.108761
v -0.048004 5.338567 0.112829
v -0.050932 5.332516 0.109452
v -0.052008 5.332516 0.102006
v -0.050157 5.338567 0.097938
v -0.012277 5.328689 0.097270
v -0.011629 5.328737 0.102747
v -0.012589 5.324165 0.105678
v -0.014197 5.319544 0.103132
v -0.014846 5.319496 0.097655
v -0.013886 5.324069 0.094724
v 0.025437 5.320467 0.094965
v 0.026332 5.320356 0.098355
v 0.025932 5.317386 0.100178
v 0.024637 5.314528 0.098612
v 0.023742 5.314639 0.095222
v 0.024142 5.317608 0.093398
v 0.057410 5.302715 0.080855
v 0.057410 5.302715 0.080855
v 0.057410 5.302715 0.080855
v 0.057410 5.302715 0.080855
v 0.057410 5.302715 0.080855
v 0.057410 5.302715 0.080855
v -0.013684 5.361924 0.106798
v -0.007844 5.361924 0.112577
v -0.001105 5.357327 0.111606
v -0.000206 5.352729 0.104857
v -0.006046 5.352729 0.099079
v -0.012785 5.357327 0.100049
v 0.007580 5.393290 0.086886
v 0.011638 5.392959 0.091262
v 0.016655 5.389812 0.090452
v 0.017614 5.386998 0.085268
v 0.013556 5.387329 0.080892
v 0.008539 5.390475 0.081701
v 0.028704 5.429035 0.075646
v 0.031142 5.428651 0.078454
v 0.034256 5.426641 0.077965
v 0.034933 5.425015 0.074667
v 0.032495 5.425398 0.071859
v 0.029381 5.427408 0.072348
v 0.053925 5.460567 0.059824
v 0.053925 5.460567 0.059824
v 0.053925 5.460567 0.059824
v 0.053925 5.460567 0.059824
v 0.053925 5.460567 0.059824
v 0.053925 5.460567 0.059824
v 0.025740 5.391640 0.132178
v 0.018159 5.391640 0.127512
v 0.012869 5.384482 0.127617
v 0.015159 5.377324 0.132387
v 0.022740 5.377324 0.137052
v 0.028030 5.384482 0.136948
v 0.000933 5.407395 0.169973
v -0.003788 5.406923 0.165626
v -0.007148 5.401461 0.165107
v -0.005788 5.396471 0.168934
v -0.001067 5.396943 0.173280
v 0.002293 5.402405 0.173800
v -0.038311 5.419239 0.195185
v -0.040823 5.418799 0.192146
v -0.042352 5.415229 0.191337
v -0.041370 5.412099 0.193568
v -0.038858 5.412539 0.196607
v -0.037329 5.416109 0.197416
v -0.074207 5.419830 0.226176
v -0.074207 5.419830 0.226176
v -0.074207 5.419830 0.226176
v -0.074207 5.419830 0.226176
v -0.074207 5.419830 0.226176
v -0.074207 5.419830 0.226176
v 0.038777 5.420279 0.167489
v 0.033150 5.420279 0.175244
v 0.029443 5.412055 0.178473
v 0.031364 5.403831 0.173948
v 0.036992 5.403831 0.166194
v 0.040698 5.412055 0.162964
v 0.078453 5.411208 0.197935
v 0.074024 5.411253 0.203209
v 0.071563 5.405317 0.205689
v 0.073530 5.399338 0.202894
v 0.077959 5.399293 0.197620
v 0.080420 5.405229 0.195140
v 0.114167 5.410726 0.234405
v 0.111393 5.410758 0.237551
v 0.109846 5.407147 0.239019
v 0.111072 5.403504 0.237342
v 0.113845 5.403472 0.234196
v 0.115393 5.407083 0.232728
v 0.152009 5.399967 0.267491
v 0.152009 5.399967 0.267491
v 0.152009 5.399967 0.267491
v 0.152009 5.399967 0.267491
v 0.152009 5.399967 0.267491
v 0.152009 5.399967 0.267491
v 0.048593 5.444472 0.202321
v 0.038446 5.444472 0.205299
v 0.034767 5.436769 0.211542
v 0.041236 5.429066 0.214806
v 0.051383 5.429066 0.211828
v 0.055062 5.436769 0.205585
v 0.060446 5.471695 0.248062
v 0.053175 5.471627 0.250096
v 0.050676 5.466460 0.255001
v 0.055447 5.461361 0.257874
v 0.062718 5.461430 0.255840
v 0.065218 5.466597 0.250934
v 0.068984 5.507738 0.288606
v 0.064760 5.507993 0.290209
v 0.063250 5.504871 0.293116
v 0.065965 5.501493 0.294420
v 0.070189 5.501238 0.292817
v 0.071699 5.504361 0.289911
v 0.092791 5.526315 0.335279
v 0.092791 5.526315 0.335279
v 0.092791 5.526315 0.335279
v 0.092791 5.526315 0.335279
v 0.092791 5.526315 0.335279
v 0.092791 5.526315 0.335279
v -0.133778 5.343273 0.114659
v -0.128639 5.343273 0.117729
v -0.125936 5.338096 0.119039
v -0.128371 5.332919 0.117280
v -0.133510 5.332919 0.114211
v -0.136214 5.338096 0.112901
v -0.123003 5.342975 0.098083
v -0.119366 5.342948 0.100715
v -0.117378 5.339060 0.101760
v -0.119028 5.335197 0.100172
v -0.122666 5.335224 0.097539
v -0.124653 5.339112 0.096494
v -0.109619 5.343886 0.083844
v -0.106996 5.343898 0.085289
v -0.105582 5.341317 0.085847
v -0.106792 5.338724 0.084960
v -0.109416 5.338713 0.083516
v -0.110830 5.341294 0.082958
v -0.102571 5.341940 0.065596
v -0.102571 5.341940 0.065596
v -0.102571 5.341940 0.065596
v -0.102571 5.341940 0.065596
v -0.102571 5.341940 0.065596
v -0.102571 5.341940 0.065596
v -0.129515 5.363861 0.096420
v -0.126262 5.363861 0.090588
v -0.127093 5.358808 0.086301
v -0.131178 5.353755 0.087846
v -0.134430 5.353755 0.093678
v -0.133599 5.358808 0.097965
v -0.146541 5.373269 0.085940
v -0.143953 5.373147 0.081720
v -0.144684 5.369479 0.078473
v -0.148003 5.365935 0.079446
v -0.150591 5.366058 0.083667
v -0.149860 5.369725 0.086914
v -0.161162 5.385038 0.074362
v -0.159520 5.384993 0.071586
v -0.160098 5.382685 0.069407
v -0.162318 5.380422 0.070006
v -0.163960 5.380467 0.072782
v -0.163382 5.382775 0.074960
v -0.178256 5.395041 0.063953
v -0.178256 5.395041 0.063953
v -0.178256 5.395041 0.063953
v -0.178256 5.395041 0.063953
v -0.178256 5.395041 0.063953
v -0.178256 5.395041 0.063953
v -0.143061 5.380959 0.071603
v -0.136276 5.380959 0.074462
v -0.131235 5.376200 0.071981
v -0.132980 5.371441 0.066641
v -0.139765 5.371441 0.063782
v -0.144805 5.376200 0.066263
v -0.134548 5.396171 0.053921
v -0.129708 5.395867 0.056316
v -0.126014 5.392352 0.054512
v -0.127161 5.389140 0.050314
v -0.132001 5.389444 0.047920
v -0.135695 5.392959 0.049723
v -0.122811 5.412861 0.039095
v -0.119643 5.412806 0.040471
v -0.117428 5.410299 0.039608
v -0.118382 5.407847 0.037369
v -0.121550 5.407903 0.035993
v -0.123764 5.410409 0.036856
v -0.114695 5.419376 0.015982
v -0.114695 5.419376 0.015982
v -0.114695 5.419376 0.015982
v -0.114695 5.419376 0.015982
v -0.114695 5.419376 0.015982
v -0.114695 5.419376 0.015982
v -0.162056 5.394359 0.056374
v -0.159849 5.394359 0.048642
v -0.157132 5.387601 0.045237
v -0.156622 5.380843 0.049563
v -0.158829 5.380843 0.057295
v -0.161546 5.387601 0.060700
v -0.186617 5.385990 0.048233
v -0.184726 5.386054 0.042687
v -0.182894 5.381095 0.040158
v -0.182951 5.376072 0.043177
v -0.184842 5.376008 0.048723
v -0.186674 5.380967 0.051252
v -0.211097 5.380861 0.037198
v -0.210394 5.380784 0.033587
v -0.209201 5.377680 0.032010
v -0.208710 5.374653 0.034046
v -0.209412 5.374731 0.037657
v -0.210606 5.377834 0.039234
v -0.234767 5.366590 0.036293
v -0.234767 5.366590 0.036293
v -0.234767 5.366590 0.036293
v -0.234767 5.366590 0.036293
v -0.234767 5.366590 0.036293
v -0.234767 5.366590 0.036293
v -0.175370 5.408305 0.041219
v -0.183080 5.408305 0.037164
v -0.190232 5.405702 0.041404
v -0.189673 5.403099 0.049699
v -0.181962 5.403099 0.053754
v -0.174811 5.405702 0.049514
v -0.182121 5.435515 0.051478
v -0.187621 5.435085 0.048420
v -0.192808 5.433248 0.051503
v -0.192495 5.431840 0.057644
v -0.186995 5.432271 0.060702
v -0.181808 5.434108 0.057618
v -0.191282 5.463411 0.057125
v -0.194638 5.462934 0.055188
v -0.197845 5.461781 0.057093
v -0.197696 5.461105 0.060935
v -0.194340 5.461582 0.062872
v -0.191133 5.462735 0.060967
v -0.201493 5.490582 0.065119
v -0.201493 5.490582 0.065119
v -0.201493 5.490582 0.065119
v -0.201493 5.490582 0.065119
v -0.201493 5.490582 0.065119
v -0.201493 5.490582 0.065119
v -0.205352 5.435094 0.053098
v -0.200607 5.435094 0.045010
v -0.199777 5.427173 0.040060
v -0.203693 5.419252 0.043199
v -0.208438 5.419252 0.051287
v -0.209267 5.427173 0.056236
v -0.232466 5.440038 0.035662
v -0.228698 5.439942 0.030061
v -0.227968 5.434203 0.026582
v -0.231006 5.428559 0.028703
v -0.234775 5.428655 0.034304
v -0.235505 5.434394 0.037784
v -0.257460 5.445522 0.014699
v -0.255143 5.445461 0.011286
v -0.254234 5.441868 0.009475
v -0.255641 5.438335 0.011076
v -0.257958 5.438397 0.014489
v -0.258868 5.441990 0.016301
v -0.284255 5.439021 -0.003552
v -0.284255 5.439021 -0.003552
v -0.284255 5.439021 -0.003552
v -0.284255 5.439021 -0.003552
v -0.284255 5.439021 -0.003552
v -0.284255 5.439021 -0.003552
v -0.215105 5.454406 0.059832
v -0.219160 5.454406 0.050285
v -0.227064 5.448087 0.048007
v -0.230912 5.441767 0.055277
v -0.226857 5.441767 0.064824
v -0.218953 5.448087 0.067102
v -0.239768 5.477187 0.068712
v -0.242349 5.476816 0.061771
v -0.248180 5.472509 0.060209
v -0.251429 5.468574 0.065588
v -0.248848 5.468945 0.072529
v -0.243017 5.473251 0.074091
v -0.262159 5.503701 0.071519
v -0.263998 5.503833 0.067461
v -0.267554 5.501307 0.066542
v -0.269270 5.498648 0.069681
v -0.267430 5.498516 0.073739
v -0.263875 5.501042 0.074658
v -0.286716 5.523367 0.087437
v -0.286716 5.523367 0.087437
v -0.286716 5.523367 0.087437
v -0.286716 5.523367 0.087437
v -0.286716 5.523367 0.087437
v -0.286716 5.523367 0.087437
v -0.083574 5.548796 0.101371
v -0.087898 5.548796 0.097379
v -0.092994 5.546101 0.098562
v -0.093765 5.543405 0.103736
v -0.089441 5.543405 0.107727
v -0.084345 5.546101 0.106545
v -0.126484 5.646653 0.146784
v -0.129570 5.646279 0.143638
v -0.133401 5.644255 0.144528
v -0.134146 5.642604 0.148564
v -0.131059 5.642978 0.151710
v -0.127228 5.645002 0.150820
v -0.177500 5.749275 0.167695
v -0.179583 5.749056 0.165601
v -0.181973 5.747369 0.166061
v -0.182281 5.745901 0.168615
v -0.180198 5.746120 0.170709
v -0.177807 5.747808 0.170249
v -0.238042 5.821426 0.236304
v -0.238042 5.821426 0.236304
v -0.238042 5.821426 0.236304
v -0.238042 5.821426 0.236304
v -0.238042 5.821426 0.236304
v -0.238042 5.821426 0.236304
v -0.026303 5.724319 0.087145
v -0.026610 5.724319 0.093703
v -0.025084 5.718887 0.097061
v -0.023251 5.713456 0.093860
v -0.022944 5.713456 0.087302
v -0.024471 5.718887 0.083944
v 0.098883 5.761570 0.093834
v 0.098431 5.761487 0.098690
v 0.099883 5.757570 0.101207
v 0.101787 5.753736 0.098869
v 0.102239 5.753820 0.094014
v 0.100787 5.757737 0.091496
v 0.212289 5.825053 0.112826
v 0.211614 5.824844 0.115935
v 0.212248 5.822155 0.117527
v 0.213557 5.819675 0.116010
v 0.214233 5.819884 0.112901
v 0.213599 5.822574 0.111309
v 0.335635 5.846952 0.153499
v 0.335635 5.846952 0.153499
v 0.335635 5.846952 0.153499
v 0.335635 5.846952 0.153499
v 0.335635 5.846952 0.153499
v 0.335635 5.846952 0.153499
v 0.040895 5.887878 0.100200
v 0.047999 5.887878 0.101589
v 0.052284 5.882908 0.098533
v 0.049465 5.877938 0.094089
v 0.042361 5.877938 0.092700
v 0.038076 5.882908 0.095756
v 0.064271 5.975699 -0.014384
v 0.069384 5.975347 -0.012936
v 0.072515 5.971623 -0.015102
v 0.070533 5.968251 -0.018717
v 0.065420 5.968603 -0.020165
v 0.062289 5.972327 -0.017998
v 0.116056 6.070120 -0.113928
v 0.119380 6.070008 -0.113162
v 0.121274 6.067354 -0.114169
v 0.119845 6.064811 -0.115941
v 0.116521 6.064923 -0.116707
v 0.114627 6.067578 -0.115701
v 0.127040 6.105237 -0.255803
v 0.127040 6.105237 -0.255803
v 0.127040 6.105237 -0.255803
v 0.127040 6.105237 -0.255803
v 0.127040 6.105237 -0.255803
v 0.127040 6.105237 -0.255803
v -0.342287 4.291875 -0.360189
v -0.340773 4.291875 -0.369273
v -0.343242 4.284601 -0.374353
v -0.347225 4.277326 -0.370348
v -0.348739 4.277326 -0.361264
v -0.346270 4.284601 -0.356184
v -0.359984 4.297588 -0.364433
v -0.358296 4.297282 -0.370847
v -0.360209 4.292105 -0.374540
v -0.363810 4.287236 -0.371818
v -0.365499 4.287543 -0.365404
v -0.363586 4.292719 -0.361711
v -0.375721 4.306282 -0.372351
v -0.374682 4.306092 -0.376282
v -0.375432 4.302713 -0.378424
v -0.377221 4.299525 -0.376635
v -0.378260 4.299715 -0.372705
v -0.377510 4.303094 -0.370563
v -0.395064 4.305740 -0.377536
v -0.395064 4.305740 -0.377536
v -0.395064 4.305740 -0.377536
v -0.395064 4.305740 -0.377536
v -0.395064 4.305740 -0.377536
v -0.395064 4.305740 -0.377536
v -0.357053 4.322413 -0.388432
v -0.354419 4.322413 -0.378138
v -0.345576 4.317481 -0.374916
v -0.339367 4.312549 -0.381989
v -0.342000 4.312549 -0.392283
v -0.350843 4.317481 -0.395504
v -0.343091 4.339567 -0.390438
v -0.341302 4.339409 -0.383070
v -0.334824 4.336178 -0.380809
v -0.330135 4.333105 -0.385917
v -0.331924 4.333262 -0.393285
v -0.338402 4.336493 -0.395545
v -0.330769 4.359003 -0.390933
v -0.329381 4.359377 -0.386625
v -0.325843 4.356936 -0.385158
v -0.323692 4.354121 -0.388000
v -0.325080 4.353746 -0.392308
v -0.328619 4.356187 -0.393775
v -0.310467 4.367550 -0.399316
v -0.310467 4.367550 -0.399316
v -0.310467 4.367550 -0.399316
v -0.310467 4.367550 -0.399316
v -0.310467 4.367550 -0.399316
v -0.310467 4.367550 -0.399316
v -0.363061 4.355859 -0.404612
v -0.352572 4.355859 -0.410483
v -0.348348 4.345661 -0.415242
v -0.354612 4.335463 -0.414129
v -0.365101 4.335463 -0.408257
v -0.369325 4.345661 -0.403499
v -0.373997 4.357979 -0.427728
v -0.366363 4.357876 -0.431495
v -0.363459 4.350697 -0.435033
v -0.368190 4.343623 -0.434804
v -0.375824 4.343726 -0.431037
v -0.378727 4.350905 -0.427499
v -0.382345 4.363012 -0.451830
v -0.377875 4.362961 -0.454083
v -0.376069 4.358688 -0.455966
v -0.378733 4.354465 -0.455594
v -0.383204 4.354517 -0.453341
v -0.385010 4.358790 -0.451459
v -0.393400 4.360967 -0.475751
v -0.393400 4.360967 -0.475751
v -0.393400 4.360967 -0.475751
v -0.393400 4.360967 -0.475751
v -0.393400 4.360967 -0.475751
v -0.393400 4.360967 -0.475751
v -0.360353 4.386612 -0.432462
v -0.373456 4.386612 -0.435253
v -0.381935 4.379608 -0.427602
v -0.377310 4.372603 -0.417160
v -0.364207 4.372603 -0.414369
v -0.355728 4.379608 -0.422020
v -0.366418 4.407156 -0.413408
v -0.375523 4.406522 -0.415785
v -0.381571 4.402009 -0.410127
v -0.378513 4.398129 -0.402092
v -0.369408 4.398762 -0.399716
v -0.363360 4.403275 -0.405374
v -0.375896 4.430782 -0.400620
v -0.381242 4.430852 -0.401759
v -0.384812 4.428650 -0.398254
v -0.383036 4.426378 -0.393610
v -0.377691 4.426309 -0.392472
v -0.374121 4.428511 -0.395977
v -0.377434 4.452713 -0.381355
v -0.377434 4.452713 -0.381355
v -0.377434 4.452713 -0.381355
v -0.377434 4.452713 -0.381355
v -0.377434 4.452713 -0.381355
v -0.377434 4.452713 -0.381355
v -0.375501 4.420070 -0.419873
v -0.369153 4.420070 -0.433104
v -0.376471 4.414963 -0.444754
v -0.390137 4.409856 -0.443173
v -0.396486 4.409856 -0.429943
v -0.389168 4.414963 -0.418293
v -0.389259 4.447731 -0.428894
v -0.384499 4.446772 -0.437959
v -0.389716 4.443467 -0.446181
v -0.399693 4.441122 -0.445339
v -0.404453 4.442080 -0.436275
v -0.399236 4.445385 -0.428052
v -0.395435 4.477979 -0.441590
v -0.392439 4.476367 -0.446400
v -0.395187 4.473527 -0.450770
v -0.400933 4.472298 -0.450329
v -0.403929 4.473910 -0.445519
v -0.401180 4.476750 -0.441150
v -0.408355 4.499583 -0.464242
v -0.408355 4.499583 -0.464242
v -0.408355 4.499583 -0.464242
v -0.408355 4.499583 -0.464242
v -0.408355 4.499583 -0.464242
v -0.408355 4.499583 -0.464242
v 0.408070 3.649206 -0.261241
v 0.414093 3.649206 -0.265187
v 0.415814 3.643432 -0.269130
v 0.411512 3.637657 -0.269127
v 0.405489 3.637657 -0.265181
v 0.403768 3.643432 -0.261238
v 0.399650 3.654295 -0.275848
v 0.404334 3.654090 -0.278322
v 0.405707 3.649752 -0.281040
v 0.402397 3.645619 -0.281285
v 0.397714 3.645824 -0.278811
v 0.396341 3.650162 -0.276092
v 0.394401 3.659504 -0.292002
v 0.397383 3.659389 -0.293632
v 0.398398 3.656504 -0.295119
v 0.396431 3.653735 -0.294976
v 0.393449 3.653850 -0.293346
v 0.392434 3.656734 -0.291859
v 0.385611 3.659415 -0.307437
v 0.385611 3.659415 -0.307437
v 0.385611 3.659415 -0.307437
v 0.385611 3.659415 -0.307437
v 0.385611 3.659415 -0.307437
v 0.385611 3.659415 -0.307437
v 0.416805 3.676040 -0.290021
v 0.408657 3.676040 -0.288405
v 0.405892 3.673501 -0.280994
v 0.411276 3.670962 -0.275199
v 0.419425 3.670962 -0.276815
v 0.422189 3.673501 -0.284226
v 0.417414 3.693805 -0.281139
v 0.411487 3.693733 -0.279987
v 0.409504 3.692378 -0.274447
v 0.413449 3.691095 -0.270059
v 0.419376 3.691167 -0.271211
v 0.421358 3.692522 -0.276751
v 0.416751 3.713204 -0.276035
v 0.413094 3.713585 -0.275203
v 0.411868 3.712853 -0.271715
v 0.414299 3.711739 -0.269059
v 0.417955 3.711357 -0.269890
v 0.419181 3.712090 -0.273378
v 0.421707 3.730395 -0.265427
v 0.421707 3.730395 -0.265427
v 0.421707 3.730395 -0.265427
v 0.421707 3.730395 -0.265427
v 0.421707 3.730395 -0.265427
v 0.421707 3.730395 -0.265427
v 0.418378 3.707744 -0.306372
v 0.423748 3.707744 -0.298660
v 0.428280 3.699922 -0.296089
v 0.427443 3.692101 -0.301232
v 0.422073 3.692101 -0.308945
v 0.417541 3.699922 -0.311515
v 0.437713 3.711877 -0.318233
v 0.441493 3.711843 -0.312622
v 0.445010 3.706313 -0.310946
v 0.444746 3.700815 -0.314880
v 0.440966 3.700848 -0.320490
v 0.437449 3.706379 -0.322166
v 0.457015 3.718976 -0.329164
v 0.459339 3.718962 -0.325748
v 0.461456 3.715570 -0.324702
v 0.461248 3.712192 -0.327073
v 0.458923 3.712206 -0.330490
v 0.456806 3.715598 -0.331536
v 0.477466 3.721375 -0.341151
v 0.477466 3.721375 -0.341151
v 0.477466 3.721375 -0.341151
v 0.477466 3.721375 -0.341151
v 0.477466 3.721375 -0.341151
v 0.477466 3.721375 -0.341151
v 0.434791 3.736574 -0.306339
v 0.443961 3.736574 -0.311402
v 0.445315 3.730442 -0.319786
v 0.437499 3.724310 -0.323107
v 0.428329 3.724310 -0.318044
v 0.426975 3.730442 -0.309660
v 0.426651 3.754040 -0.324168
v 0.433374 3.753571 -0.327419
v 0.434307 3.749282 -0.333480
v 0.428518 3.745463 -0.336289
v 0.421794 3.745933 -0.333037
v 0.420861 3.750221 -0.326977
v 0.423566 3.773890 -0.341887
v 0.427683 3.773299 -0.343581
v 0.428336 3.770376 -0.346928
v 0.424872 3.768043 -0.348581
v 0.420754 3.768634 -0.346886
v 0.420101 3.771557 -0.343539
v 0.418736 3.787434 -0.364864
v 0.418736 3.787434 -0.364864
v 0.418736 3.787434 -0.364864
v 0.418736 3.787434 -0.364864
v 0.418736 3.787434 -0.364864
v 0.418736 3.787434 -0.364864
v 0.436847 3.766179 -0.324025
v 0.445393 3.766179 -0.315948
v 0.455861 3.761449 -0.318463
v 0.457783 3.756720 -0.329056
v 0.449237 3.756720 -0.337134
v 0.438769 3.761449 -0.334618
v 0.449053 3.790205 -0.334457
v 0.455065 3.790060 -0.328679
v 0.462635 3.787144 -0.330611
v 0.464193 3.784372 -0.338321
v 0.458181 3.784517 -0.344099
v 0.450611 3.787434 -0.342166
v 0.459319 3.816350 -0.341181
v 0.463008 3.816806 -0.337957
v 0.467546 3.815361 -0.339191
v 0.468395 3.813460 -0.343648
v 0.464707 3.813004 -0.346872
v 0.460169 3.814449 -0.345638
v 0.467883 3.840007 -0.356732
v 0.467883 3.840007 -0.356732
v 0.467883 3.840007 -0.356732
v 0.467883 3.840007 -0.356732
v 0.467883 3.840007 -0.356732
v 0.467883 3.840007 -0.356732
v -0.138437 5.527929 0.058154
v -0.130209 5.527929 0.055030
v -0.126749 5.520533 0.051745
v -0.131518 5.513137 0.051583
v -0.139746 5.513137 0.054706
v -0.143206 5.520533 0.057992
v -0.163492 5.544153 -0.011273
v -0.157536 5.544151 -0.013526
v -0.155050 5.538813 -0.015948
v -0.158520 5.533476 -0.016118
v -0.164476 5.533478 -0.013865
v -0.166962 5.538816 -0.011443
v -0.188329 5.561875 -0.080650
v -0.184725 5.561917 -0.082227
v -0.183120 5.558580 -0.083554
v -0.185118 5.555201 -0.083303
v -0.188722 5.555159 -0.081726
v -0.190327 5.558496 -0.080399
v -0.220652 5.564021 -0.149293
v -0.220652 5.564021 -0.149293
v -0.220652 5.564021 -0.149293
v -0.220652 5.564021 -0.149293
v -0.220652 5.564021 -0.149293
v -0.220652 5.564021 -0.149293
v -0.131901 5.631492 -0.005134
v -0.140536 5.631492 -0.009810
v -0.148295 5.627014 -0.005790
v -0.147420 5.622536 0.002905
v -0.138786 5.622536 0.007581
v -0.131026 5.627014 0.003561
v -0.155221 5.701039 0.034748
v -0.161551 5.701896 0.031773
v -0.167391 5.700437 0.035434
v -0.166903 5.698122 0.042071
v -0.160574 5.697265 0.045047
v -0.154733 5.698723 0.041385
v -0.141071 5.781064 0.050560
v -0.144629 5.782956 0.049140
v -0.147813 5.783829 0.051853
v -0.147438 5.782810 0.055986
v -0.143880 5.780919 0.057406
v -0.140696 5.780046 0.054693
v -0.093896 5.849007 0.069138
v -0.093896 5.849007 0.069138
v -0.093896 5.849007 0.069138
v -0.093896 5.849007 0.069138
v -0.093896 5.849007 0.069138
v -0.093896 5.849007 0.069138
v -0.166707 5.733692 -0.060423
v -0.156319 5.733692 -0.057376
v -0.150659 5.724464 -0.057441
v -0.155387 5.715236 -0.060552
v -0.165776 5.715236 -0.063598
v -0.171436 5.724464 -0.063533
v -0.138699 5.747851 -0.150407
v -0.131391 5.747793 -0.147928
v -0.127390 5.741193 -0.147866
v -0.130698 5.734653 -0.150284
v -0.138006 5.734712 -0.152763
v -0.142006 5.741312 -0.152824
v -0.103000 5.763364 -0.237830
v -0.098695 5.763305 -0.236188
v -0.096462 5.759301 -0.235718
v -0.098536 5.755355 -0.236890
v -0.102842 5.755414 -0.238532
v -0.105074 5.759419 -0.239002
v -0.067315 5.758141 -0.326411
v -0.067315 5.758141 -0.326411
v -0.067315 5.758141 -0.326411
v -0.067315 5.758141 -0.326411
v -0.067315 5.758141 -0.326411
v -0.067315 5.758141 -0.326411
v -0.205943 5.815969 -0.111077
v -0.208274 5.815969 -0.122667
v -0.212766 5.806310 -0.127793
v -0.214927 5.796650 -0.121329
v -0.212595 5.796650 -0.109739
v -0.208103 5.806310 -0.104613
v -0.303829 5.847738 -0.093133
v -0.305234 5.847637 -0.101395
v -0.308878 5.840976 -0.104945
v -0.311117 5.834416 -0.100233
v -0.309713 5.834517 -0.091971
v -0.306069 5.841178 -0.088421
v -0.395545 5.896254 -0.083367
v -0.396981 5.896496 -0.088089
v -0.399610 5.892808 -0.090063
v -0.400803 5.888878 -0.087316
v -0.399367 5.888637 -0.082595
v -0.396738 5.892324 -0.080621
v -0.482222 5.934636 -0.038733
v -0.482222 5.934636 -0.038733
v -0.482222 5.934636 -0.038733
v -0.482222 5.934636 -0.038733
v -0.482222 5.934636 -0.038733
v -0.482222 5.934636 -0.038733
v -0.266834 5.911992 -0.161197
v -0.264126 5.911992 -0.148677
v -0.254483 5.904840 -0.144210
v -0.247548 5.897689 -0.152264
v -0.250257 5.897689 -0.164783
v -0.259900 5.904840 -0.169250
v -0.191838 5.997433 -0.175496
v -0.190036 5.997297 -0.166639
v -0.183127 5.992380 -0.163507
v -0.178021 5.987599 -0.169233
v -0.179823 5.987735 -0.178090
v -0.186732 5.992652 -0.181221
v -0.121081 6.088132 -0.184301
v -0.120072 6.088006 -0.179130
v -0.116506 6.084628 -0.177223
v -0.113948 6.081376 -0.180486
v -0.114956 6.081502 -0.185657
v -0.118523 6.084880 -0.187564
v -0.023222 6.147582 -0.200134
v -0.023222 6.147582 -0.200134
v -0.023222 6.147582 -0.200134
v -0.023222 6.147582 -0.200134
v -0.023222 6.147582 -0.200134
v -0.023222 6.147582 -0.200134
v -0.302546 6.022219 -0.178881
v -0.293574 6.022219 -0.189351
v -0.292041 6.010929 -0.197116
v -0.299480 5.999639 -0.194411
v -0.308452 5.999639 -0.183942
v -0.309985 6.010929 -0.176177
v -0.391392 6.059368 -0.257710
v -0.384527 6.059079 -0.264545
v -0.383505 6.051172 -0.270055
v -0.389348 6.043554 -0.268731
v -0.396213 6.043843 -0.261896
v -0.397235 6.051750 -0.256385
v -0.461701 6.109607 -0.348269
v -0.457642 6.109393 -0.352116
v -0.456607 6.104610 -0.354829
v -0.459631 6.100039 -0.353696
v -0.463690 6.100253 -0.349849
v -0.464725 6.105036 -0.347136
v -0.550905 6.114804 -0.436120
v -0.550905 6.114804 -0.436120
v -0.550905 6.114804 -0.436120
v -0.550905 6.114804 -0.436120
v -0.550905 6.114804 -0.436120
v -0.550905 6.114804 -0.436120
v 0.087480 0.848729 -0.042100
v 0.092137 0.848729 -0.044622
v 0.092730 0.845943 -0.049087
v 0.088666 0.843157 -0.051030
v 0.084010 0.843157 -0.048508
v 0.083417 0.845943 -0.044043
v 0.087117 0.849446 -0.044097
v 0.090695 0.849346 -0.045950
v 0.091136 0.847257 -0.049369
v 0.087999 0.845268 -0.050935
v 0.084421 0.845369 -0.049081
v 0.083980 0.847458 -0.045663
v 0.086762 0.850527 -0.046301
v 0.089130 0.850655 -0.047724
v 0.089549 0.848958 -0.049867
v 0.087600 0.847133 -0.050587
v 0.085233 0.847004 -0.049164
v 0.084814 0.848701 -0.047021
v 0.086162 0.849681 -0.049630
v 0.086162 0.849681 -0.049630
v 0.086162 0.849681 -0.049630
v 0.086162 0.849681 -0.049630
v 0.086162 0.849681 -0.049630
v 0.086162 0.849681 -0.049630
v 0.093652 0.855689 -0.058961
v 0.093465 0.855689 -0.052854
v 0.093805 0.850416 -0.049787
v 0.094332 0.845142 -0.052828
v 0.094519 0.845142 -0.058935
v 0.094179 0.850416 -0.062002
v 0.095928 0.854545 -0.058118
v 0.095401 0.854509 -0.053575
v 0.095544 0.850551 -0.051288
v 0.096214 0.846629 -0.053544
v 0.096741 0.846665 -0.058086
v 0.096598 0.850623 -0.060373
v 0.098345 0.853476 -0.056905
v 0.098201 0.853456 -0.053872
v 0.097956 0.850821 -0.052381
v 0.097856 0.848207 -0.053923
v 0.098000 0.848228 -0.056956
v 0.098245 0.850862 -0.058447
v 0.100109 0.850320 -0.055641
v 0.100109 0.850320 -0.055641
v 0.100109 0.850320 -0.055641
v 0.100109 0.850320 -0.055641
v 0.100109 0.850320 -0.055641
v 0.100109 0.850320 -0.055641
v 0.098602 0.857948 -0.067089
v 0.105375 0.857948 -0.065710
v 0.108444 0.852178 -0.063460
v 0.104740 0.846408 -0.062589
v 0.097967 0.846408 -0.063968
v 0.094898 0.852178 -0.066218
v 0.099885 0.855784 -0.068846
v 0.104762 0.855914 -0.067332
v 0.107008 0.851671 -0.065586
v 0.104378 0.847299 -0.065354
v 0.099501 0.847169 -0.066868
v 0.097255 0.851411 -0.068614
v 0.101639 0.853827 -0.070454
v 0.104824 0.853884 -0.069577
v 0.106256 0.851158 -0.068380
v 0.104504 0.848375 -0.068060
v 0.101319 0.848319 -0.068937
v 0.099886 0.851045 -0.070134
v 0.103360 0.850264 -0.071481
v 0.103360 0.850264 -0.071481
v 0.103360 0.850264 -0.071481
v 0.103360 0.850264 -0.071481
v 0.103360 0.850264 -0.071481
v 0.103360 0.850264 -0.071481
v 0.103903 0.858234 -0.073247
v 0.106177 0.858234 -0.065887
v 0.113234 0.855758 -0.064036
v 0.118015 0.853282 -0.069546
v 0.115741 0.853282 -0.076906
v 0.108684 0.855758 -0.078757
v 0.106660 0.859796 -0.073028
v 0.108192 0.859407 -0.067619
v 0.113449 0.857876 -0.066283
v 0.117173 0.856735 -0.070356
v 0.115641 0.857124 -0.075766
v 0.110384 0.858655 -0.077102
v 0.109258 0.862204 -0.072294
v 0.110140 0.861698 -0.068874
v 0.113352 0.860392 -0.068034
v 0.115683 0.859592 -0.070614
v 0.114802 0.860098 -0.074034
v 0.111589 0.861404 -0.074874
v 0.113866 0.863209 -0.071463
v 0.113866 0.863209 -0.071463
v 0.113866 0.863209 -0.071463
v 0.113866 0.863209 -0.071463
v 0.113866 0.863209 -0.071463
v 0.113866 0.863209 -0.071463
v 0.114477 0.866875 -0.080650
v 0.120493 0.866875 -0.074066
v 0.125316 0.859554 -0.072433
v 0.124125 0.852232 -0.077384
v 0.118110 0.852232 -0.083969
v 0.113286 0.859554 -0.085602
v 0.117734 0.865708 -0.081968
v 0.121620 0.865473 -0.076831
v 0.125291 0.860276 -0.075803
v 0.125077 0.855315 -0.079912
v 0.121191 0.855550 -0.085049
v 0.117520 0.860747 -0.086077
v 0.121368 0.865190 -0.082813
v 0.123908 0.865127 -0.079759
v 0.126217 0.861950 -0.079160
v 0.125986 0.858836 -0.081617
v 0.123447 0.858899 -0.084671
v 0.121138 0.862076 -0.085270
v 0.125583 0.862903 -0.084364
v 0.125583 0.862903 -0.084364
v 0.125583 0.862903 -0.084364
v 0.125583 0.862903 -0.084364
v 0.125583 0.862903 -0.084364
v 0.125583 0.862903 -0.084364
v -0.267005 1.345244 -0.093091
v -0.265699 1.345244 -0.096724
v -0.266363 1.342208 -0.099014
v -0.268333 1.339172 -0.097671
v -0.269639 1.339172 -0.094038
v -0.268976 1.342208 -0.091748
v -0.319890 1.367787 -0.114159
v -0.319890 1.367787 -0.114159
v -0.319890 1.367787 -0.114159
v -0.319890 1.367787 -0.114159
v -0.319890 1.367787 -0.114159
v -0.319890 1.367787 -0.114159
v -0.273071 1.312725 0.015414
v -0.279973 1.312725 0.008943
v -0.280489 1.305745 0.002577
v -0.274103 1.298765 0.002682
v -0.267201 1.298765 0.009154
v -0.266685 1.305745 0.015519
v -0.306116 1.281204 0.048712
v -0.310655 1.281547 0.043650
v -0.310974 1.276567 0.039020
v -0.306754 1.271243 0.039452
v -0.302215 1.270899 0.044514
v -0.301896 1.275880 0.049143
v -0.348009 1.254772 0.075097
v -0.351018 1.254809 0.072233
v -0.351438 1.251608 0.069620
v -0.348849 1.248369 0.069870
v -0.345840 1.248332 0.072734
v -0.345420 1.251533 0.075347
v -0.375086 1.226865 0.115576
v -0.375086 1.226865 0.115576
v -0.375086 1.226865 0.115576
v -0.375086 1.226865 0.115576
v -0.375086 1.226865 0.115576
v -0.375086 1.226865 0.115576
v -0.414452 1.386276 0.059011
v -0.407187 1.386276 0.050494
v -0.403830 1.376588 0.046001
v -0.407737 1.366900 0.050025
v -0.415002 1.366900 0.058542
v -0.418359 1.376588 0.063035
v -0.464715 1.385985 0.014019
v -0.459642 1.385987 0.007881
v -0.457067 1.379092 0.004842
v -0.459565 1.372196 0.007941
v -0.464638 1.372194 0.014079
v -0.467213 1.379089 0.017118
v -0.515721 1.379713 -0.028869
v -0.512390 1.379686 -0.032229
v -0.511144 1.375614 -0.034293
v -0.513230 1.371570 -0.032996
v -0.516561 1.371597 -0.029636
v -0.517806 1.375669 -0.027573
v -0.554268 1.397269 -0.080494
v -0.554268 1.397269 -0.080494
v -0.554268 1.397269 -0.080494
v -0.554268 1.397269 -0.080494
v -0.554268 1.397269 -0.080494
v -0.554268 1.397269 -0.080494
v -0.474800 1.432719 0.069967
v -0.485097 1.432719 0.063709
v -0.491326 1.422493 0.062357
v -0.487257 1.412267 0.067263
v -0.476960 1.412267 0.073521
v -0.470732 1.422493 0.074873
v -0.512572 1.443807 0.128753
v -0.519506 1.443648 0.123781
v -0.524048 1.436465 0.123022
v -0.521658 1.429440 0.127235
v -0.514725 1.429599 0.132207
v -0.510182 1.436782 0.132966
v -0.557897 1.465436 0.178740
v -0.562219 1.465461 0.176193
v -0.564908 1.461246 0.175775
v -0.563275 1.457008 0.177904
v -0.558954 1.456983 0.180451
v -0.556264 1.461197 0.180869
v -0.585468 1.468711 0.244296
v -0.585468 1.468711 0.244296
v -0.585468 1.468711 0.244296
v -0.585468 1.468711 0.244296
v -0.585468 1.468711 0.244296
v -0.585468 1.468711 0.244296
v -0.538985 1.474860 0.092805
v -0.542558 1.474860 0.080308
v -0.550093 1.465322 0.075702
v -0.554054 1.455783 0.083595
v -0.550481 1.455783 0.096093
v -0.542946 1.465322 0.100698
v -0.610346 1.517106 0.111230
v -0.613528 1.517503 0.102643
v -0.618599 1.510632 0.099313
v -0.620488 1.503365 0.104570
v -0.617306 1.502969 0.113156
v -0.612235 1.509839 0.116486
v -0.683062 1.545515 0.145303
v -0.684046 1.545274 0.140067
v -0.686647 1.541087 0.138033
v -0.688264 1.537140 0.141235
v -0.687279 1.537381 0.146470
v -0.684678 1.541568 0.148505
v -0.756093 1.586464 0.130844
v -0.756093 1.586464 0.130844
v -0.756093 1.586464 0.130844
v -0.756093 1.586464 0.130844
v -0.756093 1.586464 0.130844
v -0.756093 1.586464 0.130844
v -0.682929 1.545791 0.144292
v -0.686731 1.545791 0.140553
v -0.689464 1.541327 0.139529
v -0.688396 1.536864 0.142245
v -0.684594 1.536864 0.145985
v -0.681861 1.541327 0.147009
v -0.742975 1.563068 0.201534
v -0.742975 1.563068 0.201534
v -0.742975 1.563068 0.201534
v -0.742975 1.563068 0.201534
v -0.742975 1.563068 0.201534
v -0.742975 1.563068 0.201534
v 0.252308 1.481709 0.125837
v 0.244862 1.481709 0.126005
v 0.241085 1.475707 0.123727
v 0.244755 1.469705 0.121280
v 0.252201 1.469705 0.121111
v 0.255978 1.475707 0.123390
v 0.253745 1.437590 0.233159
v 0.248280 1.437625 0.233183
v 0.245512 1.433130 0.231770
v 0.248209 1.428599 0.230331
v 0.253674 1.428564 0.230307
v 0.256442 1.433059 0.231720
v 0.250856 1.408563 0.345961
v 0.247378 1.408524 0.346134
v 0.245607 1.405766 0.344957
v 0.247313 1.403047 0.343607
v 0.250791 1.403085 0.343434
v 0.252563 1.405843 0.344611
v 0.262307 1.337733 0.438152
v 0.262307 1.337733 0.438152
v 0.262307 1.337733 0.438152
v 0.262307 1.337733 0.438152
v 0.262307 1.337733 0.438152
v 0.262307 1.337733 0.438152
v 0.204185 1.759846 0.654945
v 0.200135 1.759846 0.654764
v 0.198143 1.756413 0.653937
v 0.200200 1.752981 0.653289
v 0.204250 1.752981 0.653470
v 0.206243 1.756413 0.654297
v 0.195741 1.725201 0.799065
v 0.195741 1.725201 0.799065
v 0.195741 1.725201 0.799065
v 0.195741 1.725201 0.799065
v 0.195741 1.725201 0.799065
v 0.195741 1.725201 0.799065
v 0.434170 1.718813 0.568736
v 0.429743 1.718813 0.577709
v 0.424313 1.710925 0.580608
v 0.423310 1.703038 0.574535
v 0.427737 1.703038 0.565563
v 0.433167 1.710925 0.562663
v 0.498672 1.683095 0.602144
v 0.495765 1.682958 0.608697
v 0.491899 1.677293 0.610787
v 0.490940 1.671764 0.606323
v 0.493847 1.671901 0.599770
v 0.497713 1.677567 0.597681
v 0.564659 1.644513 0.628182
v 0.563415 1.644164 0.632320
v 0.561260 1.640644 0.633645
v 0.560348 1.637474 0.630833
v 0.561592 1.637823 0.626695
v 0.563747 1.641343 0.625369
v 0.634429 1.605447 0.640112
v 0.634429 1.605447 0.640112
v 0.634429 1.605447 0.640112
v 0.634429 1.605447 0.640112
v 0.634429 1.605447 0.640112
v 0.634429 1.605447 0.640112
v 0.564496 1.644712 0.628508
v 0.561179 1.644712 0.631300
v 0.559187 1.640994 0.632299
v 0.560512 1.637275 0.630507
v 0.563828 1.637275 0.627715
v 0.565820 1.640994 0.626715
v 0.614125 1.629822 0.690824
v 0.614125 1.629822 0.690824
v 0.614125 1.629822 0.690824
v 0.614125 1.629822 0.690824
v 0.614125 1.629822 0.690824
v 0.614125 1.629822 0.690824
v 0.633740 1.834293 0.859011
v 0.622115 1.834293 0.858001
v 0.616495 1.824435 0.855280
v 0.622500 1.814577 0.853569
v 0.634125 1.814577 0.854579
v 0.639745 1.824435 0.857300
v 0.627139 1.818478 0.915404
v 0.618924 1.818545 0.914380
v 0.614943 1.811564 0.912389
v 0.619177 1.804516 0.911423
v 0.627392 1.804448 0.912447
v 0.631374 1.811429 0.914437
v 0.616040 1.804199 0.971730
v 0.611153 1.804105 0.971609
v 0.608820 1.800050 0.970186
v 0.611374 1.796090 0.968884
v 0.616261 1.796183 0.969004
v 0.618594 1.800238 0.970427
v 0.621181 1.774325 1.022581
v 0.621181 1.774325 1.022581
v 0.621181 1.774325 1.022581
v 0.621181 1.774325 1.022581
v 0.621181 1.774325 1.022581
v 0.621181 1.774325 1.022581
v 0.703761 1.915447 0.987391
v 0.692685 1.915447 0.993456
v 0.689475 1.905643 1.000740
v 0.697342 1.895840 1.001960
v 0.708418 1.895840 0.995895
v 0.711628 1.905643 0.988610
v 0.729952 1.940493 1.039081
v 0.722096 1.940457 1.043303
v 0.719988 1.933710 1.048743
v 0.725736 1.927000 1.049960
v 0.733592 1.927037 1.045737
v 0.735700 1.933783 1.040297
v 0.753382 1.971449 1.088293
v 0.749919 1.972316 1.092087
v 0.749082 1.968686 1.095729
v 0.751708 1.964189 1.095576
v 0.755171 1.963322 1.091782
v 0.756008 1.966952 1.088140
v 0.811820 1.980545 1.110473
v 0.811820 1.980545 1.110473
v 0.811820 1.980545 1.110473
v 0.811820 1.980545 1.110473
v 0.811820 1.980545 1.110473
v 0.811820 1.980545 1.110473
v 0.754918 1.972330 1.090859
v 0.750114 1.972330 1.092873
v 0.747741 1.967819 1.093948
v 0.750172 1.963308 1.093010
v 0.754976 1.963308 1.090997
v 0.757349 1.967819 1.089921
v 0.777050 1.968869 1.150394
v 0.777050 1.968869 1.150394
v 0.777050 1.968869 1.150394
v 0.777050 1.968869 1.150394
v 0.777050 1.968869 1.150394
v 0.777050 1.968869 1.150394
v -0.121120 1.947271 0.051798
v -0.125370 1.947271 0.052493
v -0.126975 1.945399 0.056024
v -0.124329 1.943526 0.058859
v -0.120079 1.943526 0.058164
v -0.118475 1.945399 0.054634
v -0.114319 2.035095 0.106734
v -0.114319 2.035095 0.106734
v -0.114319 2.035095 0.106734
v -0.114319 2.035095 0.106734
v -0.114319 2.035095 0.106734
v -0.114319 2.035095 0.106734
v -0.245294 2.239555 -0.143887
v -0.243447 2.239555 -0.148444
v -0.243463 2.235419 -0.151103
v -0.245324 2.231283 -0.149204
v -0.247170 2.231283 -0.144647
v -0.247155 2.235419 -0.141988
v -0.358033 2.265188 -0.192208
v -0.358033 2.265188 -0.192208
v -0.358033 2.265188 -0.192208
v -0.358033 2.265188 -0.192208
v -0.358033 2.265188 -0.192208
v -0.358033 2.265188 -0.192208
v -0.224923 2.277072 -0.383352
v -0.222302 2.277072 -0.392518
v -0.225083 2.269997 -0.398272
v -0.230486 2.262921 -0.394859
v -0.233108 2.262921 -0.385693
v -0.230327 2.269997 -0.379939
v -0.347066 2.349769 -0.420366
v -0.346408 2.350218 -0.425825
v -0.347906 2.346066 -0.429135
v -0.350062 2.341465 -0.426985
v -0.350720 2.341016 -0.421526
v -0.349222 2.345169 -0.418216
v -0.490036 2.382458 -0.411477
v -0.490036 2.382458 -0.411477
v -0.490036 2.382458 -0.411477
v -0.490036 2.382458 -0.411477
v -0.490036 2.382458 -0.411477
v -0.490036 2.382458 -0.411477
v -0.100774 2.487824 -0.301490
v -0.097120 2.487824 -0.292045
v -0.087517 2.485100 -0.290331
v -0.081569 2.482376 -0.298062
v -0.085224 2.482376 -0.307507
v -0.094826 2.485100 -0.309221
v -0.051005 2.636530 -0.318459
v -0.048523 2.637622 -0.313317
v -0.043084 2.635849 -0.312280
v -0.040128 2.632982 -0.316384
v -0.042611 2.631890 -0.321526
v -0.048049 2.633663 -0.322564
v 0.015336 2.748825 -0.407240
v 0.015336 2.748825 -0.407240
v 0.015336 2.748825 -0.407240
v 0.015336 2.748825 -0.407240
v 0.015336 2.748825 -0.407240
v 0.015336 2.748825 -0.407240
v -0.078019 2.616304 -0.691456
v -0.072643 2.616304 -0.694356
v -0.070497 2.611139 -0.696811
v -0.073727 2.605974 -0.696366
v -0.079103 2.605974 -0.693466
v -0.081249 2.611139 -0.691011
v -0.153843 2.647439 -0.838443
v -0.153843 2.647439 -0.838443
v -0.153843 2.647439 -0.838443
v -0.153843 2.647439 -0.838443
v -0.153843 2.647439 -0.838443
v -0.153843 2.647439 -0.838443
v -0.265644 2.866729 -0.236876
v -0.269136 2.866729 -0.242240
v -0.272616 2.861586 -0.243794
v -0.272605 2.856443 -0.239983
v -0.269113 2.856443 -0.234618
v -0.265632 2.861586 -0.233065
v -0.408246 2.928371 -0.147871
v -0.408246 2.928371 -0.147871
v -0.408246 2.928371 -0.147871
v -0.408246 2.928371 -0.147871
v -0.408246 2.928371 -0.147871
v -0.408246 2.928371 -0.147871
v -0.420193 2.790209 1.397258
v -0.425072 2.790209 1.397416
v -0.427453 2.786388 1.399302
v -0.424955 2.782567 1.401031
v -0.420076 2.782567 1.400873
v -0.417695 2.786388 1.398987
v -0.414007 2.911750 1.663900
v -0.414007 2.911750 1.663900
v -0.414007 2.911750 1.663900
v -0.414007 2.911750 1.663900
v -0.414007 2.911750 1.663900
v -0.414007 2.911750 1.663900
v -0.777486 2.995912 0.986669
v -0.778992 2.995912 0.978059
v -0.784919 2.990462 0.974660
v -0.789341 2.985013 0.979869
v -0.787835 2.985013 0.988479
v -0.781908 2.990462 0.991878
v -1.002406 3.211300 1.024194
v -1.003699 3.211643 1.019252
v -1.006803 3.208143 1.017170
v -1.008614 3.204302 1.020030
v -1.007321 3.203960 1.024972
v -1.004217 3.207459 1.027054
v -1.270060 3.332335 1.134258
v -1.270060 3.332335 1.134258
v -1.270060 3.332335 1.134258
v -1.270060 3.332335 1.134258
v -1.270060 3.332335 1.134258
v -1.270060 3.332335 1.134258
v -0.746699 2.861109 1.152682
v -0.756233 2.861109 1.143739
v -0.760348 2.849829 1.138572
v -0.754929 2.838548 1.142349
v -0.745395 2.838548 1.151292
v -0.741280 2.849829 1.156458
v -0.960624 2.831535 1.377833
v -0.965845 2.831653 1.370242
v -0.968287 2.823737 1.366206
v -0.965508 2.815703 1.369762
v -0.960287 2.815585 1.377354
v -0.957845 2.823501 1.381390
v -1.250564 2.833492 1.494094
v -1.252654 2.833622 1.489163
v -1.253405 2.829064 1.486451
v -1.252066 2.824375 1.488670
v -1.249976 2.824245 1.493601
v -1.249225 2.828803 1.496313
v -1.532406 2.774620 1.613772
v -1.532406 2.774620 1.613772
v -1.532406 2.774620 1.613772
v -1.532406 2.774620 1.613772
v -1.532406 2.774620 1.613772
v -1.532406 2.774620 1.613772
v -0.958048 2.831334 1.374249
v -0.966107 2.831334 1.369781
v -0.971125 2.823619 1.369329
v -0.968084 2.815903 1.373346
v -0.960025 2.815903 1.377815
v -0.955007 2.823619 1.378266
v -1.106313 2.907712 1.637738
v -1.111299 2.907833 1.635783
v -1.114024 2.903270 1.635109
v -1.111762 2.898586 1.636390
v -1.106776 2.898464 1.638345
v -1.104051 2.903028 1.639019
v -1.183064 2.871678 1.937849
v -1.183064 2.871678 1.937849
v -1.183064 2.871678 1.937849
v -1.183064 2.871678 1.937849
v -1.183064 2.871678 1.937849
v -1.183064 2.871678 1.937849
v -0.680452 3.291591 1.415338
v -0.681862 3.291591 1.424921
v -0.677329 3.285085 1.430484
v -0.671385 3.278578 1.426463
v -0.669975 3.278578 1.416880
v -0.674509 3.285085 1.411317
v -0.407505 3.511787 1.457573
v -0.407946 3.512087 1.463141
v -0.405198 3.508434 1.466365
v -0.402009 3.504482 1.464021
v -0.401568 3.504182 1.458453
v -0.404316 3.507835 1.455230
v -0.122324 3.719621 1.441394
v -0.122324 3.719621 1.441394
v -0.122324 3.719621 1.441394
v -0.122324 3.719621 1.441394
v -0.122324 3.719621 1.441394
v -0.122324 3.719621 1.441394
v -0.949218 3.177117 1.447076
v -0.948171 3.177117 1.432631
v -0.952953 3.165758 1.425024
v -0.958782 3.154399 1.431862
v -0.959829 3.154399 1.446307
v -0.955047 3.165758 1.453914
v -1.190959 3.286573 1.427349
v -1.192405 3.287460 1.417336
v -1.196048 3.279613 1.412017
v -1.198245 3.270880 1.416711
v -1.196799 3.269993 1.426724
v -1.193156 3.277840 1.432043
v -1.431357 3.335802 1.526157
v -1.433596 3.336956 1.520901
v -1.437238 3.333163 1.518389
v -1.438642 3.328216 1.521133
v -1.436403 3.327063 1.526388
v -1.432761 3.330856 1.528900
v -1.590416 3.513066 1.642049
v -1.590416 3.513066 1.642049
v -1.590416 3.513066 1.642049
v -1.590416 3.513066 1.642049
v -1.590416 3.513066 1.642049
v -1.590416 3.513066 1.642049
v -1.193407 3.286276 1.428716
v -1.188103 3.286276 1.420056
v -1.189299 3.278727 1.413370
v -1.195798 3.271177 1.415344
v -1.201102 3.271177 1.424004
v -1.199906 3.278727 1.430690
v -1.388986 3.419757 1.306400
v -1.385947 3.419760 1.301427
v -1.386556 3.415375 1.297637
v -1.390205 3.410987 1.298819
v -1.393243 3.410984 1.303792
v -1.392634 3.415369 1.307582
v -1.589681 3.542165 1.180771
v -1.589681 3.542165 1.180771
v -1.589681 3.542165 1.180771
v -1.589681 3.542165 1.180771
v -1.589681 3.542165 1.180771
v -1.589681 3.542165 1.180771
v -1.434332 3.336746 1.526973
v -1.432384 3.336746 1.521481
v -1.433051 3.332009 1.518152
v -1.435667 3.327272 1.520316
v -1.437615 3.327272 1.525809
v -1.436947 3.332009 1.529137
v -1.670632 3.423928 1.440075
v -1.670632 3.423928 1.440075
v -1.670632 3.423928 1.440075
v -1.670632 3.423928 1.440075
v -1.670632 3.423928 1.440075
v -1.670632 3.423928 1.440075
v -1.047447 3.361524 1.573708
v -1.062613 3.361524 1.572979
v -1.070198 3.348376 1.572673
v -1.062618 3.335227 1.573096
v -1.047453 3.335227 1.573826
v -1.039867 3.348376 1.574132
v -1.060006 3.358533 1.787311
v -1.070613 3.358508 1.787892
v -1.075919 3.349308 1.787724
v -1.070620 3.340133 1.786974
v -1.060014 3.340158 1.786392
v -1.054707 3.349358 1.786561
v -1.028744 3.332436 1.997045
v -1.034744 3.332401 1.997899
v -1.037736 3.327137 1.998170
v -1.034727 3.321908 1.997586
v -1.028727 3.321943 1.996731
v -1.025735 3.327207 1.996461
v -1.005095 3.336807 2.209421
v -1.005095 3.336807 2.209421
v -1.005095 3.336807 2.209421
v -1.005095 3.336807 2.209421
v -1.005095 3.336807 2.209421
v -1.005095 3.336807 2.209421
v -1.171926 3.533726 1.673894
v -1.159647 3.533726 1.683963
v -1.145396 3.528682 1.679106
v -1.143422 3.523638 1.664179
v -1.155700 3.523638 1.654109
v -1.169952 3.528682 1.658967
v -1.070965 3.916690 1.555011
v -1.063064 3.915118 1.562626
v -1.054397 3.908589 1.560356
v -1.053631 3.903632 1.550469
v -1.061533 3.905204 1.542854
v -1.070200 3.911733 1.545125
v -0.771441 4.148422 1.391701
v -0.767422 4.146912 1.396302
v -0.763003 4.142543 1.395311
v -0.762602 4.139685 1.389719
v -0.766621 4.141195 1.385118
v -0.771040 4.145564 1.386109
v -0.554459 4.481924 1.296853
v -0.554459 4.481924 1.296853
v -0.554459 4.481924 1.296853
v -0.554459 4.481924 1.296853
v -0.554459 4.481924 1.296853
v -0.554459 4.481924 1.296853
v -1.062409 3.914587 1.562904
v -1.053051 3.914587 1.556960
v -1.052941 3.910161 1.546796
v -1.062188 3.905735 1.542576
v -1.071545 3.905735 1.548521
v -1.071656 3.910161 1.558684
v -1.163993 4.277303 1.398552
v -1.158774 4.277554 1.395045
v -1.158436 4.274299 1.389670
v -1.163318 4.270794 1.387801
v -1.168537 4.270544 1.391308
v -1.168875 4.273798 1.396684
v -1.361572 4.540485 1.152368
v -1.361572 4.540485 1.152368
v -1.361572 4.540485 1.152368
v -1.361572 4.540485 1.152368
v -1.361572 4.540485 1.152368
v -1.361572 4.540485 1.152368
v -1.253120 3.729584 1.758521
v -1.264055 3.729584 1.746449
v -1.277816 3.720995 1.747926
v -1.280641 3.712406 1.761474
v -1.269706 3.712406 1.773545
v -1.255946 3.720995 1.772069
v -1.316288 3.830678 1.812448
v -1.323496 3.829907 1.803704
v -1.333350 3.824395 1.804936
v -1.335997 3.819654 1.814912
v -1.328790 3.820425 1.823657
v -1.318935 3.825937 1.822425
v -1.375801 3.945564 1.834153
v -1.379649 3.944687 1.829077
v -1.385213 3.941541 1.829767
v -1.386930 3.939272 1.835533
v -1.383082 3.940149 1.840608
v -1.377517 3.943295 1.839918
v -1.447458 4.051367 1.866580
v -1.447458 4.051367 1.866580
v -1.447458 4.051367 1.866580
v -1.447458 4.051367 1.866580
v -1.447458 4.051367 1.866580
v -1.447458 4.051367 1.866580
v 0.819052 2.916225 0.096631
v 0.814949 2.916225 0.098839
v 0.813376 2.912318 0.100831
v 0.815905 2.908412 0.100615
v 0.820007 2.908412 0.098406
v 0.821581 2.912318 0.096414
v 0.889020 2.951257 0.231520
v 0.889020 2.951257 0.231520
v 0.889020 2.951257 0.231520
v 0.889020 2.951257 0.231520
v 0.889020 2.951257 0.231520
v 0.889020 2.951257 0.231520
v 0.756295 2.958277 -0.266862
v 0.764466 2.958277 -0.268709
v 0.767947 2.951560 -0.272310
v 0.763256 2.944844 -0.274063
v 0.755085 2.944844 -0.272216
v 0.751604 2.951560 -0.268616
v 0.723134 3.019585 -0.421295
v 0.727760 3.019801 -0.423012
v 0.729878 3.015767 -0.424916
v 0.727371 3.011516 -0.425103
v 0.722746 3.011299 -0.423386
v 0.720627 3.015334 -0.421483
v 0.644503 3.032776 -0.570840
v 0.644503 3.032776 -0.570840
v 0.644503 3.032776 -0.570840
v 0.644503 3.032776 -0.570840
v 0.644503 3.032776 -0.570840
v 0.644503 3.032776 -0.570840
v 0.938411 3.341776 -0.232520
v 0.942113 3.341776 -0.228786
v 0.945136 3.337533 -0.228082
v 0.944459 3.333291 -0.231112
v 0.940757 3.333291 -0.234845
v 0.937734 3.337533 -0.235549
v 1.062173 3.403714 -0.351520
v 1.062173 3.403714 -0.351520
v 1.062173 3.403714 -0.351520
v 1.062173 3.403714 -0.351520
v 1.062173 3.403714 -0.351520
v 1.062173 3.403714 -0.351520
v -0.532867 2.838802 0.057862
v -0.535645 2.838802 0.052429
v -0.540536 2.835271 0.051502
v -0.542648 2.831741 0.056009
v -0.539871 2.831741 0.061443
v -0.534980 2.835271 0.062369
v -0.585283 2.894733 0.081232
v -0.585283 2.894733 0.081232
v -0.585283 2.894733 0.081232
v -0.585283 2.894733 0.081232
v -0.585283 2.894733 0.081232
v -0.585283 2.894733 0.081232
v 0.195901 2.622677 0.804981
v 0.189680 2.622677 0.808193
v 0.186481 2.616617 0.809628
v 0.189503 2.610557 0.807850
v 0.195724 2.610557 0.804637
v 0.198923 2.616617 0.803203
v 0.281871 2.614230 0.974466
v 0.278096 2.614229 0.976420
v 0.276077 2.610559 0.977142
v 0.277833 2.606889 0.975911
v 0.281609 2.606889 0.973957
v 0.283628 2.610560 0.973235
v 0.366684 2.587108 1.142600
v 0.366684 2.587108 1.142600
v 0.366684 2.587108 1.142600
v 0.366684 2.587108 1.142600
v 0.366684 2.587108 1.142600
v 0.366684 2.587108 1.142600
v 0.286055 3.122784 0.695663
v 0.290220 3.122784 0.697321
v 0.293301 3.119995 0.695641
v 0.292218 3.117206 0.692303
v 0.288052 3.117206 0.690645
v 0.284971 3.119995 0.692325
v 0.343662 3.262730 0.557015
v 0.343662 3.262730 0.557015
v 0.343662 3.262730 0.557015
v 0.343662 3.262730 0.557015
v 0.343662 3.262730 0.557015
v 0.343662 3.262730 0.557015
v 0.826933 3.025649 0.992786
v 0.829335 3.025649 0.997106
v 0.830399 3.021371 0.999342
v 0.829061 3.017093 0.997258
v 0.826659 3.017093 0.992938
v 0.825595 3.021371 0.990702
v 1.033697 3.012734 0.880663
v 1.033697 3.012734 0.880663
v 1.033697 3.012734 0.880663
v 1.033697 3.012734 0.880663
v 1.033697 3.012734 0.880663
v 1.033697 3.012734 0.880663
v 0.462663 3.311989 1.115102
v 0.463855 3.311989 1.123863
v 0.471900 3.310534 1.127229
v 0.478752 3.309078 1.121836
v 0.477560 3.309078 1.113075
v 0.469516 3.310534 1.109708
v 0.513338 3.557961 1.110059
v 0.514038 3.557976 1.115182
v 0.518623 3.556644 1.117168
v 0.522507 3.555298 1.114032
v 0.521806 3.555283 1.108909
v 0.517221 3.556614 1.106923
v 0.618123 3.785899 1.096912
v 0.618123 3.785899 1.096912
v 0.618123 3.785899 1.096912
v 0.618123 3.785899 1.096912
v 0.618123 3.785899 1.096912
v 0.618123 3.785899 1.096912
v 0.624015 3.037231 1.426332
v 0.615513 3.037231 1.430085
v 0.610468 3.029426 1.430164
v 0.613926 3.021620 1.426491
v 0.622428 3.021620 1.422737
v 0.627473 3.029426 1.422658
v 0.726259 2.968890 1.662603
v 0.722003 2.968381 1.665883
v 0.718819 2.964038 1.665519
v 0.719891 2.960204 1.661874
v 0.724147 2.960713 1.658594
v 0.727330 2.965056 1.658959
v 0.902728 2.793595 1.757955
v 0.902728 2.793595 1.757955
v 0.902728 2.793595 1.757955
v 0.902728 2.793595 1.757955
v 0.902728 2.793595 1.757955
v 0.902728 2.793595 1.757955
v 0.725791 2.968725 1.664312
v 0.720394 2.968725 1.664356
v 0.717678 2.964547 1.662283
v 0.720359 2.960370 1.660165
v 0.725756 2.960370 1.660121
v 0.728472 2.964547 1.662194
v 0.725028 2.845351 1.899831
v 0.725028 2.845351 1.899831
v 0.725028 2.845351 1.899831
v 0.725028 2.845351 1.899831
v 0.725028 2.845351 1.899831
v 0.725028 2.845351 1.899831
v 0.777968 3.302492 1.453128
v 0.764772 3.302492 1.447031
v 0.755140 3.292186 1.450547
v 0.758706 3.281880 1.460159
v 0.771903 3.281880 1.466257
v 0.781534 3.292186 1.462741
v 0.681159 3.456146 1.656939
v 0.673124 3.454707 1.650837
v 0.667191 3.446513 1.652073
v 0.669292 3.439759 1.659410
v 0.677327 3.441199 1.665512
v 0.683261 3.449393 1.664276
v 0.468433 3.566382 1.790789
v 0.465909 3.564546 1.785846
v 0.464394 3.558932 1.785248
v 0.465402 3.555154 1.789593
v 0.467926 3.556989 1.794536
v 0.469442 3.562603 1.795134
v 0.204747 3.553554 1.859198
v 0.204747 3.553554 1.859198
v 0.204747 3.553554 1.859198
v 0.204747 3.553554 1.859198
v 0.204747 3.553554 1.859198
v 0.204747 3.553554 1.859198
v 0.681193 3.452839 1.651513
v 0.671081 3.452839 1.650249
v 0.665113 3.447953 1.656911
v 0.669258 3.443067 1.664836
v 0.679370 3.443067 1.666100
v 0.685338 3.447953 1.659438
v 0.660027 3.676700 1.803413
v 0.654215 3.677239 1.803085
v 0.650794 3.674335 1.806831
v 0.653185 3.670890 1.810905
v 0.658996 3.670351 1.811232
v 0.662417 3.673255 1.807486
v 0.694628 3.862980 1.997713
v 0.694628 3.862980 1.997713
v 0.694628 3.862980 1.997713
v 0.694628 3.862980 1.997713
v 0.694628 3.862980 1.997713
v 0.694628 3.862980 1.997713
v 0.470107 3.565667 1.790126
v 0.464703 3.565667 1.787896
v 0.461514 3.560768 1.787960
v 0.463729 3.555869 1.790255
v 0.469132 3.555869 1.792486
v 0.472321 3.560768 1.792421
v 0.366778 3.629149 2.032768
v 0.366778 3.629149 2.032768
v 0.366778 3.629149 2.032768
v 0.366778 3.629149 2.032768
v 0.366778 3.629149 2.032768
v 0.366778 3.629149 2.032768
v 0.858230 3.385725 1.573309
v 0.848706 3.385725 1.585162
v 0.840907 3.373147 1.588647
v 0.842632 3.360569 1.580280
v 0.852156 3.360569 1.568428
v 0.859955 3.373147 1.564942
v 1.021864 3.315988 1.707727
v 1.014995 3.316068 1.715848
v 1.009565 3.307259 1.718308
v 1.011004 3.298370 1.712647
v 1.017873 3.298290 1.704526
v 1.023303 3.307099 1.702066
v 1.180338 3.254207 1.853055
v 1.176345 3.254289 1.857624
v 1.172713 3.249519 1.858565
v 1.173074 3.244669 1.854936
v 1.177066 3.244587 1.850367
v 1.180699 3.249357 1.849427
v 1.318614 3.129727 1.977420
v 1.318614 3.129727 1.977420
v 1.318614 3.129727 1.977420
v 1.318614 3.129727 1.977420
v 1.318614 3.129727 1.977420
v 1.318614 3.129727 1.977420
v 0.984342 3.623101 1.819385
v 0.969875 3.623101 1.811385
v 0.962031 3.608840 1.808489
v 0.968655 3.594579 1.813592
v 0.983122 3.594579 1.821591
v 0.990966 3.608840 1.824488
v 0.915248 3.630841 1.939017
v 0.904745 3.630986 1.934285
v 0.898499 3.621316 1.933828
v 0.902756 3.611501 1.938102
v 0.913260 3.611356 1.942834
v 0.919506 3.621026 1.943291
v 0.869890 3.673769 2.062984
v 0.863701 3.674019 2.060978
v 0.859983 3.668681 2.061219
v 0.862453 3.663092 2.063465
v 0.868642 3.662841 2.065470
v 0.872360 3.668179 2.065230
v 0.828194 3.689070 2.196419
v 0.828194 3.689070 2.196419
v 0.828194 3.689070 2.196419
v 0.828194 3.689070 2.196419
v 0.828194 3.689070 2.196419
v 0.828194 3.689070 2.196419
v 0.912700 3.631116 1.943048
v 0.906663 3.631116 1.933235
v 0.902966 3.621171 1.928747
v 0.905305 3.611225 1.934071
v 0.911341 3.611225 1.943884
v 0.915039 3.621171 1.948372
v 0.791798 3.637994 2.014494
v 0.788117 3.638001 2.009125
v 0.786430 3.632370 2.006327
v 0.788424 3.626731 2.008898
v 0.792106 3.626724 2.014268
v 0.793793 3.632355 2.017066
v 0.679911 3.611768 2.095606
v 0.679911 3.611768 2.095606
v 0.679911 3.611768 2.095606
v 0.679911 3.611768 2.095606
v 0.679911 3.611768 2.095606
v 0.679911 3.611768 2.095606
v 1.028287 3.752857 1.917175
v 1.013003 3.752857 1.924229
v 1.009697 3.742588 1.937151
v 1.021675 3.732318 1.943019
v 1.036959 3.732318 1.935964
v 1.040265 3.742588 1.923043
v 1.059084 3.826137 1.989961
v 1.048170 3.825291 1.994154
v 1.045950 3.818397 2.003370
v 1.054644 3.812347 2.008394
v 1.065558 3.813193 2.004201
v 1.067778 3.820088 1.994984
v 1.064131 3.910340 2.056633
v 1.058056 3.910176 2.059234
v 1.056894 3.906646 2.064702
v 1.061809 3.903279 2.067569
v 1.067885 3.903442 2.064967
v 1.069046 3.906973 2.059500
v 1.103531 3.989260 2.118857
v 1.103531 3.989260 2.118857
v 1.103531 3.989260 2.118857
v 1.103531 3.989260 2.118857
v 1.103531 3.989260 2.118857
v 1.103531 3.989260 2.118857
v 0.573096 3.576900 0.178291
v 0.570941 3.576900 0.180593
v 0.569542 3.574204 0.181443
v 0.570297 3.571509 0.179990
v 0.572451 3.571509 0.177687
v 0.573851 3.574204 0.176838
v 0.643397 3.558116 0.246243
v 0.643397 3.558116 0.246243
v 0.643397 3.558116 0.246243
v 0.643397 3.558116 0.246243
v 0.643397 3.558116 0.246243
v 0.643397 3.558116 0.246243
v 0.607246 3.771954 -0.028671
v 0.610471 3.771954 -0.024374
v 0.613448 3.767625 -0.023249
v 0.613200 3.763297 -0.026422
v 0.609975 3.763297 -0.030719
v 0.606998 3.767625 -0.031843
v 0.693302 3.812264 -0.092058
v 0.695830 3.812462 -0.089739
v 0.697674 3.809668 -0.088965
v 0.696990 3.806676 -0.090509
v 0.694462 3.806477 -0.092828
v 0.692618 3.809271 -0.093603
v 0.754065 3.817909 -0.188662
v 0.754065 3.817909 -0.188662
v 0.754065 3.817909 -0.188662
v 0.754065 3.817909 -0.188662
v 0.754065 3.817909 -0.188662
v 0.754065 3.817909 -0.188662
v -0.343933 3.862115 0.792383
v -0.342653 3.862115 0.785026
v -0.343001 3.855726 0.781176
v -0.344628 3.849337 0.784682
v -0.345908 3.849337 0.792040
v -0.345560 3.855726 0.795890
v -0.433739 3.873806 0.775277
v -0.433475 3.873841 0.770801
v -0.433279 3.869976 0.768536
v -0.433348 3.866076 0.770747
v -0.433611 3.866040 0.775223
v -0.433807 3.869905 0.777488
v -0.523513 3.852859 0.777945
v -0.523513 3.852859 0.777945
v -0.523513 3.852859 0.777945
v -0.523513 3.852859 0.777945
v -0.523513 3.852859 0.777945
v -0.523513 3.852859 0.777945
v -0.396187 4.022479 0.806798
v -0.394148 4.022479 0.798667
v -0.396495 4.016104 0.793757
v -0.400883 4.009729 0.796978
v -0.402923 4.009729 0.805108
v -0.400575 4.016104 0.810018
v -0.486787 4.070192 0.782298
v -0.486067 4.070435 0.777415
v -0.487409 4.066656 0.774529
v -0.489470 4.062633 0.776525
v -0.490190 4.062390 0.781407
v -0.488848 4.066169 0.784294
v -0.587391 4.101180 0.778281
v -0.587391 4.101180 0.778281
v -0.587391 4.101180 0.778281
v -0.587391 4.101180 0.778281
v -0.587391 4.101180 0.778281
v -0.587391 4.101180 0.778281
v -0.043347 4.358942 -0.598314
v -0.046376 4.358942 -0.592338
v -0.043756 4.355451 -0.587255
v -0.038108 4.351959 -0.588148
v -0.035079 4.351959 -0.594124
v -0.037699 4.355451 -0.599207
v 0.017180 4.446072 -0.566184
v 0.015349 4.446099 -0.562516
v 0.016627 4.443554 -0.559567
v 0.019736 4.440980 -0.560286
v 0.021567 4.440952 -0.563954
v 0.020289 4.443498 -0.566903
v 0.100175 4.506342 -0.524039
v 0.100175 4.506342 -0.524039
v 0.100175 4.506342 -0.524039
v 0.100175 4.506342 -0.524039
v 0.100175 4.506342 -0.524039
v 0.100175 4.506342 -0.524039
v -0.154582 4.730317 -0.852334
v -0.150899 4.730317 -0.855340
v -0.149601 4.726291 -0.857508
v -0.151985 4.722264 -0.856670
v -0.155668 4.722264 -0.853664
v -0.156967 4.726291 -0.851497
v -0.235430 4.753997 -0.955163
v -0.235430 4.753997 -0.955163
v -0.235430 4.753997 -0.955163
v -0.235430 4.753997 -0.955163
v -0.235430 4.753997 -0.955163
v -0.235430 4.753997 -0.955163
v -0.424839 4.301159 -0.261414
v -0.430203 4.301159 -0.262414
v -0.433266 4.296916 -0.260871
v -0.430965 4.292672 -0.258327
v -0.425602 4.292672 -0.257327
v -0.422539 4.296916 -0.258870
v -0.434668 4.322918 -0.214099
v -0.438108 4.322978 -0.214613
v -0.440055 4.320258 -0.213660
v -0.438563 4.317479 -0.212194
v -0.435124 4.317420 -0.211681
v -0.433176 4.320139 -0.212633
v -0.441420 4.340062 -0.164325
v -0.441420 4.340062 -0.164325
v -0.441420 4.340062 -0.164325
v -0.441420 4.340062 -0.164325
v -0.441420 4.340062 -0.164325
v -0.441420 4.340062 -0.164325
v -0.349286 4.771169 -0.181465
v -0.349954 4.771169 -0.185539
v -0.351983 4.768033 -0.187297
v -0.353343 4.764897 -0.184983
v -0.352675 4.764897 -0.180909
v -0.350646 4.768033 -0.179151
v -0.491295 4.845712 -0.160260
v -0.491295 4.845712 -0.160260
v -0.491295 4.845712 -0.160260
v -0.491295 4.845712 -0.160260
v -0.491295 4.845712 -0.160260
v -0.491295 4.845712 -0.160260
v -0.051285 4.591351 -0.534676
v -0.046936 4.591351 -0.534769
v -0.044770 4.587605 -0.535211
v -0.046953 4.583859 -0.535559
v -0.051302 4.583859 -0.535465
v -0.053467 4.587605 -0.535023
v -0.052859 4.605894 -0.708624
v -0.052859 4.605894 -0.708624
v -0.052859 4.605894 -0.708624
v -0.052859 4.605894 -0.708624
v -0.052859 4.605894 -0.708624
v -0.052859 4.605894 -0.708624
v -0.595016 4.376033 -0.417934
v -0.593907 4.376033 -0.422367
v -0.592178 4.372265 -0.424290
v -0.591559 4.368497 -0.421780
v -0.592669 4.368497 -0.417347
v -0.594397 4.372265 -0.415424
v -0.766273 4.315004 -0.463149
v -0.766273 4.315004 -0.463149
v -0.766273 4.315004 -0.463149
v -0.766273 4.315004 -0.463149
v -0.766273 4.315004 -0.463149
v -0.766273 4.315004 -0.463149
v -0.781907 5.281154 -0.051014
v -0.787398 5.281154 -0.059511
v -0.790915 5.272441 -0.063261
v -0.788942 5.263728 -0.058513
v -0.783452 5.263728 -0.050016
v -0.779934 5.272441 -0.046266
v -0.986048 5.304192 0.079182
v -0.989722 5.304152 0.072938
v -0.992373 5.297933 0.070334
v -0.991348 5.291753 0.073974
v -0.987674 5.291792 0.080217
v -0.985023 5.298011 0.082821
v -1.197303 5.350692 0.189685
v -1.199974 5.350763 0.186225
v -1.201909 5.347080 0.184880
v -1.201172 5.343325 0.186996
v -1.198500 5.343254 0.190456
v -1.196566 5.346938 0.191801
v -1.360806 5.387839 0.365684
v -1.360806 5.387839 0.365684
v -1.360806 5.387839 0.365684
v -1.360806 5.387839 0.365684
v -1.360806 5.387839 0.365684
v -1.360806 5.387839 0.365684
v -0.960029 5.413120 -0.076807
v -0.951470 5.413120 -0.070169
v -0.941865 5.409589 -0.073717
v -0.940819 5.406057 -0.083903
v -0.949378 5.406057 -0.090541
v -0.958983 5.409589 -0.086993
v -0.904028 5.625912 -0.146488
v -0.897829 5.626308 -0.141902
v -0.891027 5.623609 -0.144364
v -0.890424 5.620514 -0.151412
v -0.896623 5.620118 -0.155998
v -0.903425 5.622817 -0.153535
v -0.853104 5.823832 -0.251451
v -0.849312 5.824825 -0.249025
v -0.845145 5.824089 -0.250856
v -0.844771 5.822361 -0.255114
v -0.848563 5.821368 -0.257540
v -0.852730 5.822104 -0.255709
v -0.898012 6.038958 -0.317826
v -0.898012 6.038958 -0.317826
v -0.898012 6.038958 -0.317826
v -0.898012 6.038958 -0.317826
v -0.898012 6.038958 -0.317826
v -0.898012 6.038958 -0.317826
v -0.852196 5.826322 -0.253764
v -0.849485 5.826322 -0.250034
v -0.846227 5.823096 -0.249553
v -0.845679 5.819870 -0.252801
v -0.848390 5.819870 -0.256531
v -0.851648 5.823096 -0.257012
v -0.698250 5.958984 -0.362818
v -0.698250 5.958984 -0.362818
v -0.698250 5.958984 -0.362818
v -0.698250 5.958984 -0.362818
v -0.698250 5.958984 -0.362818
v -0.698250 5.958984 -0.362818
v -1.101982 5.597125 -0.116878
v -1.094835 5.597125 -0.125939
v -1.091507 5.587135 -0.130664
v -1.095327 5.577146 -0.126328
v -1.102475 5.577146 -0.117267
v -1.105802 5.587135 -0.112542
v -1.209893 5.598581 -0.204135
v -1.205060 5.598590 -0.210752
v -1.202808 5.591502 -0.214191
v -1.205390 5.584404 -0.211013
v -1.210224 5.584395 -0.204397
v -1.212475 5.591484 -0.200958
v -1.323373 5.599461 -0.282760
v -1.320566 5.599474 -0.286711
v -1.319888 5.595381 -0.289216
v -1.322018 5.591274 -0.287770
v -1.324825 5.591260 -0.283819
v -1.325502 5.595354 -0.281314
v -1.424984 5.649891 -0.361766
v -1.424984 5.649891 -0.361766
v -1.424984 5.649891 -0.361766
v -1.424984 5.649891 -0.361766
v -1.424984 5.649891 -0.361766
v -1.424984 5.649891 -0.361766
v -1.207552 5.778474 -0.162340
v -1.203035 5.778474 -0.173894
v -1.208891 5.772190 -0.182843
v -1.219264 5.765905 -0.180239
v -1.223781 5.765905 -0.168686
v -1.217925 5.772190 -0.159736
v -1.259082 5.850787 -0.184443
v -1.255505 5.850177 -0.192427
v -1.259595 5.845654 -0.198730
v -1.267262 5.841742 -0.197049
v -1.270839 5.842352 -0.189065
v -1.266749 5.846875 -0.182762
v -1.299462 5.926117 -0.218819
v -1.297186 5.925478 -0.223377
v -1.299232 5.922290 -0.226844
v -1.303555 5.919743 -0.225754
v -1.305831 5.920382 -0.221195
v -1.303785 5.923569 -0.217728
v -1.360551 5.982474 -0.258487
v -1.360551 5.982474 -0.258487
v -1.360551 5.982474 -0.258487
v -1.360551 5.982474 -0.258487
v -1.360551 5.982474 -0.258487
v -1.360551 5.982474 -0.258487
v 0.638364 5.115558 -0.373597
v 0.645345 5.115558 -0.374395
v 0.648569 5.109944 -0.377125
v 0.644812 5.104330 -0.379058
v 0.637831 5.104330 -0.378260
v 0.634607 5.109944 -0.375529
v 0.616979 5.196733 -0.572855
v 0.621183 5.196821 -0.573559
v 0.623141 5.193409 -0.575203
v 0.620895 5.189909 -0.576142
v 0.616691 5.189821 -0.575438
v 0.614733 5.193233 -0.573794
v 0.571754 5.261545 -0.774138
v 0.571754 5.261545 -0.774138
v 0.571754 5.261545 -0.774138
v 0.571754 5.261545 -0.774138
v 0.571754 5.261545 -0.774138
v 0.571754 5.261545 -0.774138
v 0.938295 5.531002 -0.011653
v 0.937356 5.531002 -0.007259
v 0.938544 5.527499 -0.004707
v 0.940672 5.523996 -0.006550
v 0.941612 5.523996 -0.010944
v 0.940423 5.527499 -0.013496
v 1.144764 5.629113 0.034782
v 1.144764 5.629113 0.034782
v 1.144764 5.629113 0.034782
v 1.144764 5.629113 0.034782
v 1.144764 5.629113 0.034782
v 1.144764 5.629113 0.034782
v 0.941036 5.239479 -0.280895
v 0.945253 5.239479 -0.270554
v 0.943517 5.230744 -0.263815
v 0.937563 5.222010 -0.267418
v 0.933346 5.222010 -0.277758
v 0.935082 5.230744 -0.284497
v 1.148469 5.130161 -0.363767
v 1.151631 5.130066 -0.356479
v 1.149901 5.124143 -0.351474
v 1.145009 5.118314 -0.353758
v 1.141847 5.118409 -0.361046
v 1.143577 5.124332 -0.366051
v 1.325928 4.977497 -0.447753
v 1.327400 4.977714 -0.443270
v 1.326073 4.974393 -0.440186
v 1.323275 4.970855 -0.441584
v 1.321803 4.970638 -0.446066
v 1.323130 4.973959 -0.449150
v 1.541613 4.858045 -0.475535
v 1.541613 4.858045 -0.475535
v 1.541613 4.858045 -0.475535
v 1.541613 4.858045 -0.475535
v 1.541613 4.858045 -0.475535
v 1.541613 4.858045 -0.475535
v 1.098496 5.322581 -0.347736
v 1.102978 5.322581 -0.336557
v 1.109164 5.313056 -0.332550
v 1.110868 5.303531 -0.339721
v 1.106386 5.303531 -0.350899
v 1.100200 5.313056 -0.354907
v 1.220032 5.377370 -0.394568
v 1.222590 5.377064 -0.386438
v 1.226902 5.370285 -0.383575
v 1.228655 5.363811 -0.388844
v 1.226097 5.364116 -0.396975
v 1.221785 5.370896 -0.399837
v 1.344285 5.440835 -0.416955
v 1.345840 5.440681 -0.412190
v 1.348328 5.436671 -0.410493
v 1.349261 5.432816 -0.413561
v 1.347706 5.432971 -0.418326
v 1.345218 5.436980 -0.420023
v 1.467137 5.489343 -0.467079
v 1.467137 5.489343 -0.467079
v 1.467137 5.489343 -0.467079
v 1.467137 5.489343 -0.467079
v 1.467137 5.489343 -0.467079
v 1.467137 5.489343 -0.467079
v -0.169856 5.246788 0.064714
v -0.167359 5.246788 0.067456
v -0.164268 5.244761 0.067149
v -0.163674 5.242735 0.064100
v -0.166171 5.242735 0.061358
v -0.169262 5.244761 0.061665
v -0.120850 5.321136 0.022596
v -0.120850 5.321136 0.022596
v -0.120850 5.321136 0.022596
v -0.120850 5.321136 0.022596
v -0.120850 5.321136 0.022596
v -0.120850 5.321136 0.022596
v -0.643975 5.492719 -0.062119
v -0.648720 5.492719 -0.068930
v -0.656471 5.489767 -0.068588
v -0.659476 5.486814 -0.061435
v -0.654731 5.486814 -0.054624
v -0.646980 5.489767 -0.054966
v -0.695988 5.623618 -0.027937
v -0.698878 5.623829 -0.031888
v -0.703291 5.621697 -0.031814
v -0.704813 5.619355 -0.027787
v -0.701922 5.619144 -0.023835
v -0.697510 5.621276 -0.023910
v -0.767363 5.732573 0.035742
v -0.767363 5.732573 0.035742
v -0.767363 5.732573 0.035742
v -0.767363 5.732573 0.035742
v -0.767363 5.732573 0.035742
v -0.767363 5.732573 0.035742
v 0.409763 5.902732 -0.012463
v 0.411389 5.902732 -0.006036
v 0.417050 5.899912 -0.004050
v 0.421084 5.897092 -0.008490
v 0.419458 5.897092 -0.014916
v 0.413797 5.899912 -0.016903
v 0.511893 6.084342 -0.037013
v 0.513089 6.084636 -0.033140
v 0.516264 6.082467 -0.031822
v 0.518243 6.080003 -0.034378
v 0.517047 6.079709 -0.038252
v 0.513872 6.081878 -0.039569
v 0.666131 6.205759 -0.111129
v 0.666131 6.205759 -0.111129
v 0.666131 6.205759 -0.111129
v 0.666131 6.205759 -0.111129
v 0.666131 6.205759 -0.111129
v 0.666131 6.205759 -0.111129
v 0.511134 5.887988 0.131711
v 0.501331 5.887988 0.132597
v 0.496777 5.880386 0.136883
v 0.502026 5.872785 0.140282
v 0.511829 5.872785 0.139396
v 0.516383 5.880386 0.135110
v 0.525599 5.974512 0.306951
v 0.518611 5.974679 0.307959
v 0.515301 5.969068 0.310682
v 0.518978 5.963288 0.312397
v 0.525965 5.963120 0.311389
v 0.529276 5.968732 0.308666
v 0.563620 6.025027 0.492333
v 0.559451 6.025245 0.493279
v 0.557420 6.021801 0.494808
v 0.559559 6.018138 0.495392
v 0.563728 6.017920 0.494446
v 0.565759 6.021365 0.492916
v 0.610777 6.078660 0.674328
v 0.610777 6.078660 0.674328
v 0.610777 6.078660 0.674328
v 0.610777 6.078660 0.674328
v 0.610777 6.078660 0.674328
v 0.610777 6.078660 0.674328
v 0.564340 6.024863 0.493835
v 0.560982 6.024863 0.491179
v 0.558232 6.021583 0.491206
v 0.558839 6.018302 0.493889
v 0.562196 6.018302 0.496545
v 0.564947 6.021583 0.496518
v 0.454238 6.112700 0.629577
v 0.454238 6.112700 0.629577
v 0.454238 6.112700 0.629577
v 0.454238 6.112700 0.629577
v 0.454238 6.112700 0.629577
v 0.454238 6.112700 0.629577
v 0.611543 6.057675 0.152555
v 0.614534 6.057675 0.162607
v 0.618446 6.048949 0.166914
v 0.619367 6.040224 0.161169
v 0.616376 6.040224 0.151117
v 0.612464 6.048949 0.146810
v 0.729332 6.090348 0.119065
v 0.731895 6.090463 0.126103
v 0.734537 6.084189 0.129231
v 0.734615 6.077800 0.125320
v 0.732051 6.077685 0.118281
v 0.729410 6.083959 0.115154
v 0.844912 6.107598 0.069930
v 0.846190 6.107605 0.074240
v 0.847656 6.103812 0.076156
v 0.847843 6.100011 0.073763
v 0.846565 6.100004 0.069453
v 0.845099 6.103797 0.067536
v 0.966258 6.139443 0.052584
v 0.966258 6.139443 0.052584
v 0.966258 6.139443 0.052584
v 0.966258 6.139443 0.052584
v 0.966258 6.139443 0.052584
v 0.966258 6.139443 0.052584
v 0.694148 6.223105 0.172718
v 0.691396 6.223105 0.183761
v 0.698376 6.218309 0.191365
v 0.708108 6.213514 0.187926
v 0.710860 6.213514 0.176883
v 0.703880 6.218309 0.169278
v 0.733076 6.290004 0.184108
v 0.730771 6.289270 0.191826
v 0.735795 6.285999 0.197253
v 0.743126 6.283463 0.194964
v 0.745431 6.284196 0.187247
v 0.740406 6.287467 0.181819
v 0.756409 6.360817 0.207879
v 0.754881 6.359927 0.212335
v 0.757882 6.358051 0.215569
v 0.762411 6.357066 0.214347
v 0.763940 6.357956 0.209891
v 0.760939 6.359832 0.206658
v 0.781213 6.430870 0.233129
v 0.781213 6.430870 0.233129
v 0.781213 6.430870 0.233129
v 0.781213 6.430870 0.233129
v 0.781213 6.430870 0.233129
v 0.781213 6.430870 0.233129
v -0.102473 5.409006 -0.922565
v -0.098616 5.409006 -0.922099
v -0.096878 5.406043 -0.920285
v -0.098998 5.403079 -0.918936
v -0.102855 5.403079 -0.919401
v -0.104593 5.406043 -0.921216
v -0.078212 5.304989 -1.107335
v -0.078212 5.304989 -1.107335
v -0.078212 5.304989 -1.107335
v -0.078212 5.304989 -1.107335
v -0.078212 5.304989 -1.107335
v -0.078212 5.304989 -1.107335
v -0.076635 5.655369 -0.743842
v -0.074162 5.655369 -0.752889
v -0.079482 5.650922 -0.759204
v -0.087274 5.646475 -0.756473
v -0.089747 5.646475 -0.747426
v -0.084427 5.650922 -0.741111
v -0.179062 5.814009 -0.773185
v -0.177627 5.814487 -0.779766
v -0.181266 5.811021 -0.784276
v -0.186340 5.807076 -0.782205
v -0.187775 5.806598 -0.775624
v -0.184136 5.810064 -0.771114
v -0.318849 5.944341 -0.778381
v -0.317977 5.944638 -0.782403
v -0.320005 5.942301 -0.785132
v -0.322906 5.939667 -0.783840
v -0.323779 5.939370 -0.779818
v -0.321750 5.941707 -0.777088
v -0.445827 6.082164 -0.814719
v -0.445827 6.082164 -0.814719
v -0.445827 6.082164 -0.814719
v -0.445827 6.082164 -0.814719
v -0.445827 6.082164 -0.814719
v -0.445827 6.082164 -0.814719
v -0.118630 5.762415 -0.968395
v -0.112220 5.762415 -0.960596
v -0.108289 5.753724 -0.957294
v -0.110767 5.745032 -0.961791
v -0.117177 5.745032 -0.969590
v -0.121108 5.753724 -0.972892
v -0.009284 5.775094 -1.056425
v -0.004337 5.775123 -1.051152
v -0.001791 5.768876 -1.048550
v -0.004191 5.762601 -1.051221
v -0.009138 5.762572 -1.056494
v -0.011685 5.768819 -1.059096
v 0.087410 5.760923 -1.157757
v 0.090791 5.760921 -1.154996
v 0.092295 5.757152 -1.153390
v 0.090419 5.753383 -1.154546
v 0.087038 5.753385 -1.157307
v 0.085534 5.757154 -1.158912
v 0.170146 5.747195 -1.270430
v 0.170146 5.747195 -1.270430
v 0.170146 5.747195 -1.270430
v 0.170146 5.747195 -1.270430
v 0.170146 5.747195 -1.270430
v 0.170146 5.747195 -1.270430
v 0.088058 5.760875 -1.158264
v 0.088458 5.760875 -1.153918
v 0.089315 5.757153 -1.151805
v 0.089771 5.753431 -1.154039
v 0.089370 5.753431 -1.158385
v 0.088514 5.757153 -1.160498
v 0.226737 5.781664 -1.168857
v 0.226737 5.781664 -1.168857
v 0.226737 5.781664 -1.168857
v 0.226737 5.781664 -1.168857
v 0.226737 5.781664 -1.168857
v 0.226737 5.781664 -1.168857
v -0.138128 5.884233 -1.152798
v -0.127102 5.884233 -1.153933
v -0.122096 5.876010 -1.159428
v -0.128116 5.867786 -1.163787
v -0.139143 5.867786 -1.162651
v -0.144148 5.876010 -1.157157
v -0.143951 5.924616 -1.224997
v -0.136075 5.924375 -1.225406
v -0.132500 5.918413 -1.229137
v -0.136800 5.912693 -1.232459
v -0.144676 5.912934 -1.232050
v -0.148251 5.918896 -1.228319
v -0.139948 5.964991 -1.297081
v -0.135317 5.965145 -1.297842
v -0.133198 5.961641 -1.300138
v -0.135709 5.957983 -1.301673
v -0.140339 5.957829 -1.300911
v -0.142459 5.961333 -1.298616
v -0.166042 5.995256 -1.369348
v -0.166042 5.995256 -1.369348
v -0.166042 5.995256 -1.369348
v -0.166042 5.995256 -1.369348
v -0.166042 5.995256 -1.369348
v -0.166042 5.995256 -1.369348
v -0.734491 5.615268 -0.245426
v -0.732070 5.615268 -0.255967
v -0.734834 5.606836 -0.262150
v -0.740019 5.598404 -0.257792
v -0.742440 5.598404 -0.247252
v -0.739676 5.606836 -0.241069
v -0.862107 5.675767 -0.276327
v -0.860355 5.675754 -0.283836
v -0.862569 5.669870 -0.288300
v -0.866535 5.664001 -0.285256
v -0.868287 5.664015 -0.277748
v -0.866073 5.669898 -0.273284
v -0.983021 5.747283 -0.307031
v -0.983396 5.748061 -0.311554
v -0.985558 5.745012 -0.314244
v -0.987345 5.741185 -0.312410
v -0.986970 5.740407 -0.307887
v -0.984808 5.743456 -0.305197
v -1.098901 5.799440 -0.239060
v -1.098901 5.799440 -0.239060
v -1.098901 5.799440 -0.239060
v -1.098901 5.799440 -0.239060
v -1.098901 5.799440 -0.239060
v -1.098901 5.799440 -0.239060
v -0.985261 5.748215 -0.307408
v -0.984646 5.748215 -0.311971
v -0.984568 5.744234 -0.314284
v -0.985105 5.740253 -0.312033
v -0.985720 5.740253 -0.307469
v -0.985798 5.744234 -0.305157
v -1.128463 5.752632 -0.329026
v -1.128463 5.752632 -0.329026
v -1.128463 5.752632 -0.329026
v -1.128463 5.752632 -0.329026
v -1.128463 5.752632 -0.329026
v -1.128463 5.752632 -0.329026
v 0.001096 5.406487 0.166583
v -0.005305 5.406487 0.165936
v -0.008829 5.401933 0.168805
v -0.005952 5.397378 0.172323
v 0.000450 5.397378 0.172971
v 0.003974 5.401933 0.170101
v -0.004133 5.432022 0.206270
v -0.008092 5.432274 0.206316
v -0.010255 5.429263 0.207727
v -0.008459 5.426000 0.209093
v -0.004500 5.425748 0.209047
v -0.002337 5.428759 0.207635
v 0.000889 5.438763 0.253100
v 0.000889 5.438763 0.253100
v 0.000889 5.438763 0.253100
v 0.000889 5.438763 0.253100
v 0.000889 5.438763 0.253100
v 0.000889 5.438763 0.253100
v 0.211127 5.824864 0.113587
v 0.212664 5.824864 0.116381
v 0.214461 5.822364 0.117212
v 0.214720 5.819865 0.115249
v 0.213182 5.819865 0.112456
v 0.211386 5.822364 0.111625
v 0.316903 5.878068 0.057188
v 0.316903 5.878068 0.057188
v 0.316903 5.878068 0.057188
v 0.316903 5.878068 0.057188
v 0.316903 5.878068 0.057188
v 0.316903 5.878068 0.057188
v 0.108694 6.040909 0.142762
v 0.102336 6.040909 0.138065
v 0.096674 6.035486 0.139078
v 0.097371 6.030063 0.144787
v 0.103730 6.030063 0.149483
v 0.109391 6.035486 0.148471
v 0.032606 6.136109 0.243992
v 0.028043 6.136000 0.240462
v 0.023718 6.132311 0.241452
v 0.023956 6.128732 0.245971
v 0.028519 6.128841 0.249501
v 0.032844 6.132530 0.248511
v -0.038195 6.254714 0.322522
v -0.041043 6.254609 0.320266
v -0.043672 6.252150 0.320772
v -0.043452 6.249796 0.323533
v -0.040603 6.249902 0.325789
v -0.037975 6.252361 0.325283
v -0.125318 6.334526 0.429420
v -0.125318 6.334526 0.429420
v -0.125318 6.334526 0.429420
v -0.125318 6.334526 0.429420
v -0.125318 6.334526 0.429420
v -0.125318 6.334526 0.429420
v 0.150200 6.211205 0.177439
v 0.149010 6.211205 0.185921
v 0.150229 6.204017 0.190416
v 0.152637 6.196829 0.186430
v 0.153828 6.196829 0.177948
v 0.152609 6.204017 0.173453
v 0.280590 6.242684 0.196919
v 0.280095 6.242766 0.203109
v 0.280842 6.237525 0.206353
v 0.282084 6.232200 0.203408
v 0.282579 6.232118 0.197218
v 0.281832 6.237360 0.193974
v 0.415176 6.257591 0.200376
v 0.414750 6.257618 0.204207
v 0.415216 6.254364 0.206221
v 0.416109 6.251084 0.204405
v 0.416534 6.251057 0.200573
v 0.416068 6.254310 0.198559
v 0.542768 6.292654 0.228832
v 0.542768 6.292654 0.228832
v 0.542768 6.292654 0.228832
v 0.542768 6.292654 0.228832
v 0.542768 6.292654 0.228832
v 0.542768 6.292654 0.228832
v 0.165533 6.388719 0.210410
v 0.174437 6.388719 0.212798
v 0.180235 6.382656 0.208975
v 0.177129 6.376593 0.202764
v 0.168224 6.376593 0.200375
v 0.162426 6.382656 0.204199
v 0.178576 6.424794 0.166771
v 0.184873 6.424450 0.168868
v 0.189013 6.419968 0.166234
v 0.186856 6.415828 0.161503
v 0.180559 6.416172 0.159406
v 0.176419 6.420654 0.162040
v 0.200094 6.462056 0.126768
v 0.203941 6.461823 0.128083
v 0.206258 6.458637 0.127047
v 0.204727 6.455685 0.124696
v 0.200879 6.455918 0.123381
v 0.198562 6.459104 0.124417
v 0.217428 6.475400 0.072339
v 0.217428 6.475400 0.072339
v 0.217428 6.475400 0.072339
v 0.217428 6.475400 0.072339
v 0.217428 6.475400 0.072339
v 0.217428 6.475400 0.072339
v 0.169319 6.556252 0.211092
v 0.159610 6.556252 0.207915
v 0.152014 6.555523 0.214705
v 0.154126 6.554794 0.224673
v 0.163834 6.554794 0.227850
v 0.171431 6.555523 0.221060
v 0.165567 6.617769 0.217895
v 0.158621 6.617683 0.215618
v 0.153176 6.617646 0.220496
v 0.154677 6.617695 0.227650
v 0.161623 6.617781 0.229927
v 0.167068 6.617818 0.225050
v 0.163652 6.679569 0.214405
v 0.159474 6.679206 0.213058
v 0.156184 6.679552 0.215968
v 0.157073 6.680259 0.220224
v 0.161251 6.680622 0.221571
v 0.164541 6.680276 0.218661
v 0.155754 6.740560 0.203270
v 0.155754 6.740560 0.203270
v 0.155754 6.740560 0.203270
v 0.155754 6.740560 0.203270
v 0.155754 6.740560 0.203270
v 0.155754 6.740560 0.203270
v -0.327806 4.358335 -0.393608
v -0.331244 4.358335 -0.390640
v -0.330669 4.356562 -0.386499
v -0.326655 4.354788 -0.385325
v -0.323218 4.354788 -0.388293
v -0.323793 4.356562 -0.392435
v -0.320649 4.376495 -0.381843
v -0.320649 4.376495 -0.381843
v -0.320649 4.376495 -0.381843
v -0.320649 4.376495 -0.381843
v -0.320649 4.376495 -0.381843
v -0.320649 4.376495 -0.381843
v -0.155875 5.704223 0.039497
v -0.159379 5.704223 0.033384
v -0.164566 5.699580 0.032297
v -0.166249 5.694937 0.037323
v -0.162745 5.694937 0.043436
v -0.157558 5.699580 0.044523
v -0.214171 5.757692 0.071307
v -0.216627 5.758022 0.067826
v -0.219865 5.755298 0.067229
v -0.220647 5.752244 0.070114
v -0.218191 5.751914 0.073595
v -0.214953 5.754638 0.074192
v -0.264740 5.804621 0.121509
v -0.264740 5.804621 0.121509
v -0.264740 5.804621 0.121509
v -0.264740 5.804621 0.121509
v -0.264740 5.804621 0.121509
v -0.264740 5.804621 0.121509
v -0.335088 6.118762 -0.199078
v -0.327169 6.118762 -0.211433
v -0.332901 6.113376 -0.223822
v -0.346552 6.107989 -0.223856
v -0.354471 6.107989 -0.211501
v -0.348739 6.113376 -0.199112
v -0.369508 6.200162 -0.223747
v -0.364059 6.200408 -0.232465
v -0.368096 6.196683 -0.241158
v -0.377582 6.192714 -0.241134
v -0.383031 6.192468 -0.232417
v -0.378994 6.196192 -0.223723
v -0.407629 6.280278 -0.245003
v -0.404284 6.279629 -0.249810
v -0.406746 6.278022 -0.254916
v -0.412552 6.277065 -0.255215
v -0.415896 6.277714 -0.250408
v -0.413434 6.279320 -0.245302
v -0.399511 6.366714 -0.273489
v -0.399511 6.366714 -0.273489
v -0.399511 6.366714 -0.273489
v -0.399511 6.366714 -0.273489
v -0.399511 6.366714 -0.273489
v -0.399511 6.366714 -0.273489
vn -0.5002 0.0159 0.8658
vn -0.4688 0.0445 0.8822
vn -0.9964 -0.0790 0.0309
vn -0.9999 0.0164 -0.0017
vn 0.5004 0.0162 0.8657
vn 0.5012 0.1372 0.8544
vn 0.9999 0.0161 0.0007
vn 0.9932 0.1149 0.0209
vn 0.4989 0.0160 -0.8665
vn 0.5352 -0.0026 -0.8447
vn -0.5008 0.0167 -0.8654
vn -0.4809 -0.1041 -0.8706
vn -0.5173 -0.0546 0.8541
vn -0.9868 -0.1579 -0.0364
vn 0.5109 0.1257 0.8504
vn 0.9807 0.1875 -0.0555
vn 0.4623 0.0775 -0.8833
vn -0.4872 -0.0893 -0.8687
vn -0.4833 -0.2168 0.8482
vn -0.9945 -0.1039 -0.0093
vn 0.5299 -0.0904 0.8432
vn 0.9885 0.1469 -0.0347
vn 0.4439 0.2491 -0.8608
vn -0.5245 0.1252 -0.8421
vn -0.4568 -0.1446 0.8777
vn -0.9949 -0.0768 0.0651
vn 0.5038 -0.0603 0.8617
vn 0.9947 0.0987 0.0272
vn 0.4872 0.1791 -0.8548
vn -0.5498 0.0869 -0.8307
vn -0.4768 0.0921 0.8742
vn -0.9975 -0.0445 0.0553
vn 0.4891 0.1561 0.8582
vn 0.9961 0.0869 0.0172
vn 0.5032 -0.0556 -0.8624
vn -0.5294 -0.1233 -0.8394
vn -0.4966 0.2332 0.8361
vn -0.9995 -0.0229 0.0205
vn 0.4919 0.2756 0.8259
vn 0.9981 0.0606 -0.0075
vn 0.4982 -0.2015 -0.8434
vn -0.5100 -0.2425 -0.8253
vn -0.4989 0.2790 0.8205
vn -0.9999 -0.0081 0.0068
vn 0.4978 0.3051 0.8119
vn 0.9990 0.0437 -0.0120
vn 0.4995 -0.2451 -0.8309
vn -0.5027 -0.2708 -0.8210
vn -0.4999 0.2883 0.8167
vn -1.0000 -0.0065 0.0027
vn 0.4996 0.3121 0.8081
vn 0.9990 0.0411 -0.0145
vn 0.4990 -0.2537 -0.8286
vn -0.5006 -0.2775 -0.8200
vn -0.9325 0.2895 -0.2160
vn -0.9268 0.2746 -0.2562
vn -0.2592 0.1146 -0.9590
vn -0.3102 0.0138 -0.9506
vn -0.6158 0.2897 0.7327
vn -0.6658 0.1753 0.7252
vn 0.3185 0.0149 0.9478
vn 0.3148 -0.0967 0.9442
vn 0.9411 -0.2615 0.2144
vn 0.9534 -0.2469 0.1734
vn 0.6254 -0.2612 -0.7353
vn 0.6492 -0.1375 -0.7481
vn -0.9420 0.2337 -0.2408
vn -0.2280 0.2704 -0.9354
vn -0.6986 -0.0270 0.7150
vn 0.2742 -0.2427 0.9305
vn 0.9600 -0.1935 0.2022
vn 0.7004 0.0599 -0.7113
vn -0.9693 0.1569 -0.1894
vn -0.2732 0.1859 -0.9438
vn -0.6758 -0.0120 0.7370
vn 0.2539 -0.1516 0.9553
vn 0.9513 -0.1342 0.2774
vn 0.7239 0.0328 -0.6892
vn -0.9760 0.0854 -0.2001
vn -0.2947 -0.0710 -0.9529
vn -0.6555 0.1673 0.7364
vn 0.2875 0.1026 0.9523
vn 0.9628 -0.0448 0.2663
vn 0.7034 -0.1361 -0.6976
vn -0.9758 0.0233 -0.2174
vn -0.3035 -0.2245 -0.9260
vn -0.6632 0.2607 0.7016
vn 0.3031 0.2536 0.9186
vn 0.9734 0.0116 0.2290
vn 0.6789 -0.2292 -0.6975
vn -0.9766 -0.0151 -0.2147
vn -0.2999 -0.2745 -0.9136
vn -0.6639 0.2749 0.6954
vn 0.3124 0.3039 0.9000
vn 0.9770 0.0474 0.2080
vn 0.6769 -0.2410 -0.6955
vn -0.9772 -0.0390 -0.2089
vn -0.3063 -0.2900 -0.9067
vn -0.6704 0.2670 0.6923
vn 0.3071 0.3218 0.8956
vn 0.9776 0.0709 0.1980
vn 0.6711 -0.2350 -0.7031
vn 0.6543 0.2862 -0.6999
vn 0.6500 0.2810 -0.7061
vn 0.9802 -0.0079 0.1976
vn 0.9787 0.0108 0.2049
vn -0.3252 0.2862 -0.9013
vn -0.3307 0.2992 -0.8951
vn -0.9802 0.0108 -0.1977
vn -0.9809 0.0322 -0.1916
vn -0.6557 -0.2646 0.7071
vn -0.6607 -0.2551 0.7059
vn 0.3238 -0.2646 0.9084
vn 0.3195 -0.2771 0.9062
vn 0.6543 0.2728 -0.7053
vn 0.9810 -0.0293 0.1916
vn -0.3261 0.3148 -0.8914
vn -0.9815 0.0554 -0.1830
vn -0.6561 -0.2462 0.7134
vn 0.3244 -0.2885 0.9009
vn 0.6819 0.1636 -0.7129
vn 0.9711 -0.0120 0.2383
vn -0.3385 0.1833 -0.9229
vn -0.9889 0.0223 -0.1472
vn -0.6372 -0.1430 0.7573
vn 0.3099 -0.1583 0.9375
vn 0.6847 -0.0282 -0.7283
vn 0.9707 0.0597 0.2328
vn -0.3275 -0.0751 -0.9419
vn -0.9870 -0.0290 -0.1582
vn -0.6418 0.0572 0.7647
vn 0.3075 0.0995 0.9463
vn 0.6707 -0.1634 -0.7235
vn 0.9748 0.0878 0.2052
vn -0.3216 -0.2363 -0.9169
vn -0.9819 -0.0571 -0.1806
vn -0.6616 0.1884 0.7258
vn 0.3027 0.2600 0.9169
vn 0.6694 -0.2150 -0.7111
vn 0.9777 0.0852 0.1920
vn -0.3122 -0.2876 -0.9054
vn -0.9796 -0.0585 -0.1924
vn -0.6643 0.2407 0.7076
vn 0.3110 0.3119 0.8978
vn 0.6669 -0.2229 -0.7110
vn 0.9784 0.0898 0.1863
vn -0.3117 -0.3001 -0.9016
vn -0.9787 -0.0646 -0.1948
vn -0.6671 0.2480 0.7024
vn 0.3114 0.3252 0.8929
vn 0.7687 0.6395 0.0125
vn 0.7129 0.6985 0.0618
vn 0.5928 0.0753 0.8018
vn 0.6272 0.0136 0.7788
vn 0.1306 0.6393 -0.7578
vn 0.1386 0.6665 -0.7325
vn -0.6496 0.0129 -0.7602
vn -0.5962 -0.0174 -0.8026
vn -0.7909 -0.6119 0.0054
vn -0.7330 -0.6796 -0.0287
vn -0.1534 -0.6129 0.7751
vn -0.1169 -0.6159 0.7791
vn 0.5583 0.8179 0.1387
vn 0.4972 0.1594 0.8528
vn 0.0756 0.7102 -0.6999
vn -0.5036 -0.0859 -0.8596
vn -0.5876 -0.7999 -0.1222
vn -0.0656 -0.6559 0.7520
vn 0.5030 0.8408 0.1999
vn 0.3571 0.1752 0.9175
vn 0.1184 0.6672 -0.7354
vn -0.4119 -0.2100 -0.8867
vn -0.5238 -0.8437 -0.1179
vn -0.1426 -0.6402 0.7548
vn 0.5421 0.8293 0.1354
vn 0.3343 0.2240 0.9155
vn 0.1895 0.6086 -0.7705
vn -0.3630 -0.1993 -0.9102
vn -0.5755 -0.8035 -0.1522
vn -0.2305 -0.6000 0.7661
vn 0.5529 0.8204 0.1457
vn 0.3671 0.2008 0.9083
vn 0.1701 0.6295 -0.7582
vn -0.3981 -0.1804 -0.8994
vn -0.5842 -0.7999 -0.1373
vn -0.2016 -0.6094 0.7668
vn -0.8608 0.3234 0.3929
vn -0.8493 0.3387 0.4049
vn -0.8471 -0.0287 -0.5307
vn -0.8303 0.0124 -0.5571
vn -0.0273 0.3235 0.9458
vn -0.0094 0.3797 0.9251
vn 0.8359 0.0125 0.5488
vn 0.8382 0.0646 0.5415
vn 0.8658 -0.2986 -0.4015
vn 0.8736 -0.3042 -0.3798
vn 0.0325 -0.2983 -0.9539
vn 0.0279 -0.3571 -0.9337
vn -0.8409 0.3270 0.4312
vn -0.8689 -0.1950 -0.4549
vn 0.0294 0.5189 0.8544
vn 0.8597 0.2282 0.4570
vn 0.8851 -0.2684 -0.3801
vn 0.0360 -0.4986 -0.8661
vn -0.8862 0.2037 0.4160
vn -0.8494 -0.2559 -0.4615
vn -0.0023 0.4762 0.8793
vn 0.8862 0.2493 0.3906
vn 0.8432 -0.2152 -0.4927
vn -0.0073 -0.4531 -0.8914
vn -0.8593 0.0555 0.5085
vn -0.8501 -0.2085 -0.4835
vn 0.0421 0.2746 0.9606
vn 0.8816 0.2213 0.4169
vn 0.8502 -0.0338 -0.5253
vn 0.0126 -0.2442 -0.9696
vn -0.8389 -0.0543 0.5416
vn -0.8646 -0.2420 -0.4403
vn 0.0225 0.2004 0.9795
vn 0.8601 0.2672 0.4346
vn 0.8338 0.0790 -0.5464
vn -0.0266 -0.1751 -0.9842
vn -0.8483 0.4185 0.3244
vn -0.8340 0.4678 0.2925
vn -0.7953 0.0667 -0.6025
vn -0.8098 0.0089 -0.5867
vn -0.0355 0.4184 0.9075
vn -0.0565 0.4236 0.9041
vn 0.8154 0.0087 0.5788
vn 0.7915 -0.0388 0.6100
vn 0.8539 -0.4008 -0.3319
vn 0.8309 -0.4553 -0.3200
vn 0.0415 -0.4010 -0.9151
vn 0.0219 -0.3934 -0.9191
vn -0.7719 0.5866 0.2450
vn -0.7451 0.1771 -0.6430
vn -0.0503 0.4400 0.8966
vn 0.7375 -0.1398 0.6607
vn 0.7742 -0.5734 -0.2680
vn 0.0123 -0.4006 -0.9162
vn -0.7803 0.5859 0.2185
vn -0.6603 0.2369 -0.7127
vn -0.0784 0.3361 0.9385
vn 0.7091 -0.2614 0.6549
vn 0.7688 -0.5732 -0.2835
vn 0.0999 -0.3263 -0.9400
vn -0.8080 0.5128 0.2900
vn -0.6901 0.2497 -0.6792
vn -0.1144 0.2697 0.9561
vn 0.6909 -0.2259 0.6867
vn 0.8303 -0.4953 -0.2556
vn 0.1449 -0.2636 -0.9537
vn -0.8184 0.5060 0.2723
vn -0.7137 0.1955 -0.6727
vn -0.1000 0.3187 0.9426
vn 0.7223 -0.1784 0.6682
vn 0.8274 -0.4889 -0.2765
vn 0.1090 -0.3018 -0.9471
vn -0.2472 0.5788 0.7771
vn -0.2246 0.5884 0.7768
vn -0.9228 -0.0267 0.3844
vn -0.9447 0.0216 0.3272
vn 0.6917 0.5790 0.4316
vn 0.6774 0.6330 0.3748
vn 0.9317 0.0216 -0.3625
vn 0.9117 0.0898 -0.4008
vn 0.2329 -0.5362 -0.8113
vn 0.2588 -0.5242 -0.8113
vn -0.7051 -0.5349 -0.4655
vn -0.6767 -0.5984 -0.4289
vn -0.1678 0.5529 0.8162
vn -0.8088 -0.2307 0.5409
vn 0.6008 0.7627 0.2394
vn 0.7803 0.2769 -0.5608
vn 0.2313 -0.4475 -0.8638
vn -0.5713 -0.7407 -0.3535
vn -0.1346 0.3802 0.9151
vn -0.7200 -0.3660 0.5896
vn 0.5891 0.7608 0.2722
vn 0.6611 0.3484 -0.6645
vn 0.0509 -0.3823 -0.9226
vn -0.6163 -0.7244 -0.3089
vn 0.0409 0.2058 0.9777
vn -0.7207 -0.3773 0.5816
vn 0.7450 0.5920 0.3076
vn 0.6435 0.3793 -0.6648
vn -0.0853 -0.1697 -0.9818
vn -0.7462 -0.5386 -0.3914
vn 0.1418 0.0728 0.9872
vn -0.6613 -0.4053 0.6313
vn 0.7878 0.5014 0.3577
vn 0.6309 0.4505 -0.6317
vn -0.1696 -0.0287 -0.9851
vn -0.8152 -0.4551 -0.3583
vn -0.3960 0.5761 0.7150
vn -0.4149 0.6435 0.6432
vn -0.9916 0.0892 0.0936
vn -0.9891 0.0071 0.1472
vn 0.5930 0.5761 0.5625
vn 0.5647 0.5918 0.5752
vn 0.9872 0.0062 -0.1591
vn 0.9955 -0.0504 -0.0800
vn 0.3945 -0.5624 -0.7266
vn 0.3833 -0.6407 -0.6652
vn -0.5942 -0.5631 -0.5743
vn -0.6222 -0.5501 -0.5570
vn -0.3968 0.7877 0.4712
vn -0.9666 0.2430 -0.0816
vn 0.5576 0.5968 0.5771
vn 0.9753 -0.2000 0.0939
vn 0.3507 -0.7884 -0.5054
vn -0.6286 -0.5306 -0.5687
vn -0.3892 0.8277 0.4042
vn -0.9046 0.3243 -0.2766
vn 0.5468 0.4917 0.6777
vn 0.9039 -0.3668 0.2202
vn 0.3317 -0.8248 -0.4579
vn -0.5460 -0.4764 -0.6892
vn -0.4042 0.7603 0.5084
vn -0.8842 0.3618 -0.2955
vn 0.4956 0.3795 0.7812
vn 0.8907 -0.3729 0.2599
vn 0.4148 -0.7491 -0.5165
vn -0.4601 -0.3926 -0.7964
vn -0.4340 0.7170 0.5454
vn -0.9003 0.3496 -0.2591
vn 0.4700 0.3736 0.7997
vn 0.9077 -0.3377 0.2490
vn 0.4414 -0.7050 -0.5551
vn -0.4623 -0.3617 -0.8096
vn 0.8255 0.1958 0.5294
vn 0.8164 0.2351 0.5274
vn -0.0320 0.0339 0.9989
vn -0.0388 0.0156 0.9991
vn 0.8607 0.1957 -0.4699
vn 0.8594 0.2208 -0.4612
vn 0.0317 0.0156 -0.9994
vn 0.0470 0.0029 -0.9989
vn -0.8321 -0.1644 -0.5296
vn -0.8228 -0.2038 -0.5305
vn -0.8676 -0.1645 0.4693
vn -0.8578 -0.1868 0.4788
vn 0.7983 0.3194 0.5106
vn -0.0192 0.0260 0.9995
vn 0.8253 0.3137 -0.4696
vn 0.0500 0.0196 -0.9986
vn -0.7902 -0.2825 -0.5439
vn -0.8339 -0.2822 0.4744
vn 0.7905 0.2671 0.5511
vn -0.0734 0.0047 0.9973
vn 0.8323 0.2688 -0.4849
vn -0.0100 0.0031 -0.9999
vn -0.8274 -0.2445 -0.5055
vn -0.8524 -0.2420 0.4635
vn 0.8551 0.1214 0.5041
vn -0.0293 -0.0531 0.9982
vn 0.8483 0.1848 -0.4963
vn 0.0119 0.0823 -0.9965
vn -0.8362 -0.0841 -0.5420
vn -0.8814 -0.1553 0.4462
vn 0.8530 0.0544 0.5191
vn -0.0057 -0.1475 0.9890
vn 0.8563 0.2173 -0.4686
vn 0.0011 0.1778 -0.9841
vn -0.8570 -0.0236 -0.5148
vn -0.8613 -0.1864 0.4726
vn 0.0975 0.3473 -0.9327
vn 0.0814 0.3681 -0.9262
vn 0.8820 -0.0317 -0.4702
vn 0.8985 0.0078 -0.4389
vn -0.7994 0.3474 -0.4902
vn -0.7880 0.4082 -0.4610
vn -0.8954 0.0080 0.4453
vn -0.8903 0.0611 0.4513
vn -0.0941 -0.3315 0.9387
vn -0.1195 -0.3413 0.9323
vn 0.8025 -0.3313 0.4962
vn 0.7851 -0.3948 0.4772
vn 0.0653 0.3645 -0.9289
vn 0.8335 -0.1772 -0.5233
vn -0.7474 0.5362 -0.3923
vn -0.8333 0.2009 0.5150
vn -0.1227 -0.3203 0.9393
vn 0.7261 -0.5262 0.4427
vn 0.0756 0.2372 -0.9685
vn 0.8189 -0.2595 -0.5119
vn -0.7586 0.5024 -0.4149
vn -0.7803 0.2419 0.5767
vn -0.0150 -0.2477 0.9687
vn 0.7577 -0.4876 0.4338
vn -0.0234 0.0698 -0.9973
vn 0.8192 -0.2592 -0.5116
vn -0.8397 0.3338 -0.4282
vn -0.7808 0.2604 0.5680
vn 0.0365 -0.0566 0.9977
vn 0.8196 -0.3116 0.4808
vn -0.0656 -0.0350 -0.9972
vn 0.7864 -0.2946 -0.5430
vn -0.8490 0.2676 -0.4556
vn -0.7806 0.3104 0.5425
vn 0.0710 0.0506 0.9962
vn 0.8542 -0.2516 0.4551
vn -0.6173 0.7248 0.3060
vn -0.5891 0.7488 0.3037
vn -0.9738 -0.0181 -0.2267
vn -0.9522 0.0067 -0.3053
vn 0.3390 0.7248 0.5998
vn 0.3693 0.7739 0.5145
vn 0.9590 0.0080 0.2834
vn 0.9720 0.0702 0.2241
vn 0.6231 -0.7102 -0.3277
vn 0.6457 -0.7035 -0.2971
vn -0.3326 -0.7093 -0.6215
vn -0.3432 -0.7692 -0.5390
vn -0.5661 0.7661 0.3044
vn -0.9917 -0.1277 0.0163
vn 0.3985 0.8765 0.2702
vn 0.9826 0.1845 -0.0230
vn 0.6645 -0.6802 -0.3093
vn -0.3272 -0.8929 -0.3095
vn -0.6053 0.6756 0.4209
vn -0.9490 -0.2548 0.1855
vn 0.3816 0.9024 0.2003
vn 0.9519 0.1960 -0.2356
vn 0.5776 -0.6846 -0.4446
vn -0.3467 -0.9067 -0.2404
vn -0.5241 0.6077 0.5967
vn -0.9252 -0.2768 0.2597
vn 0.4165 0.8589 0.2979
vn 0.9187 0.2516 -0.3046
vn 0.5263 -0.5852 -0.6169
vn -0.3759 -0.8582 -0.3494
vn -0.4921 0.5559 0.6699
vn -0.8996 -0.2897 0.3269
vn 0.4019 0.8528 0.3335
vn 0.8880 0.3024 -0.3463
vn 0.4808 -0.5426 -0.6888
vn -0.4127 -0.8396 -0.3532
vn 0.8783 0.4554 0.1454
vn 0.8654 0.4831 0.1330
vn 0.4460 -0.0153 0.8949
vn 0.4109 0.0136 0.9116
vn 0.4593 0.4555 -0.7626
vn 0.4223 0.5148 -0.7461
vn -0.4263 0.0138 -0.9045
vn -0.4350 0.0622 -0.8983
vn -0.8932 -0.4279 -0.1378
vn -0.8812 -0.4430 -0.1648
vn -0.4743 -0.4275 0.7696
vn -0.4435 -0.4894 0.7508
vn 0.8445 0.5196 0.1297
vn 0.5292 -0.1368 0.8374
vn 0.3169 0.6616 -0.6796
vn -0.5124 0.1918 -0.8370
vn -0.8700 -0.4546 -0.1908
vn -0.3651 -0.6451 0.6712
vn 0.9105 0.3925 0.1303
vn 0.5284 -0.2594 0.8084
vn 0.3147 0.6481 -0.6935
vn -0.6114 0.2250 -0.7586
vn -0.9158 -0.3959 -0.0671
vn -0.3648 -0.6283 0.6871
vn 0.9766 0.2140 -0.0229
vn 0.5608 -0.3017 0.7710
vn 0.3591 0.5147 -0.7785
vn -0.6080 0.3076 -0.7319
vn -0.9837 -0.1786 0.0213
vn -0.4283 -0.4836 0.7633
vn 0.9913 0.1125 -0.0686
vn 0.5958 -0.3605 0.7177
vn 0.3949 0.4871 -0.7790
vn -0.5981 0.3871 -0.7017
vn -0.9928 -0.0856 0.0836
vn -0.3977 -0.4596 0.7941
vn -0.8240 0.5652 -0.0395
vn -0.8123 0.5829 -0.0201
vn -0.6107 -0.0356 -0.7910
vn -0.5607 0.0087 -0.8280
vn -0.2561 0.5653 0.7841
vn -0.2020 0.6257 0.7535
vn 0.5736 0.0093 0.8191
vn 0.6027 0.0777 0.7942
vn 0.8363 -0.5474 0.0302
vn 0.8378 -0.5425 0.0617
vn 0.2685 -0.5469 -0.7930
vn 0.2340 -0.6147 -0.7532
vn -0.8186 0.5733 0.0348
vn -0.7437 -0.2328 -0.6266
vn -0.0680 0.7781 0.6244
vn 0.7347 0.2712 0.6218
vn 0.8764 -0.4795 0.0446
vn 0.1719 -0.7794 -0.6024
vn -0.9093 0.4022 0.1066
vn -0.7699 -0.3999 -0.4974
vn -0.0757 0.7965 0.5999
vn 0.8257 0.3501 0.4422
vn 0.8925 -0.4230 -0.1564
vn 0.1191 -0.7839 -0.6094
vn -0.9259 0.2490 0.2839
vn -0.7728 -0.4018 -0.4912
vn -0.0959 0.6489 0.7548
vn 0.8190 0.3802 0.4297
vn 0.9170 -0.2452 -0.3145
vn 0.1494 -0.6272 -0.7644
vn -0.9160 0.1639 0.3662
vn -0.7972 -0.4036 -0.4489
vn -0.1208 0.5766 0.8081
vn 0.7956 0.4217 0.4349
vn 0.9136 -0.1460 -0.3794
vn 0.1193 -0.5581 -0.8211
vn 0.8373 0.3103 0.4501
vn 0.8156 0.3562 0.4559
vn 0.0460 0.0642 0.9969
vn 0.0541 0.0178 0.9984
vn 0.7767 0.3102 -0.5482
vn 0.7836 0.3181 -0.5336
vn -0.0674 0.0179 -0.9976
vn -0.0413 -0.0217 -0.9989
vn -0.8500 -0.2743 -0.4496
vn -0.8363 -0.3232 -0.4429
vn -0.7899 -0.2747 0.5483
vn -0.7798 -0.2751 0.5624
vn 0.7719 0.4610 0.4377
vn 0.0249 0.1314 0.9910
vn 0.7611 0.3597 -0.5398
vn -0.0071 -0.0800 -0.9968
vn -0.7862 -0.4262 -0.4475
vn -0.7638 -0.3155 0.5631
vn 0.7733 0.4298 0.4661
vn -0.0409 0.1396 0.9894
vn 0.7767 0.2894 -0.5595
vn -0.0429 -0.1354 -0.9899
vn -0.8092 -0.3996 -0.4308
vn -0.8057 -0.2649 0.5298
vn 0.8288 0.3256 0.4551
vn -0.0060 0.1474 0.9891
vn 0.8206 0.1930 -0.5380
vn -0.0112 -0.1137 -0.9935
vn -0.8355 -0.2901 -0.4666
vn -0.8381 -0.1616 0.5210
vn 0.8321 0.3081 0.4612
vn 0.0036 0.1289 0.9917
vn 0.8232 0.1971 -0.5325
vn -0.0141 -0.0929 -0.9956
vn -0.8423 -0.2720 -0.4653
vn -0.8336 -0.1611 0.5283
vn -0.8662 0.4576 0.2009
vn -0.8402 0.5169 0.1641
vn -0.7071 0.0838 -0.7021
vn -0.7281 0.0162 -0.6853
vn -0.1312 0.4574 0.8795
vn -0.1493 0.4674 0.8713
vn 0.7415 0.0160 0.6707
vn 0.7082 -0.0348 0.7052
vn 0.8795 -0.4249 -0.2146
vn 0.8487 -0.4898 -0.1994
vn 0.1451 -0.4256 -0.8932
vn 0.1193 -0.4183 -0.9005
vn -0.7434 0.6631 0.0870
vn -0.5377 0.3207 -0.7798
vn -0.2363 0.3996 0.8857
vn 0.5639 -0.2921 0.7725
vn 0.7425 -0.6332 -0.2185
vn 0.1694 -0.2978 -0.9395
vn -0.8355 0.5485 0.0312
vn -0.2881 0.4954 -0.8195
vn -0.4171 -0.0297 0.9084
vn 0.4716 -0.5309 0.7041
vn 0.8636 -0.4804 -0.1530
vn 0.5054 0.0008 -0.8629
vn -0.9681 0.2505 -0.0016
vn -0.3584 0.5596 -0.7472
vn -0.5914 -0.2960 0.7501
vn 0.3874 -0.5296 0.7546
vn 0.9755 -0.2198 0.0100
vn 0.6090 0.3150 -0.7279
vn -0.9742 0.2252 -0.0169
vn -0.3720 0.5553 -0.7438
vn -0.5989 -0.3146 0.7365
vn 0.3786 -0.5242 0.7628
vn 0.9803 -0.1941 0.0359
vn 0.6053 0.3455 -0.7172
vn -0.5379 0.7770 0.3270
vn -0.5171 0.8071 0.2851
vn -0.9975 0.0074 -0.0705
vn -0.9934 0.0031 -0.1148
vn 0.4560 0.7769 0.4341
vn 0.4618 0.8149 0.3502
vn 0.9950 0.0038 0.1002
vn 0.9962 0.0473 0.0730
vn 0.5391 -0.7698 -0.3416
vn 0.5585 -0.7776 -0.2887
vn -0.4544 -0.7695 -0.4488
vn -0.4649 -0.8061 -0.3663
vn -0.4574 0.8555 0.2425
vn -0.9711 -0.0460 0.2344
vn 0.4661 0.8847 0.0094
vn 0.9627 0.1333 -0.2352
vn 0.6072 -0.7436 -0.2801
vn -0.3712 -0.9268 -0.0568
vn -0.5085 0.8008 0.3164
vn -0.8455 -0.1362 0.5164
vn 0.3453 0.9140 -0.2128
vn 0.8401 0.1184 -0.5294
vn 0.5093 -0.7929 -0.3347
vn -0.3287 -0.9260 0.1858
vn -0.4751 0.7988 0.3691
vn -0.8109 -0.1292 0.5708
vn 0.3331 0.9192 -0.2099
vn 0.8018 0.1260 -0.5841
vn 0.4743 -0.7903 -0.3879
vn -0.3300 -0.9251 0.1877
vn -0.4685 0.7942 0.3870
vn -0.7951 -0.1283 0.5927
vn 0.3219 0.9227 -0.2121
vn 0.7854 0.1289 -0.6054
vn 0.4588 -0.7935 -0.3998
vn -0.3315 -0.9222 0.1993
vn -0.7038 0.7053 0.0854
vn -0.6440 0.7650 -0.0029
vn -0.7251 0.0850 -0.6834
vn -0.7834 0.0046 -0.6215
vn 0.0831 0.7054 0.7039
vn 0.0527 0.7284 0.6831
vn 0.7902 0.0029 0.6129
vn 0.7179 -0.0388 0.6950
vn 0.7106 -0.6973 -0.0937
vn 0.6332 -0.7731 -0.0370
vn -0.0761 -0.6981 -0.7119
vn -0.1126 -0.6804 -0.7241
vn -0.4614 0.8771 -0.1333
vn -0.5677 0.1882 -0.8014
vn 0.0864 0.7442 0.6624
vn 0.5657 -0.1308 0.8142
vn 0.4599 -0.8820 0.1025
vn -0.1273 -0.6881 -0.7143
vn -0.3692 0.9071 -0.2022
vn -0.4008 0.2034 -0.8933
vn 0.0434 0.7068 0.7061
vn 0.4196 -0.2385 0.8758
vn 0.3630 -0.9216 0.1376
vn -0.0432 -0.6872 -0.7252
vn -0.4181 0.8982 -0.1358
vn -0.3850 0.2202 -0.8963
vn -0.0184 0.6554 0.7550
vn 0.4001 -0.2297 0.8872
vn 0.4345 -0.8869 0.1569
vn 0.0490 -0.6778 -0.7337
vn -0.4662 0.8748 -0.1321
vn -0.4414 0.2048 -0.8736
vn -0.0193 0.6725 0.7398
vn 0.4520 -0.1998 0.8694
vn 0.4768 -0.8696 0.1281
vn 0.0301 -0.6676 -0.7439
vn -0.3975 0.5936 0.6997
vn -0.3793 0.6098 0.6959
vn -0.9794 -0.0282 0.2002
vn -0.9894 0.0080 0.1453
vn 0.5910 0.5937 0.5462
vn 0.5873 0.6457 0.4880
vn 0.9869 0.0086 -0.1608
vn 0.9783 0.0685 -0.1956
vn 0.3945 -0.5772 -0.7150
vn 0.4219 -0.5724 -0.7031
vn -0.5936 -0.5767 -0.5614
vn -0.5759 -0.6350 -0.5149
vn -0.2973 0.5818 0.7570
vn -0.8656 -0.2593 0.4284
vn 0.5342 0.7928 0.2934
vn 0.8558 0.2865 -0.4308
vn 0.4125 -0.4699 -0.7805
vn -0.4427 -0.7988 -0.4073
vn -0.2257 0.3738 0.8997
vn -0.6894 -0.4662 0.5544
vn 0.4814 0.8312 0.2782
vn 0.6615 0.4157 -0.6243
vn 0.1865 -0.3874 -0.9029
vn -0.4687 -0.8177 -0.3343
vn -0.0077 0.1957 0.9806
vn -0.6402 -0.5179 0.5675
vn 0.6262 0.7070 0.3286
vn 0.5908 0.4850 -0.6448
vn -0.0140 -0.1867 -0.9823
vn -0.6114 -0.6766 -0.4104
vn 0.1107 0.0821 0.9905
vn -0.5734 -0.5419 0.6144
vn 0.6764 0.6321 0.3782
vn 0.5580 0.5572 -0.6149
vn -0.1250 -0.0670 -0.9899
vn -0.6907 -0.6160 -0.3787
vn -0.2009 0.6516 0.7315
vn -0.1724 0.6727 0.7195
vn -0.8613 -0.0388 0.5066
vn -0.9031 0.0059 0.4293
vn 0.6992 0.6516 0.2942
vn 0.6673 0.7136 0.2133
vn 0.8965 0.0071 -0.4430
vn 0.8639 0.0840 -0.4967
vn 0.1938 -0.6389 -0.7445
vn 0.2291 -0.6277 -0.7440
vn -0.7059 -0.6381 -0.3074
vn -0.6561 -0.7122 -0.2495
vn -0.1777 0.6977 0.6940
vn -0.7246 -0.1606 0.6702
vn 0.5179 0.8546 0.0378
vn 0.7234 0.2262 -0.6523
vn 0.2477 -0.6185 -0.7457
vn -0.5018 -0.8601 -0.0913
vn -0.1413 0.6143 0.7763
vn -0.5976 -0.3040 0.7420
vn 0.4609 0.8872 -0.0211
vn 0.5691 0.2474 -0.7842
vn 0.1166 -0.6175 -0.7779
vn -0.4515 -0.8914 -0.0390
vn 0.0186 0.5603 0.8281
vn -0.4793 -0.3363 0.8107
vn 0.4807 0.8769 0.0018
vn 0.4627 0.3431 -0.8174
vn -0.0043 -0.5133 -0.8582
vn -0.4812 -0.8744 -0.0619
vn 0.0491 0.5164 0.8549
vn -0.3918 -0.3805 0.8377
vn 0.4331 0.9012 0.0143
vn 0.3755 0.3886 -0.8414
vn -0.0654 -0.5077 -0.8590
vn -0.4496 -0.8930 -0.0188
vn -0.8074 0.5898 0.0153
vn -0.7664 0.6422 -0.0144
vn -0.6126 0.0591 -0.7882
vn -0.6201 0.0194 -0.7843
vn -0.1738 0.5897 0.7887
vn -0.1609 0.6239 0.7648
vn 0.6475 0.0192 0.7618
vn 0.6238 0.0112 0.7815
vn 0.8343 -0.5500 -0.0375
vn 0.7998 -0.6003 -0.0043
vn 0.2014 -0.5506 -0.8101
vn 0.1630 -0.5716 -0.8042
vn -0.5916 0.7951 -0.1334
vn -0.3884 0.2562 -0.8852
vn -0.2262 0.6258 0.7464
vn 0.4183 -0.1906 0.8881
vn 0.6186 -0.7856 -0.0143
vn 0.1797 -0.4913 -0.8522
vn -0.5084 0.8331 -0.2180
vn 0.0998 0.5025 -0.8588
vn -0.6023 0.3017 0.7390
vn 0.0784 -0.6036 0.7934
vn 0.6344 -0.7729 0.0150
vn 0.6256 -0.2417 -0.7417
vn -0.6679 0.7149 -0.2070
vn 0.2407 0.7379 -0.6305
vn -0.8925 -0.0372 0.4495
vn -0.1722 -0.7351 0.6557
vn 0.7276 -0.6570 0.1974
vn 0.9021 0.0671 -0.4264
vn -0.7013 0.6789 -0.2173
vn 0.2301 0.7912 -0.5666
vn -0.9239 -0.0997 0.3695
vn -0.2163 -0.7643 0.6075
vn 0.7148 -0.6502 0.2574
vn 0.9357 0.1271 -0.3292
vn -0.5471 0.6421 0.5371
vn -0.5310 0.6564 0.5358
vn -0.9986 -0.0070 -0.0528
vn -0.9931 0.0285 -0.1136
vn 0.4498 0.6423 0.6206
vn 0.4595 0.6956 0.5523
vn 0.9981 0.0282 0.0545
vn 0.9954 0.0960 0.0030
vn 0.5495 -0.5861 -0.5954
vn 0.5763 -0.5739 -0.5818
vn -0.4460 -0.5839 -0.6784
vn -0.4410 -0.6444 -0.6247
vn -0.4434 0.5952 0.6702
vn -0.9220 -0.2999 0.2449
vn 0.4399 0.8303 0.3422
vn 0.8877 0.3380 -0.3126
vn 0.5467 -0.4271 -0.7202
vn -0.3150 -0.8006 -0.5097
vn -0.2844 0.2594 0.9229
vn -0.6831 -0.5778 0.4466
vn 0.4228 0.8400 0.3402
vn 0.6199 0.5238 -0.5842
vn 0.2055 -0.2449 -0.9475
vn -0.4174 -0.7794 -0.4673
vn 0.0460 -0.0160 0.9988
vn -0.6122 -0.6298 0.4780
vn 0.6293 0.6528 0.4217
vn 0.5046 0.6406 -0.5788
vn -0.1207 0.0430 -0.9918
vn -0.6570 -0.5648 -0.4993
vn 0.1981 -0.1424 0.9698
vn -0.5459 -0.6483 0.5308
vn 0.7167 0.5325 0.4502
vn 0.4929 0.7016 -0.5146
vn -0.2455 0.1922 -0.9502
vn -0.7640 -0.4777 -0.4337
vn -0.4398 0.4271 0.7900
vn -0.4302 0.4597 0.7769
vn -0.9965 0.0474 0.0691
vn -0.9971 0.0606 0.0469
vn 0.5558 0.4268 0.7134
vn 0.5495 0.4774 0.6856
vn 0.9926 0.0594 -0.1060
vn 0.9908 0.0874 -0.1037
vn 0.4333 -0.3062 -0.8476
vn 0.4475 -0.3341 -0.8295
vn -0.5598 -0.3048 -0.7705
vn -0.5616 -0.3558 -0.7470
vn -0.4245 0.5211 0.7405
vn -0.9903 -0.0422 0.1323
vn 0.5281 0.6194 0.5809
vn 0.9694 0.1845 -0.1621
vn 0.4694 -0.3814 -0.7964
vn -0.5348 -0.5149 -0.6700
vn -0.4637 0.4309 0.7742
vn -0.9787 -0.1585 0.1302
vn 0.5343 0.6256 0.5685
vn 0.9383 0.2204 -0.2667
vn 0.3926 -0.3392 -0.8549
vn -0.5361 -0.5241 -0.6618
vn -0.3756 0.2365 0.8961
vn -0.9642 -0.2034 0.1703
vn 0.5895 0.4865 0.6449
vn 0.9142 0.2981 -0.2745
vn 0.3380 -0.1168 -0.9339
vn -0.5752 -0.3657 -0.7317
vn -0.3366 0.1170 0.9344
vn -0.9392 -0.2551 0.2299
vn 0.5795 0.4331 0.6904
vn 0.8912 0.3731 -0.2580
vn 0.2907 0.0002 -0.9568
vn -0.6226 -0.3125 -0.7174
vn -0.5329 0.4166 0.7365
vn -0.5326 0.4700 0.7039
vn -0.9920 0.0980 -0.0798
vn -0.9964 0.0499 -0.0689
vn 0.4654 0.4168 0.7808
vn 0.4501 0.4340 0.7805
vn 0.9985 0.0516 0.0194
vn 0.9985 0.0146 0.0523
vn 0.5357 -0.3137 -0.7840
vn 0.5298 -0.3717 -0.7623
vn -0.4610 -0.3157 -0.8294
vn -0.4776 -0.3239 -0.8167
vn -0.5019 0.6047 0.6185
vn -0.9708 0.1988 -0.1342
vn 0.4561 0.4784 0.7504
vn 0.9905 -0.0769 0.1143
vn 0.5146 -0.5139 -0.6864
vn -0.4875 -0.3595 -0.7957
vn -0.5317 0.6080 0.5896
vn -0.9255 0.2760 -0.2594
vn 0.4566 0.3568 0.8150
vn 0.9644 -0.2333 0.1244
vn 0.4947 -0.5207 -0.6958
vn -0.4160 -0.2678 -0.8690
vn -0.5190 0.5199 0.6784
vn -0.9119 0.3388 -0.2317
vn 0.4105 0.2253 0.8836
vn 0.9500 -0.2423 0.1968
vn 0.5699 -0.4252 -0.7031
vn -0.3597 -0.1386 -0.9227
vn -0.5309 0.5118 0.6755
vn -0.9240 0.3121 -0.2209
vn 0.4109 0.2487 0.8771
vn 0.9595 -0.2135 0.1836
vn 0.5675 -0.4132 -0.7122
vn -0.3745 -0.1506 -0.9149
vn -0.4731 0.3811 0.7943
vn -0.4594 0.4007 0.7927
vn -0.9982 -0.0167 0.0573
vn -0.9995 0.0145 0.0270
vn 0.5264 0.3812 0.7600
vn 0.5272 0.4334 0.7309
vn 0.9990 0.0145 -0.0411
vn 0.9971 0.0593 -0.0479
vn 0.4720 -0.3521 -0.8082
vn 0.4898 -0.3621 -0.7930
vn -0.5270 -0.3518 -0.7736
vn -0.5218 -0.4060 -0.7503
vn -0.4260 0.3823 0.8200
vn -0.9681 -0.1984 0.1533
vn 0.5225 0.5725 0.6319
vn 0.9599 0.2345 -0.1537
vn 0.5024 -0.3105 -0.8070
vn -0.4624 -0.5519 -0.6940
vn -0.4399 0.2228 0.8699
vn -0.9198 -0.3450 0.1867
vn 0.5052 0.5781 0.6408
vn 0.9040 0.3376 -0.2624
vn 0.3919 -0.2197 -0.8934
vn -0.4956 -0.5506 -0.6718
vn -0.3825 0.1287 0.9149
vn -0.9295 -0.3110 0.1983
vn 0.5498 0.4541 0.7011
vn 0.9150 0.3311 -0.2305
vn 0.3550 -0.1089 -0.9285
vn -0.5565 -0.4254 -0.7137
vn -0.3645 0.1076 0.9250
vn -0.9320 -0.2971 0.2078
vn 0.5618 0.4191 0.7132
vn 0.9205 0.3259 -0.2156
vn 0.3528 -0.0789 -0.9324
vn -0.5731 -0.3902 -0.7206
vn -0.6014 0.7862 0.1418
vn -0.5591 0.8271 0.0579
vn -0.8465 0.1065 -0.5216
vn -0.8758 0.0585 -0.4791
vn 0.3158 0.7868 0.5303
vn 0.3077 0.8111 0.4975
vn 0.9552 0.0637 0.2890
vn 0.9335 0.0489 0.3552
vn 0.6821 -0.6527 -0.3298
vn 0.6493 -0.7154 -0.2582
vn -0.2291 -0.6631 -0.7126
vn -0.2649 -0.6710 -0.6925
vn -0.4195 0.8987 -0.1279
vn -0.7550 0.1536 -0.6375
vn 0.3732 0.8301 0.4143
vn 0.8814 -0.0131 0.4722
vn 0.5498 -0.8333 -0.0586
vn -0.2998 -0.7194 -0.6265
vn -0.3509 0.9053 -0.2391
vn -0.6136 0.1391 -0.7773
vn 0.3602 0.8021 0.4763
vn 0.7813 -0.1412 0.6080
vn 0.4596 -0.8878 0.0232
vn -0.2199 -0.7290 -0.6483
vn -0.3498 0.9241 -0.1538
vn -0.5672 0.1827 -0.8031
vn 0.3025 0.7578 0.5782
vn 0.7354 -0.1172 0.6674
vn 0.5333 -0.8450 0.0390
vn -0.1165 -0.7076 -0.6970
vn -0.3837 0.9113 -0.1492
vn -0.6127 0.1700 -0.7718
vn 0.3101 0.7756 0.5498
vn 0.7734 -0.0973 0.6264
vn 0.5474 -0.8369 0.0062
vn -0.1459 -0.7051 -0.6940
vn 0.3727 0.6803 -0.6311
vn 0.3537 0.7167 -0.6010
vn 0.9611 -0.0113 -0.2758
vn 0.9781 0.0047 -0.2079
vn -0.6037 0.6803 -0.4156
vn -0.5848 0.7409 -0.3303
vn -0.9751 0.0058 0.2215
vn -0.9634 0.0653 0.2601
vn -0.3692 -0.6697 0.6443
vn -0.4063 -0.6786 0.6119
vn 0.6068 -0.6691 0.4290
vn 0.5811 -0.7351 0.3491
vn 0.3902 0.7578 -0.5230
vn 0.9294 -0.0661 -0.3631
vn -0.5168 0.8396 -0.1671
vn -0.9267 0.1223 0.3553
vn -0.4277 -0.7229 0.5427
vn 0.5246 -0.8321 0.1801
vn 0.3925 0.7636 -0.5128
vn 0.8724 -0.1395 -0.4684
vn -0.4718 0.8812 -0.0307
vn -0.8641 0.1473 0.4814
vn -0.4251 -0.7266 0.5397
vn 0.4428 -0.8936 0.0738
vn 0.4060 0.7045 -0.5821
vn 0.8657 -0.1645 -0.4727
vn -0.4732 0.8760 -0.0932
vn -0.8542 0.1276 0.5041
vn -0.3459 -0.7374 0.5802
vn 0.4958 -0.8633 0.0942
vn 0.3681 0.7152 -0.5941
vn 0.9010 -0.1137 -0.4187
vn -0.5295 0.8314 -0.1683
vn -0.8938 0.1206 0.4320
vn -0.3603 -0.7082 0.6072
vn 0.5368 -0.8240 0.1811
vn 0.8392 0.5350 -0.0980
vn 0.8049 0.5867 -0.0890
vn 0.7071 -0.0001 0.7071
vn 0.6781 0.0042 0.7349
vn 0.1584 0.5349 -0.8299
vn 0.1212 0.6041 -0.7877
vn -0.6834 0.0046 -0.7300
vn -0.6831 0.0452 -0.7289
vn -0.8442 -0.5260 0.1031
vn -0.8248 -0.5626 0.0561
vn -0.1637 -0.5258 0.8347
vn -0.1174 -0.5924 0.7970
vn 0.7689 0.6384 -0.0356
vn 0.7193 -0.0426 0.6934
vn 0.0568 0.6893 -0.7222
vn -0.7146 0.0661 -0.6964
vn -0.7816 -0.6232 0.0266
vn -0.0602 -0.6812 0.7296
vn 0.7933 0.6064 -0.0543
vn 0.7296 -0.0978 0.6768
vn 0.0354 0.6878 -0.7250
vn -0.7518 0.0796 -0.6546
vn -0.7996 -0.5976 0.0587
vn -0.0738 -0.6914 0.7187
vn 0.8411 0.5364 -0.0698
vn 0.7074 -0.0617 0.7041
vn 0.1213 0.6065 -0.7857
vn -0.7354 0.0419 -0.6763
vn -0.8221 -0.5535 0.1335
vn -0.1033 -0.5909 0.8001
vn 0.8365 0.5376 -0.1061
vn 0.6797 0.0157 0.7333
vn 0.1534 0.5254 -0.8369
vn -0.6849 -0.0072 -0.7286
vn -0.8414 -0.5289 0.1111
vn -0.1581 -0.5167 0.8414
vn -0.2637 0.6155 -0.7427
vn -0.1972 0.6878 -0.6986
vn 0.5382 0.0644 -0.8403
vn 0.5202 0.0054 -0.8540
vn -0.7799 0.6156 0.1134
vn -0.7415 0.6617 0.1111
vn -0.5111 0.0045 0.8595
vn -0.5615 -0.0099 0.8274
vn 0.2727 -0.6050 0.7481
vn 0.2068 -0.6787 0.7047
vn 0.7886 -0.6055 -0.1077
vn 0.7624 -0.6276 -0.1577
vn -0.0422 0.8084 -0.5871
vn 0.6539 0.1570 -0.7401
vn -0.7010 0.7013 0.1295
vn -0.6645 -0.1137 0.7386
vn 0.0869 -0.8155 0.5722
vn 0.7395 -0.6466 -0.1871
vn -0.0035 0.8501 -0.5266
vn 0.7430 0.1901 -0.6417
vn -0.7477 0.6509 0.1316
vn -0.7222 -0.2103 0.6590
vn 0.0297 -0.8493 0.5270
vn 0.7516 -0.6495 -0.1153
vn -0.0538 0.7665 -0.6400
vn 0.7749 0.1888 -0.6032
vn -0.8397 0.5430 0.0107
vn -0.7199 -0.2507 0.6472
vn 0.1141 -0.7694 0.6285
vn 0.8324 -0.5537 0.0237
vn -0.1258 0.6976 -0.7053
vn 0.7594 0.2393 -0.6050
vn -0.8811 0.4630 -0.0965
vn -0.7548 -0.2299 0.6144
vn 0.1303 -0.6880 0.7139
vn 0.8850 -0.4536 0.1054
vn 0.0101 0.5299 0.8480
vn 0.0319 0.5616 0.8268
vn -0.7522 -0.0496 0.6571
vn -0.8035 0.0041 0.5953
vn 0.8109 0.5298 0.2486
vn 0.7659 0.6163 0.1830
vn 0.7990 0.0052 -0.6014
vn 0.7694 0.0929 -0.6319
vn -0.0148 -0.5206 -0.8536
vn 0.0305 -0.5223 -0.8522
vn -0.8154 -0.5201 -0.2543
vn -0.7602 -0.6146 -0.2106
vn 0.0341 0.5664 0.8234
vn -0.6293 -0.2119 0.7477
vn 0.6424 0.7629 0.0737
vn 0.6315 0.2390 -0.7377
vn 0.0206 -0.5104 -0.8597
vn -0.6285 -0.7664 -0.1325
vn 0.0963 0.4598 0.8828
vn -0.5189 -0.3532 0.7785
vn 0.6064 0.7932 0.0558
vn 0.4867 0.3185 -0.8134
vn -0.1073 -0.4551 -0.8839
vn -0.6027 -0.7902 -0.1111
vn 0.1504 0.3606 0.9205
vn -0.5605 -0.3013 0.7714
vn 0.7226 0.6773 0.1381
vn 0.5265 0.2792 -0.8030
vn -0.2194 -0.3988 -0.8904
vn -0.7373 -0.6671 -0.1065
vn 0.1895 0.3729 0.9083
vn -0.6143 -0.2057 0.7618
vn 0.8002 0.5822 0.1437
vn 0.6080 0.2146 -0.7644
vn -0.1962 -0.3639 -0.9105
vn -0.8063 -0.5732 -0.1458
vn -0.9177 0.3943 0.0477
vn -0.8805 0.4735 0.0224
vn -0.5791 0.0642 -0.8127
vn -0.5850 0.0056 -0.8110
vn -0.3310 0.3943 0.8573
vn -0.3341 0.4341 0.8366
vn 0.5897 0.0052 0.8076
vn 0.5519 -0.0290 0.8334
vn 0.9223 -0.3832 -0.0510
vn 0.8853 -0.4640 -0.0306
vn 0.3358 -0.3834 -0.8604
vn 0.2955 -0.4078 -0.8640
vn -0.7881 0.6133 -0.0521
vn -0.4406 0.2369 -0.8659
vn -0.3778 0.4099 0.8302
vn 0.4490 -0.2284 0.8638
vn 0.7896 -0.6120 -0.0446
vn 0.3179 -0.3545 -0.8794
vn -0.7494 0.6620 -0.0134
vn -0.3246 0.3651 -0.8725
vn -0.4112 0.2923 0.8634
vn 0.3454 -0.3672 0.8636
vn 0.7577 -0.6526 0.0043
vn 0.4251 -0.2891 -0.8577
vn -0.8244 0.5655 -0.0242
vn -0.3271 0.3335 -0.8842
vn -0.4545 0.2097 0.8657
vn 0.3787 -0.3503 0.8567
vn 0.8321 -0.5545 0.0120
vn 0.4928 -0.2239 -0.8408
vn -0.8751 0.4832 -0.0270
vn -0.3664 0.3224 -0.8728
vn -0.5063 0.1665 0.8461
vn 0.3724 -0.3121 0.8740
vn 0.8806 -0.4729 0.0283
vn 0.5122 -0.1562 -0.8446
vn -0.6521 0.6277 0.4250
vn -0.6142 0.6583 0.4351
vn -0.9806 -0.0505 -0.1895
vn -0.9550 0.0030 -0.2965
vn 0.3054 0.6276 0.7162
vn 0.3422 0.7103 0.6151
vn 0.9576 0.0049 0.2881
vn 0.9716 0.1005 0.2141
vn 0.6541 -0.6200 -0.4332
vn 0.6851 -0.6091 -0.3996
vn -0.3031 -0.6192 -0.7244
vn -0.3049 -0.7156 -0.6285
vn -0.6331 0.6915 0.3479
vn -0.9884 -0.1284 -0.0816
vn 0.3292 0.8390 0.4332
vn 0.9782 0.1833 0.0978
vn 0.6631 -0.6639 -0.3457
vn -0.3462 -0.8286 -0.4400
vn -0.6309 0.7037 0.3268
vn -0.9808 -0.1946 -0.0092
vn 0.3545 0.8780 0.3215
vn 0.9811 0.1933 -0.0033
vn 0.6597 -0.6754 -0.3296
vn -0.3133 -0.8867 -0.3401
vn -0.6569 0.6394 0.3995
vn -0.9746 -0.2237 0.0115
vn 0.3402 0.8611 0.3778
vn 0.9814 0.1868 -0.0432
vn 0.6193 -0.6640 -0.4191
vn -0.3415 -0.8562 -0.3876
vn -0.6338 0.6342 0.4428
vn -0.9829 -0.1836 -0.0164
vn 0.3484 0.8200 0.4542
vn 0.9819 0.1890 0.0069
vn 0.6326 -0.6287 -0.4522
vn -0.3494 -0.8144 -0.4634
vn -0.9157 0.2545 -0.3111
vn -0.8977 0.3104 -0.3126
vn -0.2188 0.0381 -0.9750
vn -0.2124 0.0064 -0.9772
vn -0.7015 0.2545 0.6656
vn -0.7002 0.2867 0.6538
vn 0.2164 0.0063 0.9763
vn 0.1929 -0.0141 0.9811
vn 0.9194 -0.2417 0.3102
vn 0.9017 -0.2975 0.3137
vn 0.7054 -0.2418 -0.6663
vn 0.6846 -0.2679 -0.6779
vn -0.8529 0.3867 -0.3508
vn -0.1348 0.1779 -0.9748
vn -0.7371 0.2218 0.6384
vn 0.1681 -0.1761 0.9699
vn 0.8868 -0.3759 0.2688
vn 0.7076 -0.1907 -0.6803
vn -0.8846 0.3433 -0.3156
vn -0.1001 0.2594 -0.9606
vn -0.7506 0.0780 0.6562
vn 0.1381 -0.2559 0.9568
vn 0.8858 -0.3315 0.3248
vn 0.7791 -0.0805 -0.6217
vn -0.9246 0.1448 -0.3523
vn -0.1049 0.1486 -0.9833
vn -0.7555 -0.0066 0.6551
vn 0.1773 -0.1411 0.9740
vn 0.9246 -0.1321 0.3572
vn 0.8035 0.0072 -0.5952
vn -0.9295 0.0114 -0.3687
vn -0.1467 0.0802 -0.9859
vn -0.7842 -0.0622 0.6173
vn 0.1470 -0.0673 0.9868
vn 0.9291 0.0011 0.3697
vn 0.7843 0.0751 -0.6158
vn 0.2968 0.7577 -0.5812
vn 0.2922 0.7057 -0.6454
vn 0.9459 0.0061 -0.3245
vn 0.9340 0.0209 -0.3566
vn -0.6228 0.7575 -0.1957
vn -0.6647 0.6991 -0.2634
vn -0.9094 0.0214 0.4155
vn -0.9072 -0.0139 0.4205
vn -0.2730 -0.7167 0.6418
vn -0.2276 -0.6764 0.7005
vn 0.6488 -0.7167 0.2557
vn 0.6711 -0.6614 0.3350
vn 0.2402 0.7646 -0.5981
vn 0.8951 0.0391 -0.4441
vn -0.5964 0.7867 -0.1592
vn -0.8797 0.1290 0.4577
vn -0.3151 -0.6461 0.6952
vn 0.6369 -0.7334 0.2378
vn 0.3527 0.7916 -0.4990
vn 0.8649 -0.0777 -0.4958
vn -0.4651 0.8844 0.0397
vn -0.7955 0.1395 0.5897
vn -0.2974 -0.7376 0.6062
vn 0.5347 -0.8430 0.0589
vn -0.0736 0.7122 0.6981
vn -0.0595 0.6760 0.7345
vn -0.8054 0.0149 0.5925
vn -0.7926 0.0240 0.6092
vn 0.6990 0.7121 0.0661
vn 0.7344 0.6718 0.0968
vn 0.7543 0.0242 -0.6561
vn 0.7519 0.0051 -0.6593
vn 0.0354 -0.6649 -0.7461
vn 0.0013 -0.6343 -0.7730
vn -0.7383 -0.6649 -0.1133
vn -0.7633 -0.6270 -0.1560
vn -0.0715 0.6205 0.7809
vn -0.8645 0.1371 0.4835
vn 0.8116 0.5246 0.2571
vn 0.7989 -0.1083 -0.5917
vn -0.0741 -0.5669 -0.8205
vn -0.8591 -0.4277 -0.2811
vn -0.0052 0.6201 0.7845
vn -0.8685 0.2863 0.4046
vn 0.8615 0.3793 0.3376
vn 0.8544 -0.1900 -0.4836
vn -0.0212 -0.5177 -0.8553
vn -0.8729 -0.2745 -0.4033
vn 0.8151 0.4139 -0.4053
vn 0.8307 0.3869 -0.4004
vn 0.8376 0.0600 0.5429
vn 0.8540 0.0354 0.5191
vn -0.0469 0.4138 -0.9091
vn -0.0311 0.3600 -0.9324
vn -0.8707 0.0357 -0.4905
vn -0.8720 -0.0012 -0.4896
vn -0.8332 -0.3430 0.4338
vn -0.8302 -0.3201 0.4563
vn 0.0295 -0.3432 0.9388
vn 0.0143 -0.2870 0.9578
vn 0.7542 0.5435 -0.3685
vn 0.8441 0.1648 0.5103
vn -0.0360 0.4626 -0.8858
vn -0.8231 -0.0120 -0.5678
vn -0.8133 -0.4513 0.3672
vn 0.0812 -0.3505 0.9330
vn 0.6730 0.6950 -0.2531
vn 0.7988 0.1637 0.5789
vn -0.1357 0.5844 -0.8001
vn -0.8465 -0.0666 -0.5283
vn -0.7294 -0.6103 0.3089
vn 0.0928 -0.4957 0.8635
vn -0.4245 0.6290 -0.6512
vn -0.4358 0.5849 -0.6840
vn 0.3587 0.0356 -0.9328
vn 0.3034 0.0120 -0.9528
vn -0.7155 0.6287 0.3045
vn -0.7843 0.5544 0.2785
vn -0.2807 0.0128 0.9597
vn -0.2959 -0.0469 0.9541
vn 0.4473 -0.6046 0.6591
vn 0.4954 -0.5760 0.6503
vn 0.7390 -0.6046 -0.2973
vn 0.8049 -0.5273 -0.2723
vn -0.3923 0.6950 -0.6026
vn 0.3355 0.1452 -0.9308
vn -0.7372 0.6153 0.2793
vn -0.3892 -0.0214 0.9209
vn 0.3809 -0.6453 0.6622
vn 0.7657 -0.5560 -0.3234
vn -0.2436 0.7937 -0.5574
vn 0.3842 0.1015 -0.9177
vn -0.6039 0.7116 0.3591
vn -0.3446 -0.0647 0.9365
vn 0.2845 -0.7631 0.5802
vn 0.6475 -0.6804 -0.3432
vn 0.5695 0.8220 0.0041
vn 0.5622 0.8254 0.0512
vn 0.8235 0.0336 0.5664
vn 0.8662 0.0058 0.4997
vn -0.3052 0.8216 -0.4815
vn -0.2657 0.8194 -0.5079
vn -0.8820 0.0058 -0.4711
vn -0.8418 -0.0224 -0.5394
vn -0.5859 -0.8101 0.0239
vn -0.5507 -0.8347 0.0047
vn 0.2887 -0.8104 0.5097
vn 0.2845 -0.7851 0.5501
vn 0.4850 0.8630 0.1418
vn 0.6993 0.1033 0.7073
vn -0.2182 0.8024 -0.5555
vn -0.7275 -0.0767 -0.6818
vn -0.4851 -0.8716 -0.0711
vn 0.2359 -0.7506 0.6172
vn 0.4126 0.8943 0.1732
vn 0.6115 0.1305 0.7804
vn -0.2205 0.7740 -0.5935
vn -0.6529 -0.1151 -0.7487
vn -0.4524 -0.8810 -0.1384
vn 0.1815 -0.7568 0.6279
vn -0.2984 0.2291 -0.9265
vn -0.2751 0.1958 -0.9413
vn 0.6865 0.0723 -0.7236
vn 0.6631 0.0169 -0.7484
vn -0.9575 0.2290 -0.1753
vn -0.9706 0.1386 -0.1967
vn -0.6572 0.0172 0.7535
vn -0.6484 -0.0463 0.7599
vn 0.3040 -0.1951 0.9325
vn 0.3322 -0.1636 0.9289
vn 0.9639 -0.1950 0.1811
vn 0.9758 -0.1030 0.1927
vn -0.2973 0.2530 -0.9207
vn 0.6586 0.2058 -0.7239
vn -0.9707 0.0770 -0.2275
vn -0.6883 -0.1575 0.7082
vn 0.3127 -0.2099 0.9264
vn 0.9825 -0.0219 0.1848
vn -0.3021 0.3396 -0.8907
vn 0.6718 0.2685 -0.6904
vn -0.9760 0.0966 -0.1950
vn -0.6736 -0.2194 0.7058
vn 0.3031 -0.2910 0.9075
vn 0.9768 -0.0468 0.2089
vn 0.1349 0.6205 -0.7725
vn 0.1686 0.5920 -0.7881
vn 0.9164 0.0788 -0.3925
vn 0.8789 0.0194 -0.4765
vn -0.7336 0.6198 -0.2785
vn -0.7635 0.5321 -0.3659
vn -0.8607 0.0211 0.5086
vn -0.8818 -0.0722 0.4661
vn -0.1184 -0.5804 0.8057
vn -0.0693 -0.5708 0.8182
vn 0.7520 -0.5805 0.3123
vn 0.7934 -0.4767 0.3785
vn 0.0616 0.7168 -0.6945
vn 0.7982 0.0506 -0.6002
vn -0.6733 0.7246 -0.1473
vn -0.8301 0.1502 0.5370
vn -0.2557 -0.5508 0.7945
vn 0.6619 -0.7075 0.2478
vn 0.2410 0.7265 -0.6435
vn 0.6578 -0.2172 -0.7212
vn -0.3804 0.9189 0.1050
vn -0.5985 0.2589 0.7581
vn -0.1934 -0.6847 0.7027
vn 0.4352 -0.8985 -0.0567
vn -0.5389 0.8423 0.0029
vn -0.5413 0.8408 -0.0087
vn -0.9086 0.0125 -0.4175
vn -0.9190 0.0072 -0.3942
vn 0.3898 0.8422 0.3726
vn 0.3783 0.8411 0.3867
vn 0.9384 0.0072 0.3454
vn 0.9296 -0.0011 0.3685
vn 0.5587 -0.8278 -0.0514
vn 0.5497 -0.8340 -0.0472
vn -0.3701 -0.8280 -0.4213
vn -0.3687 -0.8200 -0.4377
vn -0.5118 0.8590 -0.0167
vn -0.9168 0.0212 -0.3987
vn 0.4073 0.8446 0.3474
vn 0.9390 0.0185 0.3433
vn 0.5670 -0.8233 -0.0265
vn -0.3693 -0.8366 -0.4046
vn -0.5226 0.8517 -0.0383
vn -0.9326 -0.0019 -0.3609
vn 0.4220 0.8607 0.2849
vn 0.9578 0.0201 0.2867
vn 0.5510 -0.8338 -0.0350
vn -0.3953 -0.8454 -0.3592
vn 0.8176 0.4702 0.3323
vn 0.8029 0.4812 0.3519
vn 0.1639 0.0733 0.9837
vn 0.2000 0.0234 0.9795
vn 0.6033 0.4700 -0.6443
vn 0.6340 0.4374 -0.6378
vn -0.2274 0.0236 -0.9735
vn -0.2005 -0.0308 -0.9792
vn -0.8449 -0.4231 -0.3273
vn -0.8414 -0.4422 -0.3107
vn -0.6314 -0.4234 0.6497
vn -0.6441 -0.3807 0.6635
vn 0.8233 0.5024 0.2640
vn 0.2746 -0.0343 0.9609
vn 0.5210 0.5478 -0.6546
vn -0.2628 0.1218 -0.9571
vn -0.8331 -0.3940 -0.3882
vn -0.6163 -0.5130 0.5975
vn 0.8275 0.4536 0.3307
vn 0.3616 -0.2290 0.9038
vn 0.4359 0.7046 -0.5599
vn -0.3979 0.2881 -0.8710
vn -0.8682 -0.3889 -0.3082
vn -0.4828 -0.6494 0.5876
vn -0.4605 0.8334 -0.3057
vn -0.4988 0.8063 -0.3179
vn -0.4225 0.0123 -0.9063
vn -0.4904 0.0084 -0.8715
vn 0.0523 0.8326 0.5514
vn -0.0415 0.8004 0.5981
vn 0.5350 0.0098 0.8448
vn 0.4859 -0.0417 0.8730
vn 0.5060 -0.8157 0.2803
vn 0.5287 -0.8153 0.2362
vn -0.0070 -0.8159 -0.5782
vn 0.0791 -0.7727 -0.6298
vn -0.5419 0.8069 -0.2351
vn -0.4447 0.0330 -0.8951
vn -0.0647 0.7682 0.6369
vn 0.4938 0.0026 0.8696
vn 0.6056 -0.7532 0.2567
vn 0.1458 -0.7610 -0.6321
vn -0.5733 0.7813 -0.2467
vn -0.5147 -0.0093 -0.8573
vn -0.0285 0.8052 0.5923
vn 0.5714 0.0435 0.8195
vn 0.6321 -0.7451 0.2127
vn 0.0887 -0.7734 -0.6277
vn -0.1325 0.8334 0.5366
vn -0.2847 0.8489 0.4452
vn -0.8257 0.0903 0.5568
vn -0.6458 0.0091 0.7634
vn 0.4958 0.8316 -0.2502
vn 0.5236 0.8454 -0.1053
vn 0.6021 0.0081 -0.7984
vn 0.7984 -0.0643 -0.5986
vn 0.0928 -0.8142 -0.5731
vn 0.1283 -0.8964 -0.4243
vn -0.5362 -0.8168 0.2128
vn -0.6522 -0.7413 0.1584
vn -0.2764 0.9336 0.2281
vn -0.8979 0.1624 0.4092
vn 0.5874 0.7848 -0.1979
vn 0.8829 -0.0874 -0.4614
vn 0.3358 -0.8856 -0.3210
vn -0.5917 -0.7962 0.1265
vn -0.3373 0.9165 0.2150
vn -0.8515 0.1067 0.5135
vn 0.4921 0.8063 -0.3282
vn 0.8115 -0.0980 -0.5761
vn 0.3034 -0.9100 -0.2824
vn -0.5305 -0.8054 0.2646
vn 0.1239 0.4082 -0.9045
vn 0.1855 0.5769 -0.7954
vn 0.9167 0.2663 -0.2979
vn 0.9065 0.0266 -0.4214
vn -0.7832 0.4077 -0.4695
vn -0.7319 0.3867 -0.5610
vn -0.8948 0.0251 0.4458
vn -0.9367 -0.1958 0.2904
vn -0.1163 -0.3559 0.9272
vn -0.0597 -0.5373 0.8413
vn 0.7912 -0.3581 0.4957
vn 0.8364 -0.2627 0.4811
vn 0.0768 0.7635 -0.6413
vn 0.8814 0.4471 -0.1524
vn -0.8021 0.3548 -0.4804
vn -0.9127 -0.3744 0.1636
vn -0.1365 -0.7234 0.6769
vn 0.7915 -0.3114 0.5258
vn 0.0933 0.7950 -0.5993
vn 0.9023 0.3994 -0.1623
vn -0.8103 0.4196 -0.4091
vn -0.9116 -0.3497 0.2161
vn -0.1053 -0.7481 0.6551
vn 0.8026 -0.3730 0.4655
vn -0.5313 0.7919 0.3012
vn -0.5431 0.7893 0.2865
vn -0.9849 0.0275 -0.1709
vn -0.9925 0.0119 -0.1217
vn 0.4637 0.7915 0.3981
vn 0.4471 0.7808 0.4365
vn 0.9973 0.0122 0.0726
vn 0.9932 -0.0154 0.1155
vn 0.5368 -0.7676 -0.3501
vn 0.5210 -0.7793 -0.3483
vn -0.4584 -0.7679 -0.4474
vn -0.4583 -0.7457 -0.4837
vn -0.4398 0.8975 0.0321
vn -0.9698 0.1449 -0.1960
vn 0.4695 0.8598 0.2006
vn 0.9837 0.0672 0.1665
vn 0.5461 -0.8351 -0.0671
vn -0.5433 -0.7951 -0.2696
vn -0.4160 0.8734 -0.2534
vn -0.9768 0.0382 -0.2107
vn 0.5397 0.8377 -0.0839
vn 0.9900 -0.0325 0.1374
vn 0.4359 -0.8805 0.1862
vn -0.5351 -0.8447 0.0143
vn 0.7509 0.5933 -0.2901
vn 0.7635 0.5810 -0.2819
vn 0.8327 0.0458 0.5518
vn 0.8519 0.0206 0.5234
vn -0.1101 0.5931 -0.7975
vn -0.0878 0.5569 -0.8259
vn -0.8701 0.0209 -0.4925
vn -0.8614 -0.0177 -0.5077
vn -0.7698 -0.5519 0.3206
vn -0.7641 -0.5488 0.3390
vn 0.0914 -0.5521 0.8288
vn 0.0800 -0.5100 0.8564
vn 0.7488 0.5420 -0.3814
vn 0.8830 -0.0516 0.4666
vn -0.1488 0.5893 -0.7941
vn -0.8931 0.1073 -0.4369
vn -0.8251 -0.4516 0.3396
vn 0.0394 -0.5633 0.8253
vn 0.7978 0.4632 -0.3860
vn 0.9129 -0.1961 0.3580
vn -0.1248 0.6835 -0.7192
vn -0.9170 0.2489 -0.3117
vn -0.8077 -0.4056 0.4278
vn 0.1122 -0.6318 0.7670
vn 0.2686 0.2548 0.9289
vn 0.2379 0.2323 0.9431
vn -0.7099 0.1028 0.6968
vn -0.6847 0.0259 0.7284
vn 0.9471 0.2548 0.1953
vn 0.9612 0.1545 0.2284
vn 0.6751 0.0265 -0.7372
vn 0.6705 -0.0596 -0.7395
vn -0.2773 -0.2027 -0.9392
vn -0.3096 -0.1816 -0.9334
vn -0.9574 -0.2027 -0.2056
vn -0.9711 -0.0984 -0.2175
vn 0.2696 0.3343 0.9031
vn -0.6733 0.2718 0.6876
vn 0.9604 0.1085 0.2567
vn 0.7199 -0.1999 -0.6647
vn -0.2802 -0.2751 -0.9197
vn -0.9780 -0.0269 -0.2070
vn 0.2710 0.4527 0.8495
vn -0.6937 0.3398 0.6351
vn 0.9675 0.1473 0.2057
vn 0.6969 -0.2760 -0.6620
vn -0.2724 -0.3907 -0.8793
vn -0.9695 -0.0825 -0.2306
vn 0.4817 0.8624 0.1555
vn 0.4967 0.8481 0.1845
vn 0.8366 0.0003 0.5478
vn 0.8856 0.0009 0.4645
vn -0.4096 0.8619 -0.2989
vn -0.3520 0.8639 -0.3601
vn -0.8960 0.0018 -0.4441
vn -0.8505 -0.0223 -0.5255
vn -0.4926 -0.8596 -0.1356
vn -0.4631 -0.8766 -0.1305
vn 0.3988 -0.8597 0.3191
vn 0.3707 -0.8403 0.3955
vn 0.3769 0.8930 0.2460
vn 0.8182 0.0692 0.5708
vn -0.4173 0.8606 -0.2920
vn -0.8347 0.0321 -0.5497
vn -0.4559 -0.8495 -0.2655
vn 0.4108 -0.8527 0.3226
vn 0.3474 0.8674 0.3562
vn 0.8543 0.0152 0.5195
vn -0.5106 0.8474 -0.1456
vn -0.8724 -0.0157 -0.4885
vn -0.3680 -0.8704 -0.3272
vn 0.4935 -0.8518 0.1760
vn -0.8412 0.2918 -0.4552
vn -0.8299 0.2580 -0.4947
vn 0.0053 0.0969 -0.9953
vn -0.0486 0.0107 -0.9988
vn -0.7875 0.2916 0.5430
vn -0.8328 0.1701 0.5268
vn 0.0555 0.0114 0.9984
vn 0.0594 -0.0889 0.9943
vn 0.8483 -0.2698 0.4557
vn 0.8741 -0.2388 0.4230
vn 0.7951 -0.2696 -0.5432
vn 0.8265 -0.1433 -0.5443
vn -0.8309 0.3520 -0.4310
vn -0.0248 0.2510 -0.9677
vn -0.8484 0.1341 0.5121
vn -0.0431 -0.2036 0.9781
vn 0.8313 -0.3260 0.4501
vn 0.8255 -0.0863 -0.5577
vn -0.7822 0.4725 -0.4061
vn 0.0278 0.2842 -0.9584
vn -0.8070 0.2064 0.5533
vn -0.0175 -0.2521 0.9675
vn 0.7950 -0.4419 0.4155
vn 0.8191 -0.1745 -0.5465
vn 0.0662 0.8653 0.4969
vn 0.0447 0.8507 0.5237
vn -0.0529 -0.0026 0.9986
vn 0.0434 0.0004 0.9991
vn 0.0112 0.8648 -0.5020
vn 0.0879 0.8706 -0.4841
vn -0.0665 0.0011 -0.9978
vn 0.0278 -0.0168 -0.9995
vn -0.0893 -0.8636 -0.4963
vn -0.0731 -0.8803 -0.4687
vn -0.0343 -0.8637 0.5029
vn -0.1106 -0.8469 0.5201
vn 0.0543 0.8986 0.4353
vn 0.0536 0.0304 0.9981
vn -0.0124 0.8458 -0.5333
vn -0.0797 0.0231 -0.9966
vn -0.0880 -0.8289 -0.5524
vn -0.0230 -0.8877 0.4599
vn 0.0859 0.8648 0.4947
vn 0.2518 -0.0046 0.9678
vn -0.1830 0.8612 -0.4742
vn -0.2839 0.0054 -0.9588
vn -0.1200 -0.8633 -0.4902
vn 0.1500 -0.8642 0.4803
vn 0.4454 0.8229 -0.3528
vn 0.4505 0.7964 -0.4035
vn 0.9907 -0.0132 -0.1356
vn 0.9869 0.0039 -0.1614
vn -0.5389 0.8227 -0.1808
vn -0.5601 0.7918 -0.2436
vn -0.9831 0.0042 0.1828
vn -0.9841 -0.0217 0.1761
vn -0.4420 -0.8151 0.3744
vn -0.4161 -0.8028 0.4269
vn 0.5428 -0.8151 0.2023
vn 0.5521 -0.7889 0.2700
vn 0.3533 0.8667 -0.3520
vn 0.8993 0.0200 -0.4368
vn -0.4749 0.8782 0.0568
vn -0.8915 0.1552 0.4255
vn -0.5363 -0.7174 0.4446
vn 0.4146 -0.9099 0.0120
vn 0.4870 0.8129 -0.3196
vn 0.7271 -0.1200 -0.6760
vn -0.2372 0.8986 0.3691
vn -0.7045 0.1235 0.6989
vn -0.4701 -0.8103 0.3499
vn 0.2558 -0.9032 -0.3447
vn 0.6320 0.4296 0.6449
vn 0.5808 0.4027 0.7075
vn -0.3325 0.1876 0.9243
vn -0.2175 0.0091 0.9760
vn 0.8392 0.4288 -0.3346
vn 0.9419 0.2272 -0.2474
vn 0.2070 0.0126 -0.9783
vn 0.2338 -0.2008 -0.9513
vn -0.6421 -0.4084 -0.6488
vn -0.7040 -0.3824 -0.5985
vn -0.8509 -0.4077 0.3314
vn -0.9348 -0.1827 0.3045
vn 0.6501 0.4604 0.6045
vn -0.3002 0.3867 0.8720
vn 0.9647 0.1053 -0.2413
vn 0.3661 -0.3384 -0.8669
vn -0.6160 -0.4443 -0.6505
vn -0.9654 -0.0693 0.2514
vn 0.6051 0.5469 0.5786
vn -0.3327 0.3544 0.8739
vn 0.9314 0.2076 -0.2989
vn 0.3252 -0.3257 -0.8878
vn -0.6137 -0.5197 -0.5944
vn -0.9414 -0.1798 0.2854
vn -0.2938 0.5653 -0.7708
vn -0.2356 0.4891 -0.8398
vn 0.6626 0.1517 -0.7334
vn 0.5403 0.0068 -0.8414
vn -0.8223 0.5638 0.0771
vn -0.9371 0.3431 -0.0648
vn -0.5281 0.0129 0.8491
vn -0.5555 -0.1948 0.8084
vn 0.3052 -0.5463 0.7800
vn 0.4021 -0.4850 0.7765
vn 0.8357 -0.5449 -0.0681
vn 0.9518 -0.3052 0.0316
vn -0.3159 0.5856 -0.7465
vn 0.6292 0.4747 -0.6155
vn -0.9701 0.1642 -0.1789
vn -0.6948 -0.4175 0.5856
vn 0.3390 -0.5594 0.7564
vn 0.9910 -0.0781 0.1089
vn -0.3101 0.7187 -0.6223
vn 0.6620 0.5492 -0.5100
vn -0.9768 0.1862 -0.1057
vn -0.6635 -0.5264 0.5318
vn 0.3118 -0.6976 0.6451
vn 0.9787 -0.1619 0.1263
vn -0.0373 0.7218 0.6911
vn -0.0628 0.6958 0.7155
vn -0.8003 0.0542 0.5971
vn -0.7419 0.0110 0.6704
vn 0.6928 0.7211 0.0082
vn 0.7481 0.6568 0.0945
vn 0.7201 0.0126 -0.6938
vn 0.7597 -0.0697 -0.6465
vn 0.0165 -0.6986 -0.7154
vn -0.0284 -0.6983 -0.7153
vn -0.7148 -0.6986 -0.0325
vn -0.7798 -0.6186 -0.0961
vn 0.0245 0.7166 0.6971
vn -0.7666 0.0748 0.6378
vn 0.7564 0.6519 0.0534
vn 0.7621 -0.0035 -0.6474
vn 0.0370 -0.6472 -0.7614
vn -0.7588 -0.6389 -0.1264
vn -0.0222 0.7026 0.7113
vn -0.7111 -0.0269 0.7026
vn 0.6670 0.7449 -0.0123
vn 0.6715 0.0694 -0.7377
vn -0.0128 -0.6593 -0.7517
vn -0.7065 -0.7072 -0.0281
vn 0.1214 0.6569 -0.7441
vn 0.1457 0.6094 -0.7794
vn 0.8946 0.0553 -0.4435
vn 0.8548 0.0131 -0.5188
vn -0.7240 0.6563 -0.2122
vn -0.7681 0.5630 -0.3051
vn -0.8394 0.0149 0.5433
vn -0.8556 -0.0726 0.5124
vn -0.1071 -0.6294 0.7696
vn -0.0540 -0.6033 0.7957
vn 0.7398 -0.6293 0.2379
vn 0.7872 -0.5278 0.3190
vn 0.0801 0.6429 -0.7618
vn 0.8804 0.1360 -0.4543
vn -0.7790 0.5418 -0.3157
vn -0.8931 -0.0552 0.4464
vn -0.1226 -0.5895 0.7984
vn 0.7950 -0.5001 0.3434
vn 0.1256 0.6855 -0.7171
vn 0.8844 0.0850 -0.4590
vn -0.7452 0.6228 -0.2382
vn -0.8656 -0.0368 0.4995
vn -0.1092 -0.6396 0.7609
vn 0.7660 -0.5782 0.2809
vn -0.2996 0.8588 -0.4156
vn -0.3102 0.8395 -0.4461
vn -0.6653 -0.0241 -0.7461
vn -0.7376 -0.0024 -0.6752
vn 0.4517 0.8579 0.2448
vn 0.3770 0.8788 0.2926
vn 0.7643 -0.0014 0.6449
vn 0.6936 -0.0068 0.7204
vn 0.3270 -0.8625 0.3863
vn 0.2964 -0.8782 0.3755
vn -0.4246 -0.8628 -0.2745
vn -0.3721 -0.8603 -0.3484
vn -0.2048 0.8576 -0.4717
vn -0.5863 0.0108 -0.8100
vn 0.3895 0.8702 0.3019
vn 0.6317 0.0427 0.7740
vn 0.2660 -0.8451 0.4637
vn -0.3607 -0.8643 -0.3505
vn -0.1506 0.8337 -0.5312
vn -0.5941 -0.0199 -0.8041
vn 0.4658 0.8486 0.2509
vn 0.6435 0.0112 0.7653
vn 0.2009 -0.8455 0.4948
vn -0.4181 -0.8608 -0.2902
vn 0.3922 0.4157 0.8206
vn 0.3870 0.4078 0.8270
vn -0.5365 0.0331 0.8433
vn -0.5247 0.0180 0.8511
vn 0.9088 0.4157 -0.0352
vn 0.9193 0.3926 -0.0275
vn 0.5090 0.0180 -0.8606
vn 0.5118 -0.0021 -0.8591
vn -0.4078 -0.3798 -0.8304
vn -0.4173 -0.3751 -0.8277
vn -0.9247 -0.3798 0.0256
vn -0.9346 -0.3548 0.0230
vn 0.4762 0.3565 0.8038
vn -0.4525 -0.1217 0.8834
vn 0.8741 0.4773 -0.0900
vn 0.4408 0.1734 -0.8807
vn -0.4062 -0.2687 -0.8734
vn -0.8967 -0.4421 -0.0210
vn 0.4654 0.2662 0.8441
vn -0.3577 -0.3013 0.8839
vn 0.8047 0.5919 -0.0462
vn 0.3248 0.3512 -0.8782
vn -0.4938 -0.2114 -0.8435
vn -0.8396 -0.5415 0.0439
vn 0.0321 0.7599 -0.6492
vn 0.0606 0.7411 -0.6686
vn 0.7547 0.0481 -0.6543
vn 0.6907 0.0099 -0.7230
vn -0.6451 0.7592 0.0864
vn -0.7034 0.7107 0.0113
vn -0.6650 0.0113 0.7468
vn -0.7145 -0.0599 0.6970
vn -0.0074 -0.7388 0.6738
vn 0.0284 -0.7472 0.6640
vn 0.6709 -0.7390 -0.0618
vn 0.7413 -0.6710 -0.0124
vn -0.1496 0.7375 -0.6586
vn 0.5445 -0.0831 -0.8346
vn -0.6197 0.7660 0.1713
vn -0.5265 0.1488 0.8371
vn 0.0271 -0.5852 0.8104
vn 0.6011 -0.7984 0.0340
vn -0.1750 0.6005 -0.7802
vn 0.2205 -0.3070 -0.9258
vn -0.3704 0.9111 0.1807
vn -0.1713 0.3312 0.9279
vn 0.2232 -0.5647 0.7945
vn 0.4234 -0.8911 -0.1631
vn -0.5596 0.7968 0.2281
vn -0.6521 0.7189 0.2405
vn -0.9015 0.0639 -0.4281
vn -0.9708 0.0058 -0.2397
vn 0.4144 0.7939 0.4449
vn 0.3094 0.6655 0.6792
vn 0.9791 0.0147 0.2031
vn 0.9366 -0.1513 0.3161
vn 0.5709 -0.7774 -0.2639
vn 0.5416 -0.7502 -0.3793
vn -0.4050 -0.7760 -0.4835
vn -0.3299 -0.6219 -0.7102
vn -0.5367 0.7918 0.2915
vn -0.8286 0.2743 -0.4881
vn 0.2627 0.5764 0.7738
vn 0.8359 -0.1647 0.5236
vn 0.5969 -0.7517 -0.2805
vn -0.2791 -0.5178 -0.8087
vn -0.4741 0.8632 0.1735
vn -0.8197 0.2331 -0.5232
vn 0.3542 0.6484 0.6739
vn 0.8507 -0.1994 0.4864
vn 0.5080 -0.8351 -0.2110
vn -0.3254 -0.6191 -0.7147
vn -0.8862 0.4531 -0.0967
vn -0.9045 0.4143 -0.1013
vn -0.4387 0.0216 -0.8984
vn -0.4582 0.0179 -0.8887
vn -0.4193 0.4530 0.7867
vn -0.4385 0.4047 0.8024
vn 0.4759 0.0180 0.8793
vn 0.4836 -0.0008 0.8753
vn 0.9046 -0.4173 0.0875
vn 0.9212 -0.3828 0.0693
vn 0.4375 -0.4173 -0.7966
vn 0.4645 -0.3706 -0.8043
vn -0.8661 0.4829 -0.1290
vn -0.3787 0.2005 -0.9035
vn -0.5261 0.3313 0.7832
vn 0.3841 -0.1473 0.9115
vn 0.8946 -0.4447 0.0437
vn 0.4723 -0.2486 -0.8456
vn -0.8045 0.5871 -0.0898
vn -0.2794 0.3453 -0.8959
vn -0.5128 0.2667 0.8160
vn 0.3097 -0.2978 0.9030
vn 0.8370 -0.5397 0.0907
vn 0.5400 -0.2156 -0.8136
vn -0.5007 0.8656 -0.0013
vn -0.5249 0.8511 -0.0104
vn -0.9993 -0.0091 -0.0358
vn -0.9988 0.0005 0.0481
vn 0.4921 0.8641 -0.1063
vn 0.4842 0.8744 -0.0318
vn 0.9869 0.0013 -0.1616
vn 0.9967 -0.0125 -0.0797
vn 0.4917 -0.8635 -0.1120
vn 0.4679 -0.8777 -0.1038
vn -0.5023 -0.8646 -0.0072
vn -0.5182 -0.8514 -0.0813
vn -0.4447 0.8950 -0.0354
vn -0.9981 0.0368 0.0487
vn 0.5125 0.8454 -0.1507
vn 0.9808 0.0262 -0.1931
vn 0.5447 -0.8293 -0.1250
vn -0.4664 -0.8846 0.0003
vn -0.5100 0.8594 -0.0352
vn -0.9739 0.0055 0.2268
vn 0.4369 0.8325 -0.3407
vn 0.9200 -0.0130 -0.3917
vn 0.4785 -0.8668 -0.1403
vn -0.4779 -0.8610 0.1740
vn 0.6823 0.6699 0.2929
vn 0.6784 0.6662 0.3097
vn 0.2431 0.0685 0.9676
vn 0.2848 0.0391 0.9578
vn 0.3577 0.6695 -0.6511
vn 0.3977 0.6417 -0.6557
vn -0.3630 0.0398 -0.9309
vn -0.3341 -0.0015 -0.9425
vn -0.7609 -0.5910 -0.2678
vn -0.7603 -0.5987 -0.2520
vn -0.4372 -0.5917 0.6773
vn -0.4645 -0.5534 0.6913
vn 0.6267 0.7291 0.2750
vn 0.2670 0.1000 0.9585
vn 0.3272 0.6895 -0.6462
vn -0.3298 0.0431 -0.9431
vn -0.7273 -0.6119 -0.3108
vn -0.4326 -0.5991 0.6738
vn 0.5675 0.7570 0.3239
vn 0.2852 0.0375 0.9577
vn 0.2197 0.7674 -0.6024
vn -0.4093 0.0692 -0.9098
vn -0.6992 -0.6551 -0.2861
vn -0.3506 -0.6723 0.6520
vn -0.5975 0.7395 0.3101
vn -0.6236 0.7026 0.3429
vn -0.9439 0.0293 -0.3289
vn -0.9532 0.0340 -0.3005
vn 0.3660 0.7393 0.5653
vn 0.3574 0.6950 0.6238
vn 0.9768 0.0345 0.2115
vn 0.9770 0.0050 0.2130
vn 0.6230 -0.6723 -0.3998
vn 0.6210 -0.6432 -0.4480
vn -0.3426 -0.6725 -0.6560
vn -0.3201 -0.6273 -0.7100
vn -0.5744 0.7550 0.3162
vn -0.9499 0.0897 -0.2995
vn 0.3521 0.7389 0.5745
vn 0.9684 0.0643 0.2411
vn 0.6484 -0.6506 -0.3954
vn -0.3504 -0.6431 -0.6809
vn -0.5600 0.8042 0.1992
vn -0.9462 0.0465 -0.3203
vn 0.3935 0.8022 0.4491
vn 0.9813 0.0465 0.1867
vn 0.6054 -0.7220 -0.3349
vn -0.3622 -0.7222 -0.5893
vn -0.2577 0.8248 0.5033
vn -0.2881 0.8016 0.5238
vn -0.1278 -0.0413 0.9909
vn -0.0358 -0.0139 0.9993
vn -0.2777 0.8230 -0.4955
vn -0.2212 0.8520 -0.4745
vn -0.0765 -0.0138 -0.9970
vn 0.0187 0.0036 -0.9998
vn 0.1455 -0.8514 -0.5039
vn 0.1795 -0.8591 -0.4792
vn 0.1661 -0.8527 0.4953
vn 0.1005 -0.8548 0.5092
vn -0.3140 0.8280 0.4646
vn -0.1360 -0.0255 0.9904
vn -0.2407 0.8202 -0.5189
vn -0.0024 0.0145 -0.9999
vn 0.1758 -0.8258 -0.5359
vn 0.1162 -0.8764 0.4674
vn -0.3003 0.8129 0.4990
vn -0.0366 -0.0131 0.9992
vn -0.3391 0.7987 -0.4970
vn -0.1187 -0.0277 -0.9925
vn 0.1430 -0.8517 -0.5041
vn 0.1857 -0.8484 0.4957
vn 0.4196 0.1621 -0.8931
vn 0.4423 0.1716 -0.8803
vn 0.9887 0.1362 -0.0634
vn 0.9949 0.0570 -0.0827
vn -0.5745 0.1625 -0.8022
vn -0.5607 0.0928 -0.8228
vn -0.9938 0.0580 0.0953
vn -0.9948 -0.0240 0.0989
vn -0.4213 -0.0475 0.9057
vn -0.3981 -0.0557 0.9157
vn 0.5742 -0.0479 0.8173
vn 0.5795 0.0252 0.8146
vn 0.3913 0.2643 -0.8815
vn 0.9642 0.2510 -0.0851
vn -0.5672 0.0871 -0.8190
vn -0.9923 -0.1121 0.0533
vn -0.4262 -0.1329 0.8948
vn 0.5750 0.0538 0.8164
vn 0.3787 0.3516 -0.8562
vn 0.9593 0.2774 -0.0527
vn -0.5907 0.1523 -0.7924
vn -0.9892 -0.1241 0.0784
vn -0.4099 -0.2008 0.8897
vn 0.5672 0.0008 0.8236
vn -0.3514 0.8561 0.3790
vn -0.3804 0.8495 0.3655
vn -0.9113 0.0228 0.4110
vn -0.8785 0.0130 0.4776
vn 0.4975 0.8550 -0.1468
vn 0.5109 0.8543 -0.0953
vn 0.8193 0.0135 -0.5732
vn 0.8577 -0.0077 -0.5140
vn 0.2944 -0.8290 -0.4755
vn 0.2861 -0.8458 -0.4503
vn -0.5553 -0.8301 0.0501
vn -0.5896 -0.8076 0.0137
vn -0.3434 0.9010 0.2652
vn -0.8609 0.0641 0.5048
vn 0.4441 0.8546 -0.2690
vn 0.7926 0.0516 -0.6076
vn 0.3842 -0.8084 -0.4460
vn -0.4793 -0.8684 0.1273
vn -0.4335 0.8627 0.2606
vn -0.7585 -0.0100 0.6516
vn 0.2692 0.8571 -0.4392
vn 0.6501 0.0201 -0.7596
vn 0.3409 -0.8564 -0.3877
vn -0.3694 -0.8700 0.3265
vn 0.6291 0.7437 -0.2264
vn 0.6427 0.7392 -0.2013
vn 0.8734 0.0689 0.4822
vn 0.9075 0.0330 0.4187
vn -0.2965 0.7428 -0.6003
vn -0.2603 0.7126 -0.6515
vn -0.9429 0.0340 -0.3312
vn -0.9227 -0.0192 -0.3850
vn -0.6668 -0.6766 0.3123
vn -0.6457 -0.6916 0.3237
vn 0.2592 -0.6777 0.6882
vn 0.2478 -0.6272 0.7384
vn 0.5422 0.8109 -0.2203
vn 0.9426 0.0513 0.3298
vn -0.3645 0.7965 -0.4824
vn -0.9560 0.1156 -0.2697
vn -0.7182 -0.6530 0.2404
vn 0.2544 -0.7654 0.5911
vn 0.6096 0.7810 -0.1360
vn 0.9818 -0.1200 0.1471
vn -0.3745 0.9032 -0.2096
vn -0.9832 0.1820 -0.0115
vn -0.6417 -0.7162 0.2744
vn 0.3561 -0.8661 0.3508
vn 0.7415 0.5033 0.4437
vn 0.7260 0.5116 0.4596
vn 0.0093 0.0957 0.9954
vn 0.0459 0.0480 0.9978
vn 0.6651 0.5031 -0.5518
vn 0.6966 0.4698 -0.5422
vn -0.1049 0.0487 -0.9933
vn -0.0788 -0.0052 -0.9969
vn -0.8001 -0.4065 -0.4411
vn -0.8004 -0.4230 -0.4248
vn -0.7254 -0.4071 0.5551
vn -0.7418 -0.3640 0.5633
vn 0.6957 0.5919 0.4070
vn 0.0431 0.1188 0.9920
vn 0.6322 0.5388 -0.5568
vn -0.0605 0.0298 -0.9977
vn -0.7450 -0.4666 -0.4767
vn -0.7104 -0.4347 0.5535
vn 0.6338 0.6353 0.4412
vn 0.0498 0.0428 0.9978
vn 0.5351 0.6461 -0.5443
vn -0.1400 0.0742 -0.9874
vn -0.7295 -0.5221 -0.4418
vn -0.6342 -0.5385 0.5548
vn 0.2848 0.8633 -0.4166
vn 0.0879 0.8705 -0.4843
vn 0.3505 -0.0561 -0.9349
vn 0.4728 0.0024 -0.8811
vn -0.1744 0.8651 0.4703
vn -0.2538 0.8266 0.5024
vn -0.4464 -0.0025 0.8948
vn -0.3130 -0.0430 0.9488
vn -0.2579 -0.8651 0.4302
vn -0.0692 -0.8549 0.5141
vn 0.2013 -0.8658 -0.4581
vn 0.2515 -0.8868 -0.3878
vn -0.0916 0.8704 -0.4837
vn 0.0260 0.0003 -0.9997
vn -0.0993 0.8728 0.4779
vn -0.0004 0.0862 0.9963
vn 0.1170 -0.7883 0.6040
vn 0.1388 -0.8969 -0.4199
vn -0.0658 0.8396 -0.5392
vn -0.1523 -0.0589 -0.9866
vn 0.1080 0.8886 0.4458
vn 0.1956 0.0629 0.9787
vn 0.1109 -0.8358 0.5377
vn -0.0644 -0.8905 -0.4505
vn -0.9030 0.4262 0.0546
vn -0.9086 0.4164 0.0332
vn -0.5638 0.0589 -0.8238
vn -0.5959 0.0128 -0.8029
vn -0.3012 0.4261 0.8531
vn -0.3388 0.3730 0.8638
vn 0.6068 0.0131 0.7948
vn 0.5954 -0.0447 0.8022
vn 0.9142 -0.4005 -0.0623
vn 0.9138 -0.3975 -0.0837
vn 0.3125 -0.4005 -0.8613
vn 0.3348 -0.3417 -0.8782
vn -0.7130 0.7012 -0.0012
vn -0.5128 0.2880 -0.8088
vn -0.2905 0.5232 0.8012
vn 0.4220 -0.1246 0.8980
vn 0.7410 -0.6712 0.0210
vn 0.1898 -0.4025 -0.8955
vn -0.4334 0.8972 -0.0855
vn -0.3502 0.3158 -0.8818
vn -0.0786 0.6176 0.7826
vn 0.3849 -0.2883 0.8768
vn 0.4696 -0.8795 0.0778
vn 0.1116 -0.5931 -0.7973
vn 0.4544 0.8120 -0.3664
vn 0.4638 0.8069 -0.3656
vn 0.9955 0.0106 -0.0938
vn 0.9925 0.0053 -0.1220
vn -0.5363 0.8119 -0.2309
vn -0.5360 0.8037 -0.2584
vn -0.9888 0.0054 0.1488
vn -0.9921 -0.0096 0.1250
vn -0.4510 -0.8012 0.3933
vn -0.4417 -0.8057 0.3946
vn 0.5398 -0.8013 0.2579
vn 0.5478 -0.7875 0.2824
vn 0.3977 0.8305 -0.3900
vn 0.9707 -0.0148 -0.2398
vn -0.5446 0.8282 -0.1322
vn -0.9637 0.0670 0.2585
vn -0.4923 -0.7573 0.4291
vn 0.4887 -0.8504 0.1950
vn 0.4436 0.7913 -0.4208
vn 0.9155 -0.0930 -0.3913
vn -0.4670 0.8842 -0.0079
vn -0.8978 0.1057 0.4274
vn -0.4305 -0.7770 0.4594
vn 0.4817 -0.8751 0.0467
vn 0.0334 0.8665 -0.4981
vn -0.0265 0.8515 -0.5237
vn 0.1128 -0.0248 -0.9933
vn 0.0818 0.0004 -0.9966
vn -0.0337 0.8662 0.4986
vn -0.1254 0.8583 0.4977
vn -0.0526 0.0009 0.9986
vn -0.0778 -0.0289 0.9965
vn -0.0041 -0.8656 0.5007
vn 0.0615 -0.8704 0.4886
vn 0.0631 -0.8656 -0.4967
vn 0.1539 -0.8617 -0.4835
vn -0.0864 0.8464 -0.5256
vn 0.1903 0.0095 -0.9817
vn -0.2620 0.8447 0.4668
vn -0.1518 -0.0211 0.9882
vn 0.1302 -0.8562 0.5000
vn 0.2966 -0.8279 -0.4760
vn -0.0895 0.8555 -0.5100
vn 0.2383 0.0310 -0.9707
vn -0.3082 0.8295 0.4659
vn -0.1985 -0.0213 0.9799
vn 0.1296 -0.8457 0.5177
vn 0.3477 -0.8184 -0.4575
vn 0.6481 0.2071 -0.7329
vn 0.6295 0.4345 -0.6441
vn 0.9421 0.2521 0.2212
vn 0.9828 0.0157 0.1839
vn -0.3384 0.2070 -0.9180
vn -0.2580 0.2397 -0.9359
vn -0.9843 0.0142 -0.1759
vn -0.9358 -0.1937 -0.2946
vn -0.6503 -0.1768 0.7388
vn -0.5709 -0.4057 0.7138
vn 0.3347 -0.1780 0.9254
vn 0.4043 -0.1483 0.9025
vn 0.3908 0.7659 -0.5106
vn 0.8149 0.4924 0.3059
vn -0.3965 0.3496 -0.8489
vn -0.8343 -0.3919 -0.3877
vn -0.4458 -0.7471 0.4931
vn 0.4337 -0.2720 0.8591
vn 0.2982 0.8736 -0.3846
vn 0.7997 0.4658 0.3790
vn -0.5057 0.4265 -0.7499
vn -0.8240 -0.4405 -0.3565
vn -0.3233 -0.8532 0.4092
vn 0.4848 -0.4032 0.7761
vn 0.5580 0.7811 0.2802
vn 0.6033 0.6458 0.4679
vn 0.9772 -0.1462 0.1538
vn 0.9888 -0.0049 -0.1493
vn -0.4376 0.7809 0.4459
vn -0.3302 0.8654 0.3770
vn -0.9840 -0.0088 0.1780
vn -0.9799 0.1656 -0.1112
vn -0.5553 -0.7928 -0.2513
vn -0.4697 -0.7539 -0.4593
vn 0.4395 -0.7948 -0.4184
vn 0.5010 -0.8179 -0.2829
vn 0.3862 0.5446 0.7445
vn 0.8947 -0.2187 0.3895
vn -0.4799 0.7762 0.4089
vn -0.9125 0.2915 -0.2871
vn -0.4932 -0.4939 -0.7161
vn 0.4719 -0.7955 -0.3801
vn 0.3830 0.4269 0.8192
vn 0.9365 -0.2174 0.2752
vn -0.5520 0.6241 0.5529
vn -0.9499 0.1906 -0.2476
vn -0.4008 -0.4546 -0.7954
vn 0.5395 -0.6541 -0.5302
vn -0.4795 0.7793 -0.4034
vn -0.4511 0.7783 -0.4367
vn -0.1109 0.0448 -0.9928
vn -0.2091 0.0065 -0.9779
vn -0.2570 0.7788 0.5722
vn -0.3350 0.7566 0.5616
vn 0.2347 0.0071 0.9720
vn 0.1462 -0.0483 0.9881
vn 0.5051 -0.7656 0.3984
vn 0.4855 -0.7916 0.3711
vn 0.2830 -0.7658 -0.5774
vn 0.3444 -0.7190 -0.6037
vn -0.3032 0.8826 -0.3593
vn -0.1752 0.1216 -0.9770
vn -0.1347 0.8153 0.5632
vn 0.1669 0.0342 0.9854
vn 0.3377 -0.8008 0.4946
vn 0.1691 -0.8083 -0.5639
vn -0.1715 0.8757 -0.4513
vn -0.2918 0.0037 -0.9565
vn 0.1359 0.8613 0.4896
vn 0.3290 0.0054 0.9443
vn 0.2110 -0.8701 0.4453
vn -0.0994 -0.8595 -0.5014
vn -0.8322 0.3243 0.4498
vn -0.8516 0.2793 0.4436
vn -0.8483 0.0396 -0.5281
vn -0.8656 0.0137 -0.5006
vn 0.0356 0.3243 0.9453
vn 0.0221 0.2496 0.9681
vn 0.8705 0.0140 0.4919
vn 0.8758 -0.0250 0.4821
vn 0.8377 -0.2967 -0.4584
vn 0.8354 -0.2559 -0.4865
vn -0.0304 -0.2967 -0.9545
vn -0.0124 -0.2221 -0.9750
vn -0.7899 0.4331 0.4341
vn -0.8634 0.1535 -0.4805
vn 0.0039 0.3319 0.9433
vn 0.8155 -0.0677 0.5748
vn 0.8200 -0.3982 -0.4112
vn -0.0834 -0.2723 -0.9586
vn -0.7174 0.6063 0.3430
vn -0.8164 0.1729 -0.5509
vn 0.0962 0.4549 0.8854
vn 0.8310 -0.1389 0.5387
vn 0.7348 -0.5762 -0.3578
vn -0.0835 -0.4229 -0.9023
vn -0.8435 0.3551 -0.4031
vn -0.8401 0.3407 -0.4221
vn -0.0800 0.0582 -0.9951
vn -0.1111 0.0154 -0.9937
vn -0.7254 0.3551 0.5896
vn -0.7536 0.2979 0.5860
vn 0.1237 0.0156 0.9922
vn 0.1184 -0.0367 0.9923
vn 0.8562 -0.3243 0.4022
vn 0.8684 -0.3152 0.3828
vn 0.7386 -0.3243 -0.5910
vn 0.7574 -0.2633 -0.5975
vn -0.8738 0.3292 -0.3579
vn -0.1408 -0.0080 -0.9900
vn -0.7105 0.3526 0.6090
vn 0.1238 0.0670 0.9900
vn 0.8573 -0.2625 0.4429
vn 0.7630 -0.3162 -0.5638
vn -0.8627 0.3061 -0.4026
vn -0.1721 -0.1420 -0.9748
vn -0.6737 0.4747 0.5664
vn 0.1943 0.2002 0.9603
vn 0.8855 -0.2459 0.3942
vn 0.7013 -0.4179 -0.5776
vn -0.4627 0.8632 -0.2022
vn -0.4764 0.8596 -0.1848
vn -0.9551 -0.0118 -0.2961
vn -0.9596 -0.0010 -0.2814
vn 0.5012 0.8630 0.0627
vn 0.4923 0.8649 0.0977
vn 0.9686 -0.0009 0.2485
vn 0.9645 -0.0105 0.2640
vn 0.4720 -0.8652 0.1694
vn 0.4698 -0.8704 0.1477
vn -0.4922 -0.8652 -0.0955
vn -0.4812 -0.8669 -0.1300
vn -0.4509 0.8678 -0.2090
vn -0.9496 0.0151 -0.3132
vn 0.4919 0.8673 0.0765
vn 0.9638 0.0172 0.2659
vn 0.4818 -0.8600 0.1682
vn -0.4899 -0.8627 -0.1258
vn -0.4438 0.8576 -0.2600
vn -0.9497 -0.0027 -0.3131
vn 0.5130 0.8581 0.0233
vn 0.9671 -0.0013 0.2545
vn 0.4623 -0.8634 0.2020
vn -0.4966 -0.8641 -0.0819
vn -0.1834 0.6341 0.7512
vn -0.1841 0.5720 0.7993
vn -0.9180 0.0112 0.3964
vn -0.9005 0.0123 0.4347
vn 0.7104 0.6339 0.3059
vn 0.7477 0.5569 0.3617
vn 0.8897 0.0127 -0.4563
vn 0.8861 -0.0273 -0.4628
vn 0.1730 -0.6095 -0.7737
vn 0.1288 -0.5599 -0.8185
vn -0.7217 -0.6094 -0.3282
vn -0.7457 -0.5362 -0.3955
vn -0.1284 0.6363 0.7607
vn -0.8631 0.0264 0.5043
vn 0.6961 0.6554 0.2931
vn 0.8862 0.0983 -0.4528
vn 0.2233 -0.5552 -0.8012
vn -0.7167 -0.6210 -0.3172
vn -0.2314 0.6958 0.6800
vn -0.8458 -0.0898 0.5259
vn 0.5907 0.7952 0.1372
vn 0.8179 0.1283 -0.5608
vn 0.2087 -0.6605 -0.7212
vn -0.6201 -0.7647 -0.1755
vn -0.3736 0.7769 -0.5069
vn -0.3936 0.7421 -0.5426
vn 0.1256 0.0272 -0.9917
vn 0.0369 0.0078 -0.9993
vn -0.3941 0.7762 0.4922
vn -0.5043 0.7194 0.4776
vn -0.0060 0.0095 0.9999
vn -0.0625 -0.0598 0.9962
vn 0.4045 -0.7600 0.5087
vn 0.4510 -0.7531 0.4789
vn 0.4256 -0.7599 -0.4913
vn 0.5307 -0.6923 -0.4889
vn -0.3840 0.8066 -0.4494
vn 0.0340 0.0785 -0.9963
vn -0.4085 0.7627 0.5014
vn -0.0474 0.0435 0.9979
vn 0.3870 -0.7255 0.5691
vn 0.4533 -0.7521 -0.4783
vn -0.2859 0.8144 -0.5049
vn -0.0646 -0.0391 -0.9971
vn -0.1932 0.8533 0.4844
vn 0.1152 0.0633 0.9913
vn 0.3386 -0.7926 0.5071
vn 0.2458 -0.8372 -0.4886
vn -0.4950 0.8627 -0.1032
vn -0.5105 0.8524 -0.1133
vn -0.9920 -0.0114 -0.1261
vn -0.9976 -0.0013 -0.0690
vn 0.5036 0.8624 -0.0517
vn 0.4891 0.8722 -0.0045
vn 0.9994 -0.0010 0.0338
vn 0.9958 -0.0052 0.0918
vn 0.4974 -0.8648 0.0680
vn 0.4801 -0.8740 0.0755
vn -0.5014 -0.8650 0.0166
vn -0.5066 -0.8615 -0.0334
vn -0.4809 0.8657 -0.1387
vn -0.9853 0.0026 -0.1708
vn 0.5004 0.8657 0.0087
vn 0.9920 0.0127 0.1256
vn 0.5038 -0.8584 0.0963
vn -0.4926 -0.8686 -0.0528
vn -0.4861 0.8593 -0.1589
vn -0.9877 -0.0057 -0.1566
vn 0.5044 0.8629 -0.0295
vn 0.9948 0.0026 0.1023
vn 0.4943 -0.8629 0.1048
vn -0.4973 -0.8672 -0.0247
vn -0.7567 0.6293 0.1772
vn -0.7971 0.5795 0.1697
vn -0.7412 0.0526 -0.6693
vn -0.7914 0.0127 -0.6111
vn 0.0425 0.6288 0.7764
vn -0.0202 0.5340 0.8453
vn 0.8067 0.0142 0.5908
vn 0.7897 -0.0679 0.6097
vn 0.7732 -0.6028 -0.1970
vn 0.7796 -0.5721 -0.2548
vn -0.0264 -0.6027 -0.7975
vn 0.0274 -0.5019 -0.8645
vn -0.7743 0.5847 0.2419
vn -0.7637 0.0978 -0.6381
vn -0.0203 0.5098 0.8600
vn 0.7595 -0.0315 0.6498
vn 0.8215 -0.5323 -0.2045
vn 0.0539 -0.4797 -0.8758
vn -0.7722 0.6043 0.1966
vn -0.7819 0.0276 -0.6228
vn 0.0205 0.5955 0.8031
vn 0.8029 0.0149 0.5960
vn 0.7965 -0.5624 -0.2219
vn 0.0027 -0.5556 -0.8315
vn -0.0192 0.7731 0.6339
vn -0.0264 0.7679 0.6400
vn -0.6798 0.0243 0.7330
vn -0.6609 0.0155 0.7503
vn 0.6201 0.7729 -0.1342
vn 0.6375 0.7618 -0.1153
vn 0.6181 0.0157 -0.7859
vn 0.6338 -0.0019 -0.7735
vn -0.0232 -0.7420 -0.6700
vn -0.0318 -0.7452 -0.6661
vn -0.6629 -0.7422 0.0982
vn -0.6831 -0.7251 0.0870
vn 0.0647 0.7647 0.6412
vn -0.5768 -0.0394 0.8159
vn 0.5866 0.7852 -0.1984
vn 0.5179 0.0903 -0.8507
vn -0.0559 -0.6696 -0.7406
vn -0.6217 -0.7798 0.0733
vn 0.0794 0.7045 0.7053
vn -0.4420 -0.1312 0.8874
vn 0.4776 0.8544 -0.2046
vn 0.3551 0.1803 -0.9173
vn -0.1609 -0.6481 -0.7444
vn -0.5640 -0.8096 0.1625
vn 0.6863 0.6394 -0.3467
vn 0.7188 0.6062 -0.3405
vn 0.8779 0.0663 0.4742
vn 0.9125 0.0227 0.4084
vn -0.2349 0.6388 -0.7326
vn -0.1916 0.5616 -0.8049
vn -0.9300 0.0241 -0.3669
vn -0.9157 -0.0536 -0.3982
vn -0.7057 -0.5931 0.3877
vn -0.6934 -0.5773 0.4312
vn 0.2163 -0.5932 0.7754
vn 0.1873 -0.5055 0.8423
vn 0.6409 0.6805 -0.3553
vn 0.8931 0.1311 0.4304
vn -0.2225 0.6045 -0.7649
vn -0.8952 -0.0018 -0.4456
vn -0.7292 -0.5938 0.3402
vn 0.2006 -0.5426 0.8157
vn 0.6286 0.7361 -0.2510
vn 0.9048 0.0455 0.4234
vn -0.2845 0.7197 -0.6334
vn -0.9345 0.0244 -0.3550
vn -0.6686 -0.6717 0.3191
vn 0.2533 -0.6598 0.7075
vn -0.6692 0.6512 0.3579
vn -0.7085 0.5967 0.3768
vn -0.9016 0.0426 -0.4305
vn -0.9259 0.0227 -0.3772
vn 0.2637 0.6509 0.7119
vn 0.2356 0.5672 0.7892
vn 0.9422 0.0238 0.3342
vn 0.9382 -0.0372 0.3442
vn 0.6874 -0.6055 -0.4010
vn 0.6842 -0.5662 -0.4597
vn -0.2469 -0.6056 -0.7565
vn -0.2143 -0.5190 -0.8275
vn -0.6830 0.5650 0.4629
vn -0.9250 0.0452 -0.3772
vn 0.2417 0.5447 0.8031
vn 0.9353 0.0362 0.3520
vn 0.7464 -0.4795 -0.4615
vn -0.1844 -0.4924 -0.8506
vn -0.7072 0.5528 0.4408
vn -0.9415 -0.0357 -0.3350
vn 0.2422 0.6239 0.7430
vn 0.9545 0.1130 0.2761
vn 0.7265 -0.4742 -0.4973
vn -0.2238 -0.5498 -0.8048
vn 0.3029 0.8368 0.4561
vn 0.3208 0.8209 0.4725
vn 0.0804 0.0112 0.9967
vn 0.1304 0.0099 0.9914
vn 0.1416 0.8363 -0.5297
vn 0.2070 0.8184 -0.5361
vn -0.1917 0.0105 -0.9814
vn -0.1532 -0.0202 -0.9880
vn -0.3645 -0.8168 -0.4473
vn -0.3851 -0.8188 -0.4259
vn -0.2034 -0.8170 0.5395
vn -0.2653 -0.7904 0.5522
vn 0.3539 0.8462 0.3983
vn 0.2010 0.0111 0.9795
vn 0.1158 0.8291 -0.5470
vn -0.2598 0.0591 -0.9639
vn -0.4328 -0.7612 -0.4830
vn -0.2159 -0.8356 0.5051
vn 0.3720 0.8127 0.4485
vn 0.3457 -0.0648 0.9361
vn -0.0177 0.8819 -0.4712
vn -0.4278 0.0931 -0.8991
vn -0.4594 -0.7818 -0.4216
vn -0.0698 -0.8620 0.5021
vn 0.1469 0.5402 -0.8286
vn 0.1726 0.5199 -0.8366
vn 0.9257 0.0774 -0.3701
vn 0.9047 0.0264 -0.4253
vn -0.7484 0.5399 -0.3853
vn -0.7635 0.4697 -0.4432
vn -0.8878 0.0273 0.4594
vn -0.8987 -0.0450 0.4363
vn -0.1315 -0.4868 0.8636
vn -0.0988 -0.4784 0.8726
vn 0.7653 -0.4870 0.4208
vn 0.7880 -0.4072 0.4617
vn 0.1070 0.6128 -0.7830
vn 0.8893 0.1009 -0.4461
vn -0.7427 0.5661 -0.3577
vn -0.9107 0.0358 0.4116
vn -0.2055 -0.5145 0.8325
vn 0.7590 -0.5073 0.4082
vn 0.1962 0.6724 -0.7137
vn 0.8823 -0.0249 -0.4699
vn -0.6576 0.7217 -0.2160
vn -0.8474 0.0938 0.5226
vn -0.1697 -0.6075 0.7760
vn 0.6951 -0.6640 0.2756
vn 0.2817 0.7194 0.6348
vn 0.2640 0.7057 0.6575
vn -0.4425 0.0583 0.8949
vn -0.3696 0.0193 0.9290
vn 0.6255 0.7188 -0.3035
vn 0.6928 0.6725 -0.2604
vn 0.3201 0.0204 -0.9472
vn 0.3740 -0.0459 -0.9263
vn -0.3304 -0.6799 -0.6547
vn -0.3546 -0.6873 -0.6340
vn -0.6756 -0.6803 0.2842
vn -0.7408 -0.6173 0.2649
vn 0.2249 0.8098 0.5419
vn -0.3707 0.1180 0.9212
vn 0.5661 0.7528 -0.3358
vn 0.3748 0.0436 -0.9261
vn -0.2077 -0.7117 -0.6711
vn -0.6282 -0.7144 0.3083
vn 0.0730 0.8359 0.5440
vn -0.3054 -0.0086 0.9522
vn 0.3325 0.8505 -0.4076
vn 0.2261 0.0497 -0.9728
vn -0.1509 -0.8017 -0.5784
vn -0.4139 -0.8246 0.3857
vn 0.9290 0.2176 -0.2994
vn 0.9381 0.2011 -0.2818
vn 0.7276 0.0780 0.6816
vn 0.7453 0.0321 0.6659
vn 0.1791 0.2176 -0.9595
vn 0.1948 0.1548 -0.9685
vn -0.7540 0.0324 -0.6561
vn -0.7578 -0.0183 -0.6523
vn -0.9387 -0.1532 0.3087
vn -0.9339 -0.1381 0.3298
vn -0.1888 -0.1533 0.9700
vn -0.1922 -0.0882 0.9774
vn 0.9109 0.2323 -0.3411
vn 0.7703 0.0309 0.6369
vn 0.1630 0.2402 -0.9569
vn -0.7361 0.0605 -0.6742
vn -0.9542 -0.1438 0.2622
vn -0.2029 -0.1679 0.9647
vn 0.9208 0.2668 -0.2847
vn 0.7618 -0.0864 0.6420
vn 0.1531 0.3923 -0.9070
vn -0.7677 0.1718 -0.6173
vn -0.9350 -0.1804 0.3053
vn -0.1666 -0.3099 0.9360
vn 0.5890 0.3597 0.7236
vn 0.5801 0.3619 0.7298
vn -0.3360 0.0392 0.9410
vn -0.3227 0.0148 0.9464
vn 0.9056 0.3596 -0.2248
vn 0.9154 0.3393 -0.2166
vn 0.3107 0.0148 -0.9504
vn 0.3179 -0.0120 -0.9480
vn -0.6010 -0.3301 -0.7279
vn -0.6061 -0.3354 -0.7212
vn -0.9178 -0.3301 0.2206
vn -0.9251 -0.3066 0.2239
vn 0.6469 0.3275 0.6886
vn -0.2671 -0.0941 0.9591
vn 0.8640 0.4258 -0.2688
vn 0.2608 0.1460 -0.9543
vn -0.5937 -0.2478 -0.7656
vn -0.9042 -0.3895 0.1751
vn 0.6365 0.2527 0.7287
vn -0.1953 -0.2603 0.9456
vn 0.8123 0.5409 -0.2184
vn 0.1643 0.3178 -0.9338
vn -0.6638 -0.1908 -0.7231
vn -0.8468 -0.4831 0.2225
vn 0.4219 0.8661 -0.2680
vn 0.4527 0.8501 -0.2692
vn 0.9089 -0.0064 -0.4169
vn 0.8684 0.0004 -0.4959
vn -0.4382 0.8655 0.2426
vn -0.4562 0.8745 0.1648
vn -0.8513 0.0012 0.5247
vn -0.8932 -0.0179 0.4494
vn -0.4057 -0.8644 0.2971
vn -0.3896 -0.8775 0.2798
vn 0.4548 -0.8646 -0.2136
vn 0.4976 -0.8546 -0.1485
vn 0.5331 0.8392 0.1071
vn 0.9903 0.0705 -0.1201
vn -0.3765 0.8881 0.2637
vn -0.9724 0.1121 0.2045
vn -0.5156 -0.8545 -0.0632
vn 0.5629 -0.7955 -0.2243
vn 0.5475 0.7035 0.4531
vn 0.9952 -0.0741 0.0643
vn -0.4310 0.7909 0.4344
vn -0.9983 0.0575 -0.0028
vn -0.5504 -0.7321 -0.4014
vn 0.4411 -0.8151 -0.3756
vn -0.6696 0.6903 0.2741
vn -0.6813 0.5810 0.4452
vn -0.9430 -0.1506 -0.2969
vn -0.9105 0.0136 -0.4132
vn 0.2466 0.6918 0.6787
vn 0.3150 0.6732 0.6690
vn 0.9214 0.0093 0.3884
vn 0.9669 0.1213 0.2243
vn 0.6800 -0.6689 -0.3004
vn 0.7369 -0.5227 -0.4287
vn -0.2380 -0.6693 -0.7038
vn -0.1711 -0.6849 -0.7083
vn -0.6755 0.3842 0.6294
vn -0.9338 -0.3550 -0.0453
vn 0.2677 0.7310 0.6276
vn 0.9256 0.3785 0.0041
vn 0.7086 -0.3102 -0.6338
vn -0.2031 -0.6974 -0.6873
vn -0.6754 0.3105 0.6689
vn -0.8986 -0.4367 0.0436
vn 0.2152 0.7673 0.6041
vn 0.8759 0.4754 -0.0830
vn 0.6554 -0.2678 -0.7062
vn -0.2334 -0.7272 -0.6455
vn 0.5726 0.6396 -0.5128
vn 0.6003 0.6121 -0.5148
vn 0.9769 0.0482 0.2081
vn 0.9892 0.0118 0.1458
vn -0.4180 0.6393 -0.6455
vn -0.3987 0.5750 -0.7145
vn -0.9925 0.0127 -0.1214
vn -0.9869 -0.0534 -0.1522
vn -0.5768 -0.6154 0.5371
vn -0.5565 -0.6048 0.5697
vn 0.4144 -0.6154 0.6705
vn 0.4081 -0.5433 0.7337
vn 0.5621 0.6079 -0.5609
vn 0.9779 0.0787 0.1936
vn -0.4119 0.5420 -0.7325
vn -0.9833 -0.0317 -0.1790
vn -0.6046 -0.5607 0.5658
vn 0.3813 -0.5165 0.7667
vn 0.5802 0.6016 -0.5491
vn 0.9861 0.0286 0.1637
vn -0.4090 0.5936 -0.6931
vn -0.9918 0.0152 -0.1268
vn -0.5883 -0.5576 0.5856
vn 0.4017 -0.5512 0.7313
vn -0.8927 0.3009 -0.3354
vn -0.8666 0.3430 -0.3624
vn -0.1455 0.1149 -0.9827
vn -0.1852 0.0174 -0.9825
vn -0.7008 0.3008 0.6468
vn -0.7399 0.2542 0.6229
vn 0.1970 0.0176 0.9802
vn 0.1631 -0.0820 0.9832
vn 0.9042 -0.2660 0.3341
vn 0.8992 -0.3124 0.3063
vn 0.7133 -0.2662 -0.6483
vn 0.7191 -0.2055 -0.6638
vn -0.7602 0.5889 -0.2744
vn -0.1736 0.2469 -0.9534
vn -0.6456 0.4165 0.6401
vn 0.0652 -0.1162 0.9911
vn 0.7580 -0.5390 0.3674
vn 0.6325 -0.3444 -0.6937
vn -0.5923 0.7495 -0.2957
vn -0.1072 0.1901 -0.9759
vn -0.4680 0.5839 0.6634
vn 0.1438 -0.1444 0.9790
vn 0.6338 -0.7119 0.3025
vn 0.5085 -0.5452 -0.6665
vn -0.2401 0.2757 0.9308
vn -0.2629 0.2395 0.9346
vn -0.9662 0.0680 0.2488
vn -0.9591 0.0251 0.2820
vn 0.7160 0.2757 0.6413
vn 0.7188 0.1946 0.6674
vn 0.9550 0.0254 -0.2955
vn 0.9521 -0.0271 -0.3046
vn 0.2369 -0.2254 -0.9450
vn 0.2128 -0.1915 -0.9581
vn -0.7203 -0.2254 -0.6560
vn -0.7225 -0.1425 -0.6765
vn -0.2096 0.4058 0.8896
vn -0.9370 0.1690 0.3058
vn 0.6984 0.3027 0.6485
vn 0.9769 -0.0505 -0.2076
vn 0.2711 -0.3341 -0.9027
vn -0.7537 -0.2140 -0.6214
vn -0.2357 0.5858 0.7754
vn -0.9591 0.1655 0.2297
vn 0.7086 0.4648 0.5309
vn 0.9593 -0.0825 -0.2699
vn 0.2383 -0.5117 -0.8254
vn -0.7185 -0.3884 -0.5770
vn -0.1596 0.8386 -0.5208
vn -0.1994 0.8341 -0.5143
vn -0.5986 -0.0342 -0.8003
vn -0.6317 -0.0057 -0.7752
vn 0.4913 0.8381 0.2370
vn 0.4317 0.8553 0.2865
vn 0.6712 -0.0050 0.7413
vn 0.6353 -0.0171 0.7721
vn 0.1997 -0.8498 0.4877
vn 0.2122 -0.8668 0.4512
vn -0.4519 -0.8500 -0.2708
vn -0.3921 -0.8615 -0.3227
vn -0.1348 0.8771 -0.4610
vn -0.6940 0.0639 -0.7172
vn 0.5515 0.8094 0.2018
vn 0.7570 0.0107 0.6533
vn 0.2935 -0.8203 0.4908
vn -0.4692 -0.8585 -0.2071
vn -0.1699 0.8326 -0.5272
vn -0.8230 0.0636 -0.5644
vn 0.6693 0.7430 0.0069
vn 0.8655 -0.0855 0.4935
vn 0.2248 -0.8576 0.4626
vn -0.6253 -0.7772 -0.0710
vn -0.1817 0.8652 0.4673
vn -0.1178 0.8520 0.5102
vn -0.3210 -0.0307 0.9466
vn -0.2889 -0.0003 0.9574
vn 0.0807 0.8648 -0.4956
vn 0.1850 0.8603 -0.4751
vn 0.2370 0.0005 -0.9715
vn 0.2647 -0.0335 -0.9637
vn 0.1301 -0.8661 -0.4826
vn 0.0513 -0.8741 -0.4831
vn -0.1329 -0.8662 0.4817
vn -0.2329 -0.8643 0.4458
vn -0.1162 0.8869 0.4472
vn -0.2704 0.0489 0.9615
vn 0.1126 0.8675 -0.4846
vn 0.2067 0.0491 -0.9772
vn 0.0712 -0.8357 -0.5446
vn -0.1784 -0.8660 0.4671
vn -0.2182 0.8588 0.4635
vn -0.1918 -0.0019 0.9814
vn -0.0674 0.8532 -0.5172
vn 0.1092 0.0014 -0.9940
vn 0.1373 -0.8641 -0.4842
vn -0.0132 -0.8631 0.5048
vn -0.8204 0.5369 0.1966
vn -0.8540 0.4727 0.2172
vn -0.7368 0.0088 -0.6760
vn -0.7530 0.0221 -0.6577
vn -0.0584 0.5369 0.8416
vn -0.0705 0.4712 0.8792
vn 0.7729 0.0221 0.6341
vn 0.7871 0.0077 0.6168
vn 0.8415 -0.4932 -0.2205
vn 0.8606 -0.4342 -0.2661
vn 0.0786 -0.4932 -0.8664
vn 0.1144 -0.4315 -0.8948
vn -0.8052 0.5274 0.2713
vn -0.8480 -0.0781 -0.5242
vn -0.0131 0.6443 0.7647
vn 0.7940 0.2188 0.5672
vn 0.9011 -0.3961 -0.1764
vn 0.0668 -0.5999 -0.7973
vn -0.8147 0.5625 0.1407
vn -0.8540 -0.2640 -0.4483
vn 0.0467 0.8346 0.5489
vn 0.8636 0.3189 0.3905
vn 0.8397 -0.5067 -0.1954
vn -0.0278 -0.7915 -0.6105
vn -0.5553 0.8316 0.0081
vn -0.5815 0.8135 -0.0115
vn -0.9302 -0.0269 0.3660
vn -0.9046 -0.0068 0.4263
vn 0.3379 0.8311 -0.4417
vn 0.3368 0.8497 -0.4056
vn 0.8809 -0.0068 -0.4732
vn 0.9102 0.0106 -0.4140
vn 0.5324 -0.8447 -0.0554
vn 0.5309 -0.8472 -0.0189
vn -0.3606 -0.8451 0.3946
vn -0.3892 -0.8456 0.3653
vn -0.5626 0.8155 -0.1360
vn -0.9139 0.0434 0.4037
vn 0.2986 0.7764 -0.5550
vn 0.8704 0.0203 -0.4920
vn 0.6215 -0.7834 0.0100
vn -0.3000 -0.8162 0.4939
vn -0.6345 0.7577 -0.1523
vn -0.8449 0.0493 0.5327
vn 0.1891 0.6830 -0.7055
vn 0.8031 -0.0817 -0.5902
vn 0.6016 -0.7937 0.0899
vn -0.2260 -0.7239 0.6518
vn -0.2081 0.7580 0.6182
vn -0.1889 0.7071 0.6814
vn -0.8766 -0.0051 0.4812
vn -0.8662 0.0148 0.4995
vn 0.6447 0.7580 0.0996
vn 0.6934 0.7047 0.1503
vn 0.8421 0.0149 -0.5392
vn 0.8342 -0.0127 -0.5512
vn 0.1842 -0.7293 -0.6590
vn 0.1342 -0.6886 -0.7126
vn -0.6698 -0.7293 -0.1396
vn -0.6999 -0.6833 -0.2078
vn -0.0738 0.6575 0.7498
vn -0.7992 -0.0638 0.5976
vn 0.6865 0.7164 0.1243
vn 0.7717 0.1209 -0.6244
vn 0.1229 -0.5700 -0.8124
vn -0.6799 -0.6978 -0.2253
vn -0.0908 0.6062 0.7901
vn -0.7163 -0.1681 0.6772
vn 0.6020 0.7935 0.0894
vn 0.6676 0.2147 -0.7129
vn 0.0477 -0.5555 -0.8302
vn -0.6485 -0.7496 -0.1324
vn -0.1713 0.8056 0.5671
vn -0.1910 0.7878 0.5855
vn -0.8261 0.0315 0.5626
vn -0.7787 0.0129 0.6273
vn 0.5877 0.8048 -0.0828
vn 0.6328 0.7743 -0.0085
vn 0.7407 0.0141 -0.6717
vn 0.7812 -0.0375 -0.6231
vn 0.1347 -0.7789 -0.6126
vn 0.1027 -0.7857 -0.6101
vn -0.6256 -0.7792 0.0374
vn -0.6802 -0.7327 -0.0204
vn -0.1540 0.8434 0.5148
vn -0.8006 0.0807 0.5938
vn 0.6005 0.7952 -0.0838
vn 0.7751 0.0284 -0.6312
vn 0.1890 -0.7651 -0.6156
vn -0.6367 -0.7710 0.0091
vn -0.2349 0.8434 0.4832
vn -0.7560 0.0017 0.6546
vn 0.4819 0.8520 -0.2045
vn 0.6875 0.0368 -0.7252
vn 0.1734 -0.8084 -0.5625
vn -0.5502 -0.8248 0.1307
vn 0.5665 0.8237 -0.0236
vn 0.5693 0.8221 -0.0005
vn 0.8620 0.0257 0.5062
vn 0.8860 0.0112 0.4636
vn -0.3328 0.8233 -0.4598
vn -0.3083 0.8183 -0.4851
vn -0.9124 0.0113 -0.4092
vn -0.8924 -0.0090 -0.4511
vn -0.5937 -0.8010 0.0775
vn -0.5761 -0.8142 0.0723
vn 0.3057 -0.8014 0.5141
vn 0.3009 -0.7827 0.5448
vn 0.5239 0.8511 -0.0330
vn 0.9024 0.0177 0.4305
vn -0.3802 0.8270 -0.4143
vn -0.9291 0.0408 -0.3675
vn -0.6266 -0.7772 0.0582
vn 0.2928 -0.8306 0.4737
vn 0.5691 0.8219 -0.0244
vn 0.9490 -0.0428 0.3124
vn -0.3945 0.8723 -0.2888
vn -0.9731 0.0730 -0.2184
vn -0.6031 -0.7892 0.1162
vn 0.3629 -0.8494 0.3832
vn -0.8972 0.3451 0.2755
vn -0.9205 0.2970 0.2540
vn -0.7133 0.0876 -0.6954
vn -0.7483 0.0304 -0.6627
vn -0.1416 0.3450 0.9279
vn -0.1730 0.2364 0.9561
vn 0.7626 0.0312 0.6461
vn 0.7676 -0.0421 0.6395
vn 0.9135 -0.2839 -0.2914
vn 0.9126 -0.2402 -0.3309
vn 0.1574 -0.2840 -0.9458
vn 0.1805 -0.1722 -0.9684
vn -0.8900 0.3140 0.3305
vn -0.7661 0.0743 -0.6384
vn -0.1484 0.2833 0.9475
vn 0.7345 0.0277 0.6780
vn 0.9419 -0.2218 -0.2522
vn 0.1893 -0.2093 -0.9594
vn -0.8928 0.3626 0.2672
vn -0.7639 -0.0404 -0.6441
vn -0.1199 0.4452 0.8874
vn 0.7782 0.1342 0.6135
vn 0.9174 -0.2687 -0.2937
vn 0.1424 -0.3562 -0.9235
vn 0.2536 0.8611 0.4406
vn 0.4175 0.8200 0.3916
vn 0.3327 -0.0575 0.9413
vn 0.2922 0.0079 0.9563
vn -0.0674 0.8622 -0.5020
vn 0.0134 0.8155 -0.5786
vn -0.3534 0.0055 -0.9355
vn -0.4220 -0.0249 -0.9063
vn -0.3163 -0.8507 -0.4198
vn -0.4711 -0.8095 -0.3504
vn 0.0064 -0.8508 0.5254
vn -0.1129 -0.8364 0.5364
vn 0.4847 0.8087 0.3332
vn 0.4287 0.0050 0.9034
vn 0.0466 0.8467 -0.5300
vn -0.4712 0.0910 -0.8773
vn -0.5614 -0.7550 -0.3389
vn -0.1003 -0.8076 0.5811
vn 0.4056 0.8253 0.3928
vn 0.4281 -0.0339 0.9031
vn -0.0603 0.8738 -0.4826
vn -0.5088 0.0668 -0.8583
vn -0.4897 -0.7977 -0.3520
vn -0.0205 -0.8479 0.5298
vn 0.2925 0.7654 -0.5733
vn 0.3245 0.7577 -0.5662
vn 0.9543 0.0534 -0.2941
vn 0.9259 0.0164 -0.3774
vn -0.6219 0.7646 -0.1692
vn -0.6334 0.7327 -0.2491
vn -0.9031 0.0174 0.4290
vn -0.9312 -0.0435 0.3618
vn -0.2715 -0.7316 0.6254
vn -0.2455 -0.7479 0.6167
vn 0.6440 -0.7321 0.2219
vn 0.6769 -0.6799 0.2819
vn 0.3019 0.8618 -0.4075
vn 0.9567 0.1655 -0.2394
vn -0.6140 0.7716 -0.1659
vn -0.9637 -0.0203 0.2662
vn -0.3471 -0.8046 0.4818
vn 0.6740 -0.7072 0.2134
vn 0.3631 0.8988 -0.2454
vn 0.9710 0.1053 -0.2146
vn -0.5849 0.8110 0.0099
vn -0.9505 -0.0711 0.3026
vn -0.3477 -0.8754 0.3358
vn 0.6120 -0.7871 0.0773
vn 0.1342 0.6726 0.7277
vn 0.0621 0.6466 0.7603
vn -0.7543 0.1663 0.6351
vn -0.6285 0.0206 0.7776
vn 0.7387 0.6703 -0.0701
vn 0.8472 0.5213 0.1024
vn 0.5889 0.0276 -0.8077
vn 0.6711 -0.1811 -0.7189
vn -0.1697 -0.6259 -0.7612
vn -0.2493 -0.6289 -0.7364
vn -0.7794 -0.6255 0.0361
vn -0.8989 -0.4328 -0.0690
vn 0.1756 0.6720 0.7194
vn -0.7623 0.3400 0.5508
vn 0.9198 0.3625 0.1499
vn 0.7699 -0.2623 -0.5818
vn -0.1394 -0.6101 -0.7799
vn -0.9262 -0.3125 -0.2111
vn 0.1460 0.6872 0.7116
vn -0.7623 0.2881 0.5796
vn 0.8950 0.4338 0.1035
vn 0.7419 -0.2153 -0.6350
vn -0.1631 -0.6161 -0.7706
vn -0.9170 -0.3644 -0.1624
vn 0.5209 0.8533 0.0236
vn 0.5512 0.8343 0.0099
vn 0.9067 0.0035 0.4217
vn 0.9310 0.0072 0.3648
vn -0.4203 0.8526 -0.3105
vn -0.3857 0.8364 -0.3893
vn -0.9525 0.0082 -0.3045
vn -0.9355 -0.0272 -0.3524
vn -0.5438 -0.8385 0.0362
vn -0.5349 -0.8417 0.0734
vn 0.3985 -0.8387 0.3711
vn 0.3705 -0.8128 0.4496
vn 0.5267 0.8500 -0.0123
vn 0.8846 0.0492 0.4637
vn -0.3680 0.8184 -0.4414
vn -0.9159 -0.0101 -0.4013
vn -0.5677 -0.8200 0.0734
vn 0.3383 -0.7915 0.5090
vn 0.5203 0.8539 0.0116
vn 0.8843 0.0417 0.4650
vn -0.3823 0.8264 -0.4135
vn -0.9224 -0.0129 -0.3861
vn -0.5595 -0.8261 0.0671
vn 0.3444 -0.7990 0.4929
vn -0.8881 0.4418 -0.1265
vn -0.8835 0.4401 -0.1605
vn -0.3635 0.1100 -0.9251
vn -0.4188 0.0289 -0.9076
vn -0.4540 0.4415 0.7739
vn -0.5110 0.3640 0.7787
vn 0.4463 0.0298 0.8944
vn 0.4199 -0.0657 0.9052
vn 0.9164 -0.3834 0.1152
vn 0.9167 -0.3911 0.0818
vn 0.4834 -0.3837 -0.7868
vn 0.5102 -0.2935 -0.8084
vn -0.8890 0.4507 -0.0809
vn -0.4017 0.1080 -0.9094
vn -0.4675 0.3728 0.8015
vn 0.4036 -0.0214 0.9147
vn 0.9170 -0.3658 0.1593
vn 0.5393 -0.3169 -0.7803
vn -0.8898 0.4387 -0.1259
vn -0.4372 -0.0110 -0.8993
vn -0.4301 0.4864 0.7605
vn 0.4714 0.0915 0.8772
vn 0.9275 -0.3568 0.1112
vn 0.4720 -0.4090 -0.7810
vn 0.5212 0.8197 0.2377
vn 0.5455 0.7970 0.2593
vn 0.4835 0.0295 0.8748
vn 0.5619 0.0119 0.8271
vn -0.0660 0.8186 -0.5705
vn 0.0276 0.7850 -0.6188
vn -0.6115 0.0135 -0.7912
vn -0.5517 -0.0451 -0.8328
vn -0.5718 -0.7947 -0.2035
vn -0.5764 -0.8004 -0.1647
vn 0.0154 -0.7951 0.6063
vn -0.0622 -0.7440 0.6653
vn 0.5218 0.8235 0.2225
vn 0.4213 0.1015 0.9012
vn 0.0770 0.7483 -0.6588
vn -0.4752 -0.0466 -0.8786
vn -0.5870 -0.7829 -0.2061
vn -0.1342 -0.7085 0.6928
vn 0.4947 0.8348 0.2416
vn 0.4172 0.0915 0.9042
vn 0.0419 0.7634 -0.6446
vn -0.4896 -0.0511 -0.8705
vn -0.5683 -0.7960 -0.2086
vn -0.1146 -0.7247 0.6795
vn 0.5678 0.4608 -0.6822
vn 0.5818 0.4400 -0.6841
vn 0.9890 0.0497 0.1393
vn 0.9932 0.0284 0.1126
vn -0.4266 0.4607 -0.7783
vn -0.4231 0.4166 -0.8046
vn -0.9963 0.0287 -0.0807
vn -0.9964 -0.0043 -0.0843
vn -0.5717 -0.4038 0.7142
vn -0.5598 -0.3885 0.7319
vn 0.4233 -0.4039 0.8109
vn 0.4224 -0.3569 0.8332
vn 0.5153 0.4735 -0.7144
vn 0.9990 -0.0411 0.0182
vn -0.4421 0.5442 -0.7130
vn -0.9872 0.1519 -0.0485
vn -0.6266 -0.3580 0.6922
vn 0.3938 -0.4908 0.7772
vn 0.5777 0.4736 -0.6647
vn 0.9764 -0.2117 -0.0422
vn -0.3890 0.7095 -0.5876
vn -0.9556 0.2801 0.0918
vn -0.5692 -0.4020 0.7172
vn 0.4035 -0.6477 0.6463
vn 0.2858 0.3747 -0.8820
vn 0.3010 0.3794 -0.8749
vn 0.9741 0.0614 -0.2177
vn 0.9696 0.0207 -0.2440
vn -0.6814 0.3746 -0.6287
vn -0.6765 0.3412 -0.6526
vn -0.9649 0.0208 0.2617
vn -0.9685 -0.0249 0.2479
vn -0.2818 -0.3333 0.8997
vn -0.2662 -0.3425 0.9010
vn 0.6858 -0.3334 0.6470
vn 0.6936 -0.2941 0.6576
vn 0.2552 0.5552 -0.7916
vn 0.9530 0.1031 -0.2849
vn -0.6550 0.5169 -0.5511
vn -0.9782 0.0369 0.2045
vn -0.3530 -0.4725 0.8076
vn 0.6923 -0.4513 0.5631
vn 0.3263 0.6766 -0.6601
vn 0.9668 0.0129 -0.2554
vn -0.6155 0.6908 -0.3794
vn -0.9503 0.0537 0.3066
vn -0.3177 -0.6178 0.7193
vn 0.6369 -0.6356 0.4364
vn -0.2222 0.8602 -0.4590
vn -0.2447 0.8545 -0.4581
vn -0.5640 -0.0181 -0.8256
vn -0.5897 -0.0020 -0.8076
vn 0.3856 0.8599 0.3344
vn 0.3443 0.8660 0.3627
vn 0.6262 -0.0017 0.7796
vn 0.6007 -0.0115 0.7994
vn 0.2591 -0.8641 0.4315
vn 0.2658 -0.8730 0.4089
vn -0.3490 -0.8642 -0.3623
vn -0.3085 -0.8660 -0.3935
vn -0.1099 0.8684 -0.4834
vn -0.6046 0.0725 -0.7932
vn 0.4936 0.8346 0.2445
vn 0.6760 0.0449 0.7355
vn 0.2400 -0.8199 0.5197
vn -0.4496 -0.8453 -0.2888
vn -0.0493 0.7958 -0.6035
vn -0.6942 0.0278 -0.7192
vn 0.6590 0.7475 0.0829
vn 0.7476 -0.0495 0.6623
vn 0.1080 -0.8241 0.5561
vn -0.6113 -0.7797 -0.1354
vn -0.0678 0.6772 0.7326
vn -0.0912 0.6706 0.7362
vn -0.8370 0.0523 0.5447
vn -0.8045 0.0151 0.5937
vn 0.7255 0.6769 0.1242
vn 0.7484 0.6397 0.1751
vn 0.7829 0.0156 -0.6220
vn 0.8086 -0.0384 -0.5871
vn 0.0471 -0.6466 -0.7614
vn 0.0258 -0.6560 -0.7543
vn -0.7471 -0.6468 -0.1532
vn -0.7808 -0.5971 -0.1841
vn -0.0125 0.6830 0.7304
vn -0.7913 0.0199 0.6111
vn 0.7399 0.6652 0.1007
vn 0.7758 0.0463 -0.6293
vn 0.0755 -0.6012 -0.7955
vn -0.7346 -0.6502 -0.1941
vn -0.0471 0.6457 0.7621
vn -0.7198 -0.0942 0.6878
vn 0.6494 0.7587 0.0506
vn 0.6743 0.1429 -0.7245
vn 0.0075 -0.5941 -0.8043
vn -0.6936 -0.7141 -0.0946
vn -0.6325 0.7203 -0.2847
vn -0.6702 0.7090 -0.2193
vn -0.4775 -0.0696 -0.8759
vn -0.3574 0.0136 -0.9338
vn -0.2562 0.7210 0.6439
vn -0.1625 0.7604 0.6287
vn 0.3941 0.0140 0.9190
vn 0.5046 0.1052 0.8569
vn 0.6685 -0.6937 0.2680
vn 0.7186 -0.6379 0.2769
vn 0.2912 -0.6926 -0.6599
vn 0.2510 -0.7614 -0.5977
vn -0.6826 0.6943 -0.2278
vn -0.6525 -0.1737 -0.7376
vn -0.0313 0.8808 0.4724
vn 0.6616 0.2528 0.7060
vn 0.7488 -0.6150 0.2470
vn 0.0875 -0.8619 -0.4994
vn -0.6713 0.6845 -0.2843
vn -0.6939 -0.2371 -0.6799
vn 0.0436 0.9295 0.3663
vn 0.7348 0.2648 0.6245
vn 0.7174 -0.6566 0.2327
vn 0.0008 -0.9072 -0.4207
vn -0.3546 0.8567 0.3746
vn -0.3769 0.8520 0.3633
vn -0.8850 0.0104 0.4655
vn -0.8586 0.0042 0.5127
vn 0.4916 0.8563 -0.1581
vn 0.4995 0.8577 -0.1218
vn 0.8336 0.0043 -0.5523
vn 0.8617 -0.0079 -0.5074
vn 0.3303 -0.8480 -0.4145
vn 0.3270 -0.8597 -0.3925
vn -0.5161 -0.8483 0.1181
vn -0.5417 -0.8353 0.0946
vn -0.3737 0.8838 0.2815
vn -0.8806 0.0431 0.4720
vn 0.4716 0.8582 -0.2028
vn 0.8547 0.0225 -0.5186
vn 0.3959 -0.8453 -0.3589
vn -0.4963 -0.8554 0.1482
vn -0.4265 0.8700 0.2473
vn -0.8530 0.0059 0.5218
vn 0.4043 0.8631 -0.3027
vn 0.8134 -0.0003 -0.5818
vn 0.3909 -0.8666 -0.3100
vn -0.4433 -0.8629 0.2427
vn -0.3765 0.5283 0.7610
vn -0.3890 0.4616 0.7972
vn -0.9923 0.0160 0.1232
vn -0.9878 0.0202 0.1543
vn 0.6076 0.5282 0.5931
vn 0.6257 0.4532 0.6349
vn 0.9832 0.0204 -0.1816
vn 0.9799 -0.0045 -0.1993
vn 0.3724 -0.4881 -0.7893
vn 0.3513 -0.4285 -0.8325
vn -0.6129 -0.4881 -0.6213
vn -0.6106 -0.4172 -0.6731
vn -0.3725 0.4822 0.7929
vn -0.9855 0.1088 0.1299
vn 0.5994 0.4187 0.6822
vn 0.9919 -0.0351 -0.1217
vn 0.3620 -0.4319 -0.8261
vn -0.6424 -0.3496 -0.6820
vn -0.3655 0.5630 0.7412
vn -0.9851 0.1540 0.0770
vn 0.6202 0.4415 0.6484
vn 0.9892 -0.0928 -0.1137
vn 0.3682 -0.5041 -0.7812
vn -0.6203 -0.3805 -0.6859
vn -0.1924 0.8402 0.5071
vn -0.1954 0.8063 0.5584
vn -0.7853 0.0155 0.6190
vn -0.7220 0.0107 0.6918
vn 0.5027 0.8388 -0.2089
vn 0.5906 0.7996 -0.1088
vn 0.6718 0.0132 -0.7406
vn 0.7219 -0.0515 -0.6901
vn 0.1441 -0.8173 -0.5579
vn 0.0825 -0.8156 -0.5727
vn -0.5534 -0.8176 0.1588
vn -0.6432 -0.7626 0.0690
vn -0.0991 0.8368 0.5385
vn -0.7445 0.0557 0.6652
vn 0.5906 0.7937 -0.1455
vn 0.6941 0.0375 -0.7189
vn 0.1169 -0.7434 -0.6585
vn -0.6294 -0.7763 0.0341
vn -0.1536 0.8179 0.5545
vn -0.6643 -0.0253 0.7471
vn 0.4571 0.8586 -0.2321
vn 0.5625 0.0789 -0.8230
vn 0.0602 -0.7629 -0.6438
vn -0.5571 -0.8174 0.1467
vn 0.5998 0.7939 -0.0997
vn 0.6534 0.7566 -0.0228
vn 0.7195 0.1268 0.6829
vn 0.8818 0.0142 0.4714
vn -0.3033 0.7894 -0.5337
vn -0.0984 0.6819 -0.7248
vn -0.9129 0.0262 -0.4074
vn -0.7974 -0.1797 -0.5761
vn -0.6362 -0.7552 0.1578
vn -0.5904 -0.7712 0.2382
vn 0.2677 -0.7547 0.5990
vn 0.1367 -0.5841 0.8001
vn 0.4327 0.8984 -0.0746
vn 0.5915 0.3599 0.7215
vn -0.1474 0.6304 -0.7622
vn -0.6323 -0.1726 -0.7553
vn -0.5649 -0.8251 0.0086
vn 0.1011 -0.5554 0.8254
vn 0.2935 0.9516 0.0910
vn 0.6238 0.2535 0.7394
vn -0.3615 0.7205 -0.5917
vn -0.7197 -0.1977 -0.6656
vn -0.4003 -0.9160 -0.0253
vn 0.2719 -0.6866 0.6743
vn -0.7849 0.6026 0.1443
vn -0.8215 0.5474 0.1598
vn -0.7188 0.0262 -0.6948
vn -0.7391 0.0290 -0.6730
vn -0.0308 0.6025 0.7975
vn -0.0561 0.5378 0.8412
vn 0.7711 0.0293 0.6361
vn 0.7785 0.0016 0.6276
vn 0.8186 -0.5450 -0.1813
vn 0.8379 -0.4971 -0.2255
vn 0.0633 -0.5451 -0.8360
vn 0.1040 -0.4828 -0.8696
vn -0.8211 0.5335 0.2030
vn -0.7415 0.0523 -0.6689
vn -0.0741 0.5265 0.8469
vn 0.7634 0.0464 0.6443
vn 0.8694 -0.4427 -0.2194
vn 0.1122 -0.4443 -0.8888
vn -0.8103 0.5601 0.1723
vn -0.7399 0.0314 -0.6720
vn -0.0489 0.5788 0.8140
vn 0.7846 0.0711 0.6160
vn 0.8590 -0.4587 -0.2272
vn 0.0959 -0.4790 -0.8726
vn 0.0073 0.8471 0.5313
vn 0.0302 0.8283 0.5594
vn -0.4064 0.0025 0.9137
vn -0.3669 0.0102 0.9302
vn 0.3387 0.8467 -0.4104
vn 0.4061 0.8278 -0.3871
vn 0.2972 0.0108 -0.9548
vn 0.3253 -0.0187 -0.9454
vn -0.0767 -0.8268 -0.5572
vn -0.1189 -0.8245 -0.5532
vn -0.4090 -0.8271 0.3856
vn -0.4747 -0.8028 0.3609
vn 0.0324 0.8733 0.4861
vn -0.2954 0.0441 0.9544
vn 0.2744 0.8558 -0.4385
vn 0.2243 0.0755 -0.9716
vn -0.0804 -0.7818 -0.6183
vn -0.3622 -0.8507 0.3810
vn -0.0556 0.8502 0.5236
vn -0.1673 -0.0392 0.9851
vn 0.0528 0.8853 -0.4621
vn 0.0503 0.0615 -0.9968
vn -0.0611 -0.8315 -0.5522
vn -0.1691 -0.8793 0.4452
vn 0.5851 0.2919 0.7566
vn 0.5822 0.2428 0.7760
vn -0.3929 0.0628 0.9175
vn -0.3662 0.0384 0.9297
vn 0.9401 0.2920 -0.1761
vn 0.9611 0.2153 -0.1730
vn 0.3460 0.0387 -0.9374
vn 0.3319 0.0049 -0.9433
vn -0.6058 -0.2151 -0.7660
vn -0.6313 -0.1682 -0.7571
vn -0.9620 -0.2151 0.1680
vn -0.9778 -0.1376 0.1580
vn 0.6438 0.2384 0.7271
vn -0.3087 -0.0366 0.9505
vn 0.9284 0.3194 -0.1900
vn 0.3501 0.1522 -0.9243
vn -0.5774 -0.1151 -0.8083
vn -0.9641 -0.2266 0.1381
vn 0.5858 0.2558 0.7690
vn -0.2991 -0.1945 0.9342
vn 0.8522 0.4983 -0.1594
vn 0.2573 0.3035 -0.9174
vn -0.6255 -0.1422 -0.7671
vn -0.9044 -0.3935 0.1653
vn -0.1912 0.8030 -0.5644
vn -0.1691 0.8014 -0.5737
vn 0.3343 0.0327 -0.9419
vn 0.2808 0.0153 -0.9596
vn -0.4393 0.8025 0.4037
vn -0.4760 0.7926 0.3810
vn -0.2160 0.0156 0.9763
vn -0.2653 -0.0122 0.9641
vn 0.2554 -0.7719 0.5822
vn 0.2517 -0.7868 0.5636
vn 0.5041 -0.7725 -0.3862
vn 0.5417 -0.7477 -0.3841
vn -0.0585 0.8819 -0.4679
vn 0.2685 0.0898 -0.9591
vn -0.2780 0.8489 0.4494
vn -0.2066 0.0695 0.9760
vn 0.1083 -0.7894 0.6043
vn 0.3723 -0.8246 -0.4259
vn 0.0982 0.8668 -0.4888
vn 0.1782 -0.0097 -0.9839
vn -0.0169 0.8729 0.4877
vn -0.0532 0.0336 0.9980
vn 0.0250 -0.8530 0.5212
vn 0.1395 -0.8698 -0.4733
vn -0.4996 0.8604 0.1005
vn -0.5179 0.8436 0.1417
vn -0.9969 -0.0063 -0.0782
vn -0.9990 0.0066 -0.0448
vn 0.4986 0.8600 0.1085
vn 0.5012 0.8460 0.1816
vn 0.9996 0.0072 -0.0284
vn 0.9998 -0.0200 -0.0046
vn 0.5014 -0.8476 -0.1738
vn 0.4861 -0.8457 -0.2200
vn -0.4982 -0.8477 -0.1821
vn -0.4942 -0.8313 -0.2543
vn -0.4743 0.8544 0.2123
vn -0.9999 0.0069 -0.0105
vn 0.5151 0.8401 0.1700
vn 0.9962 0.0340 -0.0800
vn 0.5280 -0.7946 -0.2997
vn -0.4735 -0.8374 -0.2731
vn -0.5036 0.8331 0.2288
vn -0.9965 -0.0255 0.0798
vn 0.4851 0.8699 0.0893
vn 0.9788 0.0582 -0.1965
vn 0.4941 -0.7974 -0.3465
vn -0.4964 -0.8426 -0.2087
vn 0.7215 0.3079 -0.6202
vn 0.7328 0.2808 -0.6198
vn 0.9419 0.0502 0.3320
vn 0.9487 0.0356 0.3143
vn -0.2301 0.3079 -0.9232
vn -0.2278 0.2642 -0.9372
vn -0.9555 0.0358 -0.2928
vn -0.9581 0.0143 -0.2861
vn -0.7293 -0.2366 0.6420
vn -0.7227 -0.2116 0.6580
vn 0.2231 -0.2367 0.9456
vn 0.2173 -0.1919 0.9570
vn 0.6852 0.3446 -0.6417
vn 0.9682 -0.0076 0.2502
vn -0.2405 0.4028 -0.8831
vn -0.9448 0.1338 -0.2989
vn -0.7665 -0.2261 0.6011
vn 0.2201 -0.3153 0.9231
vn 0.7181 0.4057 -0.5654
vn 0.9590 -0.1257 0.2538
vn -0.2331 0.5772 -0.7826
vn -0.9516 0.2326 -0.2010
vn -0.7254 -0.2988 0.6200
vn 0.2345 -0.4785 0.8462
vn 0.2055 0.8606 -0.4660
vn 0.2083 0.8550 -0.4749
vn 0.2790 -0.0094 -0.9603
vn 0.2517 -0.0026 -0.9678
vn -0.0095 0.8603 0.5098
vn -0.0350 0.8654 0.4999
vn -0.1783 -0.0025 0.9840
vn -0.2061 -0.0055 0.9785
vn -0.1323 -0.8657 0.4828
vn -0.1309 -0.8707 0.4740
vn 0.0828 -0.8659 -0.4933
vn 0.1113 -0.8636 -0.4917
vn 0.1676 0.8884 -0.4274
vn 0.1531 0.0194 -0.9880
vn 0.0610 0.8346 0.5475
vn -0.0560 0.0004 0.9984
vn -0.0776 -0.8428 0.5327
vn 0.0232 -0.8840 -0.4670
vn 0.1318 0.8660 -0.4823
vn -0.0119 0.0190 -0.9997
vn 0.1994 0.8326 0.5167
vn 0.1259 -0.0294 0.9916
vn -0.0149 -0.8733 0.4870
vn -0.0851 -0.8527 -0.5155
vn -0.7175 0.6895 0.0993
vn -0.7060 0.7060 0.0560
vn -0.7129 0.0782 -0.6969
vn -0.7633 0.0242 -0.6456
vn 0.0650 0.6889 0.7219
vn 0.0185 0.6691 0.7430
vn 0.7997 0.0246 0.5999
vn 0.7565 -0.0335 0.6531
vn 0.7547 -0.6402 -0.1433
vn 0.7239 -0.6750 -0.1423
vn -0.0270 -0.6410 -0.7670
vn -0.0174 -0.5993 -0.8004
vn -0.5777 0.8158 0.0263
vn -0.7232 0.1357 -0.6772
vn 0.1309 0.7390 0.6609
vn 0.7466 0.0087 0.6652
vn 0.6865 -0.7272 -0.0008
vn -0.0787 -0.6882 -0.7213
vn -0.5289 0.8438 -0.0906
vn -0.7567 0.0418 -0.6525
vn 0.2522 0.8200 0.5137
vn 0.8192 0.0119 0.5734
vn 0.6028 -0.7977 0.0170
vn -0.1881 -0.7806 -0.5961
vn 0.6743 0.7072 0.2125
vn 0.6789 0.6981 0.2275
vn 0.3924 0.0445 0.9187
vn 0.4334 0.0234 0.9009
vn 0.2140 0.7069 -0.6742
vn 0.2573 0.6793 -0.6873
vn -0.4863 0.0238 -0.8734
vn -0.4597 -0.0141 -0.8880
vn -0.7277 -0.6601 -0.1862
vn -0.7296 -0.6631 -0.1675
vn -0.2678 -0.6605 0.7015
vn -0.3013 -0.6242 0.7208
vn 0.5328 0.8134 0.2335
vn 0.4008 0.1291 0.9070
vn 0.1430 0.7662 -0.6265
vn -0.4167 0.0388 -0.9082
vn -0.6200 -0.7334 -0.2788
vn -0.1856 -0.6932 0.6964
vn 0.3758 0.8654 0.3315
vn 0.3839 0.0561 0.9217
vn -0.0475 0.8315 -0.5535
vn -0.4761 -0.0069 -0.8794
vn -0.4738 -0.8292 -0.2966
vn -0.0437 -0.7967 0.6028
vn 0.3545 0.8609 -0.3649
vn 0.3601 0.8468 -0.3916
vn 0.8722 0.0010 -0.4892
vn 0.8454 0.0064 -0.5341
vn -0.4690 0.8602 0.2000
vn -0.5056 0.8517 0.1378
vn -0.8029 0.0071 0.5961
vn -0.8290 -0.0196 0.5588
vn -0.3133 -0.8479 0.4277
vn -0.2843 -0.8528 0.4380
vn 0.5114 -0.8483 -0.1376
vn 0.5518 -0.8301 -0.0803
vn 0.3124 0.8592 -0.4051
vn 0.8743 0.0233 -0.4848
vn -0.5349 0.8365 0.1189
vn -0.8285 0.0049 0.5600
vn -0.2902 -0.8210 0.4917
vn 0.5643 -0.8251 -0.0285
vn 0.3200 0.8497 -0.4190
vn 0.8539 0.0106 -0.5203
vn -0.5039 0.8514 0.1453
vn -0.7943 0.0176 0.6073
vn -0.2633 -0.8203 0.5077
vn 0.5616 -0.8255 -0.0562
vn -0.8979 0.2564 0.3579
vn -0.9035 0.2468 0.3504
vn -0.7821 0.0563 -0.6206
vn -0.7906 0.0369 -0.6112
vn -0.1016 0.2564 0.9612
vn -0.1081 0.2274 0.9678
vn 0.8019 0.0370 0.5962
vn 0.8034 0.0148 0.5953
vn 0.9098 -0.1826 -0.3726
vn 0.9070 -0.1745 -0.3832
vn 0.1135 -0.1827 -0.9766
vn 0.1145 -0.1520 -0.9817
vn -0.8778 0.2427 0.4129
vn -0.8228 -0.0721 -0.5637
vn -0.0637 0.3499 0.9346
vn 0.7993 0.1739 0.5752
vn 0.9345 -0.1243 -0.3334
vn 0.1422 -0.2651 -0.9537
vn -0.9069 0.2166 0.3614
vn -0.8141 -0.2399 -0.5288
vn -0.0881 0.5006 0.8612
vn 0.8073 0.3362 0.4850
vn 0.9101 -0.1146 -0.3982
vn 0.0940 -0.4057 -0.9092
vn 0.2597 0.5038 -0.8239
vn 0.2835 0.4766 -0.8322
vn 0.9692 0.0773 -0.2340
vn 0.9580 0.0324 -0.2848
vn -0.6910 0.5035 -0.5186
vn -0.6989 0.4303 -0.5713
vn -0.9456 0.0332 0.3235
vn -0.9503 -0.0322 0.3098
vn -0.2490 -0.4386 0.8635
vn -0.2190 -0.4205 0.8804
vn 0.7035 -0.4388 0.5591
vn 0.7154 -0.3584 0.5998
vn 0.2202 0.6061 -0.7643
vn 0.9419 0.1268 -0.3112
vn -0.6778 0.5535 -0.4839
vn -0.9656 0.0366 0.2574
vn -0.3214 -0.5006 0.8038
vn 0.7112 -0.4719 0.5211
vn 0.3004 0.7073 -0.6400
vn 0.9535 0.0189 -0.3009
vn -0.6229 0.7199 -0.3061
vn -0.9279 0.0613 0.3677
vn -0.2852 -0.6360 0.7170
vn 0.6538 -0.6544 0.3797
vn -0.2850 0.8613 0.4206
vn -0.2821 0.8325 0.4768
vn -0.7788 -0.0115 0.6271
vn -0.7196 0.0016 0.6944
vn 0.4225 0.8605 -0.2847
vn 0.5091 0.8410 -0.1829
vn 0.6973 0.0037 -0.7167
vn 0.7478 -0.0477 -0.6622
vn 0.2636 -0.8565 -0.4437
vn 0.2022 -0.8634 -0.4621
vn -0.4450 -0.8564 0.2619
vn -0.5363 -0.8272 0.1675
vn -0.2051 0.8441 0.4954
vn -0.8018 0.0359 0.5965
vn 0.5799 0.8061 -0.1180
vn 0.7781 -0.0166 -0.6280
vn 0.2007 -0.8182 -0.5388
vn -0.5929 -0.8020 0.0720
vn -0.2116 0.8360 0.5062
vn -0.7812 0.0225 0.6239
vn 0.5526 0.8219 -0.1382
vn 0.7473 -0.0043 -0.6645
vn 0.1789 -0.8173 -0.5477
vn -0.5858 -0.8046 0.0967
vn -0.8467 0.4810 -0.2272
vn -0.8644 0.4466 -0.2308
vn -0.3116 0.0143 -0.9501
vn -0.3294 0.0136 -0.9441
vn -0.5094 0.4810 0.7136
vn -0.5293 0.4393 0.7259
vn 0.3453 0.0137 0.9384
vn 0.3531 -0.0024 0.9356
vn 0.8630 -0.4540 0.2217
vn 0.8823 -0.4240 0.2046
vn 0.5256 -0.4540 -0.7195
vn 0.5517 -0.4140 -0.7241
vn -0.8399 0.5069 -0.1941
vn -0.3916 -0.0024 -0.9201
vn -0.4732 0.5420 0.6944
vn 0.3430 0.0911 0.9349
vn 0.8562 -0.4421 0.2674
vn 0.4933 -0.5062 -0.7074
vn -0.7835 0.5649 -0.2589
vn -0.3938 -0.0886 -0.9149
vn -0.3741 0.6702 0.6410
vn 0.4221 0.1313 0.8970
vn 0.8159 -0.5239 0.2448
vn 0.4059 -0.6320 -0.6601
vn -0.3996 0.6299 -0.6659
vn -0.4311 0.6364 -0.6396
vn -0.9762 -0.0701 -0.2054
vn -0.9856 -0.0110 -0.1687
vn 0.5874 0.6294 -0.5087
vn 0.5685 0.6949 -0.4403
vn 0.9895 -0.0103 0.1445
vn 0.9778 0.0130 0.2092
vn 0.4043 -0.6514 0.6421
vn 0.3828 -0.6827 0.6224
vn -0.5834 -0.6514 0.4850
vn -0.5734 -0.7100 0.4088
vn -0.3654 0.6912 -0.6235
vn -0.9837 0.0078 -0.1797
vn 0.5978 0.6599 -0.4552
vn 0.9928 0.0009 0.1202
vn 0.4603 -0.6781 0.5729
vn -0.5470 -0.7081 0.4466
vn -0.4120 0.6763 -0.6106
vn -0.9954 0.0755 -0.0587
vn 0.5838 0.5802 -0.5679
vn 0.9940 -0.1077 0.0180
vn 0.4160 -0.7091 0.5694
vn -0.5826 -0.6160 0.5302
vn 0.3074 0.7325 0.6074
vn 0.3312 0.6892 0.6444
vn -0.3459 0.0173 0.9381
vn -0.2890 0.0089 0.9573
vn 0.5827 0.7321 -0.3528
vn 0.6659 0.6721 -0.3239
vn 0.2633 0.0099 -0.9647
vn 0.2848 -0.0446 -0.9576
vn -0.3332 -0.7141 -0.6157
vn -0.3892 -0.6898 -0.6105
vn -0.6090 -0.7140 0.3453
vn -0.6902 -0.6523 0.3133
vn 0.1725 0.8375 0.5185
vn -0.4126 0.2021 0.8882
vn 0.5892 0.7460 -0.3105
vn 0.4609 -0.0256 -0.8871
vn -0.1859 -0.8079 -0.5592
vn -0.6425 -0.6444 0.4146
vn -0.0787 0.9239 0.3745
vn -0.5414 0.1693 0.8235
vn 0.4364 0.7798 -0.4489
vn 0.5024 -0.1498 -0.8516
vn 0.0398 -0.9146 -0.4025
vn -0.4805 -0.7654 0.4281
vn -0.4581 0.8663 -0.1991
vn -0.4970 0.8518 -0.1655
vn -0.9042 -0.0222 -0.4266
vn -0.9218 0.0001 -0.3876
vn 0.4692 0.8660 0.1730
vn 0.4348 0.8638 0.2546
vn 0.9340 0.0008 0.3572
vn 0.9193 -0.0264 0.3928
vn 0.4709 -0.8659 0.1689
vn 0.4737 -0.8729 0.1168
vn -0.4570 -0.8659 -0.2035
vn -0.4186 -0.8628 -0.2834
vn -0.3967 0.8689 -0.2959
vn -0.8262 0.0600 -0.5601
vn 0.4045 0.8872 0.2220
vn 0.8500 0.0510 0.5243
vn 0.4145 -0.8726 0.2584
vn -0.4662 -0.8278 -0.3121
vn -0.2714 0.8429 -0.4646
vn -0.7574 -0.0012 -0.6529
vn 0.4982 0.8515 0.1635
vn 0.7890 -0.0017 0.6144
vn 0.3016 -0.8523 0.4273
vn -0.4717 -0.8575 -0.2054
vn -0.5886 0.6960 0.4112
vn -0.5397 0.7143 0.4455
vn -0.1963 -0.0564 0.9789
vn -0.1712 -0.0095 0.9852
vn -0.4306 0.6956 -0.5751
vn -0.3438 0.7495 -0.5657
vn 0.1442 -0.0088 -0.9895
vn 0.1970 -0.0115 -0.9803
vn 0.5620 -0.7148 -0.4163
vn 0.5160 -0.7568 -0.4012
vn 0.4040 -0.7148 0.5709
vn 0.3169 -0.7676 0.5571
vn -0.4360 0.8338 0.3388
vn 0.0136 0.1206 0.9926
vn -0.4390 0.6601 -0.6095
vn -0.0712 -0.0997 -0.9925
vn 0.3453 -0.7867 -0.5118
vn 0.4333 -0.7602 0.4841
vn -0.3250 0.8488 0.4170
vn 0.2971 0.2473 0.9223
vn -0.6383 0.5755 -0.5111
vn -0.3348 -0.2669 -0.9037
vn 0.2806 -0.8693 -0.4068
vn 0.6011 -0.6038 0.5236
vn -0.0432 0.4907 0.8703
vn -0.0693 0.4699 0.8800
vn -0.8776 0.0691 0.4744
vn -0.8517 0.0137 0.5238
vn 0.8032 0.4904 0.3382
vn 0.8215 0.4151 0.3910
vn 0.8423 0.0143 -0.5388
vn 0.8520 -0.0610 -0.5200
vn 0.0345 -0.4629 -0.8858
vn 0.0008 -0.4535 -0.8913
vn -0.8127 -0.4629 -0.3540
vn -0.8395 -0.3798 -0.3886
vn 0.0066 0.4771 0.8788
vn -0.8493 0.0575 0.5248
vn 0.8293 0.4342 0.3517
vn 0.8611 0.0010 -0.5084
vn 0.0706 -0.4217 -0.9040
vn -0.8168 -0.4113 -0.4045
vn -0.0393 0.4736 0.8799
vn -0.8282 -0.0553 0.5578
vn 0.7787 0.5460 0.3089
vn 0.8115 0.0958 -0.5764
vn 0.0262 -0.4325 -0.9012
vn -0.7953 -0.5076 -0.3315
vn -0.3976 0.6495 -0.6481
vn -0.4396 0.6667 -0.6019
vn -0.9737 -0.0770 -0.2142
vn -0.9842 -0.0109 -0.1768
vn 0.5876 0.6489 -0.4834
vn 0.5660 0.7271 -0.3884
vn 0.9885 -0.0098 0.1511
vn 0.9743 0.0034 0.2250
vn 0.4028 -0.6705 0.6230
vn 0.3824 -0.7177 0.5820
vn -0.5833 -0.6705 0.4584
vn -0.5637 -0.7437 0.3595
vn -0.4138 0.7250 -0.5506
vn -0.9610 -0.0730 -0.2667
vn 0.5513 0.7800 -0.2961
vn 0.9709 0.0536 0.2334
vn 0.4383 -0.7356 0.5166
vn -0.5274 -0.8054 0.2704
vn -0.4243 0.7267 -0.5403
vn -0.9681 -0.0585 -0.2437
vn 0.5491 0.7736 -0.3163
vn 0.9784 0.0363 0.2037
vn 0.4355 -0.7485 0.5002
vn -0.5380 -0.7963 0.2766
vn -0.3867 0.8660 0.3170
vn -0.4203 0.8543 0.3057
vn -0.8505 -0.0016 0.5260
vn -0.8039 0.0006 0.5947
vn 0.4074 0.8655 -0.2914
vn 0.4240 0.8747 -0.2350
vn 0.7836 0.0009 -0.6213
vn 0.8321 -0.0080 -0.5546
vn 0.3670 -0.8643 -0.3439
vn 0.3637 -0.8781 -0.3108
vn -0.4272 -0.8646 0.2644
vn -0.4708 -0.8526 0.2267
vn -0.4528 0.8767 0.1621
vn -0.8868 0.0475 0.4597
vn 0.3940 0.8683 -0.3014
vn 0.8654 0.0363 -0.4998
vn 0.4716 -0.8540 -0.2197
vn -0.4412 -0.8524 0.2805
vn -0.5241 0.8485 0.0731
vn -0.8816 0.0027 0.4720
vn 0.3413 0.8427 -0.4164
vn 0.8586 -0.0072 -0.5126
vn 0.5037 -0.8563 -0.1140
vn -0.3652 -0.8509 0.3776
vn -0.8334 0.5513 0.0390
vn -0.8406 0.5416 0.0017
vn -0.5639 0.0838 -0.8216
vn -0.6296 0.0086 -0.7768
vn -0.1971 0.5510 0.8109
vn -0.2684 0.4723 0.8396
vn 0.6405 0.0096 0.7679
vn 0.6015 -0.0886 0.7939
vn 0.8447 -0.5332 -0.0472
vn 0.8373 -0.5401 -0.0853
vn 0.2086 -0.5332 -0.8199
vn 0.2476 -0.4393 -0.8636
vn -0.8203 0.5622 0.1051
vn -0.6370 0.0519 -0.7691
vn -0.1867 0.5147 0.8368
vn 0.6137 0.0111 0.7895
vn 0.8673 -0.4977 0.0097
vn 0.2656 -0.5131 -0.8162
vn -0.8417 0.5382 0.0437
vn -0.6996 -0.1168 -0.7049
vn -0.1266 0.6642 0.7367
vn 0.7142 0.1477 0.6842
vn 0.8605 -0.5058 -0.0608
vn 0.1462 -0.6361 -0.7576
vn -0.2647 0.8656 0.4251
vn -0.2808 0.8616 0.4228
vn -0.6122 -0.0005 0.7907
vn -0.5863 0.0005 0.8101
vn 0.3122 0.8655 -0.3917
vn 0.3225 0.8692 -0.3749
vn 0.5675 0.0006 -0.8234
vn 0.5936 -0.0005 -0.8047
vn 0.2460 -0.8644 -0.4385
vn 0.2519 -0.8701 -0.4236
vn -0.3310 -0.8645 0.3783
vn -0.3497 -0.8595 0.3729
vn -0.3378 0.8875 0.3134
vn -0.5460 0.0627 0.8354
vn 0.1692 0.8522 -0.4951
vn 0.5092 0.0421 -0.8596
vn 0.3613 -0.8305 -0.4239
vn -0.1883 -0.8629 0.4690
vn -0.4389 0.8422 0.3133
vn -0.4369 0.0217 0.8992
vn -0.0189 0.8085 -0.5882
vn 0.4017 -0.0279 -0.9153
vn 0.4063 -0.8507 -0.3336
vn -0.0142 -0.8197 0.5726
vn 0.8347 0.3682 -0.4094
vn 0.8623 0.3258 -0.3876
vn 0.8164 0.0775 0.5723
vn 0.8507 0.0105 0.5256
vn -0.0186 0.3680 -0.9296
vn 0.0184 0.2555 -0.9666
vn -0.8554 0.0112 -0.5179
vn -0.8527 -0.0754 -0.5169
vn -0.8402 -0.3467 0.4169
vn -0.8316 -0.3109 0.4602
vn 0.0134 -0.3466 0.9379
vn -0.0095 -0.2298 0.9732
vn 0.7897 0.4226 -0.4448
vn 0.8694 0.0966 0.4845
vn -0.0194 0.3622 -0.9319
vn -0.8155 -0.0106 -0.5786
vn -0.8612 -0.3726 0.3457
vn 0.0181 -0.3329 0.9428
vn 0.7792 0.5275 -0.3385
vn 0.8655 -0.0296 0.5000
vn -0.0865 0.5670 -0.8192
vn -0.8732 0.0630 -0.4833
vn -0.7925 -0.4961 0.3549
vn 0.0769 -0.5379 0.8395
vn -0.4450 0.8628 0.2400
vn -0.4456 0.8394 0.3110
vn -0.9592 -0.0237 0.2816
vn -0.9481 0.0013 0.3179
vn 0.4982 0.8625 -0.0887
vn 0.5370 0.8436 0.0052
vn 0.9405 0.0020 -0.3399
vn 0.9481 -0.0348 -0.3162
vn 0.4378 -0.8600 -0.2623
vn 0.3956 -0.8591 -0.3249
vn -0.5061 -0.8599 0.0665
vn -0.5323 -0.8459 -0.0324
vn -0.4033 0.8731 0.2741
vn -0.9505 0.0495 0.3066
vn 0.5108 0.8591 -0.0303
vn 0.9461 0.0430 -0.3209
vn 0.4544 -0.8329 -0.3159
vn -0.5342 -0.8453 0.0085
vn -0.4629 0.8668 0.1855
vn -0.9396 -0.0020 0.3422
vn 0.4655 0.8682 -0.1720
vn 0.9264 0.0070 -0.3764
vn 0.4524 -0.8641 -0.2206
vn -0.4792 -0.8667 0.1383
vn -0.3704 0.7363 -0.5663
vn -0.3447 0.7315 -0.5883
vn 0.2525 0.0467 -0.9665
vn 0.1703 0.0065 -0.9854
vn -0.5300 0.7359 0.4213
vn -0.5967 0.7017 0.3893
vn -0.1498 0.0072 0.9887
vn -0.2184 -0.0534 0.9744
vn 0.3906 -0.7227 0.5702
vn 0.3957 -0.7409 0.5426
vn 0.5507 -0.7228 -0.4175
vn 0.6135 -0.6698 -0.4183
vn -0.3378 0.8034 -0.4903
vn 0.1405 0.0591 -0.9883
vn -0.4613 0.7610 0.4562
vn -0.1571 0.0459 0.9865
vn 0.3123 -0.7186 0.6214
vn 0.4971 -0.7694 -0.4011
vn -0.2693 0.7904 -0.5502
vn -0.0010 -0.0742 -0.9972
vn -0.2444 0.8605 0.4469
vn 0.0409 0.0932 0.9948
vn 0.3106 -0.7717 0.5550
vn 0.2863 -0.8479 -0.4463
vn -0.3829 0.8559 -0.3476
vn -0.4110 0.8418 -0.3498
vn -0.8459 -0.0266 -0.5326
vn -0.8833 -0.0020 -0.4688
vn 0.5061 0.8554 0.1102
vn 0.4552 0.8720 0.1802
vn 0.8947 -0.0010 0.4466
vn 0.8576 -0.0122 0.5141
vn 0.3949 -0.8590 0.3258
vn 0.3781 -0.8747 0.3032
vn -0.4945 -0.8591 -0.1322
vn -0.4594 -0.8622 -0.2133
vn -0.3681 0.8828 -0.2919
vn -0.8740 0.0120 -0.4858
vn 0.4979 0.8499 0.1723
vn 0.8910 0.0178 0.4537
vn 0.4565 -0.8389 0.2963
vn -0.4366 -0.8824 -0.1754
vn -0.4148 0.8621 -0.2911
vn -0.9319 0.0070 -0.3628
vn 0.5263 0.8486 0.0531
vn 0.9464 -0.0108 0.3227
vn 0.4333 -0.8653 0.2521
vn -0.5095 -0.8556 -0.0920
vn -0.5704 0.1788 0.8017
vn -0.5879 0.1783 0.7890
vn -0.9919 0.0670 -0.1078
vn -0.9960 0.0124 -0.0880
vn 0.4259 0.1788 0.8869
vn 0.4128 0.1244 0.9023
vn 0.9964 0.0125 0.0835
vn 0.9955 -0.0455 0.0828
vn 0.5713 -0.1539 -0.8062
vn 0.5553 -0.1547 -0.8171
vn -0.4253 -0.1540 -0.8919
vn -0.4298 -0.0968 -0.8977
vn -0.5509 0.3230 0.7695
vn -0.9686 0.2303 -0.0942
vn 0.3883 0.1285 0.9125
vn 0.9709 -0.1818 0.1558
vn 0.5432 -0.2901 -0.7879
vn -0.4591 -0.0701 -0.8856
vn -0.5027 0.4596 0.7322
vn -0.9362 0.3171 -0.1516
vn 0.4382 0.1642 0.8837
vn 0.9497 -0.2789 0.1421
vn 0.5156 -0.4227 -0.7453
vn -0.4281 -0.1251 -0.8950
vn 0.4236 0.8099 -0.4057
vn 0.4265 0.8022 -0.4179
vn 0.2995 -0.0247 -0.9538
vn 0.2649 -0.0043 -0.9643
vn 0.1703 0.8097 0.5616
vn 0.1381 0.8266 0.5456
vn -0.2417 -0.0042 0.9703
vn -0.2807 0.0031 0.9598
vn -0.4005 -0.8184 0.4121
vn -0.4005 -0.8249 0.3989
vn -0.1472 -0.8185 -0.5554
vn -0.1085 -0.8275 -0.5509
vn 0.4518 0.8182 -0.3555
vn 0.2468 0.0397 -0.9682
vn 0.2270 0.7754 0.5892
vn -0.1934 0.0053 0.9811
vn -0.4221 -0.7875 0.4491
vn -0.2108 -0.8049 -0.5547
vn 0.4780 0.7848 -0.3945
vn 0.1286 0.0561 -0.9901
vn 0.3647 0.7153 0.5961
vn -0.0919 -0.0726 0.9931
vn -0.4418 -0.8023 0.4014
vn -0.3302 -0.7352 -0.5921
vn -0.5027 0.8617 -0.0686
vn -0.4973 0.8412 -0.2124
vn -0.8496 0.0202 -0.5271
vn -0.9561 0.0012 -0.2930
vn 0.4625 0.8607 0.2129
vn 0.3444 0.8886 0.3031
vn 0.9636 0.0016 0.2672
vn 0.8631 -0.0231 0.5046
vn 0.5116 -0.8581 0.0440
vn 0.4047 -0.9069 0.1176
vn -0.4536 -0.8589 -0.2378
vn -0.4372 -0.8149 -0.3806
vn -0.2703 0.9058 -0.3262
vn -0.7682 0.1001 -0.6323
vn 0.4758 0.8386 0.2653
vn 0.7978 0.0163 0.6027
vn 0.3870 -0.8447 0.3697
vn -0.4470 -0.8487 -0.2827
vn -0.2602 0.8587 -0.4415
vn -0.8514 0.0437 -0.5227
vn 0.5939 0.8020 0.0641
vn 0.8710 -0.0485 0.4888
vn 0.2843 -0.8663 0.4108
vn -0.5751 -0.8124 -0.0958
vn -0.0715 0.5613 -0.8245
vn -0.0832 0.5175 -0.8516
vn 0.7582 0.0002 -0.6520
vn 0.7473 0.0101 -0.6644
vn -0.8131 0.5613 -0.1545
vn -0.8391 0.5165 -0.1707
vn -0.7366 0.0101 0.6763
vn -0.7271 -0.0023 0.6866
vn 0.0823 -0.5414 0.8367
vn 0.1119 -0.5027 0.8572
vn 0.8241 -0.5414 0.1664
vn 0.8423 -0.5012 0.1983
vn -0.1067 0.4464 -0.8885
vn 0.7692 0.0334 -0.6381
vn -0.8780 0.4216 -0.2268
vn -0.7373 -0.0240 0.6752
vn 0.1503 -0.4263 0.8920
vn 0.8868 -0.3942 0.2410
vn -0.1334 0.4218 -0.8968
vn 0.7676 0.0722 -0.6369
vn -0.8957 0.3663 -0.2519
vn -0.7572 -0.0384 0.6521
vn 0.1443 -0.3875 0.9105
vn 0.9051 -0.3318 0.2661
vn -0.6482 0.7603 -0.0420
vn -0.6618 0.7485 -0.0436
vn -0.6928 0.0163 -0.7210
vn -0.7130 0.0111 -0.7011
vn 0.0777 0.7601 0.6451
vn 0.0519 0.7411 0.6694
vn 0.7389 0.0112 0.6737
vn 0.7268 -0.0107 0.6868
vn 0.6745 -0.7381 0.0150
vn 0.6770 -0.7360 -0.0034
vn -0.0516 -0.7382 -0.6726
vn -0.0295 -0.7156 -0.6979
vn -0.6151 0.7881 -0.0228
vn -0.7498 0.0206 -0.6613
vn 0.1278 0.7886 0.6015
vn 0.7639 0.0678 0.6417
vn 0.6967 -0.7157 0.0485
vn -0.0709 -0.7707 -0.6332
vn -0.6114 0.7862 -0.0896
vn -0.7947 -0.0559 -0.6045
vn 0.2026 0.8528 0.4813
vn 0.8344 0.0912 0.5435
vn 0.6582 -0.7521 0.0322
vn -0.1593 -0.8246 -0.5427
vn -0.2611 0.8540 0.4501
vn -0.2518 0.8450 0.4718
vn -0.7498 -0.0049 0.6616
vn -0.7383 0.0045 0.6745
vn 0.4619 0.8539 -0.2400
vn 0.4891 0.8454 -0.2148
vn 0.7082 0.0046 -0.7059
vn 0.7162 -0.0086 -0.6978
vn 0.2313 -0.8452 -0.4818
vn 0.2069 -0.8450 -0.4931
vn -0.4920 -0.8452 0.2085
vn -0.5172 -0.8366 0.1802
vn -0.2619 0.8906 0.3719
vn -0.6465 0.0542 0.7610
vn 0.3302 0.8699 -0.3665
vn 0.6044 0.0774 -0.7929
vn 0.2994 -0.8072 -0.5088
vn -0.3638 -0.8785 0.3096
vn -0.3832 0.8517 0.3574
vn -0.5251 -0.0205 0.8508
vn 0.1073 0.8567 -0.5045
vn 0.4574 0.0216 -0.8890
vn 0.3216 -0.8552 -0.4064
vn -0.1710 -0.8682 0.4659
vn -0.7550 0.1630 0.6352
vn -0.7664 0.1245 0.6302
vn -0.9349 0.0352 -0.3532
vn -0.9412 0.0222 -0.3371
vn 0.1869 0.1630 0.9688
vn 0.1920 0.1105 0.9752
vn 0.9434 0.0222 0.3309
vn 0.9485 0.0068 0.3166
vn 0.7578 -0.1186 -0.6417
vn 0.7511 -0.0803 -0.6553
vn -0.1847 -0.1186 -0.9756
vn -0.1822 -0.0656 -0.9811
vn -0.6882 0.0210 0.7252
vn -0.9298 -0.2394 -0.2795
vn 0.2231 0.2729 0.9358
vn 0.9041 0.3011 0.3031
vn 0.7919 0.0917 -0.6038
vn -0.0903 -0.1877 -0.9781
vn -0.7271 -0.0991 0.6793
vn -0.8253 -0.5172 -0.2267
vn 0.0988 0.4534 0.8858
vn 0.7905 0.5767 0.2062
vn 0.7007 0.1698 -0.6929
vn -0.1215 -0.3877 -0.9137
vn -0.5487 0.8315 0.0866
vn -0.5540 0.8208 0.1392
vn -0.8693 -0.0503 0.4916
vn -0.8304 -0.0061 0.5572
vn 0.2683 0.8305 -0.4881
vn 0.3278 0.8627 -0.3852
vn 0.8047 -0.0044 -0.5936
vn 0.8525 -0.0180 -0.5224
vn 0.5245 -0.8424 -0.1236
vn 0.4772 -0.8678 -0.1388
vn -0.2936 -0.8425 0.4517
vn -0.3633 -0.8626 0.3521
vn -0.4968 0.8653 0.0664
vn -0.8476 0.0407 0.5291
vn 0.2987 0.8330 -0.4658
vn 0.8031 0.0409 -0.5944
vn 0.5497 -0.8134 -0.1904
vn -0.3029 -0.8631 0.4040
vn -0.5749 0.8164 0.0547
vn -0.7567 0.0257 0.6532
vn 0.1582 0.7704 -0.6176
vn 0.7085 -0.0440 -0.7044
vn 0.5341 -0.8379 -0.1123
vn -0.2019 -0.7979 0.5680
vn 0.6204 0.7796 0.0858
vn 0.6308 0.7686 0.1061
vn 0.6417 0.0320 0.7663
vn 0.6926 0.0105 0.7213
vn -0.0869 0.7791 -0.6208
vn -0.0305 0.7532 -0.6571
vn -0.7211 0.0111 -0.6927
vn -0.6818 -0.0336 -0.7307
vn -0.6495 -0.7581 -0.0581
vn -0.6401 -0.7674 -0.0367
vn 0.0577 -0.7583 0.6493
vn 0.0191 -0.7188 0.6949
vn 0.5118 0.8493 0.1294
vn 0.6378 0.1090 0.7624
vn -0.1081 0.7952 -0.5967
vn -0.6512 0.0150 -0.7587
vn -0.5882 -0.7928 -0.1596
vn 0.0874 -0.7579 0.6465
vn 0.4280 0.8713 0.2402
vn 0.6528 0.0406 0.7565
vn -0.2439 0.8390 -0.4863
vn -0.7028 -0.0164 -0.7112
vn -0.4825 -0.8531 -0.1986
vn 0.1949 -0.8228 0.5339
vn -0.5908 0.6862 0.4243
vn -0.6126 0.6451 0.4567
vn -0.9721 0.0100 -0.2346
vn -0.9781 0.0148 -0.2075
vn 0.3898 0.6861 0.6143
vn 0.3882 0.6367 0.6663
vn 0.9848 0.0150 0.1732
vn 0.9854 -0.0127 0.1696
vn 0.5982 -0.6570 -0.4589
vn 0.5929 -0.6256 -0.5071
vn -0.3833 -0.6570 -0.6492
vn -0.3688 -0.6100 -0.7014
vn -0.5495 0.6417 0.5350
vn -0.9957 -0.0679 -0.0632
vn 0.4127 0.7141 0.5655
vn 0.9857 0.1563 0.0636
vn 0.6637 -0.5346 -0.5233
vn -0.3392 -0.6983 -0.6303
vn -0.6091 0.6051 0.5127
vn -0.9728 -0.2214 0.0682
vn 0.3613 0.8369 0.4111
vn 0.9574 0.2623 -0.1207
vn 0.6034 -0.5606 -0.5671
vn -0.3700 -0.8018 -0.4693
vn 0.1082 0.8646 0.4906
vn 0.1360 0.8510 0.5073
vn 0.2412 -0.0199 0.9703
vn 0.3039 -0.0009 0.9527
vn -0.2175 0.8640 -0.4542
vn -0.1322 0.8705 -0.4742
vn -0.3476 -0.0000 -0.9377
vn -0.2866 -0.0206 -0.9578
vn -0.1521 -0.8658 -0.4767
vn -0.1680 -0.8786 -0.4471
vn 0.1737 -0.8660 0.4689
vn 0.0916 -0.8614 0.4995
vn 0.1135 0.8834 0.4546
vn 0.2596 0.0265 0.9654
vn -0.1667 0.8607 -0.4810
vn -0.3137 0.0257 -0.9492
vn -0.1866 -0.8451 -0.5009
vn 0.1063 -0.8722 0.4774
vn 0.0931 0.8636 0.4956
vn 0.3411 -0.0002 0.9400
vn -0.2784 0.8585 -0.4306
vn -0.4041 -0.0007 -0.9147
vn -0.1582 -0.8656 -0.4751
vn 0.2153 -0.8645 0.4542
vn 0.6345 0.6078 0.4775
vn 0.4806 0.7262 0.4916
vn -0.1181 0.1753 0.9774
vn 0.0230 0.0189 0.9996
vn 0.5959 0.6075 -0.5252
vn 0.6280 0.6291 -0.4581
vn -0.0575 0.0160 -0.9982
vn 0.1234 -0.0987 -0.9874
vn -0.6671 -0.5714 -0.4780
vn -0.5542 -0.7174 -0.4221
vn -0.6301 -0.5736 0.5235
vn -0.6301 -0.5258 0.5715
vn 0.2280 0.9210 0.3159
vn -0.2008 0.2986 0.9330
vn 0.4159 0.6987 -0.5821
vn 0.2082 -0.1430 -0.9676
vn -0.2312 -0.8659 -0.4436
vn -0.4667 -0.6630 0.5853
vn 0.0523 0.9427 0.3296
vn -0.1550 0.1890 0.9697
vn 0.1725 0.7565 -0.6308
vn 0.0909 -0.1678 -0.9816
vn -0.1160 -0.9299 -0.3491
vn -0.2369 -0.7461 0.6223
vn -0.0284 0.8415 -0.5395
vn -0.0371 0.8186 -0.5731
vn 0.4143 0.0030 -0.9101
vn 0.3433 0.0026 -0.9392
vn -0.3606 0.8410 0.4034
vn -0.4489 0.8177 0.3604
vn -0.3218 0.0038 0.9468
vn -0.3794 -0.0407 0.9243
vn 0.0497 -0.8352 0.5477
vn 0.0894 -0.8404 0.5346
vn 0.3822 -0.8351 -0.3956
vn 0.4725 -0.8019 -0.3656
vn -0.0483 0.8549 -0.5166
vn 0.4126 0.0578 -0.9091
vn -0.4403 0.8153 0.3760
vn -0.3998 0.0070 0.9166
vn 0.0463 -0.8157 0.5766
vn 0.4684 -0.8079 -0.3578
vn 0.0133 0.8545 -0.5193
vn 0.3707 0.0126 -0.9287
vn -0.3362 0.8453 0.4152
vn -0.3308 0.0001 0.9437
vn 0.0259 -0.8431 0.5371
vn 0.3765 -0.8357 -0.3997
vn -0.5219 0.7996 0.2971
vn -0.5472 0.7728 0.3215
vn -0.9904 0.0070 -0.1383
vn -0.9966 0.0046 -0.0822
vn 0.4751 0.7993 0.3681
vn 0.4646 0.7639 0.4479
vn 0.9982 0.0054 0.0605
vn 0.9947 -0.0373 0.0957
vn 0.5240 -0.7898 -0.3189
vn 0.5063 -0.7837 -0.3598
vn -0.4734 -0.7897 -0.3901
vn -0.4664 -0.7504 -0.4684
vn -0.4826 0.8339 0.2679
vn -0.9911 0.0769 -0.1082
vn 0.4695 0.8010 0.3714
vn 0.9926 0.0318 0.1170
vn 0.5564 -0.7843 -0.2745
vn -0.4847 -0.7780 -0.3998
vn -0.5017 0.8530 0.1440
vn -0.9966 0.0084 -0.0815
vn 0.4895 0.8478 0.2041
vn 0.9991 0.0062 0.0412
vn 0.5077 -0.8416 -0.1844
vn -0.4879 -0.8378 -0.2449
vn 0.4814 0.3415 -0.8072
vn 0.5005 0.3710 -0.7822
vn 0.9961 0.0865 0.0171
vn 0.9998 0.0112 -0.0185
vn -0.5188 0.3414 -0.7837
vn -0.4979 0.3030 -0.8126
vn -0.9996 0.0113 0.0278
vn -0.9978 -0.0659 -0.0031
vn -0.4817 -0.3190 0.8162
vn -0.4592 -0.3545 0.8146
vn 0.5186 -0.3191 0.7932
vn 0.5335 -0.2693 0.8018
vn 0.4190 0.4587 -0.7836
vn 0.9970 0.0469 -0.0613
vn -0.5399 0.4305 -0.7233
vn -0.9997 0.0249 0.0004
vn -0.5348 -0.3983 0.7452
vn 0.5014 -0.4135 0.7600
vn 0.4798 0.4803 -0.7342
vn 0.9887 -0.1127 -0.0986
vn -0.5049 0.6035 -0.6171
vn -0.9819 0.1473 0.1193
vn -0.4785 -0.4454 0.7568
vn 0.5099 -0.5723 0.6422
vn 0.3298 0.8467 -0.4176
vn 0.3263 0.8464 -0.4209
vn 0.3285 -0.0055 -0.9445
vn 0.3248 -0.0024 -0.9458
vn 0.0163 0.8467 0.5319
vn 0.0083 0.8484 0.5293
vn -0.3022 -0.0024 0.9533
vn -0.3067 -0.0038 0.9518
vn -0.3071 -0.8514 0.4251
vn -0.3028 -0.8534 0.4244
vn 0.0063 -0.8514 -0.5244
vn 0.0144 -0.8530 -0.5217
vn 0.3401 0.8460 -0.4108
vn 0.3363 0.0016 -0.9417
vn 0.0215 0.8469 0.5313
vn -0.3041 0.0044 0.9526
vn -0.3116 -0.8489 0.4270
vn 0.0103 -0.8507 -0.5255
vn 0.3595 0.8396 -0.4073
vn 0.3372 -0.0052 -0.9414
vn 0.0409 0.8406 0.5401
vn -0.3002 -0.0031 0.9539
vn -0.3227 -0.8482 0.4199
vn -0.0040 -0.8493 -0.5279
vn -0.6296 0.5704 0.5275
vn -0.5729 0.5769 0.5823
vn -0.9906 -0.1230 -0.0597
vn -0.9744 0.0084 -0.2246
vn 0.3503 0.5704 0.7429
vn 0.3916 0.6858 0.6135
vn 0.9781 0.0107 0.2079
vn 0.9817 0.1747 0.0762
vn 0.6318 -0.5519 -0.5443
vn 0.6792 -0.4929 -0.5438
vn -0.3479 -0.5507 -0.7588
vn -0.3069 -0.6886 -0.6570
vn -0.6167 0.5970 0.5130
vn -0.9461 -0.2764 0.1689
vn 0.2851 0.8919 0.3510
vn 0.9173 0.3704 -0.1461
vn 0.6742 -0.5164 -0.5280
vn -0.2964 -0.8777 -0.3765
vn -0.6724 0.6048 0.4268
vn -0.9130 -0.3476 0.2135
vn 0.2305 0.9531 0.1960
vn 0.8988 0.3625 -0.2464
vn 0.6620 -0.5906 -0.4615
vn -0.2437 -0.9421 -0.2303
vn -0.3152 0.8660 -0.3881
vn -0.3064 0.8522 -0.4241
vn -0.5603 -0.0063 -0.8283
vn -0.6326 -0.0001 -0.7745
vn 0.3261 0.8657 0.3799
vn 0.2643 0.8771 0.4009
vn 0.6492 0.0003 0.7606
vn 0.5783 -0.0067 0.8158
vn 0.3321 -0.8656 0.3747
vn 0.2967 -0.8799 0.3710
vn -0.3092 -0.8658 -0.3934
vn -0.2682 -0.8551 -0.4437
vn -0.1659 0.8785 -0.4481
vn -0.5245 0.0482 -0.8500
vn 0.3550 0.8621 0.3616
vn 0.5586 0.0408 0.8285
vn 0.2322 -0.8424 0.4862
vn -0.3352 -0.8580 -0.3893
vn -0.1007 0.8422 -0.5297
vn -0.5739 0.0054 -0.8189
vn 0.4855 0.8303 0.2736
vn 0.6067 -0.0109 0.7948
vn 0.1350 -0.8503 0.5086
vn -0.4543 -0.8398 -0.2973
vn -0.0324 0.7935 0.6077
vn -0.0586 0.7845 0.6173
vn -0.6810 0.0279 0.7317
vn -0.6215 0.0043 0.7834
vn 0.5811 0.7931 -0.1823
vn 0.6249 0.7706 -0.1251
vn 0.6057 0.0050 -0.7957
vn 0.6578 -0.0406 -0.7521
vn 0.0170 -0.7842 -0.6203
vn 0.0007 -0.7988 -0.6016
vn -0.5968 -0.7842 0.1697
vn -0.6526 -0.7452 0.1371
vn -0.0649 0.8520 0.5195
vn -0.6557 0.0826 0.7505
vn 0.5628 0.8002 -0.2071
vn 0.6608 0.0157 -0.7504
vn 0.1141 -0.7973 -0.5927
vn -0.5816 -0.7924 0.1838
vn -0.1604 0.8552 0.4928
vn -0.6044 0.0058 0.7967
vn 0.4256 0.8494 -0.3120
vn 0.5743 0.0065 -0.8186
vn 0.1323 -0.8449 -0.5182
vn -0.4559 -0.8416 0.2896
vn -0.7345 0.6117 -0.2940
vn -0.7432 0.5871 -0.3208
vn -0.2268 0.0500 -0.9726
vn -0.2903 0.0078 -0.9569
vn -0.4362 0.6114 0.6603
vn -0.5058 0.5454 0.6683
vn 0.3048 0.0086 0.9524
vn 0.2727 -0.0613 0.9602
vn 0.7492 -0.5955 0.2901
vn 0.7668 -0.5876 0.2584
vn 0.4512 -0.5954 -0.6648
vn 0.5085 -0.5213 -0.6853
vn -0.7134 0.6428 -0.2791
vn -0.2146 0.1377 -0.9670
vn -0.5126 0.5363 0.6705
vn 0.1939 -0.0777 0.9779
vn 0.7277 -0.6132 0.3074
vn 0.5188 -0.5034 -0.6910
vn -0.6544 0.6945 -0.2989
vn -0.1949 0.1168 -0.9739
vn -0.4471 0.5915 0.6710
vn 0.2207 -0.0894 0.9712
vn 0.6816 -0.6687 0.2971
vn 0.4739 -0.5655 -0.6750
vn -0.5522 0.7712 -0.3168
vn -0.5607 0.7830 -0.2692
vn -0.9917 -0.0375 0.1230
vn -0.9905 -0.0049 0.1373
vn 0.4363 0.7710 -0.4639
vn 0.4527 0.7978 -0.3983
vn 0.9875 -0.0046 -0.1573
vn 0.9918 -0.0131 -0.1273
vn 0.5495 -0.7810 0.2968
vn 0.5266 -0.8096 0.2594
vn -0.4394 -0.7809 0.4440
vn -0.4484 -0.8102 0.3776
vn -0.4676 0.8093 -0.3555
vn -0.9346 0.1924 0.2992
vn 0.3943 0.6438 -0.6558
vn 0.9096 -0.0709 -0.4094
vn 0.6360 -0.7478 0.1902
vn -0.3271 -0.7059 0.6283
vn -0.5862 0.7360 -0.3387
vn -0.7811 0.2805 0.5579
vn 0.1946 0.4231 -0.8849
vn 0.7589 -0.2984 -0.5788
vn 0.5708 -0.7591 0.3129
vn -0.2118 -0.4478 0.8687
vn -0.7249 0.2985 -0.6208
vn -0.7274 0.2724 -0.6298
vn 0.1772 0.0262 -0.9838
vn 0.1622 0.0175 -0.9866
vn -0.8813 0.2985 0.3664
vn -0.8928 0.2613 0.3669
vn -0.1508 0.0176 0.9884
vn -0.1434 0.0021 0.9897
vn 0.7365 -0.2635 0.6229
vn 0.7498 -0.2396 0.6167
vn 0.8931 -0.2635 -0.3647
vn 0.9050 -0.2267 -0.3600
vn -0.7304 0.3228 -0.6019
vn 0.1351 0.0310 -0.9903
vn -0.8737 0.3249 0.3621
vn -0.1729 0.0407 0.9841
vn 0.7203 -0.2635 0.6417
vn 0.8877 -0.2719 -0.3716
vn -0.6866 0.3882 -0.6146
vn 0.1564 -0.0009 -0.9877
vn -0.8277 0.4215 0.3704
vn -0.1301 0.0677 0.9892
vn 0.7151 -0.3228 0.6200
vn 0.8581 -0.3570 -0.3692
vn -0.5499 0.8276 -0.1131
vn -0.5720 0.8173 -0.0697
vn -0.9822 -0.0503 0.1808
vn -0.9676 -0.0055 0.2525
vn 0.4123 0.8267 -0.3829
vn 0.4303 0.8604 -0.2728
vn 0.9576 -0.0040 -0.2880
vn 0.9783 -0.0135 -0.2069
vn 0.5411 -0.8373 0.0775
vn 0.5044 -0.8619 0.0521
vn -0.4219 -0.8374 0.3475
vn -0.4519 -0.8599 0.2373
vn -0.5168 0.8356 -0.1863
vn -0.9874 0.0378 0.1539
vn 0.4163 0.8314 -0.3682
vn 0.9689 0.0647 -0.2390
vn 0.5956 -0.7968 0.1019
vn -0.4392 -0.8398 0.3191
vn -0.5825 0.7586 -0.2918
vn -0.9691 0.0002 0.2466
vn 0.3689 0.7399 -0.5626
vn 0.9508 -0.0235 -0.3088
vn 0.5725 -0.7869 0.2303
vn -0.3866 -0.7710 0.5060
vn 0.5076 0.7559 0.4135
vn 0.5067 0.7409 0.4407
vn 0.0884 0.0390 0.9953
vn 0.1665 0.0096 0.9860
vn 0.3243 0.7554 -0.5694
vn 0.4044 0.7174 -0.5673
vn -0.1987 0.0105 -0.9800
vn -0.1397 -0.0475 -0.9891
vn -0.5399 -0.7359 -0.4086
vn -0.5497 -0.7438 -0.3803
vn -0.3571 -0.7361 0.5750
vn -0.4260 -0.6834 0.5929
vn 0.4277 0.8197 0.3811
vn 0.0988 0.1122 0.9888
vn 0.3262 0.7533 -0.5710
vn -0.0992 -0.0000 -0.9951
vn -0.4614 -0.7616 -0.4550
vn -0.3672 -0.7219 0.5865
vn 0.3195 0.8466 0.4258
vn 0.1260 0.0396 0.9912
vn 0.1637 0.8164 -0.5537
vn -0.1851 -0.0112 -0.9827
vn -0.3806 -0.8226 -0.4226
vn -0.2241 -0.7950 0.5637
vn -0.4391 0.7762 0.4524
vn -0.4623 0.7725 0.4354
vn -0.9978 0.0370 0.0556
vn -0.9919 0.0089 0.1266
vn 0.5505 0.7757 0.3084
vn 0.5416 0.7556 0.3684
vn 0.9870 0.0094 -0.1605
vn 0.9946 -0.0343 -0.0983
vn 0.4351 -0.7578 -0.4862
vn 0.4140 -0.7745 -0.4782
vn -0.5549 -0.7581 -0.3426
vn -0.5711 -0.7212 -0.3920
vn -0.4122 0.8413 0.3498
vn -0.9941 0.0968 0.0499
vn 0.5506 0.7828 0.2899
vn 0.9979 -0.0010 -0.0644
vn 0.4737 -0.7914 -0.3863
vn -0.5624 -0.7566 -0.3336
vn -0.4465 0.8569 0.2578
vn -0.9963 0.0382 0.0769
vn 0.5417 0.8269 0.1512
vn 0.9906 -0.0151 -0.1360
vn 0.4448 -0.8372 -0.3183
vn -0.5485 -0.8090 -0.2112
vn -0.3142 0.8081 0.4982
vn -0.3032 0.7999 0.5178
vn -0.0719 -0.0368 0.9967
vn -0.0222 -0.0066 0.9997
vn -0.3102 0.8077 -0.5014
vn -0.2500 0.8335 -0.4927
vn -0.0147 -0.0061 -0.9999
vn 0.0430 -0.0017 -0.9991
vn 0.2774 -0.8209 -0.4991
vn 0.2706 -0.8344 -0.4801
vn 0.2735 -0.8211 0.5010
vn 0.2091 -0.8368 0.5060
vn -0.2905 0.8434 0.4520
vn 0.0084 0.0271 0.9996
vn -0.3156 0.7908 -0.5244
vn -0.0694 -0.0031 -0.9976
vn 0.2215 -0.8092 -0.5443
vn 0.2764 -0.8396 0.4676
vn -0.2636 0.8249 0.5001
vn 0.1619 0.0569 0.9852
vn -0.4512 0.7513 -0.4817
vn -0.2182 -0.0769 -0.9729
vn 0.2049 -0.8448 -0.4943
vn 0.3959 -0.7767 0.4898
vn 0.8386 0.2224 -0.4972
vn 0.8571 0.1748 -0.4846
vn 0.8593 0.0549 0.5086
vn 0.8762 0.0191 0.4816
vn -0.0392 0.2224 -0.9742
vn -0.0299 0.1363 -0.9902
vn -0.8801 0.0193 -0.4744
vn -0.8879 -0.0242 -0.4593
vn -0.8435 -0.1842 0.5045
vn -0.8364 -0.1381 0.5304
vn 0.0348 -0.1841 0.9823
vn 0.0225 -0.0978 0.9950
vn 0.8121 0.2741 -0.5152
vn 0.8912 0.0990 0.4427
vn -0.0227 0.2147 -0.9764
vn -0.8486 -0.0226 -0.5285
vn -0.8558 -0.2211 0.4676
vn 0.0592 -0.1587 0.9855
vn 0.7932 0.4110 -0.4495
vn 0.8688 0.0706 0.4901
vn -0.0737 0.3689 -0.9265
vn -0.8796 -0.0127 -0.4756
vn -0.8098 -0.3561 0.4663
vn 0.0627 -0.3142 0.9473
vn -0.4939 0.7995 0.3419
vn -0.5275 0.7751 0.3478
vn -0.9903 0.0475 -0.1305
vn -0.9992 0.0221 -0.0342
vn 0.5039 0.7982 0.3299
vn 0.4890 0.7545 0.4377
vn 0.9982 0.0244 -0.0549
vn 0.9989 -0.0433 0.0164
vn 0.4963 -0.7537 -0.4308
vn 0.4647 -0.7563 -0.4605
vn -0.5037 -0.7545 -0.4207
vn -0.5048 -0.6897 -0.5191
vn -0.4295 0.8576 0.2829
vn -0.9889 0.1232 -0.0828
vn 0.5152 0.7983 0.3119
vn 0.9987 0.0507 0.0002
vn 0.5551 -0.7378 -0.3842
vn -0.4973 -0.7438 -0.4466
vn -0.4809 0.8650 0.1433
vn -0.9999 0.0153 -0.0067
vn 0.4947 0.8671 0.0586
vn 0.9830 0.0560 -0.1747
vn 0.4912 -0.8058 -0.3307
vn -0.5088 -0.8257 -0.2434
vn -0.2771 0.4524 -0.8477
vn -0.2532 0.4639 -0.8489
vn 0.6586 0.0985 -0.7460
vn 0.6323 0.0447 -0.7734
vn -0.8899 0.4523 -0.0589
vn -0.9051 0.4157 -0.0893
vn -0.5949 0.0454 0.8025
vn -0.6154 -0.0146 0.7881
vn 0.3130 -0.3623 0.8779
vn 0.3263 -0.3805 0.8653
vn 0.9275 -0.3630 0.0898
vn 0.9439 -0.3160 0.0956
vn -0.2219 0.6496 -0.7271
vn 0.6252 0.1832 -0.7587
vn -0.8224 0.5688 -0.0075
vn -0.6546 0.0229 0.7556
vn 0.1987 -0.5134 0.8348
vn 0.8988 -0.4377 0.0255
vn -0.0762 0.7714 -0.6318
vn 0.6695 0.1142 -0.7340
vn -0.6798 0.7221 0.1280
vn -0.5730 0.0243 0.8192
vn 0.1702 -0.6531 0.7379
vn 0.7931 -0.6075 -0.0430
vn 0.2944 0.7848 -0.5453
vn 0.2186 0.8002 -0.5584
vn -0.0769 -0.0546 -0.9955
vn -0.0950 -0.0179 -0.9953
vn 0.4370 0.7842 0.4406
vn 0.3425 0.8162 0.4652
vn 0.1913 -0.0173 0.9814
vn 0.1579 -0.0395 0.9867
vn -0.1983 -0.8221 0.5336
vn -0.1319 -0.8539 0.5034
vn -0.3414 -0.8223 -0.4552
vn -0.2437 -0.8529 -0.4618
vn 0.2020 0.8518 -0.4833
vn -0.1738 0.0480 -0.9836
vn 0.4310 0.7825 0.4493
vn 0.3247 -0.0171 0.9456
vn -0.0239 -0.8314 0.5552
vn -0.2961 -0.8518 -0.4321
vn 0.2081 0.8103 -0.5478
vn -0.3299 0.0569 -0.9423
vn 0.6049 0.7120 0.3565
vn 0.4824 -0.1095 0.8691
vn -0.0441 -0.8675 0.4955
vn -0.4565 -0.7853 -0.4182
vn -0.7945 0.5996 0.0959
vn -0.8244 0.5599 0.0832
vn -0.6389 0.0806 -0.7651
vn -0.6866 0.0401 -0.7259
vn -0.0847 0.5992 0.7961
vn -0.1408 0.5167 0.8445
vn 0.7326 0.0417 0.6793
vn 0.7196 -0.0293 0.6937
vn 0.8433 -0.5187 -0.1409
vn 0.8513 -0.4915 -0.1836
vn 0.1330 -0.5191 -0.8443
vn 0.1792 -0.4284 -0.8856
vn -0.7946 0.5945 0.1234
vn -0.6302 0.1716 -0.7572
vn -0.1544 0.4918 0.8569
vn 0.6705 -0.0335 0.7411
vn 0.8684 -0.4759 -0.1391
vn 0.2062 -0.3729 -0.9047
vn -0.7570 0.6479 0.0847
vn -0.6137 0.1624 -0.7726
vn -0.1039 0.5557 0.8249
vn 0.6977 -0.0216 0.7160
vn 0.8476 -0.5116 -0.1407
vn 0.1901 -0.4196 -0.8876
vn 0.5676 0.8227 0.0302
vn 0.5153 0.8436 0.1507
vn 0.7019 0.0930 0.7062
vn 0.8245 0.0201 0.5656
vn -0.2874 0.8206 -0.4940
vn -0.1971 0.8272 -0.5263
vn -0.8776 0.0196 -0.4790
vn -0.7677 -0.0426 -0.6394
vn -0.6233 -0.7803 0.0514
vn -0.5250 -0.8511 -0.0006
vn 0.2301 -0.7839 0.5767
vn 0.2171 -0.7274 0.6510
vn 0.3163 0.9236 0.2165
vn 0.5824 0.1649 0.7960
vn -0.2985 0.7981 -0.5233
vn -0.6798 -0.0677 -0.7303
vn -0.4558 -0.8701 -0.1876
vn 0.1969 -0.7693 0.6078
vn 0.2694 0.9168 0.2948
vn 0.6181 0.1140 0.7778
vn -0.4044 0.8118 -0.4213
vn -0.7409 -0.0850 -0.6662
vn -0.4007 -0.8961 -0.1911
vn 0.2824 -0.7970 0.5340
vn 0.4280 0.8511 -0.3040
vn 0.4165 0.8397 -0.3486
vn 0.6801 -0.0354 -0.7322
vn 0.6289 -0.0064 -0.7775
vn -0.1573 0.8496 0.5033
vn -0.2389 0.8677 0.4360
vn -0.5434 -0.0050 0.8395
vn -0.6015 -0.0254 0.7985
vn -0.3445 -0.8636 0.3682
vn -0.2993 -0.8792 0.3706
vn 0.2425 -0.8642 -0.4409
vn 0.3271 -0.8669 -0.3762
vn 0.4030 0.8685 -0.2884
vn 0.7117 0.0173 -0.7023
vn -0.2429 0.8639 0.4413
vn -0.6090 0.0312 0.7925
vn -0.3316 -0.8486 0.4122
vn 0.3444 -0.8692 -0.3547
vn 0.4677 0.8447 -0.2602
vn 0.6874 -0.0103 -0.7262
vn -0.1531 0.8451 0.5123
vn -0.5598 -0.0019 0.8286
vn -0.3463 -0.8625 0.3691
vn 0.2792 -0.8676 -0.4114
vn 0.3590 0.7581 -0.5444
vn 0.3617 0.7101 -0.6041
vn 0.9780 0.0180 -0.2077
vn 0.9709 0.0310 -0.2375
vn -0.5968 0.7579 -0.2636
vn -0.6288 0.7043 -0.3294
vn -0.9453 0.0314 0.3248
vn -0.9439 -0.0003 0.3302
vn -0.3348 -0.6974 0.6336
vn -0.2993 -0.6582 0.6908
vn 0.6239 -0.6976 0.3524
vn 0.6354 -0.6445 0.4253
vn 0.3025 0.7512 -0.5867
vn 0.9436 0.0328 -0.3294
vn -0.5821 0.7781 -0.2362
vn -0.9170 0.1352 0.3752
vn -0.3694 -0.6162 0.6956
vn 0.6137 -0.7079 0.3497
vn 0.3903 0.7696 -0.5054
vn 0.9180 -0.0791 -0.3885
vn -0.4803 0.8752 -0.0570
vn -0.8450 0.1628 0.5093
vn -0.3347 -0.6917 0.6400
vn 0.5519 -0.8128 0.1863
vn -0.4099 0.8673 -0.2825
vn -0.4183 0.8534 -0.3110
vn -0.7636 0.0020 -0.6457
vn -0.8174 0.0042 -0.5760
vn 0.4468 0.8652 0.2275
vn 0.3971 0.8744 0.2789
vn 0.8957 0.0051 0.4446
vn 0.8545 -0.0107 0.5194
vn 0.4912 -0.8573 0.1539
vn 0.4643 -0.8725 0.1523
vn -0.3664 -0.8591 -0.3574
vn -0.3383 -0.8405 -0.4232
vn -0.3618 0.8965 -0.2558
vn -0.8115 0.0193 -0.5841
vn 0.4888 0.8444 0.2193
vn 0.9202 0.0227 0.3907
vn 0.5664 -0.8158 0.1170
vn -0.2981 -0.8779 -0.3747
vn -0.4340 0.8627 -0.2596
vn -0.9029 -0.0076 -0.4297
vn 0.5155 0.8564 0.0307
vn 0.9887 0.0263 0.1478
vn 0.5583 -0.8295 -0.0161
vn -0.3981 -0.8642 -0.3077
vn 0.0658 0.7933 0.6053
vn 0.0738 0.7706 0.6331
vn -0.5844 0.0493 0.8100
vn -0.5441 0.0386 0.8381
vn 0.5494 0.7926 -0.2647
vn 0.6101 0.7585 -0.2291
vn 0.4265 0.0400 -0.9036
vn 0.4542 -0.0004 -0.8909
vn -0.1822 -0.7160 -0.6739
vn -0.2180 -0.7064 -0.6734
vn -0.6685 -0.7169 0.1978
vn -0.7224 -0.6714 0.1655
vn 0.1156 0.7832 0.6109
vn -0.5814 0.0838 0.8093
vn 0.6116 0.7532 -0.2424
vn 0.4349 0.0531 -0.8989
vn -0.2391 -0.6399 -0.7303
vn -0.7587 -0.6398 0.1227
vn 0.0842 0.7839 0.6152
vn -0.5622 0.0584 0.8249
vn 0.5370 0.8016 -0.2629
vn 0.3511 0.1053 -0.9304
vn -0.2886 -0.6176 -0.7317
vn -0.7492 -0.6459 0.1470
vn -0.6580 0.6978 0.2830
vn -0.6727 0.6926 0.2602
vn -0.8599 0.0970 -0.5012
vn -0.8961 0.0526 -0.4407
vn 0.2611 0.6970 0.6678
vn 0.2235 0.6564 0.7205
vn 0.9414 0.0546 0.3327
vn 0.9248 -0.0090 0.3803
vn 0.7070 -0.5908 -0.3888
vn 0.6876 -0.6019 -0.4061
vn -0.2128 -0.5924 -0.7770
vn -0.1968 -0.5315 -0.8239
vn -0.5527 0.8058 0.2126
vn -0.8865 0.1457 -0.4392
vn 0.3131 0.7579 0.5723
vn 0.9322 0.0922 0.3499
vn 0.7291 -0.6222 -0.2851
vn -0.2299 -0.6399 -0.7332
vn -0.5459 0.8367 0.0441
vn -0.9191 0.0131 -0.3937
vn 0.3827 0.8700 0.3108
vn 0.9781 0.1293 0.1628
vn 0.6489 -0.7108 -0.2714
vn -0.3148 -0.7729 -0.5509
vn -0.4114 0.8195 0.3989
vn -0.3925 0.8148 0.4266
vn -0.3918 -0.0468 0.9189
vn -0.3479 -0.0181 0.9373
vn -0.1388 0.8179 -0.5583
vn -0.0692 0.8412 -0.5362
vn 0.1979 -0.0175 -0.9801
vn 0.2488 -0.0247 -0.9682
vn 0.2627 -0.8562 -0.4448
vn 0.2323 -0.8713 -0.4322
vn -0.0106 -0.8571 0.5151
vn -0.0857 -0.8655 0.4935
vn -0.4186 0.8426 0.3389
vn -0.3128 0.0449 0.9488
vn -0.2172 0.7801 -0.5868
vn 0.0852 -0.0052 -0.9963
vn 0.2217 -0.8277 -0.5155
vn 0.0336 -0.8653 0.5001
vn -0.4844 0.7780 0.4002
vn -0.1383 0.0384 0.9896
vn -0.4586 0.6779 -0.5745
vn -0.1143 -0.1173 -0.9865
vn 0.2310 -0.8686 -0.4383
vn 0.2243 -0.7934 0.5658
vn 0.8040 0.3740 -0.4623
vn 0.8185 0.3644 -0.4442
vn 0.8466 0.1374 0.5142
vn 0.8697 0.0753 0.4878
vn -0.0784 0.3744 -0.9239
vn -0.0536 0.3044 -0.9510
vn -0.8944 0.0773 -0.4404
vn -0.8935 0.0059 -0.4490
vn -0.8323 -0.2219 0.5080
vn -0.8204 -0.2165 0.5292
vn 0.0506 -0.2229 0.9735
vn 0.0447 -0.1463 0.9882
vn 0.7888 0.3931 -0.4726
vn 0.8329 0.2229 0.5065
vn -0.0629 0.2708 -0.9606
vn -0.8766 -0.0204 -0.4809
vn -0.8452 -0.1934 0.4983
vn 0.0135 -0.0720 0.9973
vn 0.7798 0.4276 -0.4572
vn 0.8263 0.2308 0.5138
vn -0.0749 0.3206 -0.9442
vn -0.8853 0.0173 -0.4646
vn -0.8434 -0.1805 0.5061
vn 0.0135 -0.0739 0.9972
vn -0.1554 0.8604 0.4853
vn -0.1841 0.8559 0.4832
vn -0.6213 0.0265 0.7831
vn -0.5720 0.0179 0.8200
vn 0.3480 0.8592 -0.3751
vn 0.3751 0.8606 -0.3444
vn 0.4354 0.0184 -0.9001
vn 0.4882 0.0015 -0.8727
vn 0.0206 -0.8232 -0.5674
vn 0.0288 -0.8381 -0.5447
vn -0.4837 -0.8247 0.2930
vn -0.5189 -0.8076 0.2802
vn -0.2788 0.8931 0.3529
vn -0.6400 0.0804 0.7641
vn 0.2565 0.8636 -0.4342
vn 0.4781 0.0433 -0.8773
vn 0.1534 -0.8345 -0.5292
vn -0.4363 -0.8353 0.3346
vn -0.4128 0.8601 0.2997
vn -0.6171 0.0170 0.7867
vn 0.0875 0.8396 -0.5361
vn 0.3987 -0.0083 -0.9171
vn 0.2077 -0.8700 -0.4471
vn -0.3039 -0.8584 0.4133
vn 0.7039 0.6688 0.2393
vn 0.7278 0.6346 0.2601
vn 0.2762 0.0960 0.9563
vn 0.3360 0.0608 0.9399
vn 0.3130 0.6683 -0.6748
vn 0.3853 0.5988 -0.7021
vn -0.4432 0.0631 -0.8942
vn -0.4214 -0.0020 -0.9069
vn -0.8139 -0.5464 -0.1976
vn -0.8364 -0.5240 -0.1609
vn -0.4242 -0.5475 0.7213
vn -0.4823 -0.4636 0.7433
vn 0.7270 0.6642 0.1738
vn 0.3717 0.0829 0.9246
vn 0.3073 0.6580 -0.6875
vn -0.4451 0.1262 -0.8865
vn -0.8563 -0.4586 -0.2377
vn -0.4740 -0.5199 0.7106
vn 0.6997 0.6673 0.2551
vn 0.4404 -0.0621 0.8957
vn 0.1831 0.7989 -0.5729
vn -0.5767 0.2390 -0.7812
vn -0.8581 -0.4854 -0.1673
vn -0.3456 -0.6443 0.6823
vn 0.8611 0.4689 -0.1965
vn 0.8716 0.4623 -0.1631
vn 0.6809 0.0857 0.7274
vn 0.7300 0.0106 0.6834
vn 0.1256 0.4686 -0.8744
vn 0.1820 0.3912 -0.9021
vn -0.7389 0.0113 -0.6737
vn -0.7134 -0.0814 -0.6960
vn -0.8705 -0.4471 0.2055
vn -0.8594 -0.4522 0.2388
vn -0.1352 -0.4471 0.8842
vn -0.1599 -0.3576 0.9201
vn 0.7756 0.5976 -0.2034
vn 0.7322 0.1361 0.6673
vn 0.0961 0.5099 -0.8548
vn -0.6783 -0.0209 -0.7345
vn -0.8386 -0.5355 0.1000
vn -0.1063 -0.4767 0.8726
vn 0.7232 0.6857 -0.0831
vn 0.7441 0.0095 0.6680
vn -0.0284 0.6867 -0.7264
vn -0.7660 0.0291 -0.6422
vn -0.7520 -0.6505 0.1063
vn 0.0039 -0.6550 0.7556
vn -0.2202 0.8316 -0.5098
vn -0.2757 0.7926 -0.5438
vn 0.1181 -0.0095 -0.9930
vn 0.0591 0.0037 -0.9982
vn -0.2666 0.8312 0.4879
vn -0.3778 0.7903 0.4824
vn -0.0346 0.0048 0.9994
vn -0.0665 -0.0445 0.9968
vn 0.2449 -0.8236 0.5116
vn 0.3167 -0.8099 0.4937
vn 0.2916 -0.8234 -0.4868
vn 0.4024 -0.7839 -0.4729
vn -0.1847 0.8516 -0.4906
vn 0.2105 0.1181 -0.9704
vn -0.3932 0.8052 0.4439
vn -0.2119 -0.0109 0.9772
vn 0.2164 -0.8364 0.5036
vn 0.4276 -0.7422 -0.5161
vn -0.0122 0.8953 -0.4452
vn 0.3077 0.0977 -0.9465
vn -0.2970 0.8116 0.5030
vn -0.2635 -0.0829 0.9611
vn 0.0569 -0.8862 0.4598
vn 0.3432 -0.7995 -0.4930
vn -0.5898 0.6946 0.4119
vn -0.6115 0.6955 0.3774
vn -0.9547 0.0626 -0.2908
vn -0.9793 0.0078 -0.2023
vn 0.3923 0.6942 0.6035
vn 0.3519 0.6532 0.6704
vn 0.9833 0.0085 0.1818
vn 0.9646 -0.0650 0.2556
vn 0.5945 -0.6782 -0.4320
vn 0.5629 -0.7020 -0.4362
vn -0.3878 -0.6783 -0.6241
vn -0.3867 -0.6158 -0.6865
vn -0.4869 0.8156 0.3124
vn -0.9730 0.1168 -0.1989
vn 0.4315 0.7481 0.5041
vn 0.9708 0.0312 0.2379
vn 0.6270 -0.7296 -0.2730
vn -0.4085 -0.7389 -0.5358
vn -0.5264 0.8339 0.1656
vn -0.9950 -0.0280 -0.0957
vn 0.4619 0.8550 0.2360
vn 0.9974 0.0481 0.0535
vn 0.5372 -0.8172 -0.2086
vn -0.4584 -0.8438 -0.2792
vn 0.1457 0.8408 0.5213
vn 0.1495 0.8183 0.5549
vn -0.3751 0.0803 0.9235
vn -0.2809 0.0561 0.9581
vn 0.3021 0.8382 -0.4540
vn 0.4165 0.8039 -0.4246
vn 0.0399 0.0614 -0.9973
vn 0.1162 -0.0058 -0.9932
vn -0.3844 -0.7256 -0.5707
vn -0.4198 -0.7246 -0.5466
vn -0.5472 -0.7295 0.4104
vn -0.6456 -0.6595 0.3851
vn 0.0622 0.9004 0.4305
vn -0.3801 0.1829 0.9067
vn 0.2975 0.8319 -0.4685
vn 0.1282 0.0744 -0.9890
vn -0.3166 -0.7190 -0.6186
vn -0.5996 -0.6955 0.3960
vn -0.1381 0.8964 0.4212
vn -0.3574 0.0813 0.9304
vn 0.0163 0.8613 -0.5078
vn -0.0373 0.0508 -0.9980
vn -0.2522 -0.8025 -0.5407
vn -0.4130 -0.7936 0.4469
vn -0.7539 0.5760 -0.3161
vn -0.7757 0.5393 -0.3278
vn -0.1447 0.1271 -0.9813
vn -0.1778 0.1148 -0.9773
vn -0.5077 0.5762 0.6405
vn -0.5431 0.5237 0.6564
vn 0.3138 0.1164 0.9423
vn 0.3196 0.0881 0.9434
vn 0.8939 -0.3464 0.2844
vn 0.9155 -0.3083 0.2586
vn 0.6482 -0.3474 -0.6776
vn 0.6792 -0.2827 -0.6773
vn -0.6798 0.6754 -0.2859
vn -0.2672 0.1246 -0.9556
vn -0.3827 0.7208 0.5780
vn 0.3341 0.2545 0.9075
vn 0.8631 -0.3490 0.3650
vn 0.5786 -0.4656 -0.6696
vn -0.4937 0.7621 -0.4189
vn -0.2668 -0.0433 -0.9628
vn -0.1091 0.9018 0.4181
vn 0.5163 0.3146 0.7965
vn 0.7953 -0.5186 0.3141
vn 0.3892 -0.7100 -0.5869
vn -0.4108 0.8695 0.2742
vn -0.4186 0.8573 0.2997
vn -0.9475 0.0263 0.3188
vn -0.9288 0.0288 0.3694
vn 0.4504 0.8676 -0.2108
vn 0.4856 0.8619 -0.1458
vn 0.7986 0.0304 -0.6011
vn 0.8257 0.0031 -0.5640
vn 0.2857 -0.8121 -0.5088
vn 0.2585 -0.8130 -0.5217
vn -0.5802 -0.8141 -0.0230
vn -0.6103 -0.7876 -0.0851
vn -0.3972 0.8904 0.2224
vn -0.9490 0.0817 0.3047
vn 0.4575 0.8647 -0.2074
vn 0.8148 0.0566 -0.5769
vn 0.3122 -0.7896 -0.5283
vn -0.6012 -0.7956 -0.0753
vn -0.4668 0.8731 0.1411
vn -0.9438 0.0329 0.3289
vn 0.3689 0.8636 -0.3438
vn 0.7537 0.0335 -0.6564
vn 0.2991 -0.8229 -0.4831
vn -0.5599 -0.8284 0.0163
vn 0.6046 0.6302 -0.4871
vn 0.6419 0.5848 -0.4959
vn 0.9257 0.1625 0.3415
vn 0.9527 0.1094 0.2836
vn -0.3605 0.6307 -0.6872
vn -0.3421 0.5340 -0.7732
vn -0.9851 0.1150 -0.1282
vn -0.9886 0.0341 -0.1470
vn -0.6472 -0.4088 0.6434
vn -0.6278 -0.3691 0.6853
vn 0.3249 -0.4114 0.8515
vn 0.3056 -0.2957 0.9051
vn 0.5851 0.5556 -0.5908
vn 0.9517 0.1465 0.2698
vn -0.3667 0.5361 -0.7603
vn -0.9766 0.1520 -0.1524
vn -0.7005 -0.2450 0.6703
vn 0.2619 -0.2729 0.9257
vn 0.6366 0.5337 -0.5567
vn 0.9762 0.0027 0.2167
vn -0.3277 0.6745 -0.6615
vn -0.9492 0.3131 -0.0314
vn -0.6492 -0.2030 0.7330
vn 0.3214 -0.3701 0.8716
vn 0.4490 0.4714 0.7590
vn 0.4304 0.4436 0.7861
vn -0.5163 0.2034 0.8319
vn -0.4753 0.1234 0.8711
vn 0.8707 0.4733 -0.1336
vn 0.9252 0.3663 -0.0989
vn 0.3819 0.1301 -0.9150
vn 0.3928 0.0331 -0.9190
vn -0.5393 -0.2199 -0.8129
vn -0.5679 -0.1934 -0.8000
vn -0.9713 -0.2230 0.0827
vn -0.9928 -0.1047 0.0583
vn 0.4317 0.6023 0.6714
vn -0.4877 0.4219 0.7643
vn 0.9282 0.3606 -0.0922
vn 0.5147 -0.0997 -0.8516
vn -0.5028 -0.3252 -0.8009
vn -0.9971 -0.0347 0.0674
vn 0.3530 0.7693 0.5325
vn -0.5589 0.4962 0.6643
vn 0.8735 0.4422 -0.2039
vn 0.4837 -0.1965 -0.8529
vn -0.4621 -0.4994 -0.7329
vn -0.9891 -0.1423 0.0386
vn -0.2907 0.8394 0.4592
vn -0.3298 0.8408 0.4293
vn -0.9238 0.0731 0.3758
vn -0.8864 0.0410 0.4611
vn 0.5395 0.8373 -0.0890
vn 0.5534 0.8324 -0.0299
vn 0.7739 0.0430 -0.6318
vn 0.8287 0.0028 -0.5597
vn 0.1843 -0.7533 -0.6314
vn 0.1810 -0.7837 -0.5942
vn -0.6478 -0.7571 -0.0851
vn -0.6826 -0.7208 -0.1202
vn -0.3185 0.9014 0.2933
vn -0.9286 0.1200 0.3512
vn 0.5180 0.8392 -0.1656
vn 0.8088 0.0400 -0.5867
vn 0.2689 -0.7707 -0.5776
vn -0.6361 -0.7651 -0.1002
vn -0.4054 0.8858 0.2258
vn -0.9112 0.0538 0.4084
vn 0.3865 0.8620 -0.3280
vn 0.6982 0.0433 -0.7146
vn 0.2222 -0.7999 -0.5575
vn -0.5941 -0.8043 0.0128
vn 0.3356 0.4111 -0.8475
vn 0.3529 0.3331 -0.8744
vn 0.9856 0.1115 -0.1272
vn 0.9818 0.1056 -0.1579
vn -0.6344 0.4114 -0.6545
vn -0.6563 0.3222 -0.6822
vn -0.9677 0.1063 0.2286
vn -0.9637 0.0873 0.2525
vn -0.3245 -0.2003 0.9244
vn -0.3003 -0.1218 0.9460
vn 0.6523 -0.2006 0.7309
vn 0.6456 -0.1083 0.7559
vn 0.2924 0.3415 -0.8933
vn 0.9732 0.0611 -0.2217
vn -0.6265 0.4207 -0.6562
vn -0.9459 0.2429 0.2152
vn -0.3556 -0.0362 0.9339
vn 0.6464 -0.1439 0.7493
vn 0.3629 0.4113 -0.8361
vn 0.9780 -0.0465 -0.2035
vn -0.5456 0.6123 -0.5722
vn -0.8743 0.3838 0.2972
vn -0.2960 -0.0680 0.9528
vn 0.6454 -0.2926 0.7056
vn -0.3884 0.8593 -0.3328
vn -0.4319 0.8433 -0.3200
vn -0.4616 0.0220 -0.8868
vn -0.4795 0.0331 -0.8769
vn 0.1784 0.8588 0.4802
vn 0.1337 0.8432 0.5207
vn 0.6564 0.0336 0.7536
vn 0.6501 0.0123 0.7598
vn 0.5679 -0.7955 0.2114
vn 0.5975 -0.7824 0.1758
vn -0.0008 -0.7960 -0.6053
vn 0.0506 -0.7736 -0.6317
vn -0.3918 0.8661 -0.3104
vn -0.4506 0.0737 -0.8897
vn 0.1540 0.8575 0.4909
vn 0.6610 0.0657 0.7475
vn 0.6272 -0.7559 0.1879
vn 0.0606 -0.7577 -0.6498
vn -0.3197 0.8719 -0.3709
vn -0.4331 0.0510 -0.8999
vn 0.2444 0.8719 0.4242
vn 0.7054 0.0565 0.7065
vn 0.6015 -0.7769 0.1862
vn 0.0280 -0.7814 -0.6234
vn -0.1621 0.6671 0.7271
vn -0.1849 0.6483 0.7386
vn -0.9264 0.1327 0.3525
vn -0.9061 0.0839 0.4147
vn 0.7040 0.6668 0.2444
vn 0.7325 0.6045 0.3130
vn 0.8326 0.0878 -0.5468
vn 0.8553 0.0146 -0.5179
vn 0.0945 -0.4968 -0.8627
vn 0.0651 -0.4895 -0.8696
vn -0.7777 -0.4992 -0.3820
vn -0.7992 -0.4195 -0.4303
vn -0.1499 0.7452 0.6498
vn -0.9149 0.2598 0.3091
vn 0.7279 0.6216 0.2894
vn 0.8978 0.0013 -0.4404
vn 0.1354 -0.5326 -0.8355
vn -0.8060 -0.3947 -0.4411
vn -0.1912 0.8275 0.5280
vn -0.9345 0.2543 0.2492
vn 0.6983 0.6957 0.1685
vn 0.8751 -0.0160 -0.4836
vn 0.1354 -0.6117 -0.7794
vn -0.7796 -0.4745 -0.4087
vn -0.8454 0.5047 0.1748
vn -0.8732 0.4540 0.1773
vn -0.6661 0.1143 -0.7371
vn -0.6863 0.1042 -0.7198
vn -0.1254 0.5049 0.8540
vn -0.1435 0.4394 0.8868
vn 0.7573 0.1052 0.6446
vn 0.7664 0.0798 0.6374
vn 0.9216 -0.2969 -0.2501
vn 0.9277 -0.2470 -0.2801
vn 0.1986 -0.2973 -0.9339
vn 0.2217 -0.2271 -0.9483
vn -0.8671 0.4342 0.2442
vn -0.7280 0.0549 -0.6834
vn -0.1218 0.5016 0.8565
vn 0.7543 0.2217 0.6179
vn 0.9569 -0.1483 -0.2496
vn 0.2313 -0.2509 -0.9400
vn -0.8797 0.4389 0.1833
vn -0.7430 -0.0649 -0.6661
vn -0.1130 0.6393 0.7606
vn 0.7774 0.3577 0.5175
vn 0.9399 -0.1361 -0.3130
vn 0.1784 -0.3559 -0.9173
vn -0.4039 0.8477 0.3439
vn -0.4030 0.8450 0.3514
vn -0.9462 0.0047 0.3235
vn -0.9455 0.0079 0.3255
vn 0.5304 0.8477 -0.0108
vn 0.5345 0.8451 -0.0032
vn 0.9233 0.0079 -0.3839
vn 0.9235 0.0046 -0.3836
vn 0.3819 -0.8321 -0.4023
vn 0.3769 -0.8311 -0.4089
vn -0.5526 -0.8321 -0.0475
vn -0.5548 -0.8301 -0.0564
vn -0.4001 0.8688 0.2918
vn -0.9299 0.0280 0.3668
vn 0.4911 0.8653 -0.0999
vn 0.9002 0.0467 -0.4330
vn 0.4166 -0.8241 -0.3838
vn -0.5250 -0.8507 0.0245
vn -0.4505 0.8602 0.2390
vn -0.9155 -0.0108 0.4021
vn 0.4380 0.8748 -0.2072
vn 0.8691 0.0258 -0.4940
vn 0.4097 -0.8489 -0.3340
vn -0.4844 -0.8672 0.1152
vn 0.7808 0.4857 -0.3929
vn 0.8272 0.2409 -0.5076
vn 0.8587 -0.1150 0.4995
vn 0.8729 0.0322 0.4869
vn -0.0914 0.4863 -0.8690
vn -0.1578 0.3559 -0.9211
vn -0.8878 0.0277 -0.4594
vn -0.9276 0.1294 -0.3505
vn -0.7983 -0.4268 0.4250
vn -0.8271 -0.1801 0.5324
vn 0.0793 -0.4277 0.9004
vn 0.0073 -0.3029 0.9530
vn 0.7366 -0.1467 -0.6602
vn 0.8371 -0.4044 0.3684
vn -0.1249 0.2975 -0.9465
vn -0.8233 0.4762 -0.3088
vn -0.7541 0.2549 0.6053
vn 0.0289 -0.1722 0.9846
vn 0.6929 -0.3021 -0.6547
vn 0.7583 -0.5778 0.3018
vn -0.0444 0.3206 -0.9462
vn -0.7024 0.6550 -0.2788
vn -0.6397 0.3853 0.6650
vn 0.0904 -0.2332 0.9682
vn -0.5132 0.8579 -0.0248
vn -0.5182 0.8541 -0.0431
vn -0.9361 0.0105 -0.3515
vn -0.9501 0.0058 -0.3120
vn 0.4460 0.8575 0.2563
vn 0.4293 0.8586 0.2802
vn 0.9682 0.0059 0.2503
vn 0.9571 -0.0041 0.2897
vn 0.5320 -0.8460 -0.0367
vn 0.5180 -0.8549 -0.0276
vn -0.4273 -0.8463 -0.3180
vn -0.4261 -0.8363 -0.3451
vn -0.4563 0.8799 -0.1323
vn -0.9193 0.0500 -0.3904
vn 0.4522 0.8659 0.2140
vn 0.9468 0.0230 0.3211
vn 0.5133 -0.8554 0.0695
vn -0.4487 -0.8428 -0.2974
vn -0.4339 0.8721 -0.2262
vn -0.9178 0.0155 -0.3967
vn 0.4962 0.8594 0.1234
vn 0.9520 -0.0094 0.3061
vn 0.4711 -0.8713 0.1371
vn -0.4649 -0.8589 -0.2147
vn 0.3492 0.8282 0.4384
vn 0.4027 0.7971 0.4500
vn 0.1273 0.0013 0.9919
vn 0.1669 0.0114 0.9859
vn 0.1521 0.8278 -0.5400
vn 0.2339 0.7930 -0.5625
vn -0.2272 0.0121 -0.9738
vn -0.2096 -0.0256 -0.9775
vn -0.4101 -0.8057 -0.4275
vn -0.4647 -0.7913 -0.3974
vn -0.2130 -0.8058 0.5526
vn -0.2964 -0.7701 0.5649
vn 0.4947 0.7899 0.3624
vn 0.2601 -0.0191 0.9654
vn 0.1914 0.7972 -0.5725
vn -0.3162 0.0780 -0.9455
vn -0.5654 -0.7007 -0.4350
vn -0.2985 -0.7945 0.5288
vn 0.5351 0.7449 0.3985
vn 0.3954 -0.1045 0.9125
vn 0.0982 0.8624 -0.4966
vn -0.4685 0.1443 -0.8716
vn -0.6124 -0.7004 -0.3666
vn -0.1785 -0.8281 0.5314
vn -0.7318 0.5833 -0.3526
vn -0.7413 0.5665 -0.3600
vn -0.1706 0.0337 -0.9848
vn -0.1909 0.0253 -0.9813
vn -0.5203 0.5832 0.6239
vn -0.5446 0.5551 0.6287
vn 0.2318 0.0254 0.9724
vn 0.2281 0.0042 0.9736
vn 0.7730 -0.5328 0.3443
vn 0.7863 -0.5211 0.3320
vn 0.5617 -0.5329 -0.6328
vn 0.5851 -0.5033 -0.6359
vn -0.6541 0.6756 -0.3403
vn -0.2015 0.0929 -0.9751
vn -0.4699 0.6511 0.5961
vn 0.1815 0.0441 0.9824
vn 0.6997 -0.6002 0.3875
vn 0.4990 -0.5763 -0.6472
vn -0.5241 0.7606 -0.3831
vn -0.1624 0.0492 -0.9855
vn -0.3291 0.7413 0.5850
vn 0.2313 0.0113 0.9728
vn 0.5981 -0.7083 0.3751
vn 0.4012 -0.6891 -0.6035
vn -0.1341 0.8297 0.5419
vn -0.1523 0.8127 0.5624
vn -0.7343 0.0236 0.6785
vn -0.6740 0.0108 0.7386
vn 0.5157 0.8288 -0.2172
vn 0.5727 0.8065 -0.1471
vn 0.6267 0.0119 -0.7791
vn 0.6803 -0.0349 -0.7321
vn 0.0881 -0.8072 -0.5837
vn 0.0590 -0.8168 -0.5739
vn -0.5629 -0.8076 0.1758
vn -0.6286 -0.7679 0.1236
vn -0.1774 0.8825 0.4355
vn -0.7363 0.1088 0.6679
vn 0.5109 0.8305 -0.2217
vn 0.7096 0.0250 -0.7041
vn 0.1929 -0.8208 -0.5376
vn -0.5761 -0.7961 0.1855
vn -0.3008 0.8841 0.3576
vn -0.7160 0.0351 0.6972
vn 0.3754 0.8533 -0.3619
vn 0.6519 -0.0155 -0.7582
vn 0.2423 -0.8724 -0.4246
vn -0.4409 -0.8448 0.3033
vn -0.2580 0.8926 0.3698
vn -0.2582 0.8816 0.3951
vn -0.8744 0.4828 0.0487
vn -0.8894 0.4469 0.0958
vn 0.4352 0.8997 -0.0326
vn 0.4851 0.8744 0.0145
vn 0.5305 0.4776 -0.7003
vn 0.5599 0.4464 -0.6981
vn -0.0719 0.0262 -0.9971
vn -0.0900 0.0711 -0.9934
vn -0.7983 0.0037 -0.6023
vn -0.7745 0.0988 -0.6248
vn -0.3007 0.9312 0.2060
vn -0.8272 0.5584 -0.0628
vn 0.3386 0.9306 -0.1391
vn 0.4249 0.5289 -0.7346
vn -0.1208 0.1733 -0.9774
vn -0.7315 0.2042 -0.6505
vn -0.4414 0.8855 -0.1452
vn -0.8231 0.5191 -0.2302
vn -0.0273 0.9068 -0.4207
vn 0.0715 0.5969 -0.7991
vn -0.2660 0.2037 -0.9422
vn -0.7469 0.1463 -0.6487
vn 0.5337 0.7525 -0.3859
vn 0.5398 0.7487 -0.3847
vn 0.6501 0.0482 -0.7583
vn 0.5713 0.0463 -0.8195
vn 0.5654 0.7174 0.4069
vn 0.4911 0.7569 0.4312
vn 0.6247 0.0543 0.7790
vn 0.5510 0.0428 0.8334
vn 0.6529 -0.6303 0.4201
vn 0.6571 -0.6274 0.4178
vn 0.6303 -0.6706 -0.3912
vn 0.7050 -0.6157 -0.3519
vn 0.6980 0.6584 -0.2815
vn 0.7791 0.0442 -0.6253
vn 0.6184 0.6520 0.4387
vn 0.6074 0.0247 0.7940
vn 0.6931 -0.5734 0.4368
vn 0.7856 -0.5605 -0.2621
vn 0.8853 0.3997 -0.2377
vn 0.8254 -0.0652 -0.5608
vn 0.8813 0.3722 0.2910
vn 0.8270 -0.0733 0.5574
vn 0.7650 -0.5664 0.3066
vn 0.7588 -0.5866 -0.2831
vn -0.2353 0.5145 -0.8246
vn -0.2270 0.5083 -0.8307
vn -0.6363 -0.1637 -0.7539
vn -0.7121 -0.1439 -0.6872
vn 0.5323 0.4497 -0.7172
vn 0.5495 0.5186 -0.6551
vn 0.8556 -0.1768 -0.4865
vn 0.9054 -0.1565 -0.3946
vn 0.4739 -0.8177 -0.3268
vn 0.4780 -0.8205 -0.3137
vn -0.3330 -0.8431 -0.4223
vn -0.2844 -0.8206 -0.4958
vn -0.1000 0.4396 -0.8926
vn -0.4710 -0.1795 -0.8637
vn 0.5861 0.4586 -0.6679
vn 0.8996 -0.1382 -0.4142
vn 0.5313 -0.7543 -0.3857
vn -0.1533 -0.7770 -0.6105
vn -0.0521 0.2532 -0.9660
vn -0.3963 -0.2297 -0.8889
vn 0.5022 0.2346 -0.8323
vn 0.7436 -0.2234 -0.6302
vn 0.4527 -0.7079 -0.5421
vn -0.1328 -0.7331 -0.6670
vn -0.4716 0.8463 -0.2477
vn -0.5310 0.8098 -0.2494
vn -0.0241 0.5785 -0.8153
vn -0.0445 0.5356 -0.8433
vn -0.2034 0.8738 0.4417
vn -0.2846 0.8106 0.5118
vn 0.4507 0.6134 0.6485
vn 0.4457 0.5735 0.6874
vn 0.9489 0.2838 0.1383
vn 0.9280 0.3474 0.1344
vn 0.7140 0.2401 -0.6577
vn 0.7078 0.3514 -0.6129
vn -0.4695 0.8708 -0.1456
vn 0.0124 0.7384 -0.6742
vn -0.2798 0.7897 0.5460
vn 0.3833 0.5862 0.7137
vn 0.8674 0.4576 0.1956
vn 0.6845 0.5286 -0.5020
vn -0.1946 0.9756 -0.1016
vn 0.1595 0.8245 -0.5430
vn -0.0549 0.8947 0.4434
vn 0.4549 0.6534 0.6051
vn 0.8623 0.4745 0.1769
vn 0.7065 0.5647 -0.4266
vn 0.0676 0.8273 -0.5576
vn 0.0370 0.8415 -0.5390
vn -0.0429 0.2302 -0.9722
vn -0.1354 0.1938 -0.9717
vn 0.6020 0.7939 -0.0852
vn 0.5428 0.8393 0.0319
vn 0.9708 0.2280 0.0751
vn 0.9624 0.2050 0.1781
vn 0.8624 -0.4423 -0.2463
vn 0.8735 -0.4130 -0.2578
vn 0.2897 -0.4951 -0.8191
vn 0.3756 -0.3960 -0.8379
vn 0.1093 0.8734 -0.4745
vn 0.0940 0.3360 -0.9372
vn 0.5296 0.8435 0.0895
vn 0.9394 0.2799 0.1978
vn 0.9294 -0.2617 -0.2601
vn 0.5046 -0.2363 -0.8304
vn 0.2204 0.7921 -0.5691
vn 0.1340 0.3105 -0.9411
vn 0.6188 0.7716 -0.1474
vn 0.9459 0.3194 -0.0566
vn 0.9080 -0.1689 -0.3833
vn 0.4947 -0.1989 -0.8460
vn 0.1177 0.8113 0.5726
vn -0.3916 0.0264 0.9198
vn 0.4554 0.8113 -0.3665
vn 0.2838 0.0264 -0.9585
vn -0.2255 -0.7585 -0.6114
vn -0.5632 -0.7585 0.3278
vn 0.0258 0.7129 0.7008
vn 0.0417 0.6904 0.7223
vn 0.6394 -0.0831 0.7644
vn 0.7012 -0.0246 0.7125
vn -0.7028 0.7112 0.0173
vn -0.6425 0.7661 -0.0175
vn -0.7570 -0.0241 -0.6530
vn -0.6934 0.0126 -0.7205
vn -0.0835 -0.7610 -0.6434
vn -0.0515 -0.7707 -0.6351
vn 0.6467 -0.7617 0.0402
vn 0.5975 -0.7946 0.1073
vn 0.0195 0.7650 0.6438
vn 0.6842 -0.0398 0.7282
vn -0.6808 0.7301 -0.0593
vn -0.7582 -0.0153 -0.6519
vn -0.1754 -0.7717 -0.6113
vn 0.5554 -0.8296 0.0564
vn 0.1139 0.7807 0.6144
vn 0.7914 0.0427 0.6098
vn -0.7144 0.6977 0.0531
vn -0.8597 -0.1062 -0.4996
vn -0.1988 -0.8379 -0.5084
vn 0.6349 -0.7712 0.0470
vn -0.3363 0.8660 0.3700
vn -0.3525 0.8713 0.3415
vn -0.6738 0.0143 0.7388
vn -0.6848 0.0010 0.7287
vn 0.3122 0.8662 -0.3902
vn 0.2749 0.8661 -0.4176
vn 0.6116 0.0012 -0.7911
vn 0.5989 0.0161 -0.8006
vn 0.2625 -0.8629 -0.4318
vn 0.2918 -0.8592 -0.4202
vn -0.3853 -0.8627 0.3276
vn -0.3530 -0.8639 0.3593
vn -0.3489 0.8333 0.4289
vn -0.7476 -0.0429 0.6627
vn 0.3959 0.8614 -0.3184
vn 0.6511 -0.0627 -0.7564
vn 0.1858 -0.8770 -0.4431
vn -0.4779 -0.8465 0.2347
vn -0.2352 0.8531 0.4658
vn -0.8155 0.0382 0.5775
vn 0.5399 0.8248 -0.1680
vn 0.7281 -0.0123 -0.6854
vn 0.1369 -0.8169 -0.5603
vn -0.6212 -0.7809 0.0664
vn 0.4895 0.8585 0.1528
vn 0.5258 0.8372 0.1505
vn 0.7801 0.0079 0.6256
vn 0.8283 0.0103 0.5601
vn -0.3636 0.8572 -0.3646
vn -0.3016 0.8411 -0.4490
vn -0.8788 0.0119 -0.4770
vn -0.8441 -0.0305 -0.5354
vn -0.5424 -0.8371 -0.0712
vn -0.5368 -0.8432 -0.0282
vn 0.3120 -0.8378 0.4482
vn 0.2604 -0.8040 0.5346
vn 0.4594 0.8828 0.0979
vn 0.8330 0.0525 0.5508
vn -0.3716 0.8449 -0.3848
vn -0.8830 0.0528 -0.4663
vn -0.6105 -0.7890 -0.0688
vn 0.2672 -0.8437 0.4656
vn 0.4911 0.8555 0.1638
vn 0.9069 -0.0250 0.4205
vn -0.4375 0.8786 -0.1913
vn -0.9549 0.0528 -0.2923
vn -0.5579 -0.8289 -0.0404
vn 0.3812 -0.8682 0.3178
vn 0.5420 0.7567 0.3656
vn 0.5114 0.7881 0.3426
vn 0.3208 0.0057 0.9471
vn 0.2360 0.0226 0.9715
vn 0.2674 0.7572 -0.5960
vn 0.1619 0.8064 -0.5688
vn -0.3118 0.0238 -0.9499
vn -0.3723 0.0874 -0.9240
vn -0.6163 -0.7097 -0.3413
vn -0.5941 -0.7073 -0.3831
vn -0.3417 -0.7081 0.6180
vn -0.2503 -0.7740 0.5816
vn 0.4321 0.7689 0.4713
vn 0.1271 0.0409 0.9910
vn 0.2803 0.7990 -0.5320
vn -0.2536 -0.0526 -0.9659
vn -0.5402 -0.7921 -0.2844
vn -0.3275 -0.6914 0.6440
vn 0.3914 0.8348 0.3871
vn -0.1106 0.2066 0.9722
vn 0.4509 0.6522 -0.6094
vn 0.0040 -0.1506 -0.9886
vn -0.5053 -0.7749 -0.3799
vn -0.5487 -0.5766 0.6053
vn 0.4689 0.8514 0.2349
vn 0.6688 0.0162 0.7432
vn -0.2426 0.8514 -0.4650
vn -0.7542 0.0162 -0.6565
vn -0.5542 -0.8191 -0.1482
vn 0.1573 -0.8191 0.5517
vn 0.5068 0.7997 0.3219
vn 0.5204 0.8092 0.2727
vn 0.9994 -0.0333 0.0049
vn 1.0000 -0.0060 -0.0066
vn -0.4921 0.7995 0.3445
vn -0.4985 0.8208 0.2790
vn -0.9992 -0.0058 0.0387
vn -0.9997 -0.0201 0.0142
vn -0.5066 -0.8119 -0.2900
vn -0.4915 -0.8357 -0.2450
vn 0.4929 -0.8120 -0.3126
vn 0.4885 -0.8367 -0.2478
vn 0.4704 0.8014 0.3694
vn 0.9982 0.0598 -0.0006
vn -0.4792 0.7764 0.4094
vn -0.9949 0.0330 0.0954
vn -0.5536 -0.7764 -0.3014
vn 0.5034 -0.7843 -0.3627
vn 0.5154 0.7093 0.4809
vn 0.9961 0.0285 -0.0830
vn -0.4673 0.6625 0.5855
vn -0.9891 -0.0564 0.1361
vn -0.5146 -0.7414 -0.4306
vn 0.4755 -0.6960 -0.5380
vn 0.4901 0.8406 0.2308
vn 0.9975 -0.0057 0.0711
vn -0.5086 0.8406 0.1863
vn -0.9998 -0.0058 -0.0178
vn -0.4924 -0.8521 -0.1774
vn 0.5063 -0.8521 -0.1330
vn 0.5711 0.7731 -0.2760
vn 0.5654 0.7810 -0.2651
vn 0.4374 0.0098 -0.8992
vn 0.4708 -0.0149 -0.8821
vn 0.1288 0.7735 0.6206
vn 0.1576 0.7517 0.6404
vn -0.4137 -0.0146 0.9103
vn -0.3741 -0.0280 0.9270
vn -0.5136 -0.8026 0.3033
vn -0.5123 -0.7978 0.3177
vn -0.0712 -0.8022 -0.5928
vn -0.1092 -0.7902 -0.6031
vn 0.5340 0.8015 -0.2690
vn 0.3266 0.0612 -0.9432
vn 0.2358 0.6978 0.6764
vn -0.2495 -0.0989 0.9633
vn -0.4601 -0.8205 0.3393
vn -0.1833 -0.7643 -0.6182
vn 0.5045 0.8081 -0.3041
vn 0.2511 0.0989 -0.9629
vn 0.2991 0.6827 0.6667
vn -0.1563 -0.1455 0.9769
vn -0.4093 -0.8528 0.3244
vn -0.2066 -0.7332 -0.6479
vn 0.4929 0.8491 -0.1897
vn 0.7980 -0.0074 -0.6026
vn -0.2709 0.8491 0.4534
vn -0.7298 -0.0074 0.6837
vn -0.4247 -0.8639 0.2708
vn 0.3392 -0.8639 -0.3724
vn 0.4754 0.8310 0.2888
vn 0.4852 0.8228 0.2960
vn 0.9837 -0.0263 0.1778
vn 0.9898 -0.0125 0.1422
vn -0.5191 0.8304 0.2025
vn -0.5101 0.8421 0.1752
vn -0.9995 -0.0124 -0.0301
vn -0.9977 -0.0082 -0.0674
vn -0.4863 -0.8557 -0.1767
vn -0.4744 -0.8610 -0.1835
vn 0.5086 -0.8562 -0.0906
vn 0.5111 -0.8575 -0.0587
vn 0.4216 0.8308 0.3634
vn 0.9931 0.0418 0.1099
vn -0.5360 0.7793 0.3247
vn -0.9987 -0.0038 0.0510
vn -0.5316 -0.8198 -0.2132
vn 0.5023 -0.8416 -0.1984
vn 0.4764 0.7783 0.4091
vn 0.9988 0.0397 -0.0298
vn -0.5053 0.6981 0.5073
vn -0.9783 -0.0969 0.1832
vn -0.4758 -0.8420 -0.2544
vn 0.5201 -0.7731 -0.3631
vn 0.2784 0.8014 -0.5295
vn 0.2742 0.7784 -0.5648
vn 0.9085 0.0178 -0.4175
vn 0.9006 0.0267 -0.4339
vn -0.5962 0.8012 -0.0505
vn -0.6248 0.7764 -0.0829
vn -0.8506 0.0269 0.5251
vn -0.8502 0.0100 0.5263
vn -0.2290 -0.7489 0.6218
vn -0.1997 -0.7325 0.6508
vn 0.6471 -0.7490 0.1421
vn 0.6690 -0.7211 0.1803
vn 0.1247 0.7966 -0.5915
vn 0.7087 -0.0898 -0.6998
vn -0.4876 0.8646 0.1216
vn -0.6248 0.2197 0.7492
vn -0.1906 -0.5919 0.7832
vn 0.4990 -0.8598 0.1080
vn 0.1578 0.6955 -0.7010
vn 0.4139 -0.2720 -0.8688
vn -0.1915 0.9574 0.2161
vn -0.2733 0.3166 0.9083
vn -0.0222 -0.6274 0.7784
vn 0.3295 -0.9340 -0.1382
vn 0.4857 0.8644 -0.1303
vn 0.9508 0.0014 -0.3098
vn -0.4334 0.8644 0.2550
vn -0.8875 0.0013 0.4608
vn -0.4224 -0.8616 0.2814
vn 0.4968 -0.8616 -0.1039
vn 0.3756 0.4704 -0.7985
vn 0.9894 0.0359 -0.1407
vn -0.6104 0.4704 -0.6373
vn -0.9827 0.0359 0.1818
vn -0.3689 -0.3987 0.8396
vn 0.6171 -0.3986 0.6784
vn -0.0322 0.8499 0.5260
vn -0.4105 0.0093 0.9118
vn 0.3429 0.8499 -0.4001
vn 0.3399 0.0093 -0.9404
vn -0.0384 -0.8312 -0.5546
vn -0.4136 -0.8312 0.3715
vn 0.2682 0.7556 0.5976
vn 0.2613 0.7996 0.5406
vn -0.1321 -0.0241 0.9909
vn -0.2996 0.0117 0.9540
vn 0.5436 0.7557 -0.3653
vn 0.3603 0.8356 -0.4147
vn 0.2527 0.0154 -0.9674
vn 0.1049 0.1269 -0.9864
vn -0.3154 -0.7285 -0.6081
vn -0.2797 -0.6997 -0.6574
vn -0.5896 -0.7263 0.3534
vn -0.4247 -0.8325 0.3557
vn 0.2139 0.7735 0.5966
vn 0.0126 -0.1316 0.9912
vn 0.1640 0.9051 -0.3924
vn -0.0820 0.1572 -0.9842
vn -0.2853 -0.7472 -0.6003
vn -0.2359 -0.8884 0.3939
vn -0.9396 0.2951 -0.1733
vn -0.9245 0.3634 -0.1152
vn -0.4654 -0.1298 -0.8756
vn -0.3485 0.0254 -0.9370
vn -0.5778 0.2953 0.7609
vn -0.4772 0.5169 0.7107
vn 0.3670 0.0272 0.9298
vn 0.3992 0.2349 0.8863
vn 0.9562 -0.2429 0.1632
vn 0.9390 -0.2418 0.2445
vn 0.5930 -0.2414 -0.7682
vn 0.5490 -0.4653 -0.6944
vn -0.9054 0.3690 -0.2099
vn -0.4858 -0.3283 -0.8101
vn -0.3964 0.7145 0.5764
vn 0.5066 0.3860 0.7709
vn 0.9347 -0.3068 0.1794
vn 0.4285 -0.6626 -0.6143
vn -0.3679 0.8529 0.3704
vn -0.8964 0.0078 0.4433
vn 0.5116 0.8529 -0.1040
vn 0.8627 0.0078 -0.5057
vn 0.3343 -0.8372 -0.4328
vn -0.5453 -0.8372 0.0416
vn 0.5155 0.8163 0.2606
vn 0.5174 0.0133 0.8556
vn -0.0297 0.8163 -0.5769
vn -0.5730 0.0133 -0.8195
vn -0.5711 -0.7896 -0.2245
vn -0.0260 -0.7896 0.6131
vn 0.4882 0.7898 -0.3713
vn 0.9998 0.0071 -0.0173
vn -0.5112 0.7898 -0.3390
vn -0.9989 0.0070 0.0474
vn -0.4872 -0.7756 0.4014
vn 0.5121 -0.7756 0.3691
vn 0.6701 0.6319 0.3895
vn 0.5976 0.7149 0.3630
vn 0.2734 -0.0099 0.9618
vn 0.1624 0.0065 0.9867
vn 0.4975 0.6316 -0.5946
vn 0.3423 0.7570 -0.5567
vn -0.1797 0.0090 -0.9837
vn -0.2350 0.1162 -0.9650
vn -0.6869 -0.6161 -0.3855
vn -0.6129 -0.6455 -0.4558
vn -0.5142 -0.6152 0.5976
vn -0.3664 -0.7429 0.5602
vn 0.5135 0.7390 0.4360
vn 0.3252 -0.1136 0.9388
vn 0.1741 0.8530 -0.4919
vn -0.3509 0.1304 -0.9273
vn -0.5414 -0.7237 -0.4280
vn -0.2013 -0.8404 0.5033
vn 0.3066 0.8615 0.4047
vn 0.2864 0.8239 0.4890
vn 0.5572 -0.0281 0.8299
vn 0.7206 -0.0020 0.6933
vn -0.4252 0.8602 -0.2816
vn -0.2829 0.8992 -0.3338
vn -0.7382 0.0002 -0.6746
vn -0.5769 -0.0044 -0.8168
vn -0.3249 -0.8628 -0.3873
vn -0.2401 -0.8924 -0.3820
vn 0.4071 -0.8630 0.2993
vn 0.3124 -0.8503 0.4234
vn 0.1196 0.8597 0.4965
vn 0.3745 0.0073 0.9272
vn -0.2612 0.8769 -0.4035
vn -0.4051 0.0508 -0.9128
vn -0.1606 -0.8426 -0.5140
vn 0.2417 -0.8676 0.4345
vn 0.0545 0.8391 0.5412
vn 0.3870 -0.0247 0.9217
vn -0.3470 0.8613 -0.3712
vn -0.4185 0.0211 -0.9080
vn -0.0862 -0.8443 -0.5289
vn 0.3163 -0.8668 0.3854
vn 0.5380 0.8409 0.0591
vn 0.4545 0.8829 0.1178
vn 0.9264 0.0406 0.3743
vn 0.8682 0.0004 0.4962
vn -0.3363 0.8402 -0.4253
vn -0.4336 0.8717 -0.2282
vn -0.8802 0.0048 -0.4746
vn -0.9321 0.0747 -0.3544
vn -0.5487 -0.8352 -0.0371
vn -0.5670 -0.8125 -0.1356
vn 0.3246 -0.8336 0.4468
vn 0.4078 -0.8781 0.2505
vn 0.4725 0.8526 0.2232
vn 0.9671 -0.0266 0.2529
vn -0.4943 0.8692 -0.0134
vn -0.9752 0.0276 -0.2195
vn -0.4851 -0.8533 -0.1909
vn 0.4856 -0.8730 0.0456
vn -0.4589 0.6788 -0.5733
vn -0.4902 0.6730 -0.5539
vn 0.0868 -0.0409 -0.9954
vn 0.1546 0.0072 -0.9880
vn -0.6046 0.6789 0.4165
vn -0.5545 0.7076 0.4380
vn -0.1367 0.0074 0.9906
vn -0.0712 0.0653 0.9953
vn 0.4769 -0.6643 0.5755
vn 0.4921 -0.6331 0.5975
vn 0.6224 -0.6641 -0.4143
vn 0.5862 -0.7055 -0.3983
vn -0.5024 0.6444 -0.5765
vn 0.0236 -0.0964 -0.9951
vn -0.5126 0.7494 0.4190
vn 0.0014 0.1155 0.9933
vn 0.5270 -0.6245 0.5763
vn 0.5384 -0.7310 -0.4193
vn 0.3145 0.7903 0.5259
vn 0.3466 0.8165 0.4617
vn 0.1371 -0.0502 0.9893
vn -0.0890 0.0045 0.9960
vn 0.3868 0.7901 -0.4754
vn 0.1938 0.8516 -0.4870
vn 0.0579 0.0090 -0.9983
vn -0.1459 0.1227 -0.9817
vn -0.3452 -0.7773 -0.5259
vn -0.3704 -0.7199 -0.5870
vn -0.4172 -0.7751 0.4746
vn -0.2522 -0.8779 0.4071
vn 0.6113 0.6413 0.4638
vn 0.3232 -0.2599 0.9099
vn 0.1785 0.8315 -0.5260
vn -0.4433 0.1206 -0.8882
vn -0.6350 -0.6655 -0.3923
vn -0.2770 -0.8480 0.4519
vn 0.7995 0.5115 0.3149
vn 0.3994 -0.2088 0.8927
vn 0.3915 0.7321 -0.5575
vn -0.4316 0.2318 -0.8718
vn -0.8240 -0.4848 -0.2932
vn -0.4206 -0.7041 0.5722
vn 0.1058 0.7516 0.6511
vn 0.0929 0.7632 0.6394
vn -0.5326 0.0148 0.8462
vn -0.5341 0.0083 0.8454
vn 0.6280 0.7516 -0.2016
vn 0.6111 0.7635 -0.2088
vn 0.5103 0.0083 -0.8600
vn 0.5101 0.0159 -0.8600
vn -0.1296 -0.7350 -0.6656
vn -0.1162 -0.7411 -0.6612
vn -0.6518 -0.7350 0.1870
vn -0.6408 -0.7420 0.1969
vn 0.0749 0.7714 0.6319
vn -0.5368 0.0096 0.8437
vn 0.5952 0.7725 -0.2213
vn 0.5042 0.0118 -0.8635
vn -0.1075 -0.7504 -0.6522
vn -0.6281 -0.7516 0.2016
vn 0.0952 0.8202 0.5641
vn -0.3535 0.0075 0.9354
vn 0.4293 0.8202 -0.3781
vn 0.3148 0.0076 -0.9491
vn -0.1338 -0.8051 -0.5779
vn -0.4680 -0.8051 0.3644
vn 0.4992 0.8655 0.0416
vn 0.4684 0.8826 0.0398
vn 0.9993 0.0198 -0.0318
vn 0.9976 -0.0009 0.0696
vn -0.5004 0.8658 -0.0065
vn -0.5126 0.8537 0.0915
vn -0.9996 0.0004 -0.0266
vn -0.9970 0.0134 0.0761
vn -0.4999 -0.8661 0.0013
vn -0.5304 -0.8477 0.0081
vn 0.4990 -0.8652 0.0495
vn 0.4807 -0.8756 -0.0481
vn 0.5104 0.8597 -0.0217
vn 0.9929 -0.0178 -0.1172
vn -0.5010 0.8568 0.1223
vn -0.9859 -0.0311 0.1647
vn -0.4760 -0.8770 0.0664
vn 0.4946 -0.8661 -0.0718
vn 0.4898 0.8688 -0.0724
vn 0.9953 0.0053 -0.0967
vn -0.5024 0.8631 0.0524
vn -0.9882 -0.0059 0.1530
vn -0.4809 -0.8674 0.1283
vn 0.5086 -0.8610 0.0037
vn -0.8946 0.3292 0.3021
vn -0.7759 0.5978 0.2014
vn -0.7416 0.1954 -0.6418
vn -0.7725 0.0127 -0.6349
vn -0.1247 0.3296 0.9359
vn -0.1274 0.4860 0.8646
vn 0.7793 0.0093 0.6265
vn 0.6691 -0.0755 0.7393
vn 0.9005 -0.3058 -0.3092
vn 0.7858 -0.5801 -0.2145
vn 0.1323 -0.3072 -0.9424
vn -0.0102 -0.3935 -0.9193
vn -0.7016 0.7007 0.1295
vn -0.6033 0.2108 -0.7691
vn -0.0274 0.4452 0.8950
vn 0.6706 -0.2672 0.6920
vn 0.7054 -0.6872 -0.1736
vn 0.1031 -0.4670 -0.8782
vn -0.7933 0.5739 0.2032
vn -0.6500 0.2260 -0.7255
vn -0.1379 0.3614 0.9221
vn 0.6682 -0.2029 0.7158
vn 0.8086 -0.5491 -0.2114
vn 0.1560 -0.3376 -0.9283
vn -0.0116 0.4100 0.9120
vn -0.0222 0.5404 0.8411
vn -0.8067 0.0098 0.5908
vn -0.8476 0.0098 0.5305
vn 0.8307 0.4099 0.3766
vn 0.7631 0.5711 0.3027
vn 0.8412 0.0106 -0.5406
vn 0.8472 0.0864 -0.5242
vn 0.0049 -0.3892 -0.9211
vn 0.0930 -0.4890 -0.8673
vn -0.8364 -0.3889 -0.3862
vn -0.7908 -0.5403 -0.2877
vn -0.1157 0.6308 0.7672
vn -0.8163 -0.0640 0.5740
vn 0.6860 0.7028 0.1882
vn 0.8030 0.0872 -0.5895
vn 0.1038 -0.6097 -0.7858
vn -0.7012 -0.6828 -0.2049
vn 0.8265 0.5577 -0.0771
vn 0.8592 0.5085 -0.0571
vn 0.5971 0.0818 0.7980
vn 0.6540 0.0300 0.7559
vn 0.1556 0.5572 -0.8157
vn 0.2215 0.4528 -0.8637
vn -0.6867 0.0316 -0.7262
vn -0.6739 -0.0540 -0.7368
vn -0.8614 -0.4969 0.1053
vn -0.8738 -0.4609 0.1550
vn -0.1903 -0.4970 0.8466
vn -0.2447 -0.3853 0.8897
vn 0.8429 0.5267 -0.1097
vn 0.5913 0.1833 0.7853
vn 0.2546 0.3921 -0.8840
vn -0.6044 -0.0891 -0.7917
vn -0.8868 -0.4497 0.1068
vn -0.2771 -0.3108 0.9092
vn 0.8127 0.5764 -0.0848
vn 0.5759 0.1758 0.7984
vn 0.2153 0.4428 -0.8704
vn -0.6222 -0.0920 -0.7775
vn -0.8624 -0.4950 0.1059
vn -0.2626 -0.3610 0.8948
vn 0.3512 0.8457 -0.4018
vn 0.8938 0.0075 -0.4483
vn -0.5289 0.8456 0.0720
vn -0.8664 0.0075 0.4993
vn -0.3238 -0.8307 0.4528
vn 0.5563 -0.8307 -0.0210
vn -0.4197 0.8092 0.4112
vn -0.3878 0.8519 0.3521
vn -0.9419 0.0098 0.3357
vn -0.9796 0.0054 0.2008
vn 0.5561 0.8090 0.1904
vn 0.5110 0.8595 0.0104
vn 0.9711 0.0088 -0.2386
vn 0.9292 0.0881 -0.3590
vn 0.4095 -0.7946 -0.4482
vn 0.4717 -0.7760 -0.4187
vn -0.5651 -0.7931 -0.2275
vn -0.5010 -0.8626 -0.0697
vn -0.4580 0.8316 0.3142
vn -0.8921 -0.0670 0.4469
vn 0.4185 0.8945 -0.1572
vn 0.8644 0.0789 -0.4966
vn 0.4365 -0.8210 -0.3679
vn -0.4441 -0.8897 0.1061
vn -0.5558 0.8172 -0.1527
vn -0.6847 0.0104 -0.7287
vn 0.1480 0.8171 0.5571
vn 0.7228 0.0105 0.6909
vn 0.5939 -0.7963 0.1149
vn -0.1098 -0.7963 -0.5949
vn 0.7538 0.6335 0.1746
vn 0.4086 0.0567 0.9110
vn 0.2999 0.6335 -0.7133
vn 0.3000 0.6335 -0.7133
vn -0.4992 0.0567 -0.8647
vn -0.8444 -0.5202 -0.1282
vn -0.8444 -0.5201 -0.1282
vn -0.3905 -0.5201 0.7596
vn 0.4635 0.8650 -0.1920
vn 0.4776 0.8655 -0.1507
vn 0.8968 0.0133 -0.4422
vn 0.8951 -0.0007 -0.4459
vn -0.4249 0.8650 0.2668
vn -0.3993 0.8653 0.3031
vn -0.8818 -0.0007 0.4716
vn -0.8789 0.0132 0.4768
vn -0.4501 -0.8661 0.2177
vn -0.4722 -0.8608 0.1899
vn 0.4381 -0.8660 -0.2410
vn 0.4274 -0.8610 -0.2757
vn 0.5026 0.8568 -0.1153
vn 0.8977 -0.0019 -0.4405
vn -0.3840 0.8567 0.3445
vn -0.8772 -0.0021 0.4801
vn -0.4827 -0.8619 0.1550
vn 0.4050 -0.8618 -0.3054
vn -0.6814 0.6372 0.3601
vn -0.9231 0.0152 -0.3844
vn 0.2475 0.6372 0.7299
vn 0.9347 0.0152 0.3552
vn 0.6930 -0.6068 -0.3892
vn -0.2358 -0.6068 -0.7590
vn -0.1969 0.8645 -0.4625
vn -0.4675 -0.0008 -0.8840
vn 0.2890 0.8645 0.4113
vn 0.5042 -0.0008 0.8636
vn 0.2335 -0.8660 0.4421
vn -0.2523 -0.8660 -0.4317
vn -0.9071 0.1791 -0.3809
vn -0.8876 0.2765 -0.3685
vn -0.1643 0.0247 -0.9861
vn -0.1315 0.0143 -0.9912
vn -0.7724 0.1791 0.6094
vn -0.7553 0.2790 0.5930
vn 0.1380 0.0143 0.9903
vn 0.1067 0.0305 0.9938
vn 0.9128 -0.1502 0.3797
vn 0.8845 -0.2371 0.4019
vn 0.7782 -0.1502 -0.6098
vn 0.7453 -0.2403 -0.6219
vn -0.8457 0.3664 -0.3881
vn -0.1298 0.0138 -0.9914
vn -0.7096 0.3720 0.5984
vn 0.1431 0.0253 0.9894
vn 0.8615 -0.3284 0.3873
vn 0.7250 -0.3341 -0.6022
vn 0.5473 0.8369 0.0057
vn 0.5383 0.8283 0.1554
vn 0.8170 0.1726 -0.5502
vn 0.9200 -0.0110 -0.3918
vn -0.3683 0.8346 0.4096
vn -0.2070 0.6899 0.6937
vn -0.9082 0.0015 0.4185
vn -0.7613 -0.0428 0.6470
vn -0.5333 -0.8457 0.0198
vn -0.6427 -0.7654 0.0331
vn 0.3812 -0.8418 -0.3822
vn 0.1774 -0.7383 -0.6507
vn 0.6595 0.7389 0.1379
vn 0.6329 0.2185 -0.7428
vn 0.0312 0.4909 0.8706
vn -0.6031 -0.2379 0.7614
vn -0.6360 -0.7633 -0.1133
vn -0.0076 -0.5170 -0.8559
vn 0.5033 0.7648 0.4023
vn 0.9999 -0.0091 0.0099
vn -0.4965 0.7648 0.4105
vn -0.9996 -0.0092 0.0263
vn -0.9996 -0.0091 0.0263
vn -0.5029 -0.7830 -0.3660
vn 0.4968 -0.7830 -0.3742
vn 0.6586 0.7172 -0.2278
vn 0.6047 0.7936 -0.0671
vn 0.7821 0.1587 0.6026
vn 0.9022 0.0106 0.4312
vn -0.2541 0.7169 -0.6493
vn -0.1464 0.7166 -0.6819
vn -0.9139 0.0084 -0.4058
vn -0.7935 -0.1142 -0.5978
vn -0.6713 -0.6973 0.2513
vn -0.5509 -0.8143 0.1827
vn 0.2405 -0.6990 0.6735
vn 0.2520 -0.6157 0.7466
vn 0.2519 0.9587 0.1321
vn 0.4194 0.3650 0.8312
vn -0.1592 0.7055 -0.6905
vn -0.4468 -0.2568 -0.8570
vn -0.2615 -0.9635 -0.0567
vn 0.1949 -0.5695 0.7986
vn 0.0033 0.9805 0.1967
vn 0.2098 0.3434 0.9154
vn -0.2299 0.6545 -0.7203
vn -0.2512 -0.3394 -0.9065
vn -0.0428 -0.9822 -0.1830
vn 0.1895 -0.6490 0.7368
vn 0.5847 0.4927 -0.6445
vn 0.5482 0.5287 -0.6480
vn 0.9974 -0.0573 0.0437
vn 0.9909 0.0127 0.1340
vn -0.4082 0.4927 -0.7685
vn -0.4224 0.5993 -0.6800
vn -0.9932 0.0137 -0.1156
vn -0.9902 0.1232 -0.0654
vn -0.5858 -0.4662 0.6629
vn -0.6220 -0.4630 0.6315
vn 0.4064 -0.4656 0.7861
vn 0.3921 -0.5784 0.7154
vn 0.5875 0.5293 -0.6121
vn 0.9867 -0.1627 -0.0048
vn -0.3962 0.7039 -0.5895
vn -0.9803 0.1946 0.0328
vn -0.5852 -0.4969 0.6408
vn 0.4007 -0.6744 0.6201
vn 0.5374 0.8433 0.0082
vn 0.9162 0.0054 0.4008
vn -0.3867 0.8433 -0.3733
vn -0.9321 0.0054 -0.3622
vn -0.5533 -0.8324 0.0303
vn 0.3708 -0.8324 0.4118
vn 0.5280 0.8211 -0.2168
vn 0.5301 0.8172 -0.2262
vn 0.6591 -0.0197 -0.7518
vn 0.6415 -0.0060 -0.7671
vn -0.0982 0.8209 0.5625
vn -0.1168 0.8321 0.5422
vn -0.6109 -0.0059 0.7917
vn -0.6318 -0.0042 0.7751
vn -0.4977 -0.8330 0.2416
vn -0.4905 -0.8389 0.2360
vn 0.1286 -0.8331 -0.5379
vn 0.1523 -0.8397 -0.5212
vn 0.6035 0.7881 -0.1214
vn 0.6888 0.0225 -0.7246
vn -0.0297 0.7984 0.6014
vn -0.6257 0.0476 0.7786
vn -0.5931 -0.7818 0.1925
vn 0.0945 -0.7977 -0.5957
vn 0.6982 0.7132 -0.0624
vn 0.6701 -0.0213 -0.7420
vn 0.0510 0.7219 0.6901
vn -0.6329 -0.0026 0.7742
vn -0.6650 -0.7407 0.0951
vn -0.0145 -0.7497 -0.6616
vn 0.4566 0.8652 0.2072
vn 0.5240 0.8487 0.0718
vn 0.8911 -0.0477 0.4513
vn 0.8572 0.0059 0.5150
vn -0.4158 0.8666 -0.2759
vn -0.4233 0.8357 -0.3498
vn -0.8919 0.0034 -0.4522
vn -0.9282 -0.0188 -0.3715
vn -0.4916 -0.8589 -0.1436
vn -0.5556 -0.8314 -0.0097
vn 0.3834 -0.8587 0.3400
vn 0.3215 -0.8624 0.3911
vn 0.5429 0.8398 -0.0078
vn 0.9406 0.0010 0.3394
vn -0.3831 0.8713 -0.3067
vn -0.9577 0.0780 -0.2770
vn -0.6034 -0.7948 0.0649
vn 0.3704 -0.8456 0.3844
vn 0.5356 0.8415 0.0708
vn 0.9455 -0.0348 0.3239
vn -0.4180 0.8843 -0.2079
vn -0.9701 0.0551 -0.2364
vn -0.5647 -0.8251 0.0157
vn 0.3943 -0.8700 0.2961
vn 0.2904 0.8654 0.4083
vn 0.2103 0.8779 0.4302
vn 0.5291 0.0358 0.8478
vn 0.4930 0.0012 0.8700
vn -0.2333 0.8656 -0.4431
vn -0.3365 0.8662 -0.3695
vn -0.5541 0.0023 -0.8325
vn -0.5989 0.0354 -0.8001
vn -0.3506 -0.8607 -0.3693
vn -0.3107 -0.8479 -0.4295
vn 0.1721 -0.8600 0.4805
vn 0.2732 -0.8643 0.4224
vn 0.1599 0.8532 0.4965
vn 0.5678 -0.0009 0.8231
vn -0.4410 0.8478 -0.2947
vn -0.6418 -0.0048 -0.7669
vn -0.2369 -0.8634 -0.4455
vn 0.3689 -0.8608 0.3506
vn 0.2081 0.6441 -0.7361
vn 0.2393 0.6127 -0.7532
vn 0.9463 0.0904 -0.3104
vn 0.9209 0.0338 -0.3884
vn -0.6972 0.6433 -0.3164
vn -0.7232 0.5586 -0.4061
vn -0.8934 0.0358 0.4478
vn -0.9103 -0.0550 0.4102
vn -0.1835 -0.5752 0.7972
vn -0.1400 -0.5618 0.8153
vn 0.7248 -0.5757 0.3785
vn 0.7576 -0.4756 0.4471
vn 0.1382 0.5909 -0.7948
vn 0.9255 0.0781 -0.3707
vn -0.7512 0.5393 -0.3807
vn -0.9114 0.0249 0.4108
vn -0.2119 -0.4759 0.8536
vn 0.7278 -0.4768 0.4929
vn 0.1814 0.5514 -0.8142
vn 0.8931 -0.0520 -0.4468
vn -0.6892 0.6451 -0.3300
vn -0.8492 0.1469 0.5072
vn -0.1489 -0.4523 0.8794
vn 0.7285 -0.5549 0.4018
vn 0.4665 0.8491 -0.2479
vn 0.7058 -0.0051 -0.7084
vn -0.2165 0.8491 0.4819
vn -0.6601 -0.0051 0.7511
vn -0.4208 -0.8593 0.2906
vn 0.2621 -0.8593 -0.4391
vn -0.5414 0.8116 -0.2194
vn -0.4799 0.8557 -0.1938
vn -0.7286 -0.0018 -0.6850
vn -0.5861 0.0032 -0.8102
vn 0.0603 0.8112 0.5817
vn 0.2328 0.8638 0.4469
vn 0.6125 0.0083 0.7904
vn 0.7419 0.1006 0.6629
vn 0.5662 -0.8001 0.1982
vn 0.5918 -0.7640 0.2571
vn -0.0349 -0.7979 -0.6018
vn -0.1559 -0.8803 -0.4481
vn -0.5018 0.8226 -0.2675
vn -0.8329 -0.0884 -0.5464
vn 0.3478 0.9024 0.2544
vn 0.8626 0.0990 0.4961
vn 0.5401 -0.8120 0.2211
vn -0.3140 -0.8999 -0.3026
vn 0.0146 0.8602 0.5098
vn -0.0806 0.8873 0.4540
vn -0.1018 0.0513 0.9935
vn -0.2040 0.0016 0.9790
vn 0.1857 0.8601 -0.4751
vn -0.0225 0.8668 -0.4981
vn 0.1393 0.0055 -0.9902
vn 0.0188 0.0579 -0.9981
vn -0.0795 -0.8517 -0.5181
vn 0.0044 -0.8280 -0.5607
vn -0.2504 -0.8497 0.4640
vn -0.0581 -0.8721 0.4858
vn -0.1831 0.8480 0.4975
vn 0.0059 -0.0041 1.0000
vn -0.2345 0.8387 -0.4915
vn -0.1034 -0.0017 -0.9946
vn 0.0858 -0.8595 -0.5039
vn 0.1407 -0.8570 0.4958
vn 0.2515 0.7754 0.5793
vn 0.2491 0.8011 0.5442
vn -0.1723 -0.0082 0.9850
vn -0.2721 0.0145 0.9622
vn 0.4952 0.7758 -0.3911
vn 0.3811 0.8218 -0.4236
vn 0.2153 0.0158 -0.9764
vn 0.1199 0.0853 -0.9891
vn -0.3085 -0.7450 -0.5914
vn -0.2931 -0.7255 -0.6227
vn -0.5513 -0.7438 0.3780
vn -0.4558 -0.8049 0.3800
vn 0.2190 0.7859 0.5783
vn -0.0870 -0.0741 0.9935
vn 0.2609 0.8716 -0.4150
vn 0.0007 0.1100 -0.9939
vn -0.3056 -0.7497 -0.5870
vn -0.3494 -0.8424 0.4102
vn -0.3785 0.5401 -0.7517
vn -0.3105 0.6500 -0.6936
vn 0.4338 0.0514 -0.8996
vn 0.4656 0.0182 -0.8848
vn -0.8300 0.5401 0.1392
vn -0.7376 0.6548 0.1651
vn -0.4386 0.0184 0.8985
vn -0.4576 0.0644 0.8868
vn 0.4050 -0.5024 0.7639
vn 0.3103 -0.5870 0.7478
vn 0.8556 -0.5023 -0.1253
vn 0.7803 -0.5962 -0.1892
vn -0.1950 0.7281 -0.6572
vn 0.4654 0.0119 -0.8850
vn -0.6310 0.7402 0.2323
vn -0.4149 0.0377 0.9091
vn 0.2465 -0.6840 0.6866
vn 0.6860 -0.6967 -0.2098
vn -0.2952 0.8539 0.4287
vn -0.7964 0.0074 0.6048
vn 0.4792 0.8539 -0.2032
vn 0.7522 0.0074 -0.6589
vn 0.2509 -0.8390 -0.4829
vn -0.5234 -0.8390 0.1490
vn 0.5552 0.7934 -0.2495
vn 0.5389 0.8096 -0.2329
vn 0.9817 0.0148 0.1897
vn 0.9762 0.0160 0.2165
vn -0.4274 0.7936 -0.4329
vn -0.4397 0.8161 -0.3751
vn -0.9885 0.0162 -0.1502
vn -0.9932 0.0475 -0.1061
vn -0.5666 -0.7610 0.3159
vn -0.5795 -0.7518 0.3144
vn 0.4155 -0.7606 0.4989
vn 0.4165 -0.7791 0.4685
vn 0.5495 0.8101 -0.2045
vn 0.9853 -0.0067 0.1709
vn -0.4404 0.8408 -0.3147
vn -0.9969 0.0590 -0.0512
vn -0.5655 -0.7584 0.3240
vn 0.4270 -0.7924 0.4356
vn 0.4692 0.7716 0.4296
vn 0.1397 0.0123 0.9901
vn 0.1397 0.0122 0.9901
vn 0.3073 0.7716 -0.5569
vn -0.1839 0.0123 -0.9829
vn -0.5133 -0.7471 -0.4223
vn -0.3515 -0.7471 0.5642
vn -0.4983 0.8636 0.0767
vn -1.0000 0.0026 -0.0032
vn 0.5012 0.8636 0.0552
vn 0.9989 0.0026 -0.0463
vn 0.4972 -0.8584 -0.1263
vn -0.5023 -0.8583 -0.1047
vn -0.4006 0.8169 0.4150
vn -0.2652 -0.0075 0.9642
vn -0.2652 -0.0074 0.9642
vn -0.1580 0.8168 -0.5548
vn 0.2202 -0.0074 -0.9754
vn 0.2202 -0.0075 -0.9754
vn 0.3556 -0.8318 -0.4263
vn 0.1129 -0.8318 0.5435
vn 0.3376 0.8626 0.3767
vn 0.3630 0.8503 0.3810
vn 0.4953 -0.0071 0.8687
vn 0.5328 0.0012 0.8462
vn -0.2050 0.8624 -0.4629
vn -0.1503 0.8562 -0.4942
vn -0.5525 0.0017 -0.8335
vn -0.5196 -0.0202 -0.8542
vn -0.3576 -0.8599 -0.3643
vn -0.3685 -0.8660 -0.3381
vn 0.1851 -0.8599 0.4757
vn 0.1341 -0.8486 0.5118
vn 0.4072 0.8696 0.2793
vn 0.5994 -0.0097 0.8004
vn -0.2043 0.8415 -0.5002
vn -0.6211 0.0241 -0.7834
vn -0.4744 -0.8147 -0.3334
vn 0.1270 -0.8780 0.4615
vn 0.4828 0.8321 0.2730
vn 0.7211 -0.0438 0.6915
vn -0.2542 0.8765 -0.4089
vn -0.7446 0.0501 -0.6657
vn -0.5089 -0.8239 -0.2495
vn 0.2278 -0.8722 0.4329
vn -0.8836 0.3385 0.3234
vn -0.8681 0.3675 0.3336
vn -0.8110 -0.0298 -0.5842
vn -0.7866 0.0123 -0.6173
vn -0.0934 0.3385 0.9363
vn -0.0732 0.4123 0.9081
vn 0.7932 0.0126 0.6088
vn 0.7946 0.0719 0.6028
vn 0.8896 -0.3136 -0.3321
vn 0.8952 -0.3297 -0.2999
vn 0.0995 -0.3134 -0.9444
vn 0.0894 -0.3896 -0.9166
vn -0.9011 0.1778 0.3954
vn -0.7831 -0.2187 -0.5821
vn -0.0078 0.3916 0.9201
vn 0.8551 0.2111 0.4735
vn 0.9031 -0.1452 -0.4041
vn 0.1378 -0.3568 -0.9240
vn -0.8828 -0.0399 0.4681
vn -0.8152 -0.3103 -0.4891
vn -0.0760 0.2893 0.9542
vn 0.8100 0.3467 0.4730
vn 0.8746 0.0764 -0.4788
vn 0.0736 -0.2507 -0.9653
vn -0.6936 0.7113 -0.1138
vn -0.5749 0.0118 -0.8182
vn -0.1058 0.7113 0.6949
vn 0.6010 0.0118 0.7992
vn 0.7197 -0.6877 0.0948
vn 0.1318 -0.6878 -0.7139
vn -0.3073 0.8659 0.3946
vn -0.2885 0.8711 0.3973
vn -0.6095 -0.0000 0.7928
vn -0.6381 0.0007 0.7700
vn 0.3119 0.8662 -0.3904
vn 0.2997 0.8625 -0.4078
vn 0.6002 0.0007 -0.7998
vn 0.5705 0.0038 -0.8213
vn 0.2692 -0.8647 -0.4241
vn 0.2607 -0.8588 -0.4410
vn -0.3500 -0.8644 0.3609
vn -0.3292 -0.8707 0.3654
vn -0.1877 0.8305 0.5244
vn -0.6114 -0.0531 0.7895
vn 0.4260 0.8395 -0.3372
vn 0.5434 -0.0517 -0.8379
vn 0.0974 -0.8543 -0.5105
vn -0.4531 -0.8505 0.2671
vn -0.0485 0.8125 0.5810
vn -0.6245 0.0126 0.7809
vn 0.5472 0.8080 -0.2186
vn 0.5701 0.0057 -0.8216
vn -0.0063 -0.7881 -0.6155
vn -0.5964 -0.7828 0.1776
vn 0.4507 0.5389 0.7117
vn 0.4243 0.5415 0.7258
vn -0.4361 0.0945 0.8949
vn -0.3855 0.0323 0.9222
vn 0.8136 0.5385 -0.2194
vn 0.8541 0.4864 -0.1841
vn 0.3425 0.0331 -0.9389
vn 0.3781 -0.0422 -0.9248
vn -0.4926 -0.4735 -0.7302
vn -0.5071 -0.4882 -0.7103
vn -0.8572 -0.4740 0.2011
vn -0.8918 -0.4085 0.1946
vn 0.3935 0.6602 0.6398
vn -0.4322 0.1925 0.8810
vn 0.8158 0.5370 -0.2147
vn 0.4493 -0.0585 -0.8914
vn -0.4034 -0.5757 -0.7112
vn -0.8680 -0.4473 0.2156
vn 0.2948 0.7427 0.6012
vn -0.4659 0.1540 0.8714
vn 0.7233 0.6299 -0.2828
vn 0.4012 -0.0714 -0.9132
vn -0.3617 -0.6680 -0.6504
vn -0.7955 -0.5550 0.2432
vn -0.4603 0.8038 0.3768
vn -0.4431 0.8160 0.3712
vn -0.9880 -0.0035 0.1542
vn -0.9948 0.0046 0.1017
vn 0.5334 0.8038 0.2633
vn 0.5320 0.8222 0.2027
vn 0.9921 0.0049 -0.1253
vn 0.9837 0.0367 -0.1760
vn 0.4572 -0.7942 -0.4004
vn 0.4752 -0.7838 -0.3998
vn -0.5362 -0.7939 -0.2867
vn -0.5208 -0.8196 -0.2389
vn -0.4632 0.8079 0.3642
vn -0.9795 -0.0331 0.1988
vn 0.5119 0.8464 0.1470
vn 0.9709 0.0466 -0.2348
vn 0.4564 -0.7945 -0.4007
vn -0.5197 -0.8344 -0.1837
vn -0.2475 0.7878 -0.5641
vn -0.2475 0.7877 -0.5641
vn 0.2260 0.0084 -0.9741
vn -0.4565 0.7878 0.4136
vn -0.1921 0.0084 0.9813
vn 0.2813 -0.7710 0.5714
vn 0.4904 -0.7709 -0.4064
vn 0.1665 0.7766 -0.6076
vn 0.2413 0.7484 -0.6178
vn -0.3709 0.0344 -0.9280
vn -0.3670 -0.0062 -0.9302
vn 0.5440 0.7765 0.3179
vn 0.6248 0.7301 0.2768
vn 0.3885 -0.0057 0.9214
vn 0.4231 0.0084 0.9061
vn -0.1450 -0.7881 0.5982
vn -0.1931 -0.7421 0.6419
vn -0.5220 -0.7879 -0.3266
vn -0.6063 -0.7354 -0.3027
vn 0.2672 0.6708 -0.6918
vn -0.3110 -0.0739 -0.9475
vn 0.6049 0.7511 0.2644
vn 0.3129 0.0168 0.9496
vn -0.2922 -0.7329 0.6144
vn -0.5803 -0.7494 -0.3188
vn 0.2985 0.6919 -0.6574
vn -0.1843 -0.1255 -0.9748
vn 0.4984 0.8062 0.3188
vn 0.2164 0.1060 0.9705
vn -0.2669 -0.7120 0.6494
vn -0.4653 -0.8231 -0.3256
vn -0.4923 0.8011 -0.3406
vn -0.4854 0.7929 -0.3685
vn -0.2741 0.0359 -0.9610
vn -0.3509 0.0101 -0.9364
vn -0.1197 0.8004 0.5874
vn -0.1920 0.7788 0.5971
vn 0.3931 0.0108 0.9194
vn 0.3272 -0.0360 0.9443
vn 0.5348 -0.7801 0.3249
vn 0.5251 -0.7958 0.3018
vn 0.1626 -0.7804 -0.6038
vn 0.2187 -0.7401 -0.6360
vn -0.4669 0.8266 -0.3140
vn -0.2906 0.0615 -0.9549
vn -0.1530 0.7727 0.6161
vn 0.3284 -0.0030 0.9445
vn 0.5243 -0.7708 0.3619
vn 0.2213 -0.7638 -0.6063
vn -0.4639 0.8142 -0.3490
vn -0.3622 0.0059 -0.9321
vn -0.0708 0.8189 0.5696
vn 0.4214 0.0232 0.9066
vn 0.5254 -0.7850 0.3281
vn 0.1326 -0.7939 -0.5934
vn -0.8153 0.5752 0.0667
vn -0.6552 0.0292 -0.7549
vn -0.1425 0.5752 0.8055
vn 0.6903 0.0292 0.7229
vn 0.8504 -0.5168 -0.0986
vn 0.8504 -0.5168 -0.0987
vn 0.1777 -0.5167 -0.8375
vn 0.1777 -0.5168 -0.8375
vn 0.9255 0.3771 -0.0359
vn 0.8830 0.4680 -0.0364
vn 0.6079 0.0050 0.7940
vn 0.5624 0.0210 0.8266
vn 0.3541 0.3772 -0.8558
vn 0.3053 0.5026 -0.8088
vn -0.5797 0.0214 -0.8146
vn -0.5718 0.0885 -0.8156
vn -0.9412 -0.3342 0.0484
vn -0.9173 -0.3982 -0.0097
vn -0.3704 -0.3339 0.8668
vn -0.3152 -0.4503 0.8354
vn 0.8441 0.5354 0.0301
vn 0.5961 -0.0552 0.8010
vn 0.2359 0.6160 -0.7516
vn -0.6230 0.1116 -0.7742
vn -0.8766 -0.4813 -0.0053
vn -0.2659 -0.5641 0.7817
vn -0.8483 0.4366 -0.2995
vn -0.7763 0.5647 -0.2801
vn -0.3342 -0.0145 -0.9424
vn -0.2373 0.0096 -0.9714
vn -0.6029 0.4364 0.6679
vn -0.4819 0.6192 0.6200
vn 0.2503 0.0113 0.9681
vn 0.2585 0.1242 0.9580
vn 0.8605 -0.4152 0.2953
vn 0.7825 -0.4956 0.3769
vn 0.6150 -0.4145 -0.6708
vn 0.4912 -0.5911 -0.6399
vn -0.6778 0.6387 -0.3641
vn -0.3390 -0.1222 -0.9328
vn -0.3254 0.7671 0.5529
vn 0.3632 0.1499 0.9196
vn 0.7057 -0.6133 0.3548
vn 0.3523 -0.7445 -0.5671
vn 0.4636 0.7787 -0.4227
vn 0.4446 0.8138 -0.3743
vn 0.9899 0.0115 -0.1410
vn 0.9970 0.0055 -0.0769
vn -0.5321 0.7787 -0.3326
vn -0.5189 0.8233 -0.2302
vn -0.9947 0.0067 0.1027
vn -0.9879 0.0565 0.1447
vn -0.4605 -0.7662 0.4483
vn -0.4954 -0.7727 0.3968
vn 0.5344 -0.7656 0.3581
vn 0.5220 -0.8134 0.2567
vn 0.4727 0.8130 -0.3400
vn 0.9779 -0.0495 -0.2029
vn -0.5037 0.8560 -0.1163
vn -0.9697 0.0522 0.2387
vn -0.4741 -0.7971 0.3741
vn 0.4961 -0.8541 0.1560
vn 0.4737 0.8039 -0.3597
vn 0.9730 -0.0521 -0.2250
vn -0.4940 0.8619 -0.1143
vn -0.9619 0.0645 0.2655
vn -0.4633 -0.7908 0.4001
vn 0.5041 -0.8496 0.1550
vn 0.6303 0.7763 0.0089
vn 0.7721 0.0102 0.6354
vn -0.1538 0.7763 -0.6113
vn -0.7961 0.0102 -0.6050
vn -0.6543 -0.7559 0.0214
vn 0.1298 -0.7559 0.6417
vn -0.3511 0.8381 -0.4174
vn -0.3256 0.8557 -0.4021
vn -0.3242 0.0103 -0.9459
vn -0.2629 0.0058 -0.9648
vn -0.0659 0.8383 0.5412
vn 0.0139 0.8539 0.5202
vn 0.3070 0.0066 0.9517
vn 0.3595 0.0389 0.9323
vn 0.3947 -0.8256 0.4033
vn 0.3796 -0.8178 0.4325
vn 0.1096 -0.8249 -0.5545
vn 0.0357 -0.8508 -0.5243
vn -0.3043 0.8272 -0.4724
vn -0.2536 -0.0145 -0.9672
vn -0.0225 0.8645 0.5021
vn 0.3175 -0.0125 0.9482
vn 0.3472 -0.8577 0.3792
vn 0.0605 -0.8280 -0.5574
vn -0.2862 0.8531 -0.4363
vn -0.1328 0.0359 -0.9905
vn -0.1192 0.8251 0.5523
vn 0.2005 -0.0193 0.9795
vn 0.3535 -0.8364 0.4188
vn 0.1848 -0.8032 -0.5663
vn -0.5940 0.4584 -0.6611
vn -0.5755 0.4366 -0.6915
vn 0.3208 0.1174 -0.9398
vn 0.2615 0.0369 -0.9645
vn -0.8337 0.4582 0.3082
vn -0.8922 0.3580 0.2754
vn -0.2231 0.0384 0.9740
vn -0.2433 -0.0629 0.9679
vn 0.6318 -0.3837 0.6735
vn 0.6637 -0.3713 0.6494
vn 0.8742 -0.3841 -0.2970
vn 0.9179 -0.2732 -0.2878
vn -0.6104 0.4379 -0.6600
vn 0.3326 0.2323 -0.9140
vn -0.9297 0.2528 0.2678
vn -0.3054 -0.1378 0.9422
vn 0.6404 -0.3435 0.6870
vn 0.9573 -0.1577 -0.2425
vn -0.6066 0.4508 -0.6549
vn 0.3357 0.2433 -0.9100
vn -0.9254 0.2637 0.2721
vn -0.3020 -0.1310 0.9443
vn 0.6406 -0.3386 0.6892
vn 0.9594 -0.1514 -0.2381
vn -0.4453 0.7540 -0.4829
vn -0.9907 -0.0087 -0.1357
vn 0.5474 0.7540 -0.3631
vn 0.9945 -0.0087 0.1040
vn 0.4491 -0.7712 0.4511
vn -0.5434 -0.7713 0.3313
vn 0.5599 0.4858 0.6712
vn 0.5522 0.5386 0.6364
vn -0.1936 -0.0362 0.9804
vn -0.2722 0.0109 0.9622
vn 0.8234 0.4857 -0.2935
vn 0.7416 0.5924 -0.3148
vn 0.2568 0.0119 -0.9664
vn 0.2271 0.1007 -0.9687
vn -0.5753 -0.4628 -0.6744
vn -0.5235 -0.4860 -0.6998
vn -0.8381 -0.4622 0.2896
vn -0.7618 -0.5749 0.2985
vn 0.4647 0.5673 0.6799
vn -0.2293 -0.0658 0.9711
vn 0.6939 0.6571 -0.2943
vn 0.1948 0.0808 -0.9775
vn -0.5181 -0.5645 -0.6426
vn -0.7118 -0.6207 0.3287
vn 0.4611 0.5977 0.6558
vn -0.2843 0.0057 0.9587
vn 0.7318 0.6079 -0.3083
vn 0.2555 0.0254 -0.9665
vn -0.4911 -0.5669 -0.6614
vn -0.7598 -0.5755 0.3025
vn -0.3737 0.8630 -0.3400
vn -0.3192 0.8793 -0.3535
vn -0.6690 0.0279 -0.7428
vn -0.6189 0.0009 -0.7855
vn 0.2612 0.8630 0.4324
vn 0.3474 0.8670 0.3572
vn 0.6505 0.0023 0.7595
vn 0.6980 0.0335 0.7153
vn 0.4045 -0.8592 0.3132
vn 0.3878 -0.8452 0.3678
vn -0.2296 -0.8585 -0.4585
vn -0.3143 -0.8693 -0.3816
vn -0.3143 0.8712 -0.3772
vn -0.7578 -0.0028 -0.6525
vn 0.4585 0.8508 0.2568
vn 0.7900 -0.0042 0.6131
vn 0.3719 -0.8571 0.3564
vn -0.4010 -0.8742 -0.2737
vn -0.3495 0.8642 -0.3619
vn -0.7965 0.0030 -0.6046
vn 0.4656 0.8577 0.2182
vn 0.8323 -0.0077 0.5542
vn 0.3872 -0.8674 0.3126
vn -0.4278 -0.8635 -0.2671
vn -0.1657 0.8578 -0.4866
vn -0.0613 0.0054 -0.9981
vn -0.0740 0.8577 0.5087
vn 0.1222 0.0054 0.9925
vn 0.2266 -0.8469 0.4810
vn 0.1349 -0.8469 -0.5143
vn -0.4542 0.7614 0.4625
vn -0.4702 0.7675 0.4357
vn -0.9987 0.0487 0.0180
vn -0.9974 0.0200 0.0695
vn 0.5400 0.7610 0.3596
vn 0.5297 0.7521 0.3921
vn 0.9906 0.0201 -0.1355
vn 0.9962 -0.0107 -0.0861
vn 0.4486 -0.7210 -0.5282
vn 0.4357 -0.7418 -0.5098
vn -0.5458 -0.7216 -0.4260
vn -0.5598 -0.6967 -0.4486
vn -0.4022 0.7965 0.4515
vn -0.9917 0.0097 0.1281
vn 0.5593 0.7830 0.2722
vn 0.9788 0.0674 -0.1935
vn 0.4941 -0.6946 -0.5229
vn -0.5021 -0.7733 -0.3872
vn -0.4538 0.7516 0.4786
vn -0.9571 -0.0926 0.2747
vn 0.4878 0.8596 0.1523
vn 0.9192 0.1424 -0.3671
vn 0.4286 -0.6964 -0.5756
vn -0.5169 -0.8178 -0.2530
vn 0.2367 0.7889 0.5670
vn 0.2634 0.7687 0.5828
vn -0.2520 0.0012 0.9677
vn -0.2425 0.0096 0.9701
vn 0.4604 0.7889 -0.4070
vn 0.4949 0.7674 -0.4077
vn 0.2051 0.0096 -0.9787
vn 0.2011 -0.0048 -0.9796
vn -0.2743 -0.7701 -0.5760
vn -0.3088 -0.7561 -0.5771
vn -0.4981 -0.7701 0.3985
vn -0.5327 -0.7512 0.3898
vn 0.4612 0.7350 0.4972
vn 0.0573 -0.1551 0.9862
vn 0.3377 0.8175 -0.4665
vn -0.1009 0.1847 -0.9776
vn -0.4737 -0.5956 -0.6487
vn -0.4448 -0.8448 0.2974
vn 0.5887 0.5948 0.5474
vn 0.3564 -0.3135 0.8802
vn 0.1959 0.9198 -0.3399
vn -0.4029 0.3366 -0.8511
vn -0.6391 -0.5599 -0.5273
vn -0.2533 -0.8985 0.3585
vn -0.0484 0.8660 0.4977
vn -0.1649 0.0018 0.9863
vn 0.0850 0.8660 -0.4928
vn 0.1020 0.0019 -0.9948
vn -0.0144 -0.8623 -0.5062
vn -0.1479 -0.8623 0.4843
vn 0.5432 0.7371 -0.4020
vn 0.4929 0.8144 -0.3064
vn 0.9992 0.0291 0.0257
vn 0.9887 0.0264 0.1475
vn -0.4511 0.7375 -0.5026
vn -0.4530 0.8445 -0.2856
vn -0.9979 0.0303 -0.0573
vn -0.9887 0.1419 0.0478
vn -0.5467 -0.6782 0.4910
vn -0.6013 -0.6890 0.4046
vn 0.4426 -0.6751 0.5902
vn 0.4489 -0.7929 0.4120
vn 0.5505 0.8159 -0.1765
vn 0.9954 -0.0794 -0.0532
vn -0.4183 0.9072 -0.0455
vn -0.9681 0.1382 0.2089
vn -0.5468 -0.7659 0.3382
vn 0.4416 -0.8737 0.2041
vn -0.5440 0.7941 -0.2711
vn -0.4627 0.0103 -0.8865
vn -0.0620 0.7941 0.6046
vn 0.5013 0.0103 0.8652
vn 0.5825 -0.7735 0.2499
vn 0.1006 -0.7734 -0.6259
vn 0.7093 0.6946 -0.1201
vn 0.7552 0.6397 -0.1431
vn 0.7712 0.0050 0.6365
vn 0.7980 0.0083 0.6026
vn -0.0943 0.6944 -0.7134
vn -0.0547 0.6268 -0.7773
vn -0.8104 0.0088 -0.5858
vn -0.8099 -0.0333 -0.5856
vn -0.7223 -0.6779 0.1369
vn -0.7443 -0.6380 0.1975
vn 0.0817 -0.6778 0.7307
vn 0.0280 -0.6143 0.7886
vn 0.7011 0.6970 -0.1503
vn 0.7927 0.0792 0.6044
vn -0.0527 0.6659 -0.7441
vn -0.7728 0.0198 -0.6343
vn -0.7467 -0.6531 0.1259
vn 0.0717 -0.6254 0.7770
vn 0.6431 0.7644 -0.0466
vn 0.7790 0.0347 0.6260
vn -0.1421 0.7431 -0.6539
vn -0.8018 -0.0064 -0.5976
vn -0.6689 -0.7396 0.0748
vn 0.1200 -0.7187 0.6849
vn -0.1254 0.8433 -0.5226
vn -0.1076 0.8603 -0.4982
vn 0.0933 0.0103 -0.9956
vn 0.1559 0.0036 -0.9878
vn -0.2644 0.8434 0.4678
vn -0.1831 0.8571 0.4816
vn -0.1222 0.0044 0.9925
vn -0.0664 0.0352 0.9972
vn 0.1592 -0.8351 0.5266
vn 0.1330 -0.8267 0.5467
vn 0.2980 -0.8346 -0.4633
vn 0.2177 -0.8574 -0.4663
vn -0.0907 0.8286 -0.5524
vn 0.1370 -0.0263 -0.9902
vn -0.2084 0.8623 0.4616
vn -0.0820 -0.0144 0.9965
vn 0.1504 -0.8572 0.4926
vn 0.2527 -0.8406 -0.4791
vn -0.1158 0.8452 -0.5218
vn 0.2266 0.0201 -0.9738
vn -0.3156 0.8303 0.4594
vn -0.1724 -0.0074 0.9850
vn 0.1709 -0.8314 0.5287
vn 0.3687 -0.8134 -0.4499
vn -0.6189 0.6862 0.3821
vn -0.6285 0.6946 0.3500
vn -0.9334 0.0739 -0.3510
vn -0.9562 0.0289 -0.2913
vn 0.3466 0.6857 0.6401
vn 0.3166 0.6615 0.6798
vn 0.9737 0.0295 0.2261
vn 0.9597 -0.0246 0.2799
vn 0.6380 -0.6275 -0.4463
vn 0.6152 -0.6520 -0.4432
vn -0.3275 -0.6283 -0.7057
vn -0.3267 -0.5863 -0.7413
vn -0.5116 0.8261 0.2364
vn -0.9310 0.1537 -0.3310
vn 0.3810 0.7557 0.5327
vn 0.9512 0.0285 0.3074
vn 0.6313 -0.7263 -0.2719
vn -0.3770 -0.6819 -0.6269
vn -0.4909 0.8694 0.0568
vn -0.9443 0.0578 -0.3240
vn 0.4530 0.8348 0.3129
vn 0.9795 0.0050 0.2015
vn 0.5417 -0.8215 -0.1779
vn -0.4222 -0.7928 -0.4395
vn 0.7408 0.1182 -0.6612
vn 0.7551 0.0531 -0.6535
vn 0.9400 0.0580 0.3362
vn 0.9485 0.0465 0.3133
vn -0.2070 0.1182 -0.9712
vn -0.2161 0.0413 -0.9755
vn -0.9501 0.0466 -0.3083
vn -0.9575 0.0349 -0.2864
vn -0.7443 -0.0250 0.6674
vn -0.7345 0.0403 0.6774
vn 0.2055 -0.0250 0.9783
vn 0.1949 0.0516 0.9795
vn 0.7601 -0.0166 -0.6495
vn 0.9394 0.1407 0.3126
vn -0.1961 -0.1011 -0.9754
vn -0.9551 -0.0207 -0.2957
vn -0.7296 0.1386 0.6697
vn 0.2067 0.2158 0.9543
vn 0.7432 -0.0258 -0.6686
vn 0.9367 0.2084 0.2814
vn -0.2015 -0.1662 -0.9653
vn -0.9488 -0.0707 -0.3077
vn -0.7481 0.1644 0.6429
vn 0.1936 0.3027 0.9332
vn -0.0654 0.5606 -0.8255
vn 0.8005 0.1779 -0.5723
vn -0.8071 0.5606 -0.1851
vn -0.6830 0.1779 0.7084
vn 0.1828 -0.2049 0.9616
vn 0.9246 -0.2049 0.3212
vn 0.7145 0.6792 0.1680
vn 0.7219 0.6805 0.1254
vn 0.5540 -0.0419 0.8315
vn 0.4750 0.0208 0.8797
vn 0.2173 0.6797 -0.7005
vn 0.1374 0.7298 -0.6697
vn -0.5185 0.0212 -0.8548
vn -0.5934 0.1088 -0.7975
vn -0.7572 -0.6377 -0.1413
vn -0.7901 -0.5938 -0.1522
vn -0.2592 -0.6367 0.7262
vn -0.2325 -0.6974 0.6779
vn 0.7477 0.6473 0.1480
vn 0.6174 -0.1209 0.7773
vn 0.0996 0.7939 -0.5998
vn -0.6712 0.1805 -0.7189
vn -0.8058 -0.5844 -0.0958
vn -0.1604 -0.7378 0.6557
vn 0.3727 0.4099 0.8325
vn 0.3832 0.4081 0.8286
vn -0.5459 0.0210 0.8376
vn -0.5562 0.0434 0.8299
vn 0.9121 0.4100 -0.0084
vn 0.9036 0.4280 -0.0187
vn 0.5219 0.0432 -0.8519
vn 0.5158 0.0698 -0.8539
vn -0.4075 -0.3234 -0.8540
vn -0.4022 -0.3161 -0.8592
vn -0.9463 -0.3231 -0.0129
vn -0.9393 -0.3429 -0.0138
vn 0.3310 0.3245 0.8861
vn -0.6200 0.1464 0.7709
vn 0.9730 0.2243 0.0536
vn 0.4957 -0.0717 -0.8655
vn -0.4914 -0.2214 -0.8423
vn -0.9927 -0.1102 -0.0501
vn 0.4199 0.2483 0.8730
vn -0.5768 0.3325 0.7461
vn 0.9949 -0.0281 0.0973
vn 0.5755 -0.2123 -0.7897
vn -0.4268 -0.1206 -0.8963
vn -0.9811 0.1483 -0.1246
vt -1.266552 2.553692
vt -1.375426 1.386990
vt -1.201663 1.398035
vt -1.076208 2.541446
vt -1.415764 2.580796
vt -1.511655 1.393813
vt 0.174872 1.885690
vt 0.184329 0.748134
vt 0.363980 0.733697
vt 0.372470 1.874328
vt -0.807142 2.205842
vt -0.698535 1.098909
vt -0.533192 1.115248
vt -0.625957 2.247260
vt -0.971882 2.225477
vt -0.848807 1.133890
vt -0.023160 2.114633
vt -0.016466 0.985427
vt 0.163607 0.996303
vt 0.174873 2.121987
vt -1.182434 0.249584
vt -1.025916 0.256984
vt -1.304548 0.243206
vt 0.195661 -0.258672
vt 0.356671 -0.257963
vt -0.891283 -0.025113
vt -0.742319 -0.008003
vt -1.025916 0.018204
vt -0.006653 -0.044176
vt 0.154663 -0.048437
vt -1.246808 -0.773639
vt -1.109070 -0.798835
vt -1.355061 -0.772233
vt 0.405636 -1.227560
vt 0.544758 -1.203919
vt -0.849303 -0.971392
vt -0.717500 -0.927620
vt -0.968861 -0.939240
vt -0.201688 -1.055832
vt -0.062438 -1.083053
vt -1.473974 -1.851200
vt -1.352825 -1.868747
vt -1.568083 -1.845127
vt 0.711013 -2.267385
vt 0.834604 -2.255685
vt -0.661247 -1.861116
vt -0.545423 -1.826790
vt -0.369646 -2.137876
vt -0.285391 -2.171176
vt 0.032708 -1.126486
vt -0.493415 -2.123153
vt -1.508548 -2.896460
vt -1.403644 -2.887975
vt -1.589137 -2.888831
vt 0.768812 -3.215734
vt 0.876176 -3.230128
vt -0.633269 -2.788539
vt -0.533192 -2.781226
vt -0.765391 -1.837258
vt -0.722490 -2.770359
vt -0.533191 -3.105287
vt -0.425523 -3.093012
vt -1.374813 -4.031178
vt -1.288242 -4.013260
vt -1.442187 -4.022619
vt 0.611002 -4.220670
vt 0.698962 -4.244530
vt -0.742133 -3.919292
vt -0.659467 -3.924128
vt -0.816680 -3.906350
vt -0.355208 -4.156545
vt -0.266937 -4.134098
vt -1.226298 -5.031670
vt -1.157278 -5.015227
vt -1.280399 -5.023671
vt 0.394395 -5.113160
vt 0.464125 -5.135172
vt -0.859506 -4.967793
vt -0.793566 -4.973856
vt -0.919325 -4.958630
vt -0.117757 -5.091475
vt -0.047766 -5.070493
vt -1.077691 -5.960696
vt -1.025916 -5.947974
vt -1.118338 -5.954573
vt 0.174872 -5.943731
vt 0.227120 -5.960696
vt -0.977257 -5.955747
vt -0.927783 -5.960696
vt -1.022193 -5.948988
vt 0.122427 -5.960695
vt 0.174873 -5.944488
vt 1.702023 0.046783
vt 1.864590 -0.934488
vt 1.993084 -0.930829
vt 1.843100 0.068697
vt 3.005723 -0.053806
vt 2.905044 -0.956860
vt 3.013792 -0.957187
vt 3.128580 -0.039272
vt 2.882126 -0.015996
vt 2.793536 -0.924658
vt 2.141905 -0.000126
vt 1.993084 -0.979896
vt 2.121601 -0.982952
vt 2.283029 -0.021304
vt 1.003643 0.098434
vt 1.115161 -0.907913
vt 1.219726 -0.879722
vt 1.121914 0.114188
vt 0.876176 0.086340
vt 1.000161 -0.916885
vt 1.788145 -1.762651
vt 1.900615 -1.782836
vt 2.736343 -1.745425
vt 2.829751 -1.763113
vt 2.636170 -1.722276
vt 2.084131 -1.818946
vt 2.196595 -1.798249
vt 1.284455 -1.714454
vt 1.374257 -1.672434
vt 1.181213 -1.717087
vt 1.567366 -2.612328
vt 1.666166 -2.627844
vt 2.549088 -2.612826
vt 2.632343 -2.619271
vt 2.460270 -2.599452
vt 2.320887 -2.680773
vt 2.419683 -2.664805
vt 1.453399 -2.487314
vt 1.533391 -2.459017
vt 1.361975 -2.483156
vt 1.537249 -3.451075
vt 1.622829 -3.449446
vt 2.527445 -3.467873
vt 2.599389 -3.451582
vt 2.451112 -3.463298
vt 2.365514 -3.520105
vt 2.451112 -3.521185
vt 1.468219 -3.298738
vt 1.537249 -3.295897
vt 1.389687 -3.288404
vt 1.660301 -4.369740
vt 1.731035 -4.361901
vt 2.683587 -4.384255
vt 2.742154 -4.360143
vt 2.620493 -4.384529
vt 2.255811 -4.420090
vt 2.326576 -4.427341
vt 1.316736 -4.254037
vt 1.372914 -4.262649
vt 1.251795 -4.241157
vt 1.814640 -5.197020
vt 1.871156 -5.190035
vt 2.874290 -5.199512
vt 2.920544 -5.177459
vt 2.824249 -5.201777
vt 2.115016 -5.222016
vt 2.171557 -5.228509
vt 1.130978 -5.134376
vt 1.175342 -5.144212
vt 1.079440 -5.121876
vt 1.950592 -5.960696
vt 1.993084 -5.955736
vt 3.094030 -5.958027
vt 3.128580 -5.940783
vt 3.056716 -5.960696
vt 1.993084 -5.956094
vt 2.035594 -5.960696
vt 0.914622 -5.952576
vt 0.947757 -5.960696
vt 0.876176 -5.942152
vt -2.369015 3.088232
vt -2.158108 1.785419
vt -2.027069 1.856736
vt -2.223087 3.165438
vt -2.535213 3.110881
vt -2.307210 1.802932
vt -3.834119 3.455102
vt -4.208882 1.896634
vt -4.048652 1.858656
vt -3.656453 3.411525
vt -4.940071 3.745941
vt -5.186467 2.186170
vt -5.048118 2.146749
vt -4.785975 3.704536
vt -5.099023 3.753855
vt -5.328977 2.196693
vt -3.656451 3.269976
vt -3.268710 1.733772
vt -3.108417 1.770881
vt -3.478711 3.312582
vt -1.925786 0.690598
vt -1.809621 0.755701
vt -2.057788 0.703362
vt -4.501667 0.578039
vt -4.358902 0.545591
vt -5.447484 0.879886
vt -5.324860 0.842838
vt -5.573557 0.892551
vt -2.962812 0.432164
vt -2.819993 0.463843
vt -1.693171 -0.382523
vt -1.589137 -0.340483
vt -1.809156 -0.368499
vt -4.785975 -0.720247
vt -4.658647 -0.734803
vt -5.711688 -0.424417
vt -5.601754 -0.439742
vt -5.822531 -0.416599
vt -2.662557 -0.863397
vt -2.535213 -0.849433
vt -1.681960 -1.607731
vt -1.592435 -1.598321
vt -1.781489 -1.589324
vt -4.783562 -2.017886
vt -4.674059 -2.009251
vt -5.724692 -1.778314
vt -5.630095 -1.763046
vt -5.819817 -1.778416
vt -2.646924 -2.147761
vt -2.537415 -2.156590
vt -1.927332 -3.150376
vt -1.854491 -3.157104
vt -2.010007 -3.132520
vt -4.499490 -3.468423
vt -4.410063 -3.449814
vt -5.451874 -3.320012
vt -5.375018 -3.292818
vt -5.530839 -3.322585
vt -2.910366 -3.553597
vt -2.820914 -3.572079
vt -2.200361 -4.608459
vt -2.142751 -4.617706
vt -2.266558 -4.594193
vt -4.099414 -4.774605
vt -4.028784 -4.756218
vt -5.143675 -4.702096
vt -5.082940 -4.676646
vt -5.206903 -4.704127
vt -3.288376 -4.809084
vt -3.217715 -4.827262
vt -2.480112 -5.953022
vt -2.436995 -5.960696
vt -2.529764 -5.942007
vt -3.709376 -5.960696
vt -3.656453 -5.946510
vt -4.831420 -5.958886
vt -4.785975 -5.939089
vt -4.878834 -5.960694
vt -3.656452 -5.946680
vt -3.603506 -5.960696
vt -2.099428 6.461307
vt -2.133206 6.241399
vt -2.099597 6.228403
vt -2.062551 6.445943
vt -2.259399 5.807718
vt -2.219245 5.639585
vt -2.178238 5.652193
vt -2.214713 5.824206
vt -2.492676 5.838685
vt -2.460601 5.621430
vt -2.420862 5.617566
vt -2.449377 5.838769
vt -2.531615 5.825560
vt -2.496063 5.610479
vt -0.357105 6.814338
vt -0.352585 6.636197
vt -0.309871 6.633536
vt -0.309871 6.808825
vt -2.058786 6.230965
vt -2.018171 6.444486
vt -2.129786 6.025730
vt -2.099611 6.016811
vt -2.199786 5.442658
vt -2.162523 5.449594
vt -2.462701 5.413966
vt -2.427199 5.402925
vt -2.494493 5.406914
vt 4.479868 5.984262
vt 4.452736 5.782722
vt 4.488018 5.772992
vt 4.518274 5.968257
vt -2.063018 6.026608
vt -2.160101 5.228869
vt -2.134152 5.217240
vt -2.133206 5.438990
vt -2.193036 5.227223
vt -2.511517 5.221003
vt -2.480325 5.209051
vt 4.462765 5.553512
vt 4.491316 5.559219
vt 4.520034 5.776794
vt 4.431169 5.557405
vt -2.050348 5.820243
vt -2.018171 5.831071
vt -2.206894 5.028754
vt -2.184608 5.016012
vt -2.235488 5.028428
vt -2.519875 5.043505
vt -2.492502 5.034401
vt 4.490282 5.336802
vt 4.515081 5.344546
vt 4.462755 5.339016
vt -0.989068 6.818872
vt -0.985014 6.633536
vt -0.957380 6.641084
vt -0.957380 6.828928
vt -2.234821 4.825156
vt -2.215675 4.814927
vt -2.259399 4.823951
vt -2.531615 4.852408
vt -2.508211 4.844873
vt 4.498799 5.121435
vt 4.520034 5.127343
vt 4.475215 5.124322
vt -0.558287 6.815005
vt -0.554133 6.633537
vt -0.529715 6.639155
vt -0.529715 6.821863
vt 4.431170 3.707183
vt 4.443512 3.265710
vt 4.492479 3.277620
vt 4.485417 3.716527
vt -0.595295 4.298461
vt -0.674321 3.896840
vt -0.618796 3.884106
vt -0.534436 4.281560
vt -1.143799 4.528848
vt -1.155636 4.095646
vt -1.105169 4.102473
vt -1.088002 4.537093
vt -1.198349 4.540490
vt -1.204836 4.109568
vt -0.105984 4.355796
vt -0.021889 3.912648
vt 0.035220 3.920265
vt -0.043376 4.367394
vt 4.543224 3.272034
vt 4.541515 3.709640
vt 4.493129 2.842703
vt 4.536215 2.860816
vt -0.699099 3.498390
vt -0.649174 3.495323
vt -1.206125 3.676345
vt -1.160810 3.683713
vt -1.249325 3.696050
vt 0.014384 3.471408
vt 0.065801 3.468770
vt 4.581764 2.854524
vt 4.565950 2.483880
vt 4.604173 2.497820
vt -0.598550 3.117519
vt -0.554676 3.116793
vt 5.998974 0.360190
vt 6.004549 0.045180
vt 6.047701 0.057684
vt 6.047701 0.371323
vt -1.318286 3.348221
vt -1.279933 3.332800
vt -0.072867 3.030184
vt -0.027669 3.025643
vt 5.974413 4.430590
vt 5.980350 4.101686
vt 6.025502 4.095949
vt 6.025502 4.427415
vt 4.534660 2.080414
vt 4.567111 2.084940
vt -0.600643 2.697508
vt -0.562510 2.695243
vt -1.248088 2.941778
vt -1.213500 2.956596
vt -1.239507 3.343141
vt -1.280763 2.947855
vt -0.075269 2.565754
vt -0.035945 2.563535
vt 4.601738 2.070604
vt 4.644747 2.488280
vt -0.559254 2.247260
vt -0.535468 2.249830
vt -0.534436 2.701151
vt -0.591540 2.247789
vt -1.116386 2.580798
vt -1.088002 2.596518
vt -1.143479 2.583925
vt -0.105984 2.125239
vt -0.072767 2.121987
vt 4.431169 1.707426
vt 4.459540 1.692006
vt 0.726753 4.058304
vt 0.712809 3.630243
vt 0.750944 3.633383
vt 0.768744 4.061827
vt 2.179339 4.822667
vt 2.261766 4.469041
vt 2.304319 4.473574
vt 2.225750 4.829984
vt 3.990939 4.093037
vt 4.005845 3.678613
vt 4.041346 3.684438
vt 4.029972 4.102162
vt 3.948464 4.097683
vt 3.967268 3.682775
vt -0.922528 4.368039
vt -1.001171 3.944630
vt -0.958636 3.939203
vt -0.876137 4.359282
vt 0.786988 3.628905
vt 0.808359 4.054146
vt 0.725857 3.189492
vt 0.760119 3.192898
vt 2.290918 4.126540
vt 2.329460 4.126814
vt 3.995499 3.253116
vt 4.027222 3.252971
vt 3.960841 3.257438
vt -1.025916 3.521626
vt -0.987393 3.521436
vt 0.792342 3.194299
vt 0.785480 2.755390
vt 0.816041 2.754595
vt 2.262104 3.820045
vt 2.296084 3.817337
vt 3.939749 2.823227
vt 3.967907 2.823098
vt 3.908838 2.823247
vt -0.991395 3.109524
vt -0.957435 3.113022
vt 0.844643 2.755837
vt 0.736801 2.325572
vt 0.763391 2.322578
vt 2.195570 3.450554
vt 2.225288 3.448511
vt 3.993029 2.388505
vt 4.017498 2.391089
vt 3.966138 2.386221
vt -0.921211 2.677086
vt -0.891510 2.679757
vt 0.788251 2.320970
vt 0.712809 1.888520
vt 0.735645 1.887263
vt 2.179339 3.085902
vt 2.204854 3.085422
vt 4.020441 1.951186
vt 4.041346 1.953592
vt 3.997347 1.950535
vt -0.901635 2.247260
vt -0.876137 2.248060
vt 0.756885 1.885690
vt -3.473410 5.865359
vt -3.482853 5.677561
vt -3.429234 5.673900
vt -3.414348 5.856828
vt 4.189587 6.307071
vt 4.127761 6.160801
vt 4.177860 6.139159
vt 4.243603 6.279760
vt 1.113708 6.776071
vt 1.119263 6.643432
vt 1.172510 6.633534
vt 1.172510 6.765130
vt 5.044587 -0.877758
vt 5.085514 -1.077789
vt 5.139831 -1.072431
vt 5.103861 -0.867120
vt 5.475199 6.333320
vt 5.529256 6.184594
vt 5.578384 6.205739
vt 5.528290 6.360463
vt 0.665441 6.775492
vt 0.665441 6.633535
vt 0.718450 6.643044
vt 0.723981 6.786004
vt -3.465039 5.485760
vt -3.417742 5.491916
vt 4.089581 5.987166
vt 4.136162 5.978894
vt 4.087102 6.145576
vt 4.052647 5.970173
vt 5.092533 -1.286765
vt 5.141157 -1.291622
vt 5.561739 6.019921
vt 5.607107 6.026774
vt -3.384272 5.499562
vt -3.392217 5.686992
vt -3.417258 5.295888
vt -3.375380 5.300579
vt 4.128400 5.805114
vt 4.168894 5.803668
vt 4.096503 5.783609
vt 5.044587 -1.485454
vt 5.087633 -1.489014
vt 5.521999 5.830732
vt 5.561273 5.830451
vt 5.522647 6.032613
vt 5.488358 5.848959
vt -3.424045 5.101952
vt -3.388157 5.097235
vt 4.166066 5.661026
vt 4.201040 5.660318
vt 4.140697 5.635440
vt 5.051166 -1.685120
vt 5.088536 -1.680008
vt 5.475199 5.660904
vt 5.509089 5.660048
vt -3.362210 5.086835
vt -3.344909 5.299598
vt -3.482853 4.920238
vt -3.453231 4.913177
vt 0.497013 6.792335
vt 0.502697 6.634248
vt 0.534645 6.633537
vt 0.534645 6.789749
vt 4.223830 5.536177
vt 4.243603 5.560738
vt 5.095830 -1.848604
vt 5.127011 -1.841534
vt -0.245570 6.809091
vt -0.244269 6.633535
vt -0.212277 6.633535
vt -0.207903 6.810912
vt -3.432537 4.899451
vt -1.997823 6.446297
vt -1.996441 6.094655
vt -1.961108 6.094305
vt -1.959011 6.445824
vt -3.024148 4.857853
vt -2.887692 4.588299
vt -2.854111 4.599294
vt -2.988364 4.872561
vt 2.329459 4.800280
vt 2.408658 4.527763
vt 2.443216 4.534803
vt 2.366834 4.810783
vt 3.562126 4.794565
vt 3.468557 4.416393
vt 3.500964 4.405990
vt 3.597747 4.783234
vt -0.703517 5.615912
vt -0.828466 5.323288
vt -0.794020 5.317898
vt -0.666682 5.607145
vt 4.927781 3.491665
vt 4.845720 3.194927
vt 4.880512 3.188823
vt 4.965377 3.482060
vt -1.990866 5.794179
vt -1.959011 5.793647
vt -2.816351 4.266693
vt -2.784943 4.270649
vt 2.418367 4.215233
vt 2.449604 4.215827
vt 3.404470 4.063657
vt 3.433732 4.054540
vt -0.876137 4.990332
vt -0.844325 4.991656
vt 4.836699 2.854974
vt 4.868168 2.855410
vt 4.817384 2.841385
vt 4.900689 2.475980
vt 4.918336 2.484309
vt -2.844391 3.908562
vt -2.816782 3.906900
vt 2.342898 3.863920
vt 2.370525 3.862675
vt 3.394505 3.760544
vt 3.420560 3.755741
vt -0.811004 4.632863
vt -0.783413 4.639187
vt 4.946157 2.486502
vt 4.925076 2.083514
vt 4.940791 2.086972
vt -2.945708 3.600147
vt -2.921680 3.597912
vt 2.329459 3.473214
vt 2.353834 3.474988
vt 3.486396 3.441259
vt 3.508602 3.440216
vt -0.690653 4.336390
vt -0.666682 4.342691
vt 4.965377 2.086000
vt 4.899655 1.692005
vt 4.913151 1.694419
vt -3.024148 3.313925
vt -3.003306 3.312581
vt 2.365420 3.085421
vt 2.386312 3.088277
vt 3.578775 3.095719
vt 3.597747 3.095301
vt 3.466856 3.429443
vt 3.561784 3.086224
vt 4.934246 1.692237
vt 0.764732 5.390416
vt 0.749754 5.119448
vt 0.794800 5.124210
vt 0.814326 5.394536
vt 0.727109 5.407778
vt 0.715657 5.135874
vt 5.515650 4.528244
vt 5.527519 4.254209
vt 5.574540 4.253904
vt 5.567456 4.529833
vt 5.277233 4.581449
vt 5.292532 4.302831
vt 5.337222 4.298131
vt 5.326439 4.577429
vt 5.238688 4.566468
vt 5.257594 4.288546
vt 4.956886 -4.466219
vt 4.952474 -4.768941
vt 4.998846 -4.767881
vt 5.007989 -4.467154
vt 0.743418 4.857881
vt 0.783847 4.865762
vt 0.712809 4.872138
vt 5.514810 3.980239
vt 5.556834 3.976726
vt 5.300014 4.035069
vt 5.340107 4.027130
vt 5.268652 4.022750
vt 4.971761 -5.069578
vt 5.013206 -5.065042
vt 0.778458 4.612341
vt 0.814326 4.617861
vt 0.751339 4.624887
vt 5.475198 3.725784
vt 5.512563 3.724281
vt 5.266474 3.772914
vt 5.302049 3.767389
vt 5.048327 -5.361593
vt 5.072152 -5.363281
vt 5.040088 -5.066832
vt 5.011484 -5.363818
vt 0.750885 4.348146
vt 0.782099 4.350381
vt 0.727219 4.357016
vt 5.491838 3.444555
vt 5.524232 3.447857
vt 5.294641 3.487478
vt 5.325615 3.485306
vt 5.238688 3.762089
vt 5.270405 3.480160
vt 5.004580 -5.663652
vt 5.036520 -5.666828
vt 0.757998 4.061825
vt 0.784616 4.064584
vt 0.737800 4.066841
vt 5.547180 3.186745
vt 5.574540 3.191123
vt 5.286773 3.190393
vt 5.313180 3.187672
vt 5.266113 3.186745
vt 4.952474 -5.956230
vt 4.979439 -5.960696
vt -1.983121 4.785189
vt -1.998674 4.477845
vt -1.968865 4.475391
vt -1.950481 4.780428
vt -2.290006 4.819571
vt -2.355116 4.483370
vt -2.326930 4.481136
vt -2.259399 4.815462
vt -2.315737 4.827435
vt -2.378491 4.491054
vt -2.477423 4.842246
vt -2.451155 4.500152
vt -2.420862 4.500461
vt -2.444295 4.844873
vt 1.545278 4.813586
vt 1.610449 4.478711
vt 1.638720 4.481652
vt 1.575980 4.818488
vt 1.519706 4.806939
vt 1.587219 4.472133
vt -1.971253 4.162147
vt -1.944619 4.163757
vt -2.399704 4.151340
vt -2.373797 4.153637
vt -2.420862 4.157895
vt -2.469836 4.156165
vt -2.442716 4.152354
vt 1.654761 4.148766
vt 1.680740 4.147044
vt 1.633734 4.143215
vt -1.903808 3.834258
vt -1.879913 3.834674
vt -2.378125 3.837260
vt -2.355015 3.841050
vt -2.396978 3.840372
vt -2.535213 3.821405
vt -2.510884 3.819043
vt 1.633420 3.823336
vt 1.656591 3.820029
vt 1.614688 3.821169
vt -1.922096 3.502314
vt -1.901221 3.498628
vt -2.353667 3.502714
vt -2.333337 3.506207
vt -2.369805 3.501271
vt -2.514080 3.480831
vt -2.492794 3.482744
vt 1.609002 3.476722
vt 1.629386 3.473652
vt 1.592974 3.479033
vt -1.998674 3.169844
vt -1.980868 3.165440
vt -2.276809 3.168757
vt -2.259399 3.172624
vt -2.290365 3.165438
vt -2.439041 3.165439
vt -2.420862 3.168258
vt 1.533170 3.140895
vt 1.550626 3.137395
vt 1.519706 3.144963
vt -4.544405 6.431261
vt -4.541407 6.141524
vt -4.505691 6.155034
vt -4.504940 6.441978
vt -3.710424 4.933627
vt -3.819548 4.669604
vt -3.781275 4.653615
vt -3.669495 4.912801
vt 2.759689 6.430307
vt 2.780224 6.147851
vt 2.815255 6.160328
vt 2.798226 6.444794
vt 2.718353 6.437945
vt 2.742558 6.158483
vt -4.293628 4.921834
vt -4.189622 4.666197
vt -4.153925 4.684099
vt -4.255526 4.944801
vt -4.468751 6.146705
vt -4.464248 6.432040
vt -4.495016 5.883868
vt -4.464248 5.903663
vt -3.893708 4.364683
vt -3.857453 4.359800
vt -3.849688 4.665373
vt -3.920855 4.360649
vt 2.718353 5.906476
vt 2.751289 5.889400
vt -4.111826 4.381820
vt -4.077644 4.388343
vt -4.223598 4.666285
vt -4.142427 4.382131
vt -5.511987 6.006813
vt -5.459947 5.751937
vt -5.426793 5.750776
vt -5.474564 6.003424
vt -3.864418 4.042290
vt -3.832455 4.044696
vt -3.888371 4.034235
vt 5.999684 4.095950
vt 5.974413 3.816010
vt 6.006740 3.811650
vt 6.035969 4.093287
vt -4.119667 4.063114
vt -4.089234 4.062068
vt -4.146890 4.067921
vt -5.473523 5.475602
vt -5.444621 5.471510
vt -3.804682 3.744224
vt -3.777267 3.748703
vt -3.824396 3.731561
vt 5.993598 3.507386
vt 6.021771 3.506821
vt -4.169224 3.749893
vt -4.143056 3.746532
vt -4.192010 3.759896
vt -5.511987 5.174958
vt -5.487330 5.170862
vt -3.692419 3.468017
vt -3.669495 3.473367
vt -3.708560 3.455103
vt 6.011899 3.186743
vt 6.035969 3.186884
vt -4.274811 3.459570
vt -4.252918 3.455102
vt -4.293628 3.470310
vt -4.053987 4.947306
vt -4.077645 4.665273
vt -4.031462 4.657305
vt -4.003268 4.935006
vt -2.466609 6.864802
vt -2.471323 6.633535
vt -2.432802 6.655587
vt -2.424157 6.887353
vt -2.516996 6.878835
vt -2.516996 6.647163
vt 2.855477 4.892737
vt 2.891382 4.604923
vt 2.938210 4.612111
vt 2.906849 4.904247
vt 2.865353 6.441497
vt 2.869900 6.149786
vt 2.914227 6.140150
vt 2.914227 6.433144
vt 2.820657 6.429237
vt 2.829378 6.137509
vt -4.060717 4.372960
vt -4.019746 4.373713
vt 0.091700 6.549216
vt 0.060464 6.340307
vt 0.104533 6.339846
vt 0.140268 6.543655
vt 2.927760 4.306276
vt 2.960184 4.294809
vt 2.974418 4.600781
vt 2.886119 4.307848
vt 2.863980 5.881851
vt 2.903403 5.867191
vt 2.827559 5.869671
vt -3.987482 4.075434
vt -3.951132 4.075344
vt 0.101510 6.103982
vt 0.140268 6.106289
vt 2.857598 3.995397
vt 2.886765 3.990036
vt 2.820658 3.996023
vt -2.424156 6.885943
vt -2.421392 6.633534
vt -2.382369 6.633534
vt -2.380382 6.889344
vt -3.920856 4.081629
vt -3.986101 4.386177
vt -4.011663 3.772640
vt -3.980284 3.766846
vt 6.651345 -3.506271
vt 6.625392 -3.705943
vt 6.658445 -3.700090
vt 6.689168 -3.501279
vt 2.885842 3.678650
vt 2.910852 3.682150
vt 2.853951 3.673453
vt -3.088363 6.445067
vt -3.057276 6.153244
vt -3.024148 6.150217
vt -3.050464 6.444042
vt -3.954303 3.764187
vt -4.077645 3.466296
vt -4.051095 3.460521
vt 6.661171 -3.935871
vt 6.689168 -3.929190
vt 2.953723 3.367406
vt 2.974418 3.373544
vt 2.926736 3.362140
vt -3.088363 5.851996
vt -3.060290 5.847215
vt -4.029591 3.455101
vt 3.057878 5.115915
vt 3.012626 4.799849
vt 3.049361 4.797632
vt 3.097866 5.109975
vt -1.978161 6.863093
vt -1.974585 6.633536
vt -1.939624 6.644632
vt -1.939624 6.873137
vt 5.201269 3.086729
vt 5.259233 2.771232
vt 5.281666 2.777044
vt 5.225868 3.093533
vt 5.161280 3.079588
vt 5.222385 2.767896
vt 5.140605 0.523433
vt 5.252216 0.248541
vt 5.287416 0.255178
vt 5.178304 0.533410
vt 5.115171 0.503034
vt 5.229202 0.229654
vt 3.017222 4.484611
vt 3.050084 4.490387
vt 2.955239 5.867194
vt 2.853724 5.643362
vt 2.880923 5.628549
vt 2.982671 5.842990
vt 5.265725 2.447470
vt 5.285932 2.454525
vt 5.232530 2.452167
vt 5.324192 -0.014220
vt 5.357437 -0.016543
vt 5.303166 -0.029649
vt 3.096229 4.216772
vt 3.125408 4.222410
vt 2.847696 5.353207
vt 2.872248 5.345120
vt 2.823696 5.639402
vt 2.820658 5.345040
vt 5.161280 2.179990
vt 5.190765 2.175322
vt 5.267102 -0.257109
vt 5.296151 -0.264300
vt 4.243603 6.293399
vt 4.309928 6.018826
vt 4.339304 6.018863
vt 4.275332 6.298535
vt 3.087001 3.951675
vt 3.112462 3.951797
vt 3.191929 6.391765
vt 3.193214 6.155514
vt 3.218498 6.151497
vt 3.220794 6.386796
vt 2.864472 5.101369
vt 2.887314 5.113322
vt 5.178719 1.916229
vt 5.204394 1.916795
vt 5.202660 -0.552341
vt 5.228016 -0.559042
vt 4.311581 5.766525
vt 4.337290 5.761520
vt 3.012626 3.714674
vt 3.034106 3.713227
vt 3.191929 5.873047
vt 3.213649 5.870154
vt 2.963742 4.904247
vt 2.982671 4.916243
vt 5.259628 1.692006
vt 5.281285 1.693969
vt 5.115171 -0.858145
vt 5.136779 -0.864506
vt 4.243603 5.542424
vt 4.265239 5.536176
vt 4.641445 -3.313941
vt 4.647978 -3.471979
vt 4.682494 -3.467842
vt 4.679360 -3.309544
vt 4.616555 -3.299784
vt 4.625273 -3.457702
vt 6.154414 -2.480617
vt 6.174339 -2.636565
vt 6.209390 -2.634987
vt 6.192766 -2.477159
vt 3.931879 6.205284
vt 3.925977 6.042346
vt 3.960263 6.037705
vt 3.969544 6.200338
vt -4.608884 5.899275
vt -4.627174 5.718837
vt -4.602971 5.714418
vt -4.582420 5.892651
vt -4.646181 5.901440
vt -4.661251 5.719039
vt 4.652510 -3.619967
vt 4.683578 -3.615078
vt 4.631960 -3.605352
vt 6.175796 -2.797138
vt 6.207371 -2.798924
vt 3.922902 5.890929
vt 3.953756 5.885540
vt -4.625281 5.538285
vt -4.603496 5.536450
vt -4.655941 5.534893
vt 4.668366 -3.750475
vt 4.696075 -3.747607
vt 2.261477 6.747986
vt 2.264707 6.633536
vt 2.290838 6.641628
vt 2.290838 6.757687
vt 6.154182 -2.955814
vt 6.182358 -2.956563
vt 3.908838 5.748326
vt 3.936364 5.745079
vt 1.287933 6.774756
vt 1.287933 6.640718
vt 1.314076 6.633535
vt 1.317293 6.765943
vt -4.629139 5.355140
vt -4.601762 5.357240
vt 4.648319 -3.894517
vt 4.672462 -3.894125
vt 4.650043 -3.736686
vt 4.632226 -3.882565
vt 6.167827 -3.126956
vt 6.192479 -3.124983
vt 3.930241 5.589509
vt 3.954240 5.588874
vt -4.606540 5.171270
vt -4.589565 5.170515
vt -4.582420 5.356591
vt -4.630585 5.172261
vt 4.630448 -4.045497
vt 4.651228 -4.045120
vt 4.616555 -4.035578
vt 6.188216 -3.296099
vt 6.209390 -3.294033
vt 3.948890 5.428808
vt 3.969544 5.428221
vt -4.619018 4.988694
vt -4.604434 4.987607
vt -4.639687 4.989941
vt -1.879913 5.855252
vt -1.806375 5.623394
vt -1.767569 5.638160
vt -1.837123 5.871377
vt 0.864441 5.809388
vt 0.944544 5.632299
vt 0.985751 5.648535
vt 0.908841 5.829835
vt 5.198949 5.732453
vt 5.132945 5.509460
vt 5.166374 5.503269
vt 5.236817 5.729011
vt 5.155850 5.749047
vt 5.093857 5.524650
vt 5.361039 5.700747
vt 5.281799 5.476726
vt 5.323830 5.463544
vt 5.406318 5.683039
vt -1.734064 5.646498
vt -1.799131 5.877163
vt -1.715468 5.389477
vt -1.679104 5.398218
vt 0.986284 5.458542
vt 1.024507 5.463687
vt 5.053652 5.293798
vt 5.081477 5.281243
vt 5.017093 5.302896
vt 5.238688 5.242480
vt 5.277745 5.242260
vt -1.651301 5.412664
vt -1.655260 5.184303
vt -1.621478 5.176919
vt 0.923465 5.278382
vt 0.956132 5.274313
vt 4.999112 5.083207
vt 5.024314 5.078241
vt 4.965378 5.075854
vt 5.308204 4.996027
vt 5.341494 5.005298
vt -1.596206 5.183674
vt -1.759367 4.989410
vt -1.733188 4.973304
vt 0.900812 5.050293
vt 0.929194 5.045894
vt 0.897085 5.288383
vt 0.876346 5.049147
vt 5.085145 4.858993
vt 5.111140 4.875230
vt 5.350051 4.779895
vt 5.378940 4.788772
vt 5.283932 4.994669
vt 5.326982 4.787855
vt -1.879913 4.789762
vt -1.857902 4.775424
vt 0.885402 4.812281
vt 0.909652 4.808675
vt 0.864441 4.810462
vt 5.214974 4.657230
vt 5.236817 4.671684
vt 5.381628 4.581448
vt 5.406318 4.588900
vt 5.361806 4.588955
vt -4.874840 6.015185
vt -4.893854 5.575755
vt -4.857145 5.590772
vt -4.834427 6.028275
vt 4.454352 1.692006
vt 4.256507 1.221595
vt 4.295637 1.204761
vt 4.496758 1.671797
vt 6.284586 0.356445
vt 6.288374 -0.068593
vt 6.325036 -0.056402
vt 6.325036 0.371753
vt -0.533191 4.363685
vt -0.292928 4.004005
vt -0.252846 4.014839
vt -0.490795 4.378541
vt 4.052649 4.200522
vt 4.228328 3.725516
vt 4.266299 3.741820
vt 4.093842 4.220194
vt -4.819575 5.578999
vt -4.793064 6.013382
vt -4.824168 5.168688
vt -4.793064 5.190973
vt 4.077355 0.706259
vt 4.115223 0.702914
vt 4.228769 1.222184
vt 4.052647 0.707784
vt -0.144527 3.623199
vt -0.105984 3.622681
vt 4.394470 3.231587
vt 4.431170 3.234338
vt 4.196710 3.722080
vt 4.366264 3.227492
vt 3.382272 3.312329
vt 3.360086 3.820956
vt 3.329897 3.825453
vt 3.348734 3.325934
vt 4.169412 0.170367
vt 4.202341 0.178192
vt 4.147635 0.169323
vt -0.274766 3.139349
vt -0.241515 3.131465
vt 4.322818 2.721859
vt 4.354912 2.713603
vt 3.300793 3.820087
vt 3.315807 3.317449
vt 3.368499 4.342691
vt 3.342133 4.346553
vt 4.306754 -0.349663
vt 4.335035 -0.340944
vt 4.288195 -0.352395
vt -0.399722 2.636010
vt -0.370700 2.629063
vt 4.202085 2.207115
vt 4.229691 2.198048
vt 3.316735 4.343695
vt 3.382272 4.872483
vt 3.359724 4.875575
vt 4.472779 -0.861721
vt 4.496758 -0.853613
vt 4.457048 -0.864507
vt -0.533191 2.128128
vt -0.508429 2.121987
vt 4.052648 1.700403
vt 4.076069 1.692006
vt 3.338024 4.873594
vt 1.605903 3.137394
vt 1.538203 2.502830
vt 1.575929 2.501156
vt 1.647387 3.135300
vt 3.919002 -5.947145
vt 3.703319 -5.459716
vt 3.664194 -5.468362
vt 3.877383 -5.960696
vt 2.354041 3.063096
vt 2.416268 2.443713
vt 2.445718 2.447457
vt 2.386031 3.072486
vt 2.311863 3.061605
vt 2.377916 2.442585
vt 6.572930 -0.950969
vt 6.572930 -1.466137
vt 6.612842 -1.463597
vt 6.617126 -0.952132
vt 1.606655 2.498350
vt 1.680741 3.126919
vt 1.537252 1.854398
vt 1.571195 1.854023
vt 3.626884 -4.891320
vt 3.590721 -4.892105
vt 2.420478 1.811075
vt 2.446963 1.805418
vt 2.385969 1.811197
vt 4.383420 -3.296098
vt 4.512792 -2.769316
vt 4.476861 -2.767279
vt 4.345331 -3.286559
vt 1.598816 1.860504
vt 1.626111 1.248891
vt 1.656410 1.246356
vt 3.680729 -4.280225
vt 3.649056 -4.275399
vt 2.342639 1.206346
vt 2.366003 1.197810
vt 2.311863 1.204228
vt 4.503106 -2.178042
vt 4.471149 -2.181513
vt 1.680741 1.255586
vt 1.612755 0.676851
vt 1.639278 0.672359
vt 3.838483 -3.714252
vt 3.810874 -3.709551
vt 2.370344 0.620281
vt 2.390765 0.614626
vt 2.343445 0.616119
vt 4.395525 -1.635915
vt 4.367624 -1.639409
vt -2.348091 6.342115
vt -2.344402 5.829096
vt -2.319394 5.835667
vt -2.319394 6.351306
vt 1.583656 0.072322
vt 1.606391 0.068697
vt 3.919002 -3.145765
vt 3.895109 -3.143057
vt 2.410093 0.003530
vt 2.427515 -0.000127
vt 2.387032 0.000193
vt 4.369339 -1.102939
vt 4.345332 -1.104682
vt 1.624582 0.072913
vt 1.660576 0.678647
vt -3.077634 4.882984
vt -3.132961 4.589361
vt -3.094498 4.583805
vt -3.035764 4.874019
vt 4.351084 5.536177
vt 4.204896 5.310507
vt 4.236812 5.288705
vt 4.385036 5.510293
vt 6.182093 -0.869456
vt 6.186172 -1.114430
vt 6.225113 -1.113892
vt 6.224918 -0.868557
vt 3.128582 4.910200
vt 3.225411 4.587020
vt 3.262770 4.592430
vt 3.168888 4.919267
vt -5.822531 5.142650
vt -5.673291 4.909960
vt -5.643893 4.933462
vt -5.791409 5.170531
vt -2.648597 6.892409
vt -2.648597 6.633537
vt -2.609651 6.634117
vt -2.605767 6.892721
vt -3.138330 4.281747
vt -3.103777 4.284644
vt 4.080813 5.038898
vt 4.112634 5.028958
vt 6.182093 -1.319925
vt 6.216993 -1.317568
vt 3.266724 4.246394
vt 3.300793 4.242949
vt -5.542023 4.643900
vt -5.511987 4.654846
vt -5.705207 4.908102
vt -5.571842 4.645342
vt -3.054706 3.953912
vt -3.024148 3.957940
vt 4.125508 4.712147
vt 4.153409 4.711502
vt 4.052647 5.032245
vt 4.100792 4.699337
vt 3.164129 3.911817
vt 3.194204 3.907319
vt -5.563052 4.307378
vt -5.536233 4.308404
vt -5.589662 4.315989
vt -3.057675 3.620858
vt -3.030981 3.618834
vt 4.217810 4.438975
vt 4.241543 4.440269
vt 4.198536 4.421396
vt 3.128582 3.584726
vt 3.155576 3.585978
vt -5.643323 3.997161
vt -5.620436 3.995992
vt -5.664600 4.011772
vt -3.138330 3.316329
vt -3.115845 3.312582
vt -2.208332 6.884740
vt -2.208332 6.636718
vt -2.185350 6.633536
vt -2.181588 6.879758
vt 4.370164 4.220194
vt 4.385036 4.237711
vt 3.144650 3.312328
vt 3.167788 3.315209
vt -3.004938 6.898649
vt -3.001138 6.633535
vt -2.977916 6.635536
vt -2.977916 6.902310
vt -5.822531 3.769271
vt -5.805853 3.753855
vt 4.886158 -4.213107
vt 4.823818 -4.551089
vt 4.856851 -4.557848
vt 4.921875 -4.224432
vt -2.033791 4.814926
vt -2.162114 4.532265
vt -2.129064 4.519130
vt -1.998674 4.797485
vt -1.208639 6.836303
vt -1.208639 6.641766
vt -1.174170 6.633536
vt -1.170772 6.827425
vt 1.993085 4.829910
vt 2.107983 4.484193
vt 2.142936 4.491556
vt 2.030417 4.841982
vt 1.680740 4.788108
vt 1.807595 4.493588
vt 1.839872 4.507141
vt 1.714997 4.806224
vt 4.884745 -4.554471
vt 4.952472 -4.221040
vt 4.819466 -4.912211
vt 4.849221 -4.909760
vt -2.237386 4.198102
vt -2.206146 4.193476
vt -2.186660 4.525523
vt -2.259399 4.192581
vt 2.147201 4.119544
vt 2.179339 4.117546
vt 1.885359 4.162444
vt 1.916010 4.167106
vt 4.874362 -4.906105
vt 4.903490 -5.265620
vt 4.929738 -5.261119
vt -2.218888 3.833464
vt -2.191156 3.834607
vt -2.238442 3.825513
vt 2.065999 3.761325
vt 2.094380 3.757245
vt 1.879509 3.798172
vt 1.906838 3.796884
vt 4.952472 -5.261017
vt 4.906100 -5.622022
vt 4.929179 -5.618936
vt -2.154026 3.498849
vt -2.130372 3.503103
vt -2.170334 3.487803
vt 2.045536 3.408509
vt 2.070541 3.405764
vt 1.822076 3.444993
vt 1.845445 3.440469
vt 4.949386 -5.623115
vt 4.914989 -5.960695
vt 4.934824 -5.957071
vt -2.018317 3.175963
vt -1.998674 3.181561
vt -2.031973 3.165438
vt 1.993086 3.088702
vt 2.014460 3.085422
vt 1.695483 3.107788
vt 1.714921 3.101852
vt 1.804526 3.453172
vt 1.680740 3.115904
vt 3.910264 6.599776
vt 3.908839 6.465246
vt 3.942731 6.466161
vt 3.947485 6.599223
vt -4.203922 6.638712
vt -4.232106 6.724868
vt -4.266470 6.720877
vt -4.241442 6.633536
vt 4.801909 6.463964
vt 4.760189 6.341017
vt 4.782248 6.334079
vt 4.827068 6.458941
vt 4.766577 6.476528
vt 4.728500 6.353789
vt -1.760311 6.444968
vt -1.813663 6.335499
vt -1.784597 6.318336
vt -1.728851 6.425120
vt 3.966692 6.466551
vt 3.973796 6.596883
vt 3.921857 6.325714
vt 3.952480 6.324804
vt -4.251734 6.822110
vt -4.282823 6.825756
vt 4.708632 6.230306
vt 4.725551 6.216539
vt 4.679412 6.240196
vt -1.853753 6.223835
vt -1.825604 6.217011
vt 3.973796 6.333172
vt 3.925268 6.218185
vt 3.950101 6.205285
vt -4.203922 6.912005
vt -4.225495 6.924383
vt 5.687953 3.185579
vt 5.673696 3.096899
vt 5.700575 3.093046
vt 5.718108 3.181929
vt 4.644747 6.133836
vt 4.672462 6.137650
vt -1.819022 6.088916
vt -1.796201 6.097450
vt -1.879912 6.216976
vt -1.842227 6.082131
vt -1.344479 6.645440
vt -1.358015 6.738191
vt -1.382421 6.736423
vt -1.368666 6.633536
vt 5.697514 2.976971
vt 5.714683 2.971719
vt 5.720543 3.096053
vt 5.673696 2.975363
vt 4.717865 6.046165
vt 4.737170 6.058498
vt -1.771137 5.969186
vt -1.753739 5.983678
vt -1.793167 5.967659
vt -1.344479 6.839145
vt -1.365332 6.839381
vt 2.833753 6.745720
vt 2.833753 6.639492
vt 2.852365 6.633535
vt 2.855327 6.740198
vt 5.676995 2.854762
vt 5.697493 2.856962
vt 4.811993 5.979551
vt 4.827068 5.991406
vt 4.709776 6.026011
vt 4.806002 5.961425
vt -1.748093 5.877162
vt -1.728851 5.877843
vt 4.256229 6.623860
vt 4.243605 6.562228
vt 4.277590 6.560767
vt 4.293140 6.619772
vt -4.818452 6.934102
vt -4.862145 6.880062
vt -4.836881 6.857754
vt -4.792170 6.907709
vt 1.570779 6.762386
vt 1.573446 6.695514
vt 1.606082 6.701953
vt 1.606612 6.769623
vt 6.744000 0.751282
vt 6.765537 0.675395
vt 6.796864 0.675366
vt 6.777734 0.754166
vt 6.715620 0.735560
vt 6.739130 0.663552
vt 1.942374 6.763065
vt 1.943209 6.694242
vt 1.976395 6.689900
vt 1.978813 6.758124
vt 4.245318 6.500773
vt 4.275650 6.505913
vt -4.900885 6.810351
vt -4.874067 6.800611
vt 1.570779 6.633537
vt 1.600092 6.642661
vt 6.771226 0.590948
vt 6.799351 0.583860
vt -3.966309 6.889341
vt -3.912856 6.850173
vt -3.893465 6.868820
vt -3.953788 6.919377
vt 1.948992 6.640998
vt 1.978813 6.633536
vt 4.271195 6.434234
vt 4.298338 6.438151
vt -4.885962 6.731008
vt -4.863318 6.732356
vt -4.926865 6.806475
vt -4.907782 6.716928
vt 6.732723 0.503649
vt 6.757970 0.497979
vt -3.892138 6.770612
vt -3.871612 6.777019
vt -3.938170 6.839784
vt -3.918134 6.772175
vt 4.269040 6.365551
vt 4.292626 6.361877
vt -4.847429 6.679380
vt -4.828990 6.682566
vt -4.861451 6.659890
vt 6.715620 0.426797
vt 6.739324 0.428105
vt 1.317294 6.771929
vt 1.320918 6.711871
vt 1.344950 6.712469
vt 1.344581 6.774672
vt -3.929229 6.701159
vt -3.907939 6.690349
vt 4.243605 6.304062
vt 4.263132 6.298533
vt 3.686729 6.703325
vt 3.690036 6.634931
vt 3.710520 6.633536
vt 3.710520 6.700639
vt -4.801653 6.633535
vt -4.792170 6.651968
vt 6.719984 0.374707
vt 6.740452 0.377805
vt 1.317294 6.633963
vt 1.337942 6.633535
vt -3.966309 6.645841
vt -3.949614 6.633536
vt 5.784517 6.629950
vt 5.777328 6.559106
vt 5.826850 6.558739
vt 5.838853 6.626508
vt -1.584903 6.846496
vt -1.587188 6.799687
vt -1.538756 6.788848
vt -1.531534 6.833786
vt 1.865715 6.762351
vt 1.870817 6.699258
vt 1.920559 6.696455
vt 1.920559 6.760860
vt 6.739835 2.837006
vt 6.748255 2.761863
vt 6.794823 2.762829
vt 6.790959 2.841369
vt 6.697150 2.831313
vt 6.709469 2.757931
vt -5.806965 6.951469
vt -5.801066 6.883728
vt -5.751760 6.890350
vt -5.752477 6.957113
vt 5.779494 6.487748
vt 5.823656 6.494776
vt -1.587670 6.742040
vt -1.544246 6.735641
vt 1.870998 6.638185
vt 1.915534 6.633534
vt 6.748628 2.687508
vt 6.790059 2.680409
vt 6.714055 2.689113
vt -5.791229 6.823611
vt -5.747239 6.831784
vt 5.799772 6.423444
vt 5.838853 6.429705
vt -1.577822 6.679029
vt -1.539723 6.675866
vt -1.618772 6.718258
vt -1.605019 6.655509
vt 6.729430 2.609091
vt 6.766094 2.602763
vt 6.699371 2.614079
vt -5.779811 6.774731
vt -5.740689 6.779414
vt 5.803283 6.357844
vt 5.837636 6.357440
vt -1.564194 6.634871
vt -1.531534 6.633536
vt 2.388512 6.753341
vt 2.378792 6.699124
vt 2.410220 6.688331
vt 2.423131 6.734381
vt 6.723026 2.524040
vt 6.755633 2.524432
vt 6.697150 2.530763
vt -5.784129 6.715217
vt -5.751023 6.713155
vt 5.800527 6.284883
vt 5.829682 6.282904
vt 2.414390 6.633535
vt 2.438146 6.645580
vt 2.438146 6.700665
vt 2.387658 6.639924
vt 6.720102 2.449099
vt 6.747937 2.451000
vt -5.779852 6.652682
vt -5.762052 6.633538
vt -5.729414 6.692440
vt -5.806965 6.657175
vt -4.093490 6.912843
vt -4.087648 6.848711
vt -4.050666 6.856797
vt -4.052772 6.921166
vt -4.125731 6.922636
vt -4.117092 6.859348
vt -5.203157 6.937532
vt -5.193184 6.881660
vt -5.154247 6.885414
vt -5.160586 6.944045
vt 6.738562 3.182714
vt 6.731637 3.115437
vt 6.765884 3.110005
vt 6.776289 3.177372
vt 6.702121 3.184951
vt 6.698321 3.115550
vt 6.736078 6.611135
vt 6.729282 6.545985
vt 6.768306 6.542922
vt 6.778754 6.605305
vt -4.082665 6.786692
vt -4.049473 6.795365
vt 3.142676 6.730528
vt 3.147021 6.685682
vt 3.182254 6.685153
vt 3.181704 6.732639
vt -5.191646 6.825299
vt -5.156708 6.823629
vt 6.727417 3.051985
vt 6.758131 3.045468
vt 6.697152 3.048138
vt 6.731575 6.477120
vt 6.766569 6.479558
vt -4.078158 6.738548
vt -4.048749 6.742905
vt 3.142676 6.636683
vt 3.173558 6.633535
vt -5.203157 6.768441
vt -5.172101 6.766911
vt 6.725244 2.986305
vt 6.752421 2.984630
vt 6.698467 2.978719
vt 6.747646 6.408110
vt 6.778754 6.410324
vt -4.094780 6.688267
vt -4.069708 6.688892
vt -4.101834 6.753463
vt -4.115319 6.702199
vt -5.199663 6.701501
vt -5.172405 6.703013
vt 6.743186 2.915895
vt 6.766305 2.918316
vt 6.719936 2.908185
vt 6.748324 6.336740
vt 6.775655 6.335789
vt -4.107959 6.633539
vt -4.086352 6.634487
vt -4.125731 6.644873
vt -5.195174 6.633539
vt -5.171811 6.635075
vt 6.756362 2.847251
vt 6.776289 2.848835
vt 6.736270 2.841368
vt 6.747866 6.268054
vt 6.771294 6.266995
vt -2.705828 4.839523
vt -2.754154 4.548309
vt -2.704951 4.546816
vt -2.651965 4.834874
vt -2.739497 4.861598
vt -2.784943 4.566385
vt -3.867074 6.420933
vt -3.861937 6.149572
vt -3.812083 6.147559
vt -3.812083 6.419497
vt -3.439545 4.891197
vt -3.379608 4.575603
vt -3.334001 4.580142
vt -3.389746 4.899453
vt -3.482853 4.881420
vt -3.419199 4.568837
vt 6.130021 -4.601771
vt 6.130021 -4.883809
vt 6.179829 -4.881665
vt 6.184960 -4.600220
vt -2.763084 4.254806
vt -2.718937 4.260488
vt -4.969937 6.492910
vt -5.010284 6.290251
vt -4.969648 6.276799
vt -4.925316 6.471462
vt -3.865387 5.895913
vt -3.820711 5.895508
vt -3.358302 4.252708
vt -3.317248 4.249328
vt -3.393996 4.255976
vt 6.138482 -5.139724
vt 6.183106 -5.139277
vt -2.693100 3.951753
vt -2.654029 3.956807
vt -4.960672 6.048923
vt -4.925316 6.041052
vt -5.046921 6.270981
vt -4.992494 6.027851
vt -3.433274 3.934557
vt -3.396940 3.931540
vt -3.464147 3.943404
vt -3.160975 6.905567
vt -3.160975 6.644674
vt -3.124094 6.633536
vt -3.119402 6.898161
vt -2.686199 3.634846
vt -2.651965 3.634272
vt -2.716933 3.952443
vt -2.706980 3.636317
vt 6.592926 -1.667660
vt 6.592737 -1.889657
vt 6.624648 -1.898665
vt 6.629435 -1.681203
vt -3.455904 3.619999
vt -3.423806 3.622218
vt -3.482853 3.626850
vt 6.582114 3.683816
vt 6.587336 3.442617
vt 6.619580 3.450231
vt 6.619046 3.695963
vt -2.703044 3.314208
vt -2.673962 3.312583
vt -2.720711 3.315772
vt 6.602291 -2.128580
vt 6.629435 -2.135635
vt -3.457224 3.312583
vt -3.429890 3.315563
vt -3.480160 3.318112
vt 6.582114 3.186743
vt 6.609529 3.192580
vt 1.978813 6.759352
vt 1.978813 6.733417
vt 2.004861 6.736847
vt 2.007298 6.761975
vt 2.317537 6.751081
vt 2.324347 6.728946
vt 2.352918 6.732285
vt 2.348404 6.756806
vt 2.759007 6.737562
vt 2.760063 6.718838
vt 2.783178 6.724050
vt 2.784257 6.746593
vt 2.729897 6.740897
vt 2.733472 6.722907
vt 4.126458 6.664462
vt 4.107465 6.665916
vt 4.109051 6.637456
vt 4.126458 6.633536
vt 2.028747 6.731958
vt 2.033296 6.753257
vt 1.983393 6.703380
vt 2.006740 6.708871
vt 2.327413 6.703401
vt 2.353512 6.702614
vt 2.757917 6.700583
vt 2.778137 6.699026
vt 2.734131 6.706632
vt 3.522780 6.633536
vt 3.524888 6.652225
vt 3.499236 6.651891
vt 3.495024 6.637287
vt 2.027787 6.710774
vt 1.992645 6.678189
vt 2.013848 6.681259
vt 2.326409 6.681091
vt 2.349253 6.676143
vt 2.751513 6.682557
vt 2.769120 6.678687
vt 2.729897 6.686131
vt 3.522540 6.676663
vt 3.499825 6.672171
vt 2.032225 6.685446
vt 1.996229 6.656410
vt 2.015190 6.656965
vt 2.320916 6.660868
vt 2.340839 6.655602
vt 2.749560 6.659899
vt 2.765239 6.657687
vt 2.730222 6.660896
vt 3.515838 6.698915
vt 3.495966 6.694062
vt 2.031539 6.659460
vt 2.000311 6.633536
vt 2.016683 6.634555
vt 2.317537 6.637098
vt 2.335016 6.633536
vt 2.746859 6.634917
vt 2.760477 6.633536
vt 2.730164 6.636318
vt 3.512380 6.719074
vt 3.495024 6.715853
vt 2.030878 6.636180
vt -0.738579 4.336390
vt -0.850075 3.983924
vt -0.813370 3.966655
vt -0.699100 4.313750
vt 4.431268 -5.960696
vt 4.522810 -5.616894
vt 4.480901 -5.610905
vt 4.385615 -5.951893
vt 0.273161 5.439008
vt 0.285825 4.991619
vt 0.326156 4.984875
vt 0.317532 5.433178
vt 3.702882 4.301319
vt 3.838252 3.860820
vt 3.879664 3.869325
vt 3.747403 4.315136
vt 4.563623 5.982409
vt 4.559639 5.527997
vt 4.592432 5.514096
vt 4.599744 5.969869
vt 4.520033 5.975757
vt 4.520033 5.520468
vt -0.876138 3.578281
vt -0.842682 3.568908
vt 4.553710 -5.205181
vt 4.515710 -5.203220
vt 0.291183 4.603257
vt 0.327433 4.594531
vt 3.871104 3.394606
vt 3.908838 3.395089
vt -1.637323 3.170240
vt -1.701187 3.535645
vt -1.739107 3.534508
vt -1.678853 3.165438
vt 4.521595 5.121436
vt 4.557189 5.130964
vt -0.815602 3.153234
vt -0.786262 3.149182
vt 4.543268 -4.749234
vt 4.509735 -4.751618
vt 0.273161 4.282244
vt 0.305344 4.274345
vt 3.808080 2.924907
vt 3.841073 2.920652
vt -1.716358 3.955776
vt -1.750041 3.958658
vt -0.757470 3.159899
vt -0.810231 3.580751
vt -0.750187 2.689456
vt -0.724422 2.684503
vt 4.439969 -4.304602
vt 4.410729 -4.307080
vt 3.735757 2.434929
vt 3.753970 2.427906
vt 3.861596 2.910385
vt 3.706715 2.437135
vt -1.637323 4.375648
vt -1.666715 4.378539
vt -0.699100 2.692045
vt -0.759589 2.253811
vt -0.737523 2.247260
vt 4.410809 -3.891335
vt 4.385615 -3.891782
vt 6.726729 2.443639
vt 6.726729 2.094434
vt 6.749963 2.087257
vt 6.753896 2.434769
vt 3.702882 1.950535
vt 3.727884 1.951171
vt -1.641101 4.760612
vt -1.666317 4.761522
vt -0.715856 2.253163
vt 3.485391 -0.908388
vt 3.361736 -1.899415
vt 3.406045 -1.909923
vt 3.533871 -0.925289
vt 2.551396 3.589866
vt 2.458663 2.940383
vt 2.514150 2.943583
vt 2.612550 3.592181
vt 3.178947 -0.864673
vt 3.311173 -1.866824
vt 3.361736 -1.869868
vt 3.234487 -0.864506
vt 3.128580 -0.879850
vt 3.265148 -1.875722
vt 6.008543 2.577484
vt 6.014370 1.696694
vt 6.069986 1.692006
vt 6.069986 2.573851
vt 3.457788 -1.906698
vt 3.590721 -0.925220
vt 3.406292 -2.919726
vt 3.445889 -2.923017
vt 2.451113 2.163532
vt 2.500847 2.168023
vt 3.271099 -2.893584
vt 3.316323 -2.900259
vt 3.229971 -2.895390
vt 3.597747 4.781422
vt 3.621761 3.957643
vt 3.669951 3.949450
vt 3.651478 4.774247
vt 3.492171 -2.916207
vt 3.514780 -3.937064
vt 3.549737 -3.939669
vt 2.482687 1.349767
vt 2.526541 1.355425
vt 3.164888 -3.921380
vt 3.204945 -3.925347
vt 3.128580 -3.922671
vt 3.597747 3.095278
vt 3.640252 3.086225
vt 3.590721 -3.935573
vt 3.500793 -4.967172
vt 3.531045 -4.974316
vt 2.574449 0.624445
vt 2.612550 0.628052
vt 3.178177 -4.957752
vt 3.212896 -4.958121
vt 3.146735 -4.963785
vt 1.171615 4.798393
vt 1.093440 3.997147
vt 1.131812 3.995929
vt 1.215794 4.795338
vt 3.566560 -4.973819
vt 3.374075 -5.951447
vt 3.399392 -5.960639
vt 2.473584 -0.015995
vt 2.505731 -0.014697
vt 3.313858 -5.952415
vt 3.343238 -5.952245
vt 3.287535 -5.960695
vt 1.183388 3.110666
vt 1.215794 3.111921
vt 3.429447 -5.960696
vt 3.599984 3.086226
vt 3.407307 2.255383
vt 3.445721 2.242937
vt 3.641825 3.069177
vt 6.387089 3.929741
vt 6.387089 3.195137
vt 6.444084 3.186745
vt 6.450153 3.923402
vt 3.192228 3.296553
vt 3.343503 2.474285
vt 3.394505 2.482432
vt 3.247684 3.312330
vt 3.138330 3.293583
vt 3.294327 2.474600
vt 5.099163 -4.536285
vt 5.072152 -5.295299
vt 5.129439 -5.289949
vt 5.162404 -4.533422
vt 3.502098 2.237941
vt 3.702883 3.056929
vt 3.394505 1.404444
vt 3.428946 1.395805
vt 4.713852 -0.848375
vt 4.581771 -0.225895
vt 4.530802 -0.233777
vt 4.658070 -0.864506
vt 3.333982 1.631542
vt 3.379639 1.627178
vt 3.289968 1.634392
vt 5.111833 -5.960696
vt 5.162404 -5.948809
vt 3.479684 1.402685
vt 4.585498 0.488819
vt 4.555495 0.511048
vt 4.496758 -0.210750
vt 4.630370 0.490928
vt 3.206919 0.799630
vt 3.246883 0.792126
vt 3.167854 0.799782
vt 6.165597 2.518141
vt 6.165597 3.176462
vt 6.122747 3.186675
vt 6.117296 2.534664
vt 3.583558 0.612127
vt 3.627948 0.621633
vt 3.552904 0.621974
vt 3.637182 -0.142366
vt 3.664111 -0.157541
vt 4.713852 1.155996
vt 4.675110 1.155214
vt 3.162479 -0.042597
vt 3.197150 -0.043175
vt 3.128580 -0.049769
vt -1.071547 4.023925
vt -1.072838 3.369782
vt -1.033269 3.367758
vt -1.025915 4.020327
vt 3.702883 -0.154686
vt 3.495842 -0.846804
vt 3.518146 -0.863624
vt 6.380561 2.445562
vt 6.386592 1.692005
vt 6.419924 1.694328
vt 6.419924 2.449098
vt 3.365792 -0.853940
vt 3.394505 -0.850698
vt 3.337866 -0.864505
vt -1.059410 2.581817
vt -1.025915 2.580798
vt 3.550557 -0.864505
vt 2.703087 3.500033
vt 2.612549 2.795748
vt 2.650177 2.792188
vt 2.744043 3.490844
vt 4.010387 1.950535
vt 3.820589 1.461783
vt 3.859878 1.448728
vt 4.052648 1.933134
vt 2.864986 3.353598
vt 3.027357 2.645810
vt 3.051007 2.652611
vt 2.890831 3.362141
vt 2.820659 3.343658
vt 2.986255 2.641553
vt 1.993084 3.067148
vt 2.179510 2.527451
vt 2.218187 2.540969
vt 2.034675 3.085421
vt 2.684140 2.793571
vt 2.781330 3.491306
vt 2.650991 2.073101
vt 2.684589 2.078047
vt 3.728929 0.859005
vt 3.765134 0.854094
vt 3.026417 1.924222
vt 3.047683 1.930583
vt 2.989359 1.928387
vt 2.276157 1.893032
vt 2.311862 1.897751
vt 2.715140 2.079042
vt 2.763446 1.380032
vt 2.793160 1.385881
vt 3.808057 0.208534
vt 3.839727 0.209230
vt 3.702883 0.845780
vt 3.785286 0.193013
vt 2.858091 1.262973
vt 2.890844 1.257891
vt 2.209538 1.207276
vt 2.240827 1.206017
vt 2.820657 1.382469
vt 2.749092 0.698106
vt 2.774944 0.698222
vt 3.980843 -0.365123
vt 4.008820 -0.365959
vt 3.961493 -0.381383
vt 2.820659 0.639155
vt 2.849440 0.639333
vt 2.041767 0.570142
vt 2.069399 0.570630
vt 2.798897 0.691988
vt 2.612548 -0.007491
vt 2.634215 -0.010324
vt 4.028414 -0.861875
vt 4.052648 -0.864506
vt 2.973694 -0.013130
vt 2.988217 -0.002970
vt 2.866458 0.650841
vt 2.949414 -0.015995
vt 1.993085 -0.000126
vt 2.017027 0.002465
vt 2.654664 -0.015996
vt 1.052284 3.108372
vt 1.076801 2.487312
vt 1.113638 2.490839
vt 1.092881 3.110667
vt 3.919002 -3.314405
vt 4.091961 -3.814797
vt 4.125327 -3.799756
vt 3.955157 -3.296099
vt 1.024980 3.119892
vt 1.003238 2.509751
vt 1.027869 2.510050
vt 1.052284 3.123977
vt 0.984246 3.122506
vt 0.966272 2.513562
vt 1.953152 3.097356
vt 1.784315 2.507416
vt 1.819058 2.497814
vt 1.990824 3.084694
vt 1.922790 3.101850
vt 1.755879 2.508205
vt 1.168921 1.867656
vt 1.202250 1.869117
vt 4.166891 -4.296692
vt 4.197582 -4.289462
vt 0.916141 1.902915
vt 0.937829 1.897244
vt 0.882704 1.904624
vt 1.706844 1.908923
vt 1.738771 1.907790
vt 1.680739 1.903808
vt 1.186003 1.288814
vt 1.215794 1.286747
vt 4.050747 -4.824631
vt 4.077507 -4.822672
vt 4.138856 -4.285233
vt 4.025986 -4.812969
vt 0.876176 1.315223
vt 0.906036 1.317122
vt 1.829631 1.300988
vt 1.857457 1.305116
vt 1.806595 1.294754
vt 1.167070 0.710209
vt 1.193021 0.706071
vt 3.951973 -5.372325
vt 3.975522 -5.369883
vt 3.929846 -5.365054
vt 0.905746 0.717039
vt 0.931736 0.721073
vt 1.938204 0.688249
vt 1.962700 0.691070
vt 1.917538 0.686017
vt 1.052284 0.119181
vt 1.074335 0.114188
vt 3.938122 -5.960696
vt 3.958376 -5.957963
vt 3.919002 -5.956510
vt 1.030211 0.114187
vt 1.052284 0.119109
vt 1.969740 0.068696
vt 1.990824 0.070442
vt 1.951824 0.068958
vt 6.503537 -0.875547
vt 6.510012 -1.466138
vt 6.539252 -1.452137
vt 6.535890 -0.864881
vt 1.368017 3.072573
vt 1.250363 2.573208
vt 1.285295 2.564573
vt 1.405748 3.059261
vt -2.751467 6.429311
vt -2.748184 5.852221
vt -2.715240 5.859622
vt -2.715240 6.437972
vt -2.784943 6.439960
vt -2.778475 5.866088
vt 6.331515 -4.607504
vt 6.335219 -5.191518
vt 6.369236 -5.189597
vt 6.369236 -4.601136
vt 6.572930 -1.457855
vt 6.572930 -0.871704
vt 6.154860 -3.300589
vt 6.154860 -3.776473
vt 6.187593 -3.771831
vt 6.190938 -3.301110
vt 1.248265 1.978170
vt 1.279978 1.974441
vt 1.223595 2.561590
vt 1.224291 1.970158
vt 3.786701 -0.905064
vt 3.868895 -1.468630
vt 3.898649 -1.475038
vt 3.818372 -0.905336
vt 1.441340 2.593967
vt 1.461111 2.002217
vt 1.490768 2.008338
vt 1.473869 2.605345
vt 1.410686 2.601703
vt 1.433702 2.006684
vt -3.951431 6.381517
vt -3.948226 5.890359
vt -3.920855 5.898205
vt -3.920855 6.387553
vt 1.237150 1.343798
vt 1.265316 1.343124
vt 1.215795 1.337275
vt 3.865036 -1.992798
vt 3.891516 -2.001350
vt 1.510772 1.370946
vt 1.537251 1.373708
vt 1.486391 1.374305
vt 2.329459 5.821184
vt 2.386291 5.316447
vt 2.412087 5.315961
vt 2.358840 5.821913
vt 1.324367 0.715733
vt 1.348986 0.715931
vt 1.305842 0.707808
vt 3.786701 -2.553095
vt 3.809992 -2.559325
vt 1.465654 0.727641
vt 1.488840 0.729255
vt 1.444351 0.732838
vt 2.329459 4.812697
vt 2.351534 4.810784
vt 1.384497 0.121884
vt 1.405748 0.121163
vt 1.368678 0.114188
vt 3.811298 -3.139405
vt 3.831315 -3.143056
vt 1.428932 0.114188
vt 1.448913 0.116492
vt 1.410686 0.119566
vt 4.197581 -3.531837
vt 4.265559 -4.023602
vt 4.298264 -4.018376
vt 4.233652 -3.527240
vt 0.260620 4.264453
vt 0.301815 3.797540
vt 0.327433 3.805682
vt 0.288684 4.274345
vt 0.226099 4.265719
vt 0.270256 3.800552
vt 4.070592 -0.865034
vt 4.006105 -1.350320
vt 4.038837 -1.355186
vt 4.106691 -0.869239
vt 0.402292 4.263630
vt 0.358724 3.773420
vt 0.384821 3.773713
vt 0.430880 4.262944
vt 0.368072 4.267655
vt 0.327433 3.775120
vt 4.355853 -4.511978
vt 4.385614 -4.509592
vt 0.289050 3.339906
vt 0.312004 3.342602
vt 0.260659 3.345033
vt 3.919002 -1.834780
vt 3.948784 -1.836835
vt 0.368620 3.276691
vt 0.392017 3.281798
vt 0.340465 3.275718
vt 4.324458 -4.994157
vt 4.350954 -4.995660
vt 0.207830 2.859752
vt 0.228075 2.859842
vt 0.182394 2.863051
vt 3.952740 -2.325383
vt 3.979253 -2.323565
vt 0.450266 2.804109
vt 0.470905 2.810955
vt 0.425039 2.804503
vt 4.279685 -5.480967
vt 4.302736 -5.484375
vt 0.197178 2.369758
vt 0.214941 2.372608
vt 0.174872 2.367790
vt 4.001151 -2.823087
vt 4.024217 -2.819400
vt 0.460860 2.331205
vt 0.478977 2.334581
vt 0.438725 2.336188
vt 4.197581 -5.956511
vt 4.217251 -5.960696
vt 0.312379 1.890078
vt 0.327433 1.893973
vt 0.293628 1.885689
vt 4.087011 -3.296097
vt 4.106691 -3.291685
vt 0.346046 1.885688
vt 0.361410 1.887251
vt 0.327433 1.892497
vt -2.887633 6.899883
vt -2.884056 6.813147
vt -2.874329 6.809045
vt -2.874259 6.895519
vt 3.555194 6.633765
vt 3.555194 6.718729
vt 3.543959 6.718709
vt 3.539829 6.633535
vt -0.302453 6.814937
vt -0.304098 6.731398
vt -0.294142 6.728508
vt -0.288880 6.809963
vt -5.154247 6.943635
vt -5.152820 6.839228
vt -5.141804 6.840835
vt -5.139130 6.944379
vt -0.869278 6.827401
vt -0.865708 6.735918
vt -0.855982 6.733069
vt -0.855982 6.823279
vt -0.882615 6.822603
vt -0.875479 6.733182
vt -2.903040 6.729251
vt -2.896827 6.727513
vt -0.290641 6.633536
vt -0.284615 6.636154
vt -0.284615 6.731684
vt -0.296948 6.635579
vt -5.128972 6.737079
vt -5.121969 6.737111
vt -0.870204 6.635969
vt -0.864062 6.633536
vt -0.876398 6.634015
vt -2.874259 6.633537
vt 3.189279 6.633536
vt 3.189279 6.734213
vt 3.182256 6.634755
vt -5.154247 6.633536
vt -5.117337 6.735619
vt 3.539829 6.634364
vt 3.532789 6.719441
vt 3.532789 6.633535
vt -2.890694 6.729328
vt 5.944307 -3.300518
vt 5.964658 -3.417815
vt 5.975706 -3.418180
vt 5.959437 -3.299974
vt -3.826152 6.920218
vt -3.812109 6.812803
vt -3.799721 6.813979
vt -3.809078 6.921984
vt 3.000107 6.620703
vt 2.979746 6.500251
vt 2.987334 6.499653
vt 3.010465 6.618980
vt 2.983291 6.623270
vt 2.967462 6.501340
vt -1.667251 6.852541
vt -1.667251 6.739817
vt -1.654870 6.740209
vt -1.650174 6.852929
vt 5.986135 -3.416162
vt 5.973731 -3.296309
vt 5.968812 -3.536156
vt 5.975610 -3.538191
vt -3.801122 6.714479
vt -3.793437 6.714241
vt 2.975213 6.379494
vt 2.979902 6.379770
vt 2.967647 6.378294
vt -1.666357 6.633534
vt -1.658745 6.634827
vt 5.982062 -3.537563
vt 5.944307 -3.639574
vt -3.826152 6.633534
vt 3.418692 6.724250
vt 3.418692 6.633536
vt 3.425352 6.721312
vt 3.010465 6.264040
vt 3.082921 6.737218
vt 3.076025 6.633535
vt 3.089288 6.733580
vt 3.076025 6.735248
vt 5.855825 3.185656
vt 5.853568 3.038487
vt 5.863506 3.035089
vt 5.869815 3.182147
vt -1.751851 6.857234
vt -1.745801 6.751258
vt -1.731135 6.749840
vt -1.731339 6.855779
vt 4.394138 6.516580
vt 4.401365 6.367587
vt 4.415605 6.368019
vt 4.414086 6.516624
vt 4.379536 6.514086
vt 4.390976 6.364905
vt 5.813386 3.185066
vt 5.811686 3.041473
vt 5.826197 3.042403
vt 5.833669 3.185698
vt 5.877872 3.034528
vt 5.889950 3.181916
vt 5.839671 2.893685
vt 5.845656 2.892510
vt -1.751851 6.634804
vt -1.743057 6.633535
vt 4.420817 6.221914
vt 4.429377 6.220720
vt 4.414572 6.221180
vt 5.822990 2.896023
vt 5.831704 2.897125
vt 5.854312 2.893611
vt 2.881845 6.633536
vt 2.890265 6.744996
vt 2.875243 6.638836
vt 2.890265 6.635523
vt 4.379536 6.078509
vt 5.833669 2.776232
vt 5.889950 2.753764
vt 6.506990 5.098541
vt 6.526080 4.867659
vt 6.535830 4.870565
vt 6.520351 5.104098
vt 6.491811 5.100741
vt 6.515027 4.869865
vt 4.553710 -3.298903
vt 4.562085 -3.545131
vt 4.573600 -3.543011
vt 4.569605 -3.296751
vt 6.462427 -0.159684
vt 6.442882 -0.402914
vt 6.452597 -0.405417
vt 6.475747 -0.164731
vt 6.447215 -0.161491
vt 6.431807 -0.404852
vt 0.756775 6.194681
vt 0.749372 5.927700
vt 0.761375 5.926676
vt 0.773339 6.194078
vt 6.498702 4.622598
vt 6.504797 4.624867
vt 6.491811 4.624356
vt 4.609327 -3.799584
vt 4.616554 -3.799175
vt 6.469671 -0.655399
vt 6.475747 -0.657430
vt 6.462767 -0.657001
vt 0.712809 5.667276
vt 0.720327 5.667584
vt 6.513932 4.431827
vt -1.446188 6.633539
vt -1.446603 6.845280
vt -1.453728 6.633539
vt 4.553710 -4.045497
vt 4.603850 -3.798127
vt 6.453691 -0.864505
vt 0.773339 5.407781
vt 4.890293 5.918506
vt 4.876716 5.622441
vt 4.885266 5.622240
vt 4.902185 5.919004
vt -5.651186 5.174759
vt -5.703477 5.446280
vt -5.716345 5.444263
vt -5.668836 5.170533
vt -4.582418 5.862147
vt -4.563302 5.569068
vt -4.550475 5.569606
vt -4.564669 5.863661
vt 6.140201 -2.452671
vt 6.094754 -2.727446
vt 6.104898 -2.725593
vt 6.154180 -2.450836
vt 6.123230 -2.448117
vt 6.082388 -2.725214
vt 4.898262 5.621770
vt 4.920167 5.917583
vt 4.879898 5.325185
vt 4.885148 5.324420
vt -5.707037 5.725511
vt -5.714915 5.725770
vt -4.557932 5.274493
vt -4.550063 5.273882
vt 6.096149 -3.010458
vt 6.102363 -3.008700
vt 6.088590 -3.010621
vt 4.893114 5.325071
vt -5.651186 6.008537
vt -5.720351 5.728117
vt -4.582418 4.987604
vt 6.154180 -3.296098
vt 4.920167 5.041126
vt -3.077789 5.844740
vt -3.050906 5.506634
vt -3.037306 5.503781
vt -3.058754 5.842659
vt 5.441630 -0.866996
vt 5.485061 -1.220656
vt 5.500493 -1.219838
vt 5.463170 -0.864533
vt 5.872595 -3.536299
vt 5.851273 -3.890506
vt 5.864511 -3.890041
vt 5.891152 -3.536366
vt 5.853665 -3.534207
vt 5.837747 -3.890466
vt 5.881613 4.247476
vt 5.843805 3.890721
vt 5.859240 3.889898
vt 5.903155 4.245009
vt -3.024148 5.506544
vt -3.040313 5.847214
vt -3.077789 5.183406
vt -3.069683 5.181103
vt 5.485834 -1.574870
vt 5.495039 -1.575536
vt 5.883238 -4.245463
vt 5.891152 -4.245681
vt 5.875176 -4.246099
vt 5.849895 3.539223
vt 5.859098 3.539880
vt -3.061816 5.183202
vt -3.058155 4.882982
vt 5.441630 -1.930307
vt 5.870780 -4.599555
vt 5.903155 3.186743
vt 2.509776 6.431826
vt 2.496014 6.252560
vt 2.508294 6.246812
vt 2.527246 6.425949
vt 6.730968 3.566571
vt 6.738870 3.387682
vt 6.751930 3.389389
vt 6.749171 3.570822
vt 6.715055 3.571629
vt 6.727462 3.390988
vt -3.440807 6.442586
vt -3.420128 6.237702
vt -3.406563 6.241090
vt -3.421538 6.444839
vt 0.792750 6.591832
vt 0.784786 6.399520
vt 0.798001 6.398175
vt 0.811158 6.588043
vt 0.777173 6.587289
vt 0.773620 6.396591
vt 2.445178 6.101778
vt 2.452780 6.100545
vt 6.721983 3.186744
vt 6.729843 3.189347
vt 6.715055 3.189422
vt -3.353268 6.050102
vt -3.344908 6.049617
vt 0.803219 6.197150
vt 0.811158 6.194720
vt 0.796431 6.194681
vt 2.527246 5.911131
vt -0.835520 6.633537
vt -0.843649 6.827180
vt -0.843649 6.636360
vt -0.829461 6.637150
vt -3.440807 5.865359
vt 0.224055 6.636634
vt 0.216031 6.802042
vt 0.216031 6.633535
vt 2.460068 6.102698
vt 6.560377 -3.953562
vt 6.562389 -4.168787
vt 6.576800 -4.167201
vt 6.580600 -3.950984
vt 0.385455 6.235227
vt 0.391626 6.010106
vt 0.406946 6.009549
vt 0.406946 6.235002
vt 6.575881 -3.307881
vt 6.578089 -3.517070
vt 6.589482 -3.513075
vt 6.591862 -3.302094
vt 6.555202 -3.305709
vt 6.563355 -3.515770
vt -0.896910 6.284287
vt -0.896372 6.061536
vt -0.881569 6.062813
vt -0.876137 6.285525
vt 6.588834 -4.170699
vt 6.597480 -3.956074
vt 6.560377 -4.387763
vt 6.568982 -4.386458
vt 0.386192 5.785133
vt 0.395339 5.785027
vt 6.585058 -3.730895
vt 6.591862 -3.728647
vt 6.576257 -3.729764
vt -0.884979 5.840975
vt -0.876137 5.841511
vt 6.576168 -4.388408
vt 6.581451 -4.599555
vt 0.402906 5.557034
vt 6.569364 -3.935872
vt -0.890429 5.615912
vt -0.891688 5.842118
vt -2.167176 6.450269
vt -2.175306 6.242731
vt -2.158856 6.240227
vt -2.143914 6.447588
vt 6.644073 2.913824
vt 6.633759 2.763130
vt 6.650159 2.763784
vt 6.667326 2.915586
vt 6.691673 3.589431
vt 6.697641 3.397970
vt 6.714221 3.396775
vt 6.715055 3.588078
vt 6.509226 2.352805
vt 6.524407 2.133971
vt 6.540953 2.135953
vt 6.532622 2.354724
vt 6.483445 2.374333
vt 6.482855 2.135173
vt 6.495849 2.132707
vt 6.501796 2.369479
vt 6.461550 2.371456
vt 6.467331 2.132851
vt -2.201914 6.052041
vt -2.192178 6.051767
vt 6.591961 2.615940
vt 6.601696 2.617275
vt 6.691673 3.187332
vt 6.701456 3.186745
vt 6.559393 1.929541
vt 6.569178 1.929474
vt 6.501558 1.891899
vt 6.509223 1.888971
vt 6.492398 1.890674
vt -2.143914 5.824205
vt 6.667326 2.449099
vt 6.509226 1.692005
vt 6.574808 1.925632
vt -0.529716 6.820650
vt -0.520176 6.633536
vt -0.520176 6.822714
vt 6.461550 1.692006
vt 6.294103 3.970665
vt 6.323484 3.709478
vt 6.341094 3.708419
vt 6.318936 3.971861
vt 4.814574 0.951375
vt 4.798322 1.207886
vt 4.780604 1.209058
vt 4.789520 0.951330
vt 6.281568 -1.335816
vt 6.257109 -1.601390
vt 6.267893 -1.604405
vt 6.296814 -1.341009
vt 6.256532 -1.334486
vt 6.239377 -1.602372
vt 6.473294 4.439851
vt 6.479142 4.684834
vt 6.461890 4.682146
vt 6.448874 4.437672
vt 6.491242 4.431829
vt 6.491813 4.678578
vt 6.295912 3.454576
vt 6.306171 3.453426
vt 4.815058 1.444728
vt 4.804713 1.445208
vt 6.290560 -1.863187
vt 6.296814 -1.864188
vt 6.280237 -1.864295
vt 6.458945 4.899177
vt 6.448874 4.897801
vt 6.111619 -0.875393
vt 6.130095 -1.098449
vt 6.139393 -1.095654
vt 6.127542 -0.869597
vt 6.294103 3.186743
vt 4.780604 1.689245
vt 6.296760 -2.135634
vt 6.485833 5.121506
vt 6.111619 -1.300855
vt 6.154414 -5.139724
vt 6.130023 -5.435321
vt 6.145180 -5.439223
vt 6.176245 -5.141824
vt -5.275211 6.019176
vt -5.190176 5.743519
vt -5.171143 5.743499
vt -5.249218 6.026845
vt 6.167233 5.250230
vt 6.159992 4.963150
vt 6.173034 4.960601
vt 6.185693 5.250955
vt 6.140818 5.250973
vt 6.141449 4.961230
vt -5.090222 6.021767
vt -5.171143 5.737336
vt -5.152085 5.737349
vt -5.064271 6.014018
vt 6.162742 -5.438175
vt 6.200848 -5.144650
vt 6.137980 -5.685882
vt 6.146747 -5.687856
vt -5.271910 5.462939
vt -5.261055 5.461113
vt 6.191004 4.709589
vt 6.198579 4.706104
vt 6.180270 4.708765
vt -5.083083 5.456648
vt -5.072211 5.458470
vt 6.156869 -5.685251
vt 6.200848 -5.960696
vt -5.275211 5.170397
vt 6.140818 4.431827
vt -5.064271 5.170397
vt -3.611676 6.916382
vt -3.611676 6.637083
vt -3.591944 6.633535
vt -3.583493 6.912987
vt 6.017454 5.320907
vt 6.122819 5.033262
vt 6.140819 5.035678
vt 6.041540 5.331964
vt 5.994423 5.315963
vt 6.105845 5.033743
vt 6.141811 -1.315694
vt 6.144523 -1.626073
vt 6.164622 -1.624615
vt 6.170497 -1.315614
vt 6.087047 -1.228902
vt 5.981409 -1.525424
vt 5.999757 -1.527350
vt 6.111619 -1.239319
vt 6.064656 -1.223253
vt 5.964881 -1.525441
vt 4.597061 -1.320817
vt 4.615441 -1.098227
vt 4.604234 -1.096180
vt 4.577517 -1.317001
vt 6.055984 4.727632
vt 6.066127 4.726446
vt 6.046446 4.730720
vt 6.170553 -1.875772
vt 6.182092 -1.875147
vt 6.050023 -1.833255
vt 6.060369 -1.831772
vt 6.040739 -1.836095
vt 4.577517 -0.867915
vt 5.994423 4.431827
vt 6.141811 -2.135633
vt 6.111619 -2.135633
vt 6.221209 2.513486
vt 6.176533 2.244913
vt 6.195467 2.247450
vt 6.248496 2.518140
vt 5.944307 -3.640479
vt 5.970252 -3.957516
vt 5.991596 -3.957918
vt 5.974765 -3.639573
vt 6.254828 -0.084319
vt 6.313802 -0.333860
vt 6.330042 -0.323025
vt 6.277993 -0.068593
vt -3.369000 6.909602
vt -3.369000 6.637809
vt -3.349155 6.633535
vt -3.340592 6.902482
vt -3.530206 5.863509
vt -3.556035 5.546560
vt -3.535256 5.547578
vt -3.500590 5.863466
vt 6.212996 2.238111
vt 6.273515 2.504543
vt 6.117298 1.956656
vt 6.128169 1.960599
vt 5.962708 -4.273435
vt 5.974863 -4.274177
vt 6.390563 -0.600460
vt 6.400031 -0.597175
vt 6.294188 -0.332672
vt 6.379205 -0.597328
vt -3.551157 5.239594
vt -3.539324 5.240688
vt 6.138251 1.958214
vt 6.273515 1.692006
vt 5.944307 -4.599555
vt 5.955719 -4.273786
vt 6.254828 -0.864506
vt -3.500590 4.918702
vt -3.559580 5.239466
vt 5.844166 -4.904151
vt 5.863040 -5.259409
vt 5.878012 -5.261909
vt 5.865607 -4.906084
vt 6.552572 -5.957757
vt 6.564462 -5.724358
vt 6.542238 -5.725821
vt 6.520615 -5.960695
vt 5.864195 2.753763
vt 5.855418 2.396987
vt 5.877340 2.396164
vt 5.895615 2.752259
vt 5.841654 2.753018
vt 5.839671 2.395311
vt 4.819463 -3.303710
vt 4.839104 -3.600914
vt 4.860913 -3.596228
vt 4.850810 -3.298094
vt 5.900168 -5.261105
vt 5.897366 -4.904608
vt 5.867303 -5.608433
vt 5.875803 -5.609141
vt 6.609571 -5.507550
vt 6.596935 -5.509485
vt 5.862964 2.040862
vt 5.875358 2.041528
vt 5.854032 2.040621
vt 4.893542 -3.903220
vt 4.905925 -3.902126
vt 5.888322 -5.609815
vt 5.844166 -5.960696
vt 6.520615 -5.300178
vt 5.895615 1.692005
vt 4.819465 -4.213107
vt 4.914883 -3.907175
vt 5.027577 1.676966
vt 5.056024 1.301390
vt 5.076284 1.298835
vt 5.056610 1.676832
vt 4.901039 1.683038
vt 4.960002 1.373855
vt 4.983085 1.376643
vt 4.933868 1.689469
vt -1.393560 5.655922
vt -1.419094 5.294622
vt -1.401235 5.297900
vt -1.367936 5.659894
vt -1.424934 5.660790
vt -1.440994 5.295589
vt 1.730122 5.833878
vt 1.680740 5.497672
vt 1.703845 5.495177
vt 1.763004 5.827786
vt 5.096396 1.300516
vt 5.085473 1.679991
vt 5.027577 0.936574
vt 5.039002 0.934397
vt 4.963058 1.029140
vt 4.976066 1.028843
vt -1.378050 4.924300
vt -1.367936 4.924805
vt -1.390389 4.924090
vt 1.688349 5.134679
vt 1.701355 5.135199
vt 5.050366 0.936652
vt 5.077636 0.594287
vt 4.901039 0.721860
vt -1.402690 4.546641
vt 1.763004 4.806224
vt 5.416312 0.504151
vt 5.390299 0.048059
vt 5.399368 0.048351
vt 5.429026 0.506086
vt 5.400430 3.188925
vt 5.353563 3.646127
vt 5.340107 3.645846
vt 5.381806 3.186745
vt 5.441629 -1.932565
vt 5.474839 -2.385413
vt 5.487921 -2.383979
vt 5.459789 -1.930308
vt 5.388759 -4.585505
vt 5.344625 -5.044950
vt 5.354626 -5.043667
vt 5.402594 -4.585260
vt 5.370756 -4.583185
vt 5.331618 -5.044576
vt 5.412658 0.047092
vt 5.447477 0.504074
vt 5.357437 -0.417418
vt 5.362981 -0.416505
vt 5.400430 4.100981
vt 5.392222 4.101051
vt 5.520995 -2.847975
vt 5.528998 -2.848075
vt 5.396488 -5.501586
vt 5.402594 -5.501542
vt 5.388553 -5.501601
vt 5.371104 -0.416298
vt 5.447477 -0.864505
vt 5.360927 4.563891
vt 5.441629 -3.296098
vt 5.344550 -5.960695
vt 4.980442 3.184068
vt 5.049376 2.683594
vt 5.063244 2.683610
vt 4.999643 3.186744
vt 4.965378 3.182201
vt 5.038500 2.683669
vt 4.965378 4.657212
vt 4.999887 4.181217
vt 5.014192 4.181702
vt 4.985412 4.657227
vt 5.025364 -1.798527
vt 4.957494 -2.299360
vt 4.971383 -2.299134
vt 5.044586 -1.800864
vt 5.010364 -1.795791
vt 4.946661 -2.298810
vt 5.095313 0.594287
vt 5.062873 0.090253
vt 5.077049 0.088487
vt 5.115171 0.592495
vt 4.981748 2.181696
vt 4.990089 2.181304
vt 4.975246 2.182978
vt 5.043077 3.679902
vt 5.051712 3.679363
vt 5.026231 -2.798577
vt 5.034587 -2.798040
vt 5.019753 -2.799486
vt 5.027577 -0.383015
vt 5.036136 -0.383269
vt 4.965378 1.692006
vt 4.965378 3.186744
vt 5.044586 -3.296097
vt 5.115171 -0.864506
vt -1.763008 4.774727
vt -1.763128 4.228985
vt -1.753943 4.228285
vt -1.750040 4.775422
vt -1.784720 4.774720
vt -1.778529 4.230470
vt 6.728584 3.841471
vt 6.728584 4.224427
vt 6.713515 4.227453
vt 6.707431 3.845447
vt 5.733910 3.186743
vt 5.728300 3.610360
vt 5.713034 3.611119
vt 5.712421 3.189163
vt 4.901038 0.721211
vt 4.905558 0.182162
vt 4.920848 0.184092
vt 4.922606 0.721861
vt -5.047016 6.024562
vt -5.053205 6.409064
vt -5.068530 6.406876
vt -5.068530 6.021767
vt 6.239380 -0.871262
vt 6.250030 -1.334485
vt 6.256852 -1.329858
vt 6.250867 -0.864618
vt -1.879913 3.693520
vt -1.870690 3.693635
vt 5.644507 4.080160
vt 5.638483 4.075788
vt 5.702928 3.603945
vt 5.653634 4.078995
vt 5.018413 -0.346715
vt 5.027577 -0.346549
vt 6.265703 -1.331524
vt 6.265703 -0.867265
vt -1.750041 3.165437
vt -1.865178 3.694102
vt 4.050393 2.895043
vt 4.050393 3.361667
vt 4.041346 2.896431
vt 5.733910 4.431828
vt 4.901038 -0.864506
vt 4.050503 3.362765
vt 4.041346 3.823541
vt 4.041346 3.361667
vt 5.655503 3.028403
vt 5.630759 2.625513
vt 5.643561 2.616784
vt 5.673693 3.017256
vt -4.763050 3.455100
vt -4.663011 3.974125
vt -4.679227 3.976966
vt -4.785975 3.458770
vt 5.971409 5.375508
vt 5.949927 4.925597
vt 5.966276 4.924230
vt 5.994421 5.372543
vt -4.544405 4.945259
vt -4.470802 4.460809
vt -4.455056 4.465585
vt -4.521952 4.950601
vt 4.908597 3.587052
vt 4.796329 4.085832
vt 4.780312 4.084177
vt 4.885952 3.585046
vt 5.941150 -2.322044
vt 5.967105 -2.790133
vt 5.983280 -2.788344
vt 5.963925 -2.318458
vt 5.523150 2.252627
vt 5.530868 2.249895
vt -4.544405 4.449614
vt -4.554113 4.448638
vt 5.984759 4.432750
vt 5.994421 4.431827
vt -4.309758 3.988778
vt -4.300277 3.988848
vt 4.654353 4.528407
vt 4.644747 4.529981
vt 5.941150 -3.296098
vt 5.950711 -3.294921
vt 5.673693 1.692006
vt -4.785975 4.987605
vt -4.544406 3.455103
vt -4.293628 3.985853
vt 4.908597 5.041126
vt 5.539903 2.251896
vt 6.374500 -3.337964
vt 6.381690 -3.804630
vt 6.397303 -3.803206
vt 6.397303 -3.331510
vt 6.035966 4.427350
vt 6.043548 4.055801
vt 6.060424 4.055927
vt 6.060424 4.430340
vt 0.130297 3.911361
vt 0.078185 3.360707
vt 0.095063 3.361841
vt 0.154139 3.912311
vt 6.360440 -0.865143
vt 6.360440 -1.363613
vt 6.375823 -1.364771
vt 6.382970 -0.871435
vt 6.325035 0.372104
vt 6.325035 -0.068594
vt 6.341959 -0.067907
vt 6.349537 0.369630
vt 3.100699 3.713228
vt 3.096516 3.089402
vt 3.113976 3.088628
vt 3.125412 3.712829
vt -0.122840 6.302666
vt -0.180333 5.959192
vt -0.170435 5.957140
vt -0.106131 6.300336
vt -4.352047 5.866845
vt -4.380510 5.362264
vt -4.370630 5.360491
vt -4.335506 5.866280
vt 0.144251 2.741244
vt 0.154139 2.741234
vt 0.065800 3.363310
vt 0.136997 2.741529
vt 2.284896 5.814074
vt 2.319593 5.278456
vt 2.329460 5.280082
vt 2.301394 5.814260
vt 3.051007 2.506161
vt 3.061246 2.506373
vt -0.106131 5.546289
vt -4.335506 4.950601
vt 0.071349 2.121987
vt 2.284896 4.829982
vt 3.125412 1.899597
vt 0.876177 4.803632
vt 0.991649 4.120075
vt 1.006109 4.114530
vt 0.896187 4.803226
vt 4.553711 -4.054247
vt 4.800303 -4.630064
vt 4.819466 -4.627495
vt 4.579569 -4.045497
vt 4.657635 -1.327732
vt 4.528786 -2.006140
vt 4.546255 -2.006349
vt 4.682290 -1.330232
vt 4.635578 -1.320817
vt 4.512792 -2.006782
vt -1.344105 4.546641
vt -1.589137 3.933914
vt -1.569993 3.931413
vt -1.318286 4.537873
vt 1.024507 4.116882
vt 0.922200 4.808680
vt 0.876177 3.578650
vt 0.884494 3.573359
vt 4.756824 -5.328859
vt 4.767816 -5.330940
vt 4.672165 -2.670157
vt 4.682290 -2.671391
vt 4.663013 -2.673001
vt -1.532185 3.224493
vt -1.521212 3.226655
vt 0.895132 3.575658
vt 4.052460 1.950535
vt 4.052460 2.427815
vt 4.041345 1.951807
vt 4.553711 -5.960696
vt 4.606656 -3.296098
vt -1.318286 2.580796
vt 0.990084 3.123980
vt -2.458947 6.437875
vt -2.442460 6.235378
vt -2.432947 6.233897
vt -2.446011 6.437645
vt 4.502080 1.690482
vt 4.520666 1.507151
vt 4.531712 1.507167
vt 4.517107 1.691831
vt 1.711810 6.443513
vt 1.691631 6.240291
vt 1.698724 6.240077
vt 1.721475 6.442913
vt 1.697016 6.444942
vt 1.680740 6.240002
vt 6.462949 4.431772
vt 6.450151 4.237839
vt 6.461186 4.238357
vt 6.477970 4.431067
vt -2.423310 6.235007
vt -2.432870 6.439462
vt -2.458947 6.043039
vt -2.452899 6.042187
vt 4.496758 1.339352
vt 4.503780 1.339582
vt 1.716970 6.037301
vt 1.721475 6.037329
vt 1.710045 6.037210
vt 6.476502 4.061186
vt 6.483517 4.061281
vt -2.446776 6.042733
vt -2.442334 5.838770
vt 4.531712 1.155996
vt 1.692801 5.833878
vt 6.450151 3.871952
vt -2.965869 6.437621
vt -2.939142 6.234743
vt -2.928148 6.231754
vt -2.950824 6.435536
vt 6.522314 1.657181
vt 6.534852 1.465489
vt 6.546184 1.467509
vt 6.537872 1.661276
vt 6.514522 -0.186958
vt 6.487619 -0.414508
vt 6.496053 -0.416132
vt 6.526096 -0.190028
vt 6.498273 -0.185762
vt 6.475744 -0.415313
vt 1.919385 6.442076
vt 1.911577 6.235820
vt 1.923077 6.234403
vt 1.935203 6.438773
vt -2.918030 6.235254
vt -2.936923 6.441091
vt -2.965869 6.051667
vt -2.959027 6.049618
vt 6.528311 1.245721
vt 6.535364 1.246680
vt 6.525222 1.468539
vt 6.522314 1.247711
vt 6.513453 -0.637715
vt 6.520843 -0.636994
vt 1.925370 6.009039
vt 1.932523 6.008460
vt 1.902245 6.232840
vt 1.919561 6.007089
vt -2.942397 5.858208
vt 6.524714 1.046855
vt 6.502791 -0.864505
vt 6.526096 -0.638103
vt 1.935203 5.798970
vt -2.952724 6.051882
vt 6.418010 4.433740
vt 6.400990 4.691655
vt 6.388183 4.692351
vt 6.400265 4.433058
vt 6.387087 3.189293
vt 6.354296 3.442136
vt 6.341094 3.441672
vt 6.368903 3.186744
vt 6.390646 0.375474
vt 6.405482 0.632315
vt 6.396327 0.633355
vt 6.377939 0.376655
vt 6.408684 0.374707
vt 6.418498 0.632950
vt 6.341407 0.374707
vt 6.368279 0.633075
vt 6.355443 0.633275
vt 6.323720 0.376897
vt 6.378452 4.691276
vt 6.386755 4.431827
vt 6.418010 4.943329
vt 6.410168 4.943769
vt 6.370556 3.699773
vt 6.362492 3.700234
vt 6.383547 0.884039
vt 6.377939 0.885398
vt 6.391514 0.884441
vt 6.350099 0.890035
vt 6.342263 0.889410
vt 6.377939 0.632681
vt 6.355990 0.890527
vt 6.384197 5.191503
vt 6.387087 3.952291
vt 6.410728 1.135694
vt 6.323720 1.146179
vt 4.011848 5.999743
vt 4.019867 5.714693
vt 4.030727 5.714369
vt 4.027015 5.999833
vt 1.145185 6.448050
vt 1.121818 6.245895
vt 1.135502 6.241576
vt 1.164340 6.442305
vt 6.361504 5.193698
vt 6.356369 4.923923
vt 6.368505 4.926235
vt 6.378452 5.196789
vt 6.343411 5.196752
vt 6.343411 4.925740
vt 4.965378 6.418863
vt 4.994187 6.199734
vt 5.008064 6.203448
vt 4.984796 6.423745
vt 4.044492 5.714407
vt 4.046239 6.000028
vt 4.019266 5.430689
vt 4.025838 5.431341
vt 1.084319 6.039154
vt 1.092630 6.037769
vt 6.362955 4.649273
vt 6.370282 4.651395
vt 6.355139 4.651157
vt 5.036693 5.978009
vt 5.045098 5.978966
vt 4.034125 5.430581
vt 4.011848 5.163905
vt 1.164340 5.824829
vt 6.349301 4.431827
vt 4.965378 5.749046
vt 5.051359 5.974946
vt 6.035967 4.055803
vt 6.055478 3.754237
vt 6.067217 3.750648
vt 6.052404 4.053010
vt -2.044862 6.633535
vt -2.050080 6.879878
vt -2.065651 6.881055
vt -2.066819 6.633535
vt 6.100820 -0.000018
vt 6.082490 -0.309442
vt 6.095235 -0.309794
vt 6.118712 -0.000692
vt 6.080903 0.001370
vt 6.068272 -0.310126
vt 5.238688 6.377761
vt 5.279645 6.148890
vt 5.294868 6.152143
vt 5.260432 6.380737
vt 6.082036 3.752342
vt 6.073205 4.055559
vt 6.046567 3.477587
vt 6.053610 3.476872
vt -2.081954 6.877875
vt -2.075138 6.633535
vt -2.066819 6.637630
vt -2.066819 6.881419
vt 6.111119 -0.619310
vt 6.118712 -0.618105
vt 6.102643 -0.618269
vt 5.382505 5.909501
vt 5.391774 5.909231
vt 6.062396 3.476490
vt 6.035967 3.186745
vt -3.566516 6.633535
vt -3.558931 6.912311
vt -3.574092 6.638773
vt -3.558931 6.634778
vt 6.073518 -0.864506
vt 5.238688 5.700748
vt -3.656452 5.866726
vt -3.588529 5.582295
vt -3.574638 5.585048
vt -3.637420 5.876740
vt -5.822531 6.014267
vt -5.737085 5.710047
vt -5.720351 5.710776
vt -5.799634 6.019387
vt 2.797808 5.879295
vt 2.732677 5.606897
vt 2.747368 5.610034
vt 2.818338 5.881831
vt 2.778211 5.889399
vt 2.718354 5.609794
vt -5.729413 6.955631
vt -5.722579 6.633536
vt -5.706802 6.638281
vt -5.706802 6.958176
vt -3.559579 5.582428
vt -3.616358 5.874966
vt -3.656452 5.252528
vt -3.648313 5.252793
vt -5.781663 5.475534
vt -5.771882 5.474388
vt 2.809656 5.286010
vt 2.818338 5.287347
vt 2.801268 5.286374
vt -5.003672 6.942852
vt -5.003672 6.633538
vt -4.993912 6.634064
vt -4.987578 6.941129
vt -3.639418 5.251764
vt -3.610189 4.918702
vt -5.822531 5.170532
vt 2.775038 4.956619
vt -4.001058 6.923774
vt -3.991220 6.633534
vt -3.991220 6.924381
vt 5.783474 -3.525625
vt 5.819785 -3.888098
vt 5.837747 -3.887475
vt 5.808838 -3.523352
vt 3.150136 5.862244
vt 3.176500 5.563486
vt 3.192432 5.568870
vt 3.172683 5.870155
vt 3.128580 5.868459
vt 3.161344 5.567240
vt 5.809251 1.452590
vt 5.779673 1.089541
vt 5.797651 1.088770
vt 5.834632 1.450113
vt 5.849633 5.511619
vt 5.822138 5.151127
vt 5.838347 5.148748
vt 5.872569 5.507919
vt 5.828570 5.510672
vt 5.807334 5.151196
vt 5.815534 -4.253474
vt 5.825990 -4.254262
vt 3.213151 5.245033
vt 3.222461 5.246459
vt 3.204305 5.247912
vt 5.790637 0.727632
vt 5.801105 0.728336
vt 5.785970 4.786699
vt 5.795444 4.787238
vt 5.777328 4.785965
vt 5.783474 -4.599555
vt 3.128580 4.919267
vt 5.834632 0.374705
vt 5.872569 4.431829
vt -1.427477 6.636235
vt -1.431206 6.706269
vt -1.444629 6.705087
vt -1.446188 6.633535
vt -3.388004 6.908062
vt -3.383230 6.815774
vt -3.369581 6.815125
vt -3.368999 6.908763
vt -3.399024 6.909527
vt -3.391153 6.816949
vt 3.667679 6.703679
vt 3.667679 6.633535
vt 3.681372 6.634508
vt 3.686729 6.704040
vt -3.509900 6.910792
vt -3.513615 6.815705
vt -3.500291 6.815587
vt -3.491400 6.909034
vt -3.523131 6.909242
vt -3.523131 6.814470
vt -1.423034 6.784031
vt -1.431225 6.782657
vt -3.393656 6.721392
vt -3.385336 6.721879
vt -3.398483 6.722118
vt 3.652640 6.633535
vt 3.652640 6.706878
vt 3.644725 6.709538
vt 3.639440 6.636844
vt -3.503553 6.722005
vt -3.495458 6.721056
vt -3.509352 6.721241
vt -1.446188 6.842778
vt -3.368999 6.633535
vt 3.577420 6.715760
vt 3.569283 6.633535
vt 3.583019 6.711803
vt 3.569283 6.713958
vt -3.522729 6.633535
vt 3.639440 6.635540
vt 3.631661 6.712321
vt 3.631661 6.633536
vt -2.179576 6.884823
vt -2.177134 6.798546
vt -2.163282 6.794517
vt -2.160140 6.880025
vt -2.772119 6.894309
vt -2.766200 6.810458
vt -2.751437 6.811853
vt -2.751437 6.897105
vt -3.228371 6.907204
vt -3.231911 6.814803
vt -3.220820 6.809278
vt -3.212842 6.899523
vt -3.248446 6.904267
vt -3.246250 6.812089
vt -2.930529 6.901124
vt -2.930801 6.812614
vt -2.916355 6.810565
vt -2.910319 6.897325
vt -2.950316 6.898604
vt -2.948864 6.808805
vt -2.934927 6.811673
vt -2.930801 6.902564
vt -2.181588 6.718174
vt -2.173270 6.716305
vt -2.772105 6.727819
vt -2.763247 6.728763
vt 3.652640 6.705825
vt 3.655593 6.633891
vt 3.664598 6.633537
vt 3.667678 6.705825
vt -3.236253 6.725708
vt -3.227669 6.726777
vt -2.918983 6.726917
vt -2.910319 6.725570
vt -2.942164 6.714215
vt -2.933810 6.716386
vt -2.160140 6.633537
vt -2.758014 6.633536
vt -3.248446 6.633537
vt -3.221030 6.723015
vt -2.924653 6.633536
vt -2.930801 6.633536
vt -5.595256 6.944419
vt -5.583786 6.841826
vt -5.570405 6.845737
vt -5.576430 6.951451
vt -4.979939 6.941274
vt -4.978908 6.838982
vt -4.962767 6.837280
vt -4.957201 6.939269
vt -4.405539 6.922099
vt -4.411154 6.825831
vt -4.396705 6.829853
vt -4.385209 6.926675
vt -4.424970 6.929202
vt -4.424970 6.829816
vt 3.054395 6.732408
vt 3.060678 6.633537
vt 3.076024 6.637120
vt 3.076024 6.737057
vt -5.555609 6.842281
vt -5.555609 6.947697
vt -5.589178 6.735241
vt -5.581261 6.738036
vt -4.979939 6.745077
vt -4.970387 6.744076
vt -4.399620 6.726860
vt -4.391073 6.728777
vt 2.905544 6.744264
vt 2.899308 6.637696
vt 2.906642 6.633539
vt 2.918029 6.738005
vt 2.890266 6.742603
vt 2.890266 6.636720
vt -5.572507 6.736463
vt -5.560303 6.633535
vt -4.979831 6.633536
vt -4.419851 6.633536
vt -4.407791 6.729687
vt 3.045265 6.735881
vt 3.054394 6.633537
vt 3.054394 6.737783
vt -5.083447 6.639928
vt -5.087039 6.737251
vt -5.103169 6.733605
vt -5.106318 6.633537
vt 3.007725 3.710835
vt 3.020322 3.594727
vt 3.037858 3.593644
vt 3.032495 3.711609
vt -3.966310 6.634297
vt -3.971071 6.733557
vt -3.988669 6.733453
vt -3.991221 6.633535
vt -2.532208 6.296783
vt -2.531616 6.404044
vt -2.549223 6.403811
vt -2.557113 6.297880
vt 6.740333 -4.255919
vt 6.734885 -4.371809
vt 6.752358 -4.370420
vt 6.764987 -4.256113
vt 3.269821 6.633538
vt 3.262505 6.730827
vt 3.244964 6.730829
vt 3.244964 6.634178
vt -5.083447 6.848341
vt -5.092891 6.846027
vt 3.007725 3.476969
vt 3.017989 3.476449
vt -3.966310 6.817608
vt -3.976604 6.817622
vt -2.546807 6.519916
vt -2.557113 6.519985
vt 6.754761 -4.486180
vt 6.764987 -4.485474
vt -5.101187 6.849928
vt -5.117337 6.740416
vt -5.094518 6.944440
vt 3.025457 3.362141
vt -3.970231 6.923620
vt -2.542227 6.626451
vt 6.747656 -4.599554
vt 3.280019 6.633535
vt 3.280019 6.730936
vt 3.269820 6.634631
vt 6.696635 2.442761
vt 6.708835 2.318444
vt 6.726730 2.320750
vt 6.721990 2.447850
vt 6.411367 -2.136801
vt 6.415733 -2.273134
vt 6.429519 -2.275917
vt 6.430888 -2.138574
vt 6.385687 -2.139059
vt 6.397653 -2.274553
vt 5.785645 3.186363
vt 5.781806 3.048587
vt 5.800142 3.049222
vt 5.811687 3.185291
vt 6.365296 -2.139124
vt 6.359211 -2.274004
vt 6.373175 -2.270344
vt 6.385106 -2.136075
vt 6.339724 -2.136690
vt 6.341207 -2.272461
vt 6.697093 2.196688
vt 6.707456 2.197891
vt 6.410518 -2.406137
vt 6.418460 -2.408833
vt 6.400083 -2.406024
vt 5.801073 2.912674
vt 5.811687 2.913191
vt 5.768742 3.047750
vt 5.793571 2.911076
vt 6.352747 -2.400608
vt 6.363126 -2.400582
vt 6.696635 2.087257
vt 6.385687 -2.541668
vt 5.808942 2.776233
vt 6.385106 -2.528151
vt 6.371154 -2.397396
vt 6.657824 5.667007
vt 6.661867 5.525756
vt 6.678907 5.521130
vt 6.682162 5.661815
vt 6.360774 0.370134
vt 6.366262 0.222146
vt 6.386368 0.220779
vt 6.389498 0.370333
vt 6.022841 6.567971
vt 6.026151 6.424244
vt 6.038629 6.419867
vt 6.040585 6.562361
vt 5.994423 6.565611
vt 6.006285 6.421596
vt 6.647958 6.355936
vt 6.649985 6.205739
vt 6.669920 6.207001
vt 6.676437 6.355580
vt 6.696731 5.524035
vt 6.707550 5.665333
vt 6.661869 5.393048
vt 6.671597 5.392344
vt 6.349539 0.072616
vt 6.361101 0.073177
vt 6.042390 6.284738
vt 6.049557 6.281545
vt 6.030974 6.285175
vt 6.673378 6.060432
vt 6.684850 6.059814
vt 6.681814 5.394692
vt 6.707550 5.250974
vt 6.389498 -0.068592
vt 5.994423 6.141547
vt 6.647958 5.920948
vt 6.609359 4.888420
vt 6.618228 4.728922
vt 6.630675 4.728963
vt 6.627159 4.890617
vt 0.747032 6.196474
vt 0.746947 6.325913
vt 0.725893 6.325988
vt 0.716736 6.194681
vt -4.823322 6.478750
vt -4.816669 6.322881
vt -4.795506 6.323504
vt -4.793065 6.479936
vt 2.235442 6.758311
vt 2.235442 6.640567
vt 2.253581 6.633538
vt 2.261476 6.746775
vt 1.764992 6.765741
vt 1.764992 6.637550
vt 1.784823 6.633535
vt 1.793344 6.758019
vt 6.651986 4.728945
vt 6.657635 4.890296
vt 0.761565 6.450257
vt 0.754043 6.454975
vt 0.712809 6.337888
vt 0.773620 6.451891
vt -4.808895 6.161654
vt -4.796836 6.161533
vt 1.848162 6.757728
vt 1.856065 6.633538
vt 1.865715 6.635242
vt 1.865715 6.764395
vt 2.633854 6.748129
vt 2.642928 6.633536
vt 2.654105 6.634377
vt 2.654105 6.751967
vt 6.634545 4.571725
vt 6.646680 4.572192
vt 6.627526 4.569168
vt 6.657635 4.431829
vt 0.712809 6.594237
vt -4.823322 6.028275
vt 2.454607 6.753438
vt 2.466184 6.633537
vt 2.466184 6.755580
vt 1.386928 6.635943
vt 1.375306 6.774810
vt 1.375306 6.633536
vt 6.073077 0.373681
vt 6.078753 0.241983
vt 6.101050 0.241803
vt 6.105049 0.374578
vt 6.725389 -5.610015
vt 6.736182 -5.718849
vt 6.757957 -5.715477
vt 6.756604 -5.604004
vt 6.694764 -2.393376
vt 6.704603 -2.526143
vt 6.726874 -2.524898
vt 6.726663 -2.391195
vt 6.104078 6.554145
vt 6.107768 6.408051
vt 6.130006 6.407854
vt 6.135973 6.552662
vt 2.466184 6.754320
vt 2.475705 6.635482
vt 2.497482 6.633535
vt 2.497482 6.750131
vt 0.819912 6.482889
vt 0.814328 6.316295
vt 0.836132 6.316525
vt 0.851127 6.482759
vt 6.068273 0.119497
vt 6.080916 0.120252
vt 6.725389 -5.827667
vt 6.737743 -5.825655
vt 6.710868 -2.671965
vt 6.723483 -2.672071
vt 6.128202 6.271049
vt 6.140819 6.270044
vt 0.830652 6.147738
vt 0.839154 6.144991
vt 0.851127 6.311945
vt 0.818274 6.146673
vt 6.105049 0.001371
vt 6.749437 -5.960696
vt 6.694764 -2.792479
vt 6.104078 6.133188
vt 1.676349 6.769664
vt 1.676349 6.633537
vt 1.688705 6.768396
vt 0.836122 5.990109
vt 2.179339 5.819985
vt 2.261672 5.456840
vt 2.270782 5.459516
vt 2.191883 5.825030
vt 5.796556 -2.135635
vt 5.910711 -1.775014
vt 5.896965 -1.772519
vt 5.778042 -2.129558
vt -1.253133 6.352849
vt -1.305709 5.986521
vt -1.294087 5.989634
vt -1.237198 6.353326
vt -1.270568 6.357183
vt -1.318287 5.988710
vt 3.528745 4.800859
vt 3.408220 5.150256
vt 3.394505 5.147532
vt 3.510283 4.794565
vt 2.284548 5.458981
vt 2.210629 5.828241
vt 3.084250 6.493773
vt 3.012627 6.262965
vt 3.021129 6.263073
vt 3.098139 6.492825
vt 5.908699 -1.419824
vt 5.900374 -1.421015
vt -1.244226 5.664819
vt -1.237198 5.668087
vt -1.251882 5.667134
vt 3.406225 5.473747
vt 3.397914 5.474668
vt 2.200789 5.107317
vt 2.209046 5.105499
vt 3.098139 5.982349
vt 5.778042 -1.061427
vt 5.913669 -1.417391
vt -4.957201 6.939808
vt -4.948936 6.633538
vt -4.948936 6.941754
vt 3.528745 5.821156
vt 2.179339 4.829982
vt 5.800816 -2.135634
vt 5.765637 -2.542913
vt 5.780057 -2.544954
vt 5.821165 -2.137141
vt -0.696466 6.318454
vt -0.677832 5.979799
vt -0.663439 5.981757
vt -0.676345 6.322234
vt 5.658954 5.591963
vt 5.691439 5.189628
vt 5.701127 5.192318
vt 5.672527 5.595591
vt 5.638485 5.590865
vt 5.676926 5.187883
vt -1.460472 5.670235
vt -1.539120 5.271922
vt -1.525051 5.269224
vt -1.440994 5.665268
vt -1.475761 5.670703
vt -1.550026 5.272355
vt 5.683813 -2.948233
vt 5.692535 -2.948165
vt -0.696466 5.616147
vt -0.688064 5.615912
vt 5.771387 4.790660
vt 5.777328 4.789210
vt 5.762619 4.790911
vt -1.582544 4.865117
vt -1.574071 4.865222
vt -1.589137 4.862386
vt 5.821165 -3.296099
vt 0.063549 4.369214
vt 0.054792 4.732834
vt 0.054792 4.367393
vt 5.638485 4.431827
vt -5.697953 6.633535
vt -5.697953 6.958773
vt -5.706802 6.634960
vt -1.440994 4.546641
vt -4.476839 6.931562
vt -4.476839 6.640412
vt -4.463563 6.633536
vt -4.458169 6.922316
vt 4.974663 -4.466219
vt 5.004431 -4.076365
vt 4.988683 -4.075336
vt 4.952474 -4.465321
vt 3.222461 5.641774
vt 3.223903 5.289650
vt 3.239659 5.288526
vt 3.244605 5.640186
vt 5.730343 0.261965
vt 5.752076 -0.101776
vt 5.767735 -0.099590
vt 5.752384 0.264518
vt 5.843807 3.186745
vt 5.807058 3.561686
vt 5.791661 3.562102
vt 5.822113 3.187866
vt 5.624404 1.234663
vt 5.628413 0.867829
vt 5.644033 0.869365
vt 5.646359 1.236830
vt 5.050342 -3.694456
vt 5.045187 -3.691144
vt 4.980068 -4.068096
vt 5.059744 -3.693800
vt 3.222461 4.919692
vt 3.231825 4.919267
vt 5.796661 -0.454170
vt 5.805988 -0.453817
vt 5.743102 3.927968
vt 5.733911 3.929445
vt 5.637078 0.487343
vt 5.646359 0.488007
vt 5.314904 -3.354404
vt 5.314904 -3.732271
vt 5.322423 -3.358504
vt 4.952474 -3.296894
vt 5.730343 -0.864506
vt 5.811813 -0.457602
vt 5.843807 4.298395
vt 5.331081 -3.356495
vt 6.031837 -3.732974
vt 6.104505 -4.014244
vt 6.121225 -4.012872
vt 6.055194 -3.729680
vt 2.597290 3.593093
vt 2.570524 4.059063
vt 2.553825 4.058886
vt 2.573763 3.592180
vt 5.757824 -0.983726
vt 5.698431 -1.348723
vt 5.712849 -1.344096
vt 5.778042 -0.978398
vt 5.737386 -0.974550
vt 5.683815 -1.343449
vt -1.049368 4.023925
vt -1.031281 4.476800
vt -1.047937 4.476512
vt -1.072839 4.024158
vt 5.624448 -3.304655
vt 5.670994 -3.711541
vt 5.687663 -3.712055
vt 5.647872 -3.304064
vt 6.092065 -4.317810
vt 6.101900 -4.317901
vt 2.562709 4.507757
vt 2.552867 4.508392
vt 5.723837 -1.731317
vt 5.732322 -1.728055
vt 5.715258 -1.729379
vt -1.030082 4.898004
vt -1.039896 4.897135
vt 5.650752 -4.146498
vt 5.660564 -4.147391
vt 6.031837 -4.599555
vt 2.597290 4.947287
vt 5.778042 -2.135634
vt -1.072839 5.298272
vt 5.624448 -4.599554
vt -0.283310 6.302663
vt -0.204720 5.869875
vt -0.190731 5.876961
vt -0.263513 6.312710
vt -0.306021 6.304287
vt -0.221084 5.874490
vt 5.285933 3.060544
vt 5.505930 2.617577
vt 5.523151 2.621392
vt 5.308400 3.071549
vt 6.046734 0.043837
vt 5.987067 -0.448160
vt 6.002286 -0.450833
vt 6.068271 0.040033
vt 6.025231 0.045179
vt 5.971663 -0.451375
vt 5.620476 -4.599555
vt 5.402595 -5.046150
vt 5.419691 -5.050273
vt 5.642743 -4.610915
vt 6.378973 -1.364771
vt 6.322815 -1.703614
vt 6.332883 -1.705030
vt 6.396132 -1.368929
vt -0.306021 5.590554
vt -0.296642 5.586244
vt 5.478411 2.150974
vt 5.488389 2.148971
vt 6.210741 3.989256
vt 6.283808 3.626487
vt 6.294104 3.626975
vt 6.228194 3.992058
vt 6.059410 -0.864507
vt 6.068271 -0.860309
vt 5.440896 -5.509275
vt 5.450805 -5.507501
vt 6.396132 -2.135634
vt 5.285933 1.692005
vt 5.494452 2.145458
vt 6.210741 3.186744
vt 5.642743 -5.960696
vt 5.457250 -5.503764
vt 5.554047 -3.291915
vt 5.615799 -2.965527
vt 5.598452 -2.966846
vt 5.528998 -3.296098
vt 5.624444 -4.589790
vt 5.421143 -4.128453
vt 5.402594 -4.129567
vt 5.600024 -4.599555
vt 2.552867 5.911129
vt 2.552867 6.331641
vt 2.535421 6.337893
vt 2.527723 5.916110
vt -4.277890 4.951488
vt -4.115307 5.440886
vt -4.126714 5.445632
vt -4.293627 4.961236
vt -4.253025 4.944799
vt -4.096895 5.442116
vt 6.291780 -1.334486
vt 6.291780 -0.867676
vt 6.273878 -0.869382
vt 6.265703 -1.332294
vt 5.683815 -2.445835
vt 5.673702 -2.447595
vt 5.572865 -3.662658
vt 5.562301 -3.661040
vt -2.021621 4.823755
vt -2.125382 5.328638
vt -2.133206 5.326879
vt -2.034565 4.814926
vt -2.003950 4.823961
vt -2.115029 5.327752
vt -4.283247 5.892724
vt -4.293627 5.889758
vt 5.665438 -2.446138
vt 5.584446 -2.958614
vt 5.528998 -1.966641
vt 5.624444 -3.302771
vt 3.393131 4.256030
vt 3.383392 4.636224
vt 3.383392 4.251953
vt -2.003950 5.820243
vt 6.306643 -1.354014
vt 6.315424 -0.872097
vt 6.296814 -1.356577
vt 6.315424 -1.357745
vt 4.593944 5.121435
vt 4.554996 4.614741
vt 4.574251 4.611887
vt 4.621594 5.119303
vt -2.578561 3.313385
vt -2.632557 3.795605
vt -2.651965 3.796788
vt -2.606065 3.312581
vt 6.111454 6.131078
vt 6.121407 5.774873
vt 6.140819 5.775990
vt 6.139075 6.133187
vt 2.612550 4.955117
vt 2.656888 4.433852
vt 2.676145 4.436295
vt 2.640199 4.956618
vt 5.427614 3.187891
vt 5.475198 3.623430
vt 5.456012 3.621038
vt 5.400430 3.186744
vt 0.130640 5.288065
vt 0.072586 4.803525
vt 0.091733 4.803805
vt 0.157821 5.287797
vt 4.431169 4.162032
vt 4.442394 4.162346
vt -2.571270 4.256420
vt -2.582468 4.256679
vt 6.111454 5.332548
vt 6.122484 5.331964
vt 2.790495 3.963293
vt 2.801724 3.962692
vt 5.411502 4.019384
vt 5.400430 4.018395
vt 0.065800 4.271052
vt 0.076849 4.272786
vt 4.621594 3.716528
vt -2.651965 4.813473
vt -2.564781 4.259767
vt 2.612550 3.500031
vt 5.463485 4.557712
vt 0.157821 3.912310
vt 4.762599 3.580922
vt 4.748647 2.953614
vt 4.766791 2.954792
vt 4.788762 3.585045
vt 1.916011 4.769248
vt 1.960288 4.188659
vt 1.982018 4.187210
vt 1.947097 4.768167
vt 4.708727 -1.449272
vt 4.730406 -2.060241
vt 4.750176 -2.055377
vt 4.737139 -1.443669
vt 4.682290 -1.444196
vt 4.712068 -2.058367
vt 3.089355 1.899596
vt 3.051007 1.246767
vt 3.073032 1.246198
vt 3.120852 1.897693
vt 4.786705 2.950497
vt 4.817384 3.580281
vt 4.644747 2.319535
vt 4.655078 2.321126
vt 1.942203 3.572524
vt 1.954520 3.570747
vt 4.842721 -2.677486
vt 4.854008 -2.676667
vt 4.832281 -2.675514
vt 3.067513 0.596375
vt 3.080006 0.597119
vt 4.666450 2.320656
vt 4.817384 1.692006
vt 1.916010 3.101855
vt 4.682290 -3.296097
vt 3.120852 -0.015995
vt 6.550649 0.370205
vt 6.553512 0.178002
vt 6.562627 0.177612
vt 6.562890 0.370488
vt 6.541780 0.370555
vt 6.546911 0.178746
vt 6.314280 -4.644505
vt 6.311202 -4.821596
vt 6.320323 -4.822625
vt 6.326506 -4.646036
vt 2.251199 6.400877
vt 2.251961 6.208081
vt 2.261053 6.208707
vt 2.263417 6.400910
vt 6.454555 -0.866684
vt 6.457226 -1.059917
vt 6.463971 -1.059206
vt 6.463614 -0.866378
vt 6.442386 -0.866845
vt 6.448149 -1.059919
vt 6.530460 -0.012553
vt 6.536474 -0.012447
vt 6.526098 -0.012639
vt 6.306355 -5.007960
vt 6.312368 -5.008440
vt 2.278641 6.016960
vt 2.284644 6.017010
vt 6.462101 -1.249760
vt 6.466544 -1.249867
vt 6.456118 -1.249548
vt 6.562890 -0.202398
vt 6.326506 -5.170932
vt 2.251199 5.828240
vt 6.442386 -1.439804
vt 5.114529 0.596002
vt 5.106605 0.799973
vt 5.096396 0.799062
vt 5.100672 0.594287
vt 3.231114 6.297064
vt 3.231399 6.078881
vt 3.241858 6.078844
vt 3.245316 6.297238
vt 3.222461 6.298697
vt 3.225022 6.079869
vt 3.677859 5.811487
vt 3.683011 6.013878
vt 3.672657 6.014637
vt 3.663810 5.812997
vt -2.545372 6.296784
vt -2.544208 6.076719
vt -2.534077 6.076505
vt -2.531616 6.296268
vt -2.555683 6.295440
vt -2.551803 6.075944
vt 5.114541 1.005299
vt 5.107983 1.004626
vt 3.226552 5.858572
vt 3.233268 5.858481
vt 3.665500 6.217125
vt 3.661067 6.215273
vt 3.665754 6.011522
vt 3.672149 6.216550
vt -2.540342 5.855720
vt -2.533837 5.855649
vt -2.545218 5.855062
vt 5.096396 1.212507
vt 3.222484 5.641772
vt 3.222461 5.859366
vt 3.683011 6.420312
vt -2.531616 5.637137
vt -1.402371 6.358056
vt -1.395303 6.124811
vt -1.384265 6.122653
vt -1.387174 6.356635
vt 0.961507 6.433255
vt 0.957604 6.230087
vt 0.969206 6.229159
vt 0.977428 6.432306
vt -5.026612 6.943369
vt -5.033505 6.808640
vt -5.022666 6.805348
vt -5.011773 6.938141
vt 3.685621 6.304635
vt 3.689261 6.055140
vt 3.700834 6.056366
vt 3.701580 6.304693
vt -3.343894 6.350063
vt -3.335424 6.134609
vt -3.324019 6.136275
vt -3.328243 6.351997
vt -1.375671 6.124574
vt -1.375346 6.360410
vt -1.440994 5.895268
vt -1.434022 5.894789
vt 0.944360 6.060150
vt 0.951659 6.060020
vt -5.018589 6.635800
vt -5.011773 6.633535
vt 3.743139 5.811427
vt 3.750458 5.811279
vt -3.324424 5.952389
vt -3.317250 5.952944
vt -0.669534 6.820212
vt -0.665624 6.633536
vt -0.659031 6.636250
vt -0.659031 6.824193
vt -1.375346 5.660791
vt 0.977428 5.829835
vt 0.940254 6.056483
vt 3.685621 5.569575
vt -3.343894 5.717635
vt -1.428606 5.896317
vt 5.143764 6.412286
vt 5.156660 6.186068
vt 5.168986 6.186866
vt 5.160850 6.415208
vt 6.473684 0.374706
vt 6.461340 0.608362
vt 6.448684 0.609548
vt 6.456191 0.375128
vt 6.550913 -1.489632
vt 6.549286 -1.705631
vt 6.561626 -1.703435
vt 6.567985 -1.487167
vt 0.003145 6.325649
vt -0.009062 6.085714
vt 0.003139 6.084751
vt 0.020042 6.322434
vt -1.382420 6.635950
vt -1.387240 6.842270
vt -1.399677 6.839751
vt -1.399677 6.633536
vt 6.305254 -1.358243
vt 6.309808 -1.621117
vt 6.322505 -1.621237
vt 6.322814 -1.357744
vt 5.098804 5.962967
vt 5.106447 5.964127
vt 6.490966 0.807059
vt 6.483139 0.807406
vt 6.585105 -1.953036
vt 6.592738 -1.951953
vt 0.049340 5.848979
vt 0.056902 5.847692
vt -0.018181 6.080539
vt 0.043692 5.846189
vt 6.296812 -1.897662
vt 6.304660 -1.897418
vt 5.168986 5.749047
vt 6.448684 1.064759
vt 6.549286 -2.135634
vt -0.018181 5.620376
vt -1.857759 6.635604
vt -1.865287 6.869528
vt -1.865287 6.633536
vt 6.322814 -2.135633
vt -2.531615 4.847584
vt -2.543917 5.101010
vt -2.557424 5.099627
vt -2.550400 4.844874
vt 6.003023 -3.694970
vt 6.018124 -3.995265
vt 6.031838 -3.995219
vt 6.022087 -3.693804
vt 5.991595 -3.692831
vt 6.009909 -3.993605
vt 6.331787 -3.296098
vt 6.339724 -3.046277
vt 6.326052 -3.045342
vt 6.312780 -3.294008
vt -4.312125 5.859803
vt -4.324374 5.557730
vt -4.311064 5.557219
vt -4.293628 5.857993
vt -4.325793 5.857746
vt -4.334200 5.556130
vt -2.531615 5.369912
vt -2.539834 5.369183
vt 5.999477 -4.298482
vt 6.007813 -4.298780
vt 5.994484 -4.297277
vt 6.321100 -2.781968
vt 6.312780 -2.781513
vt -4.306036 5.252925
vt -4.297944 5.252940
vt -4.312012 5.251759
vt -2.540972 5.637136
vt 5.991595 -4.599555
vt 6.320625 -2.520477
vt -4.293628 4.950600
vt -2.784941 5.848521
vt -2.746297 5.522666
vt -2.732320 5.523300
vt -2.765470 5.852221
vt -2.229317 6.885467
vt -2.229317 6.636531
vt -2.214389 6.633536
vt -2.208332 6.882457
vt 3.365456 5.846580
vt 3.330909 5.526663
vt 3.342939 5.528635
vt 3.382273 5.848231
vt 3.345707 5.850536
vt 3.316736 5.527501
vt 4.965783 -0.866037
vt 4.946661 -1.165354
vt 4.961929 -1.165455
vt 4.987137 -0.867732
vt -2.719985 5.521892
vt -2.748228 5.851370
vt -2.784941 5.190845
vt -2.776588 5.190969
vt -2.594249 6.891431
vt -2.588145 6.633538
vt -2.579047 6.634422
vt -2.579047 6.892974
vt 3.375083 5.198385
vt 3.382273 5.199762
vt 3.366614 5.198632
vt 4.978005 -1.489429
vt 4.987137 -1.489438
vt -2.769216 5.189927
vt -2.763495 4.861596
vt -1.939623 6.872968
vt -1.939624 6.633538
vt -1.930703 6.871117
vt 3.359766 4.875573
vt 4.963623 -1.795794
vt 6.657635 4.850121
vt 6.662056 4.708503
vt 6.671857 4.708027
vt 6.671117 4.849934
vt 6.013911 -3.296557
vt 6.006490 -3.430087
vt 6.018479 -3.431181
vt 6.030436 -3.297655
vt 6.684663 -1.724767
vt 6.681456 -1.865130
vt 6.689716 -1.864407
vt 6.696026 -1.723800
vt 6.668545 -1.724196
vt 6.669737 -1.865052
vt 6.680019 0.202397
vt 6.692145 0.065165
vt 6.704105 0.066478
vt 6.696505 0.203779
vt 6.682817 4.708144
vt 6.686191 4.850121
vt 6.662358 4.567915
vt 6.668491 4.568209
vt 5.991596 -3.562122
vt 5.999101 -3.561693
vt 6.685057 -2.007462
vt 6.690225 -2.006410
vt 6.677745 -2.006829
vt 6.711351 -0.069096
vt 6.718843 -0.069441
vt 6.675323 4.567675
vt 6.665013 4.431829
vt 6.030436 -3.692832
vt 6.668545 -2.135634
vt 6.680019 -0.202397
vt -5.718900 6.482643
vt -5.712695 6.323060
vt -5.704970 6.321684
vt -5.708152 6.482855
vt 2.820647 6.636488
vt 2.815557 6.746433
vt 2.802572 6.745017
vt 2.802572 6.633535
vt 3.098141 6.456328
vt 3.099845 6.297768
vt 3.113015 6.298278
vt 3.116425 6.456434
vt 6.733132 5.635806
vt 6.720050 5.505567
vt 6.730272 5.501003
vt 6.747267 5.627753
vt 6.715827 5.633006
vt 6.707551 5.502662
vt -5.691722 6.321325
vt -5.689759 6.482962
vt -5.720350 6.166400
vt -5.715619 6.166046
vt 3.405547 6.725173
vt 3.410635 6.633963
vt 3.418693 6.633537
vt 3.418693 6.724509
vt 3.117080 6.140562
vt 3.125155 6.140347
vt 6.740994 5.367771
vt 6.747267 5.364580
vt 6.733338 5.365960
vt -5.707499 6.166352
vt -5.689759 6.008537
vt 2.108577 6.634219
vt 2.100609 6.762861
vt 2.100609 6.633534
vt 3.098141 5.982348
vt 6.720909 5.250973
vt 2.353512 6.758069
vt 2.353512 6.633535
vt 2.360988 6.756390
vt 6.534232 -2.143904
vt 6.552828 -2.307092
vt 6.564728 -2.304546
vt 6.550797 -2.138108
vt 1.267804 6.775282
vt 1.273524 6.635306
vt 1.287933 6.633536
vt 1.287933 6.773617
vt 6.366907 4.423771
vt 6.353300 4.267087
vt 6.366309 4.269895
vt 6.385048 4.426501
vt 6.349925 4.429861
vt 6.341098 4.269876
vt 6.592894 -2.291370
vt 6.582779 -2.452518
vt 6.596892 -2.451108
vt 6.612568 -2.290392
vt 6.577971 -2.306901
vt 6.569268 -2.140179
vt 6.535945 -2.477611
vt 6.543104 -2.476324
vt 1.688705 6.769413
vt 1.688705 6.635161
vt 1.696813 6.633539
vt 1.702201 6.766233
vt 6.376044 4.101700
vt 6.383850 4.104000
vt 6.368701 4.103138
vt 6.600772 -2.623875
vt 6.609274 -2.623398
vt 6.551049 -2.478364
vt 6.534232 -2.637297
vt 1.818878 6.766250
vt 1.818878 6.633536
vt 1.827236 6.763767
vt 6.385048 3.952291
vt 6.582779 -2.792479
vt 6.615449 -2.625566
vt 3.286567 6.433439
vt 3.282032 6.240419
vt 3.291517 6.236543
vt 3.299954 6.429477
vt 3.264484 6.433080
vt 3.266346 6.240898
vt 0.590597 6.789042
vt 0.585103 6.639511
vt 0.598946 6.634305
vt 0.610048 6.781392
vt 0.571533 6.781754
vt 0.571533 6.633535
vt 4.682290 -0.865776
vt 4.690809 -1.062522
vt 4.706342 -1.061641
vt 4.704172 -0.865597
vt -4.697515 6.937076
vt -4.691108 6.793365
vt -4.675287 6.792880
vt -4.675287 6.936733
vt 3.256401 6.053316
vt 3.262044 6.051743
vt 3.247070 6.052465
vt 1.042397 6.774454
vt 1.047817 6.633535
vt 1.055809 6.637226
vt 1.055809 6.780195
vt 4.730560 -1.253968
vt 4.736634 -1.253406
vt 4.716537 -1.059431
vt 4.721304 -1.253324
vt -4.693917 6.634124
vt -4.684519 6.633537
vt 0.021139 6.806078
vt 0.021139 6.633537
vt 0.028407 6.801887
vt 3.299954 5.863905
vt -0.266281 6.813209
vt -0.257782 6.633536
vt -0.257782 6.811420
vt -0.273952 6.809289
vt 4.682290 -1.443670
vt 0.037175 6.803330
vt 4.565124 1.689095
vt 4.564751 1.505222
vt 4.580782 1.500733
vt 4.587906 1.684651
vt 4.940781 6.429069
vt 4.947152 6.231248
vt 4.962639 6.232890
vt 4.962639 6.433122
vt 4.921065 6.433359
vt 4.933191 6.234006
vt -2.259400 6.450665
vt -2.254076 6.236909
vt -2.237271 6.238914
vt -2.235564 6.451301
vt 6.027838 3.186127
vt 6.024795 2.976886
vt 6.040480 2.975901
vt 6.049994 3.182975
vt 6.008543 3.182244
vt 6.011131 2.974420
vt 4.531712 1.337873
vt 4.541186 1.336298
vt 4.935556 6.020388
vt 4.944669 6.021757
vt 4.927367 6.022809
vt -2.211826 6.031651
vt -2.201914 6.031586
vt 6.040761 2.763713
vt 6.049994 2.762724
vt 6.032753 2.761451
vt 4.587906 1.155996
vt 4.937087 5.847770
vt -2.259400 5.824206
vt 6.041551 2.577481
vt 4.548782 1.339971
vt 6.472252 -4.604043
vt 6.467660 -4.831314
vt 6.480118 -4.830482
vt 6.490077 -4.600515
vt -2.303917 6.451851
vt -2.287718 6.245758
vt -2.269530 6.246059
vt -2.278135 6.454251
vt 3.486120 6.450127
vt 3.494071 6.239760
vt 3.508846 6.244553
vt 3.507079 6.456811
vt 3.462418 6.453396
vt 3.477476 6.240490
vt 6.557909 1.681617
vt 6.548264 1.462772
vt 6.566502 1.462781
vt 6.583739 1.679510
vt 6.497887 -4.832454
vt 6.515279 -4.603197
vt 6.450077 -5.065309
vt 6.457341 -5.063103
vt -2.314815 6.048870
vt -2.304224 6.049448
vt 3.532029 6.017846
vt 3.540650 6.019407
vt 3.522339 6.019924
vt 6.581342 1.257892
vt 6.591959 1.257469
vt 6.467688 -5.062975
vt 6.515279 -5.272420
vt -2.269530 5.819198
vt 3.462418 5.821157
vt 6.548264 1.029753
vt -1.367016 6.322357
vt -1.354051 6.082522
vt -1.337645 6.078657
vt -1.343667 6.318595
vt 2.294800 6.448982
vt 2.301030 6.234869
vt 2.320440 6.235198
vt 2.322437 6.450666
vt 4.838742 1.688218
vt 4.833051 1.442256
vt 4.850205 1.440045
vt 4.863155 1.684636
vt 4.815058 1.685446
vt 4.816409 1.439065
vt 4.751685 -3.300244
vt 4.754060 -3.552293
vt 4.773567 -3.551470
vt 4.779469 -3.300443
vt -1.320283 6.081253
vt -1.318958 6.322719
vt -1.363651 5.851200
vt -1.354194 5.849902
vt 2.284896 6.007203
vt 2.296093 6.008056
vt 4.850506 1.201824
vt 4.860401 1.200332
vt 4.840913 1.200932
vt 4.781262 -3.802244
vt 4.792521 -3.802520
vt -1.344180 5.851614
vt -1.318958 5.606255
vt 2.322437 5.814260
vt 4.815058 0.951330
vt 4.751685 -4.045496
vt 6.719575 6.321738
vt 6.709726 6.190073
vt 6.717051 6.192175
vt 6.729283 6.324728
vt 6.709915 6.325664
vt 6.702440 6.193226
vt 6.111236 1.679123
vt 6.109138 1.523905
vt 6.117085 1.524897
vt 6.121747 1.680478
vt 6.102630 1.682026
vt 6.102630 1.525913
vt 6.650732 -4.173379
vt 6.663185 -4.313371
vt 6.670594 -4.310505
vt 6.660557 -4.169844
vt 0.157821 5.141841
vt 0.162950 4.972072
vt 0.171355 4.972241
vt 0.168942 5.142017
vt 6.689796 6.060372
vt 6.694763 6.062226
vt 6.684847 6.061768
vt 6.109191 1.363937
vt 6.114575 1.364958
vt 6.104787 1.365778
vt 6.685737 -4.451281
vt 6.690770 -4.450110
vt 0.168298 4.803160
vt 0.173990 4.802889
vt 6.729283 5.920945
vt 6.111910 1.239224
vt 6.650732 -4.599555
vt 6.695648 -4.451917
vt 0.157821 4.644513
vt -5.151100 6.021767
vt -5.109706 6.200728
vt -5.115143 6.205605
vt -5.158634 6.027433
vt -3.594937 5.879704
vt -3.640465 6.069958
vt -3.649969 6.068572
vt -3.607509 5.876740
vt 6.433533 6.009980
vt 6.410434 6.198422
vt 6.402526 6.199275
vt 6.422922 6.011004
vt 6.445091 6.013004
vt 6.418928 6.201374
vt -3.696481 5.868493
vt -3.658245 6.055514
vt -3.667597 6.057105
vt -3.708870 5.871705
vt -5.124472 6.207041
vt -5.171143 6.029479
vt -5.068530 6.363046
vt -5.072120 6.365776
vt -3.650223 6.263591
vt -3.656452 6.264488
vt 6.369634 6.370515
vt 6.364360 6.373095
vt 6.375226 6.371973
vt -3.657558 6.242422
vt -3.663684 6.241675
vt -5.078341 6.364735
vt 0.571533 6.634449
vt 0.565895 6.790934
vt 0.565895 6.633534
vt -3.594937 6.437860
vt 6.445091 6.485016
vt 0.831569 6.633536
vt 0.831569 6.786270
vt 0.825785 6.634264
vt -3.708870 6.422712
vt -5.171143 6.494333
vt -1.644091 6.846914
vt -1.637291 6.635224
vt -1.627965 6.637279
vt -1.631405 6.849704
vt -4.102798 6.421074
vt -4.186998 6.250571
vt -4.177407 6.246565
vt -4.090518 6.413388
vt -1.481724 6.843087
vt -1.485170 6.633539
vt -1.476226 6.637628
vt -1.469445 6.846095
vt -1.494733 6.845928
vt -1.494733 6.635633
vt -2.651966 6.449331
vt -2.592728 6.266426
vt -2.582832 6.269038
vt -2.639029 6.455420
vt -1.618772 6.633536
vt -1.618772 6.847230
vt 6.690703 1.438843
vt 6.676818 1.244084
vt 6.683381 1.244991
vt 6.700933 1.439827
vt -4.167236 6.072729
vt -4.161178 6.071961
vt -4.195765 6.247788
vt -4.172780 6.069415
vt -2.591689 6.043495
vt -2.586300 6.042017
vt -2.574396 6.267223
vt -2.597970 6.044010
vt 6.082036 4.430336
vt 6.105995 4.248199
vt 6.112538 4.247034
vt 6.091805 4.431003
vt 6.700933 1.029753
vt 6.671771 1.245844
vt -4.090518 5.892724
vt -2.651966 5.822986
vt 6.082036 4.047900
vt 6.230296 6.500543
vt 6.255910 6.355708
vt 6.267313 6.358344
vt 6.245887 6.505073
vt 6.625392 -3.932017
vt 6.603333 -3.760828
vt 6.591862 -3.763101
vt 6.609667 -3.935872
vt 3.686319 5.183702
vt 3.682304 4.934273
vt 3.694150 4.934146
vt 3.702584 5.183108
vt 6.534270 -1.466138
vt 6.512924 -1.685295
vt 6.523899 -1.687535
vt 6.549288 -1.470543
vt 6.521419 -1.470558
vt 6.503539 -1.689218
vt -0.898853 5.136292
vt -0.891483 4.881660
vt -0.879677 4.881780
vt -0.882641 5.136879
vt 6.230296 6.210006
vt 6.237433 6.211485
vt 6.625392 -3.609510
vt 6.618205 -3.610905
vt 3.689076 4.677393
vt 3.696494 4.677552
vt 6.542420 -1.907229
vt 6.549288 -1.908383
vt 6.536543 -1.909729
vt -0.892702 4.623829
vt -0.885308 4.623663
vt 6.239525 6.056211
vt 6.609820 -3.450357
vt 3.702584 4.424387
vt 6.537104 -2.135635
vt -0.898853 4.368037
vt 6.236394 -0.048258
vt 6.229672 -0.335637
vt 6.242889 -0.336864
vt 6.254826 -0.048859
vt 6.349267 -5.198583
vt 6.402867 -5.459447
vt 6.412530 -5.455701
vt 6.362376 -5.191518
vt 6.331519 -5.200062
vt 6.389988 -5.459917
vt 6.121225 -3.777402
vt 6.132965 -4.062031
vt 6.146154 -4.060572
vt 6.139624 -3.776474
vt -5.356104 5.999729
vt -5.409839 5.717846
vt -5.399438 5.717789
vt -5.341949 5.997689
vt -5.373415 6.003289
vt -5.422395 5.719783
vt 6.180983 -0.617402
vt 6.189111 -0.616703
vt 6.415899 -5.740024
vt 6.421802 -5.738438
vt 6.408030 -5.738222
vt 6.186944 -4.340802
vt 6.195062 -4.341372
vt -5.419142 5.438892
vt -5.412794 5.439601
vt -5.426793 5.437859
vt 6.254826 -0.864508
vt -1.253531 6.634022
vt -1.261754 6.840102
vt -1.261754 6.633538
vt 6.331519 -5.960696
vt 6.121225 -4.599556
vt -5.341949 5.170865
vt -0.639417 6.552892
vt -0.636439 6.404443
vt -0.625421 6.403561
vt -0.624337 6.552944
vt 0.300815 6.598911
vt 0.310567 6.469381
vt 0.319199 6.472939
vt 0.312539 6.604423
vt 0.286785 6.600877
vt 0.300312 6.470470
vt 6.046015 1.691703
vt 6.044019 1.538507
vt 6.054898 1.539425
vt 6.060884 1.691670
vt 6.147058 0.373374
vt 6.136742 0.233729
vt 6.145438 0.230613
vt 6.158872 0.368444
vt 6.133075 0.371605
vt 6.126519 0.232796
vt -0.659908 6.257077
vt -0.652883 6.257181
vt 0.321945 6.326646
vt 0.327433 6.328501
vt 0.315427 6.328362
vt 6.068460 1.388947
vt 6.075395 1.388831
vt 6.125205 0.085917
vt 6.130729 0.084355
vt 6.118711 0.084269
vt -0.624337 6.127705
vt 3.006773 6.741654
vt 3.013763 6.633537
vt 3.013763 6.742323
vt 0.286785 6.214920
vt 6.044019 1.239225
vt 3.013762 6.739604
vt 3.020719 6.633534
vt 3.020719 6.740353
vt 6.158872 -0.037978
vt 4.628740 5.965695
vt 4.623618 6.138150
vt 4.611920 6.139812
vt 4.612573 5.966650
vt 4.448056 5.984262
vt 4.455156 6.155255
vt 4.442947 6.156045
vt 4.431169 5.984591
vt 4.860249 5.926808
vt 4.860937 6.100663
vt 4.852156 6.101973
vt 4.848116 5.929191
vt 4.876716 5.927763
vt 4.872840 6.102325
vt 6.609358 4.432244
vt 6.597585 4.609187
vt 6.585702 4.608325
vt 6.592916 4.431827
vt 4.602626 6.138515
vt 4.599744 5.964284
vt 4.644617 6.306868
vt 4.637340 6.306796
vt 4.474873 6.331261
vt 4.467272 6.330581
vt 4.834866 6.272211
vt 4.829412 6.272950
vt 4.842284 6.272140
vt 6.576789 4.784130
vt 6.569383 4.784781
vt 6.606397 4.610346
vt 6.582263 4.784776
vt 4.599744 6.478392
vt 4.431169 6.486844
vt 4.876716 6.445131
vt 6.609358 4.948006
vt 4.631567 6.306065
vt -4.239267 6.423693
vt -4.219278 6.245179
vt -4.208391 6.248257
vt -4.224181 6.429819
vt 4.532008 -3.304259
vt 4.535004 -3.499676
vt 4.548645 -3.500272
vt 4.550989 -3.304491
vt 6.492996 -0.181933
vt 6.509084 0.003657
vt 6.499833 -0.000068
vt 6.480159 -0.185763
vt 6.511530 -0.184589
vt 6.522439 0.003124
vt 4.809077 -0.866577
vt 4.811331 -1.059889
vt 4.824976 -1.059207
vt 4.828060 -0.866211
vt -4.195764 6.245855
vt -4.206660 6.427777
vt -4.239267 6.059037
vt -4.232628 6.061428
vt 4.522228 -3.699162
vt 4.530548 -3.699046
vt 6.481384 0.188536
vt 6.475747 0.186348
vt 6.489530 0.187679
vt 4.829244 -1.258448
vt 4.837564 -1.258501
vt -4.224930 6.060043
vt -4.201471 5.892725
vt 4.550989 -3.891335
vt 2.160479 6.634492
vt 2.152196 6.761527
vt 2.152196 6.633536
vt 6.522439 0.364191
vt 4.809077 -1.443670
vt -2.384058 6.447808
vt -2.383231 6.229315
vt -2.369393 6.228986
vt -2.364589 6.448914
vt -0.327741 6.610565
vt -0.321912 6.449270
vt -0.306927 6.449260
vt -0.306764 6.610565
vt 3.327301 6.450815
vt 3.332273 6.235958
vt 3.343666 6.239641
vt 3.343360 6.454444
vt 3.307589 6.452002
vt 3.318273 6.235702
vt 1.993084 6.443841
vt 2.020340 6.232384
vt 2.035229 6.233787
vt 2.013930 6.445787
vt -2.357676 6.225964
vt -2.348090 6.446230
vt -2.420862 6.014068
vt -2.412510 6.015689
vt -0.316827 6.261933
vt -0.308020 6.263229
vt 3.375430 6.025270
vt 3.382272 6.027323
vt 3.366970 6.026903
vt 2.046222 6.014534
vt 2.055181 6.013736
vt -2.405475 6.014035
vt -2.348090 5.829095
vt -1.128042 6.833858
vt -1.135824 6.633536
vt -1.120313 6.830096
vt -1.135824 6.831161
vt 3.307589 5.850539
vt 1.993084 5.836518
vt -0.715903 6.825826
vt -0.715903 6.633537
vt -0.707641 6.823249
vt -1.550537 5.670703
vt -1.539840 5.901497
vt -1.551721 5.906559
vt -1.567317 5.677042
vt 1.536576 6.455708
vt 1.544984 6.231850
vt 1.561212 6.231480
vt 1.559440 6.456646
vt 3.441009 5.821155
vt 3.424962 6.036416
vt 3.412408 6.041210
vt 3.423393 5.827283
vt 3.462415 5.826418
vt 3.440121 6.040667
vt 0.910687 6.444415
vt 0.904311 6.224378
vt 0.920265 6.223401
vt 0.933144 6.441641
vt -1.567254 5.905462
vt -1.589137 5.676175
vt 0.239916 6.633536
vt 0.239916 6.800527
vt 0.230710 6.800946
vt 0.224055 6.635933
vt 1.519706 6.006018
vt 1.529326 6.006426
vt 3.401942 6.234839
vt 3.394503 6.238419
vt 3.410929 6.236020
vt 0.930801 6.003745
vt 0.940256 6.002569
vt -1.542399 6.120949
vt -1.551592 6.119480
vt -1.535374 6.119428
vt -1.589137 6.357246
vt 1.561212 5.824142
vt 3.462415 6.457480
vt 0.904311 5.829837
vt 0.270565 6.210487
vt 0.296875 5.958831
vt 0.313025 5.956288
vt 0.293367 6.208986
vt -0.923033 6.324202
vt -0.943651 6.076250
vt -0.926039 6.074232
vt -0.898094 6.321459
vt 6.301198 5.227935
vt 6.281087 4.962881
vt 6.290732 4.961346
vt 6.314813 5.223708
vt 6.276179 5.229276
vt 6.263384 4.962287
vt 3.750459 6.301105
vt 3.781546 6.045578
vt 3.798911 6.048283
vt 3.775051 6.304815
vt 0.327434 5.959085
vt 0.313704 6.214921
vt 0.270565 5.706944
vt 0.280018 5.705650
vt -0.963035 5.851121
vt -0.952726 5.851324
vt 6.309206 4.694816
vt 6.314813 4.695316
vt 6.298852 4.694666
vt 3.805585 5.811152
vt 3.815755 5.811264
vt 0.288373 5.705924
vt 0.272449 5.439008
vt -0.898094 5.617647
vt -0.968897 5.846300
vt 6.281873 4.431828
vt 3.750459 5.569571
vt 6.668230 2.863359
vt 6.676015 2.723000
vt 6.686362 2.721113
vt 6.682473 2.862268
vt 6.667937 3.600168
vt 6.679534 3.462742
vt 6.691673 3.462603
vt 6.684610 3.601263
vt 5.977004 -4.600289
vt 5.970072 -4.742077
vt 5.977667 -4.742969
vt 5.987461 -4.601707
vt 5.960500 -4.599884
vt 5.958088 -4.742896
vt 5.998346 -4.604262
vt 5.992129 -4.746262
vt 6.004224 -4.745831
vt 6.014967 -4.604995
vt 6.697026 2.722224
vt 6.697154 2.863985
vt 6.667328 2.588430
vt 6.673778 2.587802
vt 6.667937 3.329079
vt 6.675506 3.329202
vt 5.987390 -4.882242
vt 5.992129 -4.883139
vt 5.979910 -4.882192
vt 6.007424 -4.881880
vt 6.014967 -4.881826
vt 6.680428 2.588830
vt 6.697154 2.449098
vt 6.689542 3.186743
vt 5.958088 -5.023242
vt 5.996000 -5.023242
vt -4.923135 6.486845
vt -4.916436 6.331468
vt -4.908217 6.332470
vt -4.911757 6.488847
vt 6.640108 -3.295398
vt 6.639779 -3.150141
vt 6.626858 -3.150031
vt 6.622169 -3.296097
vt 4.535337 -0.865777
vt 4.540252 -1.019112
vt 4.553019 -1.018636
vt 4.553019 -0.864810
vt 6.646718 -1.704196
vt 6.646580 -1.848791
vt 6.656206 -1.845212
vt 6.660074 -1.699816
vt 6.629435 -1.702383
vt 6.634125 -1.848110
vt -4.895298 6.332564
vt -4.893856 6.488667
vt -4.906837 6.175228
vt -4.901800 6.176520
vt 6.655743 -3.005037
vt 6.647785 -3.005681
vt 4.543295 -1.175724
vt 4.551142 -1.175346
vt 6.662625 -1.993537
vt 6.668548 -1.991980
vt 6.654965 -1.992394
vt -4.893856 6.176492
vt -4.895580 6.027848
vt 6.622169 -2.857956
vt 4.545308 -1.320817
vt 6.629435 -2.135634
vt 4.474874 6.479880
vt 4.492001 6.314522
vt 4.504651 6.315093
vt 4.492444 6.482931
vt 4.651914 -0.868480
vt 4.661935 -1.016329
vt 4.675943 -1.016588
vt 4.671413 -0.867614
vt 5.921057 3.183258
vt 5.908325 3.022415
vt 5.919780 3.024443
vt 5.936992 3.185164
vt 5.903402 3.186702
vt 5.895615 3.023291
vt 6.403686 0.371729
vt 6.400031 0.200196
vt 6.413996 0.200591
vt 6.423132 0.370935
vt 4.516185 6.313589
vt 4.508484 6.481767
vt 4.474874 6.146011
vt 4.482559 6.146752
vt 4.649005 -1.177993
vt 4.657509 -1.177787
vt 5.930037 2.856588
vt 5.936992 2.857812
vt 5.922318 2.857508
vt 6.417152 0.032950
vt 6.425633 0.032797
vt 4.489561 6.145846
vt 4.505063 5.984262
vt 4.675943 -1.320817
vt 5.906285 2.701096
vt 6.400031 -0.134324
vt 6.456157 0.368036
vt 6.446623 0.187668
vt 6.455668 0.184551
vt 6.468865 0.366033
vt 6.435444 0.368612
vt 6.431805 0.187169
vt -5.388229 6.496953
vt -5.414582 6.339492
vt -5.401034 6.336706
vt -5.369488 6.489890
vt -2.897632 6.398222
vt -2.892440 6.212114
vt -2.882400 6.213779
vt -2.883519 6.398158
vt -2.918029 6.397277
vt -2.907037 6.212363
vt -5.554804 6.476739
vt -5.519347 6.328119
vt -5.505519 6.331110
vt -5.535830 6.484078
vt -5.531148 6.332512
vt -5.554804 6.173875
vt -5.547720 6.171200
vt 6.442804 0.020161
vt 6.451672 0.021183
vt -5.377577 6.175519
vt -5.369488 6.174554
vt -5.426793 6.334962
vt -5.384906 6.172760
vt -2.905208 6.038685
vt -2.896461 6.037792
vt -5.539430 6.172288
vt -5.535431 6.006814
vt 6.468865 -0.159685
vt -5.381179 6.003290
vt -2.918029 5.858209
vt -4.675287 6.935754
vt -4.666933 6.774332
vt -4.653302 6.768878
vt -4.656116 6.929615
vt 6.621443 0.378022
vt 6.600333 0.534045
vt 6.584616 0.532857
vt 6.599434 0.374707
vt -5.628785 6.952642
vt -5.618434 6.805393
vt -5.604077 6.801241
vt -5.608609 6.946977
vt -3.920855 6.421304
vt -3.915585 6.233036
vt -3.900139 6.235425
vt -3.899070 6.422880
vt 6.056855 -4.601971
vt 6.035436 -4.762482
vt 6.048388 -4.767921
vt 6.074888 -4.611350
vt 6.036685 -4.605883
vt 6.021073 -4.765391
vt -4.675287 6.636175
vt -4.667220 6.633534
vt 6.618531 0.684013
vt 6.609223 0.683985
vt -5.628785 6.637312
vt -5.620424 6.633537
vt -3.882632 6.059738
vt -3.873434 6.060433
vt 6.034797 -4.940664
vt 6.042476 -4.943211
vt 6.026299 -4.943752
vt 6.621443 0.873354
vt 6.603441 0.688179
vt -3.920855 5.895505
vt -3.867074 6.056708
vt -0.164846 6.633536
vt -0.164846 6.810189
vt -0.173757 6.634996
vt 6.074888 -5.080401
vt -2.853146 6.440479
vt -2.825485 6.232061
vt -2.811933 6.229156
vt -2.834263 6.442245
vt -5.505519 6.479241
vt -5.443106 6.314527
vt -5.426793 6.317208
vt -5.483344 6.487446
vt 1.822695 6.440424
vt 1.782472 6.242792
vt 1.794786 6.242781
vt 1.840038 6.440122
vt 1.800630 6.445917
vt 1.766460 6.242516
vt -0.739539 6.825287
vt -0.739539 6.633538
vt -0.723179 6.636945
vt -0.715903 6.825220
vt -2.796613 6.230593
vt -2.812665 6.444560
vt -2.850188 6.052227
vt -2.842307 6.048924
vt -5.490805 6.170044
vt -5.481329 6.170348
vt 1.825133 6.043545
vt 1.832393 6.043523
vt 1.815831 6.041693
vt -0.051137 6.806727
vt -0.051137 6.636623
vt -0.042164 6.633537
vt -0.036196 6.799553
vt -2.833275 6.049786
vt -2.853146 5.857964
vt -5.505519 6.006814
vt 1.840038 5.833254
vt 0.239917 6.800824
vt 0.239917 6.633536
vt 0.249597 6.799971
vt 6.228975 3.176500
vt 6.240751 2.961908
vt 6.251617 2.964491
vt 6.244352 3.182297
vt 6.555205 -3.933377
vt 6.537066 -3.718789
vt 6.519603 -3.719556
vt 6.530532 -3.935872
vt 6.424751 -4.602409
vt 6.421801 -4.813784
vt 6.439115 -4.812664
vt 6.449253 -4.601528
vt 2.347912 5.825210
vt 2.362255 6.039835
vt 2.349186 6.036011
vt 2.329459 5.821914
vt 2.371706 5.821954
vt 2.379088 6.038538
vt 6.269115 2.963650
vt 6.269115 3.181811
vt 6.539449 -3.511458
vt 6.532989 -3.508132
vt 6.508517 -3.714910
vt 6.549644 -3.511506
vt 6.439130 -5.033019
vt 6.449253 -5.032246
vt 2.342181 6.246975
vt 2.334569 6.244122
vt 2.351999 6.246720
vt 6.240754 2.740750
vt 6.250984 2.740140
vt 6.555205 -3.298129
vt 6.448135 -5.252052
vt 2.329459 6.456604
vt 6.239919 2.518140
vt -0.058687 6.326009
vt -0.036731 6.089509
vt -0.018181 6.089133
vt -0.032432 6.327994
vt 0.999999 6.436862
vt 1.008152 6.239945
vt 1.024505 6.243373
vt 1.023203 6.444023
vt 0.977590 6.443441
vt 0.992362 6.244641
vt 6.444971 -3.894318
vt 6.430562 -4.130114
vt 6.449122 -4.129833
vt 6.471235 -3.896438
vt -0.082110 6.327774
vt -0.090376 6.090103
vt -0.073864 6.090137
vt -0.058687 6.325217
vt -0.104260 6.326547
vt -0.105984 6.089169
vt -0.058687 5.855533
vt -0.047912 5.855536
vt 0.986762 6.021923
vt 0.996265 6.024190
vt 0.977590 6.024571
vt 6.460453 -4.365675
vt 6.471235 -4.365734
vt -0.068281 5.853816
vt -0.058687 5.853528
vt -0.077347 5.853362
vt -0.025977 5.620376
vt 1.005330 5.829838
vt 6.438359 -4.599556
vt -0.086868 5.620378
vt 6.491526 3.859206
vt 6.505538 3.621975
vt 6.520213 3.616376
vt 6.512419 3.854107
vt -1.136223 6.343892
vt -1.104294 6.109979
vt -1.085199 6.111511
vt -1.109190 6.348430
vt -1.169408 6.353159
vt -1.177548 6.113162
vt -1.159611 6.110627
vt -1.143888 6.349058
vt -1.191462 6.348925
vt -1.193058 6.108164
vt 6.327374 3.182622
vt 6.301328 2.939745
vt 6.319888 2.937765
vt 6.353602 3.177361
vt 6.538618 3.618412
vt 6.538610 3.857496
vt 6.491526 3.406125
vt 6.499960 3.402125
vt -1.124506 5.884886
vt -1.113529 5.884893
vt -1.154242 5.892147
vt -1.143888 5.890596
vt -1.163159 5.888488
vt 6.330594 2.704312
vt 6.341277 2.704087
vt 6.510583 3.403388
vt 6.497306 3.186744
vt -1.136223 5.649765
vt -1.147843 5.664819
vt 6.353602 2.465683
vt -3.221100 6.434922
vt -3.232744 6.244133
vt -3.213394 6.246406
vt -3.193388 6.439287
vt 6.368453 -2.530255
vt 6.369392 -2.792083
vt 6.381494 -2.791241
vt 6.385687 -2.528152
vt 6.339724 -2.530472
vt 6.349257 -2.792654
vt 0.197382 6.308290
vt 0.210992 6.055199
vt 0.229807 6.054676
vt 0.224320 6.306118
vt 0.174873 6.301475
vt 0.195254 6.049819
vt 6.314813 5.205900
vt 6.320200 4.940887
vt 6.340251 4.940549
vt 6.343411 5.206017
vt -3.271594 6.051884
vt -3.260455 6.054549
vt 6.378383 -3.057678
vt 6.385259 -3.055473
vt 6.366824 -3.057957
vt 0.251247 5.803047
vt 0.262065 5.801043
vt 0.242196 5.801613
vt 6.318599 4.679234
vt 6.330111 4.679088
vt -3.193388 5.858442
vt 0.327725 6.633536
vt 0.327725 6.799294
vt 0.316683 6.637220
vt 6.385687 -3.296098
vt 0.174873 5.557114
vt 6.314813 4.431829
vt 6.001664 -0.864896
vt 5.989101 -0.993747
vt 5.998908 -0.995183
vt 6.014953 -0.866377
vt 6.272903 4.427746
vt 6.282877 4.277068
vt 6.291035 4.277796
vt 6.283871 4.429369
vt 6.260839 4.427604
vt 6.273929 4.277038
vt 6.619580 3.623440
vt 6.634194 3.472458
vt 6.644019 3.473619
vt 6.632887 3.624474
vt 6.273407 0.373780
vt 6.263657 0.220911
vt 6.271968 0.220543
vt 6.284586 0.372642
vt 6.261504 0.374159
vt 6.254826 0.221116
vt 5.964880 -1.116349
vt 5.971308 -1.116255
vt 6.284037 4.123296
vt 6.289350 4.123873
vt 6.278226 4.124423
vt 6.661499 3.325699
vt 6.667937 3.325224
vt 6.263090 0.069307
vt 6.268506 0.068966
vt 6.257364 0.068288
vt 6.014953 -1.223254
vt 6.260839 3.992058
vt 6.619580 3.186743
vt 6.284586 -0.068592
vt 6.412723 3.929740
vt 6.420739 4.099609
vt 6.410283 4.101598
vt 6.398390 3.931709
vt 6.250321 1.184599
vt 6.248766 1.358660
vt 6.237797 1.358889
vt 6.235346 1.184426
vt 6.301560 -3.804630
vt 6.290234 -3.633343
vt 6.282441 -3.632358
vt 6.290897 -3.803011
vt 6.316150 -3.802763
vt 6.300872 -3.631428
vt -4.301178 5.859820
vt -4.301507 6.035707
vt -4.312206 6.035338
vt -4.315783 5.859803
vt 6.402021 4.100636
vt 6.387089 3.930120
vt 6.444764 4.266748
vt 6.438102 4.266727
vt 6.256300 1.535068
vt 6.249332 1.534663
vt 6.262422 -3.464674
vt 6.257451 -3.463302
vt 6.269212 -3.464744
vt -4.308985 6.208288
vt -4.315783 6.208609
vt -4.293628 6.035318
vt -4.303982 6.208807
vt 6.387089 4.431152
vt 6.235346 1.691522
vt 6.316150 -3.297844
vt -4.299341 6.373384
vt 6.432838 4.265370
vt 6.418495 1.660698
vt 6.426583 1.467712
vt 6.437530 1.465998
vt 6.433576 1.659425
vt 6.605290 -2.792479
vt 6.607525 -2.962251
vt 6.619749 -2.963073
vt 6.622167 -2.792636
vt 6.388984 -4.603328
vt 6.381406 -4.800390
vt 6.388695 -4.800760
vt 6.399022 -4.603797
vt 6.372218 -4.602868
vt 6.369237 -4.800870
vt 6.396133 -0.867119
vt 6.398973 -1.046033
vt 6.411107 -1.044601
vt 6.412889 -0.866192
vt 6.447768 1.467651
vt 6.447678 1.661662
vt 6.418495 1.282536
vt 6.425314 1.281910
vt 6.582779 -3.123360
vt 6.590404 -3.123293
vt 6.398100 -4.997344
vt 6.402635 -4.997333
vt 6.390523 -4.997189
vt 6.426980 -1.213817
vt 6.434549 -1.213548
vt 6.431684 1.282704
vt 6.437520 1.085824
vt 6.622167 -3.296097
vt 6.369236 -5.191518
vt 6.396133 -1.392353
vt -1.898117 6.456225
vt -1.936050 6.247147
vt -1.922752 6.245686
vt -1.879914 6.452476
vt 4.791922 -0.867741
vt 4.746712 -1.040160
vt 4.759364 -1.043334
vt 4.809078 -0.874473
vt 1.526609 6.771791
vt 1.526609 6.636010
vt 1.539488 6.633534
vt 1.544524 6.767687
vt 1.840040 6.457412
vt 1.885280 6.243872
vt 1.898609 6.245259
vt 1.858280 6.461072
vt 5.916577 -4.600577
vt 5.935419 -4.792895
vt 5.946758 -4.797376
vt 5.932245 -4.604327
vt 5.900168 -4.606106
vt 5.923577 -4.796170
vt -1.936689 6.027071
vt -1.928559 6.028022
vt 4.764648 -1.233483
vt 4.772318 -1.233612
vt 4.736634 -1.044638
vt 4.758492 -1.236428
vt 1.890155 6.023559
vt 1.898296 6.022563
vt 5.900168 -4.958265
vt 5.906871 -4.962540
vt 3.702584 5.183704
vt 3.696540 5.361779
vt 3.689365 5.363739
vt 3.690882 5.186586
vt -1.879914 5.814291
vt 4.809078 -1.443669
vt 1.840040 5.812320
vt 3.702584 5.567776
vt 3.682341 5.361989
vt 6.456418 3.871952
vt 6.454669 3.640065
vt 6.466824 3.636909
vt 6.473415 3.868217
vt 1.410687 6.297205
vt 1.423915 6.054861
vt 1.438448 6.054680
vt 1.430970 6.298063
vt -1.217126 6.354051
vt -1.214663 6.120719
vt -1.205568 6.117290
vt -1.204434 6.349641
vt -1.237198 6.352790
vt -1.229017 6.119334
vt -0.559035 6.294792
vt -0.566206 6.051575
vt -0.551801 6.051658
vt -0.538926 6.293801
vt 6.479798 3.638767
vt 6.491526 3.870432
vt 6.450151 3.417391
vt 6.457477 3.416136
vt 1.410687 5.811625
vt 1.419454 5.811616
vt -1.198547 5.894693
vt -1.193058 5.892071
vt -1.207210 5.894505
vt -0.547616 5.809624
vt -0.538926 5.809575
vt 6.465298 3.417812
vt 6.491526 3.186744
vt 1.429794 5.571514
vt -1.237198 5.664819
vt -0.553626 5.573062
vt 6.435184 -2.597669
vt 6.460393 -2.830770
vt 6.476394 -2.830506
vt 6.457608 -2.595513
vt 6.342238 -3.298187
vt 6.355014 -3.482929
vt 6.370977 -3.483557
vt 6.364682 -3.298889
vt 6.459897 1.690095
vt 6.448684 1.496090
vt 6.464542 1.494813
vt 6.482157 1.686998
vt 6.309991 -5.170932
vt 6.291640 -5.435193
vt 6.306998 -5.435616
vt 6.331515 -5.173489
vt 6.293665 -5.172047
vt 6.280023 -5.436181
vt 6.487456 -5.287183
vt 6.504798 -5.497756
vt 6.520615 -5.496526
vt 6.509670 -5.284091
vt 6.439997 -3.074192
vt 6.449480 -3.074527
vt 6.365024 -3.628831
vt 6.374500 -3.629613
vt 6.472743 1.280487
vt 6.482157 1.279619
vt 6.312537 -5.700535
vt 6.321636 -5.700245
vt 6.305663 -5.701801
vt 6.487456 -5.729043
vt 6.496847 -5.728196
vt 6.435184 -3.296098
vt 6.342238 -3.804630
vt 6.450226 1.064759
vt 6.331515 -5.960694
vt 6.520462 -5.960695
vt -2.874259 6.898535
vt -2.865100 6.809458
vt -2.857150 6.808265
vt -2.863610 6.898719
vt -2.714896 6.894940
vt -2.707834 6.806763
vt -2.698247 6.806490
vt -2.702031 6.895731
vt -2.958738 6.901137
vt -2.968503 6.812169
vt -2.962220 6.811734
vt -2.950316 6.899935
vt -2.971330 6.902261
vt -2.977916 6.811667
vt -2.845798 6.899780
vt -2.848532 6.808203
vt -2.838967 6.808647
vt -2.832951 6.899198
vt -2.848532 6.808715
vt -2.852043 6.899940
vt -2.874259 6.723777
vt -2.869038 6.723062
vt -2.717585 6.722165
vt -2.711291 6.722352
vt -2.954429 6.723332
vt -2.950316 6.723357
vt -2.960610 6.723072
vt -2.836106 6.721703
vt -2.829825 6.721617
vt -2.863395 6.723051
vt -2.867040 6.633535
vt -2.698247 6.633537
vt -2.965054 6.633534
vt -2.848532 6.633536
vt -4.314839 6.926548
vt -4.315513 6.821119
vt -4.308952 6.818381
vt -4.305576 6.927217
vt -3.451714 6.902347
vt -3.417616 6.817688
vt -3.407344 6.819566
vt -3.438306 6.908450
vt -4.194031 6.925036
vt -4.192275 6.823401
vt -4.181592 6.823833
vt -4.179469 6.925466
vt -4.203922 6.926230
vt -4.199385 6.821039
vt 3.297213 6.729930
vt 3.297213 6.633536
vt 3.307087 6.634337
vt 3.311233 6.727315
vt -4.298179 6.817650
vt -4.290885 6.926378
vt -3.445329 6.739448
vt -3.440045 6.736601
vt -3.399025 6.815334
vt -3.451714 6.739513
vt -4.174973 6.734983
vt -4.168159 6.734019
vt -0.596999 6.821125
vt -0.574877 6.733824
vt -0.568717 6.734836
vt -0.587354 6.822464
vt 3.447140 6.722408
vt 3.447140 6.635013
vt 3.453879 6.633539
vt 3.457396 6.718694
vt -4.322976 6.730195
vt -4.316088 6.730959
vt -3.448607 6.633537
vt -4.203922 6.633534
vt -0.596999 6.633536
vt -0.580758 6.735022
vt -4.290885 6.633536
vt 6.723511 -0.505980
vt 6.734089 -0.625005
vt 6.745473 -0.624619
vt 6.739166 -0.504083
vt 3.478503 6.720431
vt 3.483023 6.635124
vt 3.495024 6.633537
vt 3.495024 6.718417
vt 6.228010 -2.138951
vt 6.220909 -2.256160
vt 6.230171 -2.254116
vt 6.240758 -2.137233
vt 6.212158 -2.136953
vt 6.209393 -2.255690
vt 0.157821 5.491032
vt 0.157986 5.377590
vt 0.170153 5.377158
vt 0.174574 5.490190
vt 6.754991 -0.626143
vt 6.752260 -0.505076
vt 6.723511 -0.744304
vt 6.730588 -0.744279
vt -0.257784 6.812692
vt -0.255647 6.718722
vt -0.248043 6.718956
vt -0.245571 6.812956
vt 6.235005 -2.372945
vt 6.240758 -2.371372
vt 6.227845 -2.372865
vt 0.160093 5.258281
vt 0.167669 5.257925
vt 6.736502 -0.745532
vt 6.727273 -0.864506
vt -0.245571 6.633538
vt 6.236357 -2.488755
vt 0.157821 5.142018
vt 6.719150 4.805688
vt 6.728023 4.676752
vt 6.738052 4.679089
vt 6.733078 4.810265
vt 6.700819 5.239726
vt 6.699271 5.104280
vt 6.712710 5.103441
vt 6.719522 5.239266
vt 6.737467 5.201854
vt 6.735585 5.075512
vt 6.745419 5.079113
vt 6.751147 5.206208
vt 6.719522 5.203807
vt 6.722696 5.075969
vt 6.686189 4.835504
vt 6.692947 4.697592
vt 6.706397 4.698502
vt 6.704905 4.836055
vt 6.750887 4.677563
vt 6.750904 4.808799
vt 6.721860 4.543415
vt 6.727981 4.545903
vt 6.686191 4.970360
vt 6.694416 4.970806
vt 6.753196 4.946826
vt 6.759207 4.948876
vt 6.745309 4.948158
vt 6.710923 4.563622
vt 6.719150 4.563209
vt 6.735825 4.545123
vt 6.750904 4.431827
vt 6.719522 4.836055
vt 3.532790 6.633536
vt 3.532790 6.719414
vt 3.524890 6.635266
vt 6.719522 4.836054
vt 6.686189 4.431827
vt 0.455395 6.608503
vt 0.453200 6.483925
vt 0.465324 6.487672
vt 0.472449 6.615222
vt 0.435840 6.613192
vt 0.439262 6.487666
vt 6.004873 1.685964
vt 6.000150 1.546184
vt 6.014462 1.548203
vt 6.024927 1.687788
vt 5.988704 1.691492
vt 5.988605 1.548978
vt 6.668135 0.783495
vt 6.675553 0.647566
vt 6.689584 0.650992
vt 6.687824 0.787725
vt 6.141810 -0.865839
vt 6.150868 -1.018620
vt 6.165875 -1.018736
vt 6.162823 -0.864929
vt 0.433503 6.351104
vt 0.440760 6.354171
vt 0.425158 6.352299
vt 6.016361 1.401098
vt 6.024927 1.402541
vt 6.708453 0.508335
vt 6.715620 0.505525
vt 6.701548 0.647714
vt 6.700047 0.507359
vt 6.141810 -1.168555
vt 6.150791 -1.168876
vt 0.472449 6.229715
vt 6.006280 1.283107
vt 6.668135 0.374707
vt 6.150056 -1.315615
vt 3.591943 6.709729
vt 3.595629 6.633537
vt 3.605722 6.636732
vt 3.605722 6.714552
vt -4.636720 6.633535
vt -4.642186 6.729462
vt -4.653301 6.730117
vt -4.651894 6.633673
vt -3.697180 6.913646
vt -3.688162 6.817446
vt -3.678147 6.820188
vt -3.683523 6.917605
vt -3.709734 6.916610
vt -3.697316 6.819183
vt -2.718907 6.633987
vt -2.717585 6.716565
vt -2.728693 6.715741
vt -2.734075 6.633536
vt -5.448435 6.950236
vt -5.455843 6.840498
vt -5.444777 6.839558
vt -5.433342 6.948720
vt -5.462298 6.839656
vt -5.465088 6.728073
vt -5.461001 6.730042
vt -4.634931 6.824599
vt -4.641984 6.824589
vt -3.676579 6.714961
vt -3.670231 6.715809
vt -3.682379 6.717387
vt -2.728950 6.794170
vt -2.736000 6.794034
vt -5.453983 6.730413
vt -5.433342 6.633535
vt -4.653301 6.935558
vt -3.709734 6.633536
vt -2.717585 6.896403
vt -1.072773 6.825977
vt -1.063895 6.732138
vt -1.052743 6.734851
vt -1.057440 6.830665
vt 6.732116 -3.573174
vt 6.732495 -3.694674
vt 6.744512 -3.695251
vt 6.748659 -3.573473
vt 6.722378 -3.573828
vt 6.725404 -3.695694
vt -3.628052 6.917991
vt -3.632464 6.829214
vt -3.620550 6.827995
vt -3.611675 6.915432
vt 6.733275 -2.933057
vt 6.735134 -3.056217
vt 6.746846 -3.055746
vt 6.749393 -2.932905
vt 6.721663 -2.932910
vt 6.726689 -3.055563
vt -1.072773 6.635341
vt -1.065815 6.637027
vt 6.727352 -3.814932
vt 6.734848 -3.814720
vt 3.287759 6.725567
vt 3.291299 6.633534
vt 3.297213 6.636839
vt 3.297213 6.730171
vt -3.619110 6.737163
vt -3.611675 6.736410
vt 6.739840 -3.176409
vt 6.747135 -3.176691
vt -1.059846 6.633536
vt -1.043137 6.729959
vt 3.425354 6.724168
vt 3.425354 6.633537
vt 3.432151 6.721449
vt 6.748659 -3.935872
vt 6.722929 -3.816151
vt -3.625851 6.633539
vt 6.721663 -3.296097
vt 6.734584 -3.175417
vt -5.479417 6.945322
vt -5.483081 6.838109
vt -5.472758 6.841878
vt -5.465087 6.951242
vt -5.496053 6.949559
vt -5.495086 6.841376
vt 6.158874 0.359565
vt 6.160615 0.226186
vt 6.173592 0.226399
vt 6.176846 0.359367
vt 6.717351 1.420086
vt 6.720661 1.287567
vt 6.731209 1.286966
vt 6.731997 1.418426
vt 6.700931 1.418167
vt 6.708813 1.285939
vt 6.025607 1.675045
vt 6.029219 1.543291
vt 6.042220 1.543175
vt 6.043611 1.675374
vt -5.495856 6.725978
vt -5.489515 6.729238
vt -5.503234 6.727343
vt 6.170515 0.093198
vt 6.178495 0.092975
vt 6.733288 1.155086
vt 6.739775 1.153597
vt 6.726004 1.154850
vt 6.024923 1.414659
vt 6.032918 1.414941
vt -5.465087 6.633536
vt 6.158874 -0.037979
vt 6.700931 1.029751
vt 6.043611 1.283106
vt 6.706486 -4.892152
vt 6.715510 -5.025170
vt 6.724908 -5.021109
vt 6.719563 -4.886000
vt 6.051160 -3.729681
vt 6.056047 -3.584741
vt 6.042196 -3.583597
vt 6.031837 -3.728639
vt -2.683142 6.639509
vt -2.684491 6.764643
vt -2.695338 6.760361
vt -2.698247 6.633536
vt -2.665025 6.636451
vt -2.671491 6.762791
vt 6.692913 -3.294631
vt 6.682388 -3.153236
vt 6.668564 -3.154676
vt 6.673624 -3.296098
vt 6.738526 -5.022001
vt 6.738526 -4.887254
vt 6.722678 -5.161353
vt 6.728380 -5.158163
vt 6.068816 -3.439408
vt 6.060393 -3.439929
vt -2.691662 6.894501
vt -2.698247 6.891548
vt -2.683754 6.892681
vt 6.664158 -3.014973
vt 6.655743 -3.014655
vt 6.736657 -5.159071
vt 3.287759 6.633536
vt 3.287759 6.730751
vt 3.280021 6.636778
vt 6.031837 -3.298069
vt 6.073658 -3.438909
vt 2.998675 6.740674
vt 3.006772 6.633535
vt 3.006772 6.743052
vt 6.692913 -2.875423
vt 6.729477 -5.272420
vt -5.207039 6.490087
vt -5.211092 6.334300
vt -5.197220 6.333683
vt -5.187563 6.490258
vt 6.692911 -2.894565
vt 6.706919 -3.020077
vt 6.721663 -3.021416
vt 6.713482 -2.894965
vt 6.633218 -0.410487
vt 6.641262 -0.560880
vt 6.652269 -0.558683
vt 6.648555 -0.406584
vt 6.613438 -0.410298
vt 6.627178 -0.561480
vt -3.025602 6.903292
vt -3.033805 6.768460
vt -3.019004 6.768034
vt -3.004938 6.901107
vt -5.185768 6.332052
vt -5.171597 6.487141
vt -5.221449 6.176261
vt -5.213122 6.177194
vt 6.692911 -3.143817
vt 6.701773 -3.144618
vt 6.657050 -0.716003
vt 6.663666 -0.715976
vt 6.648584 -0.715065
vt -3.013833 6.633796
vt -3.004938 6.633537
vt -5.206251 6.177513
vt -5.171597 6.026844
vt 6.701982 -3.296098
vt 6.613438 -0.864506
vt 1.259343 6.774014
vt 1.267805 6.633537
vt 1.267805 6.776075
vt -4.048750 6.924365
vt -4.042416 6.776158
vt -4.028838 6.771823
vt -4.029659 6.919308
vt -4.738152 6.353647
vt -4.729090 6.214069
vt -4.713615 6.215557
vt -4.716413 6.356606
vt 6.636507 -1.021502
vt 6.646658 -1.174982
vt 6.660122 -1.177707
vt 6.655429 -1.025424
vt 6.617127 -1.027205
vt 6.632932 -1.179785
vt 4.556374 -0.867107
vt 4.553019 -1.014528
vt 4.568084 -1.016678
vt 4.577517 -0.871069
vt -4.015109 6.775358
vt -4.010371 6.924365
vt -4.047042 6.634914
vt -4.039052 6.633537
vt -4.738152 6.077397
vt -4.728946 6.078101
vt 6.668339 -1.320615
vt 6.676356 -1.323644
vt 6.660165 -1.322252
vt 4.568549 -1.156639
vt 4.577517 -1.157724
vt 1.245471 6.771505
vt 1.251145 6.633534
vt 1.259342 6.637390
vt 1.259342 6.776026
vt -4.722400 5.911089
vt -4.722758 6.074967
vt 6.617127 -1.466137
vt 4.556418 -1.320817
vt 1.104925 6.778812
vt 1.104925 6.633536
vt 1.113709 6.778537
vt 4.011847 6.489221
vt 4.021211 6.322462
vt 4.033062 6.317309
vt 4.028567 6.483543
vt 6.342238 -3.803668
vt 6.332814 -3.631815
vt 6.316150 -3.631699
vt 6.318748 -3.804630
vt -3.789881 6.421279
vt -3.796598 6.245591
vt -3.783509 6.243207
vt -3.771427 6.417403
vt -3.811714 6.419984
vt -3.812083 6.243489
vt 6.615174 1.029753
vt 6.618963 1.192904
vt 6.602484 1.193851
vt 6.591958 1.032164
vt 4.049143 6.318769
vt 4.051245 6.486093
vt 4.015979 6.165340
vt 4.022951 6.161936
vt 6.342238 -3.465827
vt 6.332406 -3.465758
vt -3.781023 6.073454
vt -3.773324 6.072434
vt -3.790137 6.071826
vt 6.601680 1.347016
vt 6.591958 1.347574
vt 4.032420 6.162433
vt 4.011847 6.000028
vt 6.331805 -3.296868
vt -3.771427 5.895507
vt 6.600968 1.499758
vt 6.371819 1.684420
vt 6.381220 1.497959
vt 6.396470 1.499728
vt 6.393387 1.687672
vt -4.685919 6.433475
vt -4.695177 6.256643
vt -4.677770 6.254501
vt -4.661251 6.430949
vt 6.282089 1.688039
vt 6.279071 1.507775
vt 6.294213 1.510332
vt 6.303507 1.691437
vt 6.260449 1.691959
vt 6.263772 1.510024
vt 2.914227 6.430783
vt 2.930308 6.240093
vt 2.947815 6.241633
vt 2.939034 6.432426
vt 6.411662 1.497728
vt 6.414878 1.685069
vt 6.381717 1.309842
vt 6.390617 1.312107
vt -4.713614 6.076108
vt -4.703401 6.076332
vt 6.284965 1.323344
vt 6.293833 1.325113
vt 6.276036 1.325865
vt 2.954404 6.052763
vt 2.964668 6.052094
vt 6.399516 1.310659
vt 6.414878 1.146180
vt -4.661251 5.911089
vt 6.260449 1.171658
vt 2.914227 5.867192
vt 6.305770 6.508726
vt 6.304224 6.343574
vt 6.322412 6.340000
vt 6.331766 6.505630
vt -3.463024 6.427680
vt -3.458822 6.235453
vt -3.443153 6.237182
vt -3.440809 6.431812
vt -3.486419 6.430293
vt -3.475299 6.236817
vt -4.380511 6.446651
vt -4.373078 6.246248
vt -4.354611 6.248263
vt -4.354152 6.447162
vt -3.294224 6.441255
vt -3.298431 6.239542
vt -3.282475 6.238482
vt -3.271595 6.438056
vt -3.317248 6.439095
vt -3.314650 6.238502
vt 6.267844 6.188919
vt 6.278470 6.188134
vt -3.462106 6.033039
vt -3.453000 6.034228
vt -3.471631 6.035212
vt -4.329089 6.053913
vt -4.318313 6.053522
vt -3.294113 6.037602
vt -3.284840 6.036800
vt -3.303482 6.035599
vt 6.331766 6.041270
vt 0.982942 6.633801
vt 0.972217 6.782318
vt 0.972217 6.633535
vt -3.486419 5.865361
vt -4.380511 5.866844
vt -3.271595 5.858441
vt 5.727442 6.317763
vt 5.758655 6.074329
vt 5.767603 6.073402
vt 5.739502 6.318473
vt 6.400031 -0.135460
vt 6.420997 -0.379840
vt 6.431805 -0.379920
vt 6.414699 -0.134324
vt -0.575738 6.301570
vt -0.610854 6.059186
vt -0.603814 6.057886
vt -0.566207 6.299065
vt -0.590051 6.303249
vt -0.621477 6.058972
vt 4.877964 1.688882
vt 4.863157 1.443236
vt 4.873931 1.443303
vt 4.892594 1.687735
vt 5.777326 6.074317
vt 5.752691 6.320457
vt 5.740163 5.837719
vt 5.745854 5.836412
vt 6.400031 -0.620374
vt 6.406926 -0.620710
vt -0.582382 5.818621
vt -0.577904 5.818227
vt -0.589135 5.817763
vt 4.885719 1.197248
vt 4.892594 1.197580
vt 5.752049 5.836563
vt 5.727442 5.595591
vt 6.401616 -0.864507
vt -0.566207 5.573061
vt 4.888922 0.951330
vt 6.250480 -2.488757
vt 6.242756 -2.759668
vt 6.254427 -2.760614
vt 6.266535 -2.489291
vt 2.426664 6.388737
vt 2.424711 6.164160
vt 2.434308 6.167714
vt 2.439829 6.393751
vt 2.412089 6.392541
vt 2.414091 6.166554
vt 6.203156 1.183827
vt 6.215467 0.911247
vt 6.227122 0.912240
vt 6.219193 1.184426
vt 6.287808 2.483473
vt 6.288941 2.214142
vt 6.298796 2.213172
vt 6.301328 2.481984
vt 6.273511 2.482089
vt 6.278523 2.213573
vt 6.209393 -3.029921
vt 6.216741 -3.029656
vt 2.433810 5.925488
vt 2.439829 5.928135
vt 2.427134 5.927292
vt 6.253107 0.641867
vt 6.260448 0.641632
vt 6.280061 1.943167
vt 6.286240 1.942068
vt 6.273511 1.942455
vt 6.266535 -3.296099
vt -0.700788 6.633537
vt -0.700788 6.825688
vt -0.707641 6.635853
vt 2.431691 5.743592
vt 6.203156 0.374707
vt 6.278444 1.692005
vt 6.119006 3.187963
vt 6.094654 3.478202
vt 6.082038 3.478513
vt 6.101625 3.186743
vt 1.198609 6.448359
vt 1.199770 6.249468
vt 1.212188 6.250403
vt 1.215792 6.450472
vt 0.021139 6.635915
vt 0.016388 6.806023
vt 0.003938 6.804101
vt 0.003938 6.633535
vt 6.098562 1.692006
vt 6.117294 1.984085
vt 6.104702 1.983612
vt 6.081207 1.693013
vt 6.542729 3.841472
vt 6.548502 3.630862
vt 6.560216 3.628275
vt 6.558948 3.837058
vt -2.088237 6.633534
vt -2.088237 6.879642
vt -2.100044 6.882551
vt -2.104551 6.637130
vt 6.127995 3.769714
vt 6.120184 3.769652
vt 1.169335 6.017025
vt 1.177030 6.018035
vt 1.191708 6.256319
vt 1.164340 6.021024
vt 6.077780 2.275845
vt 6.069984 2.275807
vt 6.574856 3.386377
vt 6.582114 3.384336
vt 6.538618 3.625353
vt 6.568734 3.383211
vt 6.082038 4.047900
vt 1.215792 5.824827
vt -1.135823 6.633763
vt -1.143628 6.834615
vt -1.143628 6.633535
vt 6.117294 2.554813
vt 6.538618 3.186744
vt -2.516995 6.633535
vt -2.516995 6.891706
vt -2.524497 6.634624
vt -4.692122 5.907949
vt -4.715769 5.600934
vt -4.706870 5.601810
vt -4.679508 5.911089
vt 6.028203 -2.420857
vt 6.069042 -2.709194
vt 6.082389 -2.707572
vt 6.046659 -2.417747
vt 2.462193 5.905905
vt 2.472828 5.618510
vt 2.483817 5.622943
vt 2.477541 5.911129
vt 2.445178 5.908856
vt 2.460700 5.619325
vt 6.025508 1.283105
vt 5.988602 0.976389
vt 6.001994 0.975017
vt 6.044019 1.280282
vt -4.693818 5.599094
vt -4.661251 5.908304
vt -4.785975 5.286744
vt -4.780506 5.287950
vt 6.067789 -2.973396
vt 6.075927 -2.973604
vt 2.546062 5.327720
vt 2.552867 5.328527
vt 2.538621 5.328865
vt 5.992566 0.691309
vt 6.000739 0.691741
vt -4.772435 5.288261
vt -4.661251 4.987606
vt 6.028203 -3.296097
vt 2.445178 5.023700
vt 6.044019 0.374706
vt 3.578891 4.797242
vt 3.558202 5.129260
vt 3.544438 5.128567
vt 3.559686 4.794565
vt 5.895476 0.159896
vt 5.939678 -0.184160
vt 5.953894 -0.182905
vt 5.915234 0.162466
vt 1.866450 4.810093
vt 1.886767 5.138785
vt 1.876876 5.135355
vt 1.852653 4.806225
vt 1.885973 4.807637
vt 1.900767 5.138248
vt 3.661141 5.810400
vt 3.623297 5.462137
vt 3.637073 5.461021
vt 3.680283 5.808022
vt 3.646630 5.811488
vt 3.612973 5.463606
vt 3.597747 5.465724
vt 3.589431 5.465249
vt 5.963060 -0.530508
vt 5.971663 -0.531077
vt 1.846032 5.468430
vt 1.840042 5.467710
vt 1.854491 5.468050
vt 3.597748 5.117534
vt 3.606082 5.118186
vt 3.583064 5.465839
vt 3.533920 5.131787
vt 3.533920 5.810496
vt 5.895476 -0.864507
vt 1.900767 5.812320
vt 3.680283 4.781423
vt 6.228973 2.522866
vt 6.191431 2.849203
vt 6.176855 2.847214
vt 6.208626 2.518139
vt -4.914536 6.027849
vt -4.956703 5.756852
vt -4.942061 5.752580
vt -4.893857 6.022600
vt 2.632768 4.957420
vt 2.686976 5.268368
vt 2.672430 5.267099
vt 2.612549 4.956620
vt 1.612982 4.818538
vt 1.609267 5.186632
vt 1.594070 5.185049
vt 1.591561 4.818486
vt 5.738072 2.860662
vt 5.743659 3.184239
vt 5.731138 3.179442
vt 5.720543 2.854760
vt 5.757495 2.855960
vt 5.757495 3.180147
vt 6.228973 3.183212
vt 6.220262 3.181154
vt -5.046921 5.453759
vt -5.038018 5.453253
vt 2.718353 5.537836
vt 2.709623 5.535882
vt 1.528842 5.545930
vt 1.519705 5.546000
vt 2.590887 6.434843
vt 2.709720 6.172575
vt 2.718353 6.174428
vt 2.604856 6.440945
vt 6.213518 3.185289
vt 6.165598 2.852168
vt -4.893857 5.168688
vt -5.031877 5.457310
vt 2.612549 5.892121
vt 1.612982 5.824143
vt 2.590887 5.892121
vt -1.622167 4.386001
vt -1.631006 4.750531
vt -1.631006 4.385437
vt 5.115170 1.682909
vt 5.146552 1.296482
vt 5.161911 1.294825
vt 5.136725 1.682629
vt -3.056524 6.904016
vt -3.049915 6.634622
vt -3.033805 6.633535
vt -3.033805 6.903595
vt 0.457480 5.455747
vt 0.424729 5.059006
vt 0.433529 5.059363
vt 0.469851 5.455856
vt 0.434845 5.457501
vt 0.408600 5.058742
vt -4.563342 6.930506
vt -4.556828 6.633537
vt -4.541004 6.636531
vt -4.541004 6.933465
vt 5.173922 1.297872
vt 5.153615 1.687298
vt 5.115170 0.924990
vt 5.124277 0.924285
vt -5.541841 6.946332
vt -5.546365 6.633538
vt -5.537967 6.637102
vt -5.527646 6.951834
vt -5.555607 6.951834
vt -5.554521 6.636704
vt 0.455685 4.661032
vt 0.465248 4.660901
vt 6.752689 2.030441
vt 6.758530 1.695306
vt 6.766994 1.692005
vt 6.766994 2.025412
vt 6.739045 2.025202
vt 6.750447 1.692303
vt 5.163332 0.533409
vt -3.583493 6.914813
vt -3.583493 6.633538
vt -3.574093 6.912979
vt 0.408600 4.267656
vt 0.470465 4.661245
vt -4.727445 6.936340
vt -4.718274 6.633535
vt -4.718274 6.938888
vt 5.131398 0.925964
vt 5.730342 -0.860957
vt 5.664366 -0.451510
vt 5.647351 -0.451954
vt 5.706574 -0.864505
vt -1.998675 5.789203
vt -1.975655 5.495707
vt -1.959012 5.497968
vt -1.975221 5.793646
vt -1.882630 6.636312
vt -1.889604 6.870762
vt -1.906450 6.868334
vt -1.906450 6.633535
vt 5.671112 0.374705
vt 5.730119 0.787931
vt 5.713110 0.788171
vt 5.647349 0.377990
vt 4.402558 5.272598
vt 4.398526 4.961207
vt 4.414260 4.957446
vt 4.424776 5.266016
vt 6.263306 -2.488755
vt 6.263306 -2.144424
vt 6.247354 -2.140097
vt 6.240758 -2.483679
vt 5.704588 -0.037117
vt 5.694616 -0.036312
vt -1.991956 5.139065
vt -1.982170 5.140082
vt -1.987072 5.503533
vt -1.998675 5.143086
vt 5.682312 1.203410
vt 5.672345 1.202479
vt 4.415525 4.588130
vt 4.424776 4.586237
vt 4.385036 4.954789
vt 4.407585 4.584947
vt 5.730342 0.374707
vt -1.981198 4.785186
vt 5.647349 1.613389
vt 4.408205 4.220194
vt 0.218850 4.274346
vt 0.240300 4.716191
vt 0.225768 4.720162
vt 0.198161 4.278580
vt 5.574540 4.503665
vt 5.620442 4.058994
vt 5.638485 4.059234
vt 5.599991 4.506121
vt 3.850527 5.568577
vt 3.857327 5.131846
vt 3.869390 5.128186
vt 3.867589 5.564052
vt 3.825506 5.566742
vt 3.839710 5.129580
vt 0.604616 5.553578
vt 0.563262 5.113297
vt 0.581152 5.112513
vt 0.629841 5.550389
vt 0.209297 4.719242
vt 0.174873 4.277944
vt 0.268796 5.136922
vt 0.260316 5.138556
vt 5.591764 3.609835
vt 5.602267 3.609252
vt 3.901781 4.717706
vt 3.908838 4.714230
vt 3.891495 4.717048
vt 0.594334 4.668861
vt 0.604748 4.669110
vt 0.250701 5.136642
vt 0.174873 5.557113
vt 5.574540 3.186745
vt 3.825506 4.315136
vt 0.629841 4.260037
vt 2.138638 5.827245
vt 2.158078 5.494150
vt 2.168353 5.493694
vt 2.152588 5.828190
vt 6.458367 6.448237
vt 6.486461 6.211096
vt 6.496595 6.213001
vt 6.472073 6.451991
vt -2.685655 5.840120
vt -2.702129 5.510377
vt -2.694993 5.511035
vt -2.675960 5.840994
vt -2.699698 5.841141
vt -2.712468 5.509981
vt 5.974696 -5.023242
vt 5.965594 -5.338759
vt 5.975803 -5.338930
vt 5.988585 -5.024948
vt 2.175702 5.493511
vt 2.162572 5.827961
vt 2.116988 5.164454
vt 2.123586 5.164650
vt 6.458367 5.934249
vt 6.464849 5.935911
vt -2.656543 5.179185
vt -2.651965 5.179692
vt -2.663184 5.179418
vt 6.014513 -5.664889
vt 6.021075 -5.665549
vt 5.958088 -5.341144
vt 6.009695 -5.666338
vt 2.175702 4.841982
vt -2.007401 6.878450
vt -2.007401 6.633535
vt -2.001214 6.875770
vt -2.712468 4.861594
vt 5.958088 -5.960696
vt 2.128300 5.164447
vt 5.782077 -5.960696
vt 5.813361 -5.590801
vt 5.803957 -5.590382
vt 5.769162 -5.960407
vt 5.881341 1.448394
vt 5.870056 1.078104
vt 5.881607 1.077275
vt 5.897198 1.447769
vt 5.619909 -1.965114
vt 5.581347 -1.595055
vt 5.573525 -1.596008
vt 5.609215 -1.966642
vt 5.635310 -1.963570
vt 5.592562 -1.593719
vt 5.311251 -0.869942
vt 5.324746 -1.232863
vt 5.336306 -1.232204
vt 5.327116 -0.869537
vt 5.793472 -5.589065
vt 5.754813 -5.958381
vt 5.844171 -5.218692
vt 5.838229 -5.219816
vt 5.834632 0.707704
vt 5.841917 0.707840
vt 5.533939 -1.224824
vt 5.528996 -1.224692
vt 5.541035 -1.225381
vt 5.362225 -1.593230
vt 5.369514 -1.593448
vt 5.831620 -5.219713
vt 5.754813 -4.873394
vt 5.897198 0.374707
vt 5.635310 -0.868093
vt 5.311251 -1.903845
vt 5.595484 1.664576
vt 5.594558 1.262147
vt 5.603259 1.258749
vt 5.607601 1.661967
vt 1.935204 6.450466
vt 1.970601 6.148190
vt 1.983152 6.147813
vt 1.952478 6.451058
vt 5.460034 1.679892
vt 5.464695 1.273495
vt 5.476723 1.273591
vt 5.476673 1.679317
vt 5.447477 1.678025
vt 5.455672 1.270616
vt 5.271202 1.676470
vt 5.249383 1.284555
vt 5.261771 1.285483
vt 5.288288 1.676380
vt 5.615405 1.258693
vt 5.624403 1.662590
vt 5.536789 0.888832
vt 5.542206 0.887592
vt 1.935204 5.799037
vt 1.942976 5.798970
vt 5.529320 0.891221
vt 5.536790 0.890614
vt 5.523705 0.890315
vt 5.306988 0.882341
vt 5.314665 0.882710
vt 5.549749 0.888216
vt 5.624403 0.487343
vt -2.007401 6.634240
vt -2.015006 6.879947
vt -2.015006 6.633537
vt 5.447477 0.487341
vt 5.249383 0.533410
vt 5.187650 1.680266
vt 5.225954 1.293969
vt 5.237633 1.290123
vt 5.203827 1.676590
vt 3.680305 4.424088
vt 3.689078 3.976192
vt 3.702584 3.975974
vt 3.699066 4.424387
vt 3.669951 4.424374
vt 3.681627 3.975433
vt -0.151300 5.546289
vt -0.180335 5.156502
vt -0.166838 5.157311
vt -0.132586 5.545731
vt 0.154674 3.459282
vt 0.154141 3.010527
vt 0.167434 3.010608
vt 0.173141 3.458794
vt 5.249382 1.293398
vt 5.220113 1.682291
vt 5.173921 0.923711
vt 5.181058 0.921656
vt 3.674502 3.533186
vt 3.682753 3.533187
vt 3.669951 3.532931
vt -0.115502 4.763637
vt -0.107252 4.763832
vt 0.165020 2.563374
vt 0.173141 2.563288
vt 5.188235 0.923836
vt 5.249382 0.533412
vt 3.697118 3.086225
vt -0.180335 4.378539
vt 0.157598 2.121988
vt 4.923754 -0.867600
vt 4.917120 -1.107078
vt 4.926663 -1.105798
vt 4.936758 -0.864974
vt -1.010723 5.617648
vt -1.015718 5.848992
vt -1.025916 5.850304
vt -1.024574 5.618444
vt 6.396133 -1.395019
vt 6.410741 -1.648972
vt 6.420527 -1.647117
vt 6.409375 -1.392353
vt -0.406404 6.317441
vt -0.399821 6.064863
vt -0.390399 6.063593
vt -0.393570 6.314791
vt -0.417502 6.312770
vt -0.407949 6.060616
vt 2.993805 5.530178
vt 2.985106 5.238991
vt 2.995387 5.238734
vt 3.007725 5.529659
vt 4.854007 -1.331179
vt 4.860215 -1.329556
vt -0.968897 6.059910
vt -0.975505 6.060237
vt 6.436058 -1.927918
vt 6.442385 -1.927032
vt -0.336229 5.826242
vt -0.330102 5.824591
vt -0.341507 5.824043
vt 2.983258 4.943120
vt 2.989899 4.943301
vt 4.936758 -1.549369
vt -1.025916 6.328656
vt 6.396133 -2.135634
vt -0.417502 5.592166
vt -2.081955 6.635582
vt -2.088237 6.881869
vt -2.088237 6.633536
vt 3.007725 4.682419
vt 5.018587 0.723580
vt 4.993924 1.047578
vt 4.983086 1.047293
vt 5.003816 0.721860
vt -3.106804 5.852910
vt -3.100479 5.530240
vt -3.089369 5.529852
vt -3.091599 5.853535
vt 4.931307 4.885606
vt 4.954378 5.207878
vt 4.946879 5.206700
vt 4.921066 4.884175
vt 4.946306 4.884047
vt 4.965378 5.207712
vt 5.977411 0.374707
vt 5.979878 0.702820
vt 5.969130 0.702565
vt 5.962703 0.375518
vt 5.988603 0.376161
vt 5.988072 0.703754
vt 5.018587 1.376023
vt 5.011720 1.375662
vt -3.138331 5.202997
vt -3.131283 5.203197
vt 4.925815 5.535776
vt 4.921066 5.534768
vt 4.932786 5.535490
vt 5.945356 1.031407
vt 5.938542 1.031692
vt 5.950550 1.031734
vt 4.985542 1.690104
vt -3.089369 4.882982
vt 4.958639 5.847772
vt 5.987983 1.354320
vt 5.909084 2.698213
vt 5.939359 2.347635
vt 5.950523 2.349057
vt 5.924406 2.701098
vt 5.895615 2.699612
vt 5.929545 2.349327
vt 1.763003 5.831914
vt 1.798087 5.500542
vt 1.810226 5.501513
vt 1.779717 5.833253
vt 5.460597 5.633931
vt 5.426975 5.275093
vt 5.437620 5.275603
vt 5.475198 5.633684
vt 5.446257 5.636409
vt 5.416519 5.276201
vt 5.933217 5.486743
vt 5.902309 5.142707
vt 5.914447 5.141722
vt 5.949927 5.485384
vt 5.921747 1.996668
vt 5.928701 1.997480
vt 5.915660 1.998832
vt 1.832457 5.153431
vt 1.840038 5.152982
vt 5.441484 4.915971
vt 5.448116 4.916368
vt 5.434993 4.915487
vt 5.872567 4.785262
vt 5.880148 4.785719
vt 5.895615 1.692006
vt 1.763003 4.806225
vt 5.475198 4.557712
vt 5.949927 4.431827
vt -1.336876 4.551397
vt -1.333701 4.911408
vt -1.343806 4.908443
vt -1.350896 4.546640
vt 5.592671 4.506177
vt 5.596093 4.893201
vt 5.583024 4.893683
vt 5.574537 4.506120
vt 5.822036 1.697437
vt 5.810929 2.062151
vt 5.801805 2.058252
vt 5.809393 1.692005
vt 5.839671 1.696235
vt 5.823632 2.061761
vt 5.413805 0.506284
vt 5.405147 0.904444
vt 5.392080 0.903767
vt 5.395670 0.506087
vt -1.356104 4.910626
vt -1.367935 4.549692
vt -1.318958 5.284931
vt -1.325168 5.282339
vt 5.630594 5.284008
vt 5.622554 5.283682
vt 5.774350 2.436112
vt 5.768742 2.433914
vt 5.782165 2.435082
vt 5.365477 1.300207
vt 5.357437 1.300428
vt -1.332723 5.283487
vt -1.367935 5.606252
vt 5.574537 5.647446
vt -1.906451 6.633536
vt -1.906451 6.871833
vt -1.914238 6.635145
vt 5.839671 2.776232
vt 5.413805 1.685347
vt 5.661479 -5.959313
vt 5.681866 -5.563676
vt 5.668587 -5.562849
vt 5.642742 -5.960696
vt -1.025916 5.612712
vt -0.912818 5.197295
vt -0.898854 5.197228
vt -1.007126 5.617648
vt -0.436549 4.385007
vt -0.448861 4.770342
vt -0.458631 4.767340
vt -0.449986 4.378541
vt -0.417505 4.383643
vt -0.435332 4.771179
vt -0.087779 4.371474
vt 0.024572 4.790685
vt 0.010993 4.790521
vt -0.105984 4.376261
vt -0.074288 4.367393
vt 0.034498 4.789464
vt 5.754810 -5.136389
vt 5.746718 -5.136714
vt -1.019574 4.779884
vt -1.011175 4.778784
vt -0.527189 5.192670
vt -0.533192 5.192731
vt -0.518948 5.192351
vt -0.076502 5.203139
vt -0.084669 5.201980
vt 5.740356 -5.136827
vt 5.658237 -5.559933
vt 5.642742 -4.719994
vt -1.025916 4.368040
vt -0.417505 5.608908
vt -0.105984 5.620377
vt 0.327434 5.553422
vt 0.382685 5.121626
vt 0.395621 5.119525
vt 0.345454 5.551533
vt 0.844693 4.543335
vt 0.847344 4.126941
vt 0.862166 4.127871
vt 0.865442 4.544671
vt 5.315314 -4.568956
vt 5.263756 -5.032588
vt 5.275464 -5.033077
vt 5.331618 -4.570729
vt 5.295919 -4.566833
vt 5.249836 -5.031873
vt 0.844643 3.234646
vt 0.847421 2.800855
vt 0.862278 2.800170
vt 0.865441 3.233650
vt 0.408600 5.122728
vt 0.363538 5.557035
vt 0.381064 4.687709
vt 0.388813 4.685446
vt 0.856545 3.688947
vt 0.865442 3.689231
vt 5.268776 -5.498635
vt 5.275791 -5.498139
vt 5.260437 -5.499284
vt 0.844643 2.348584
vt 0.853558 2.348451
vt 0.396591 4.686635
vt 0.327434 4.267658
vt 0.846612 3.234648
vt 5.331618 -5.960695
vt 0.864243 1.885689
vt -5.360232 6.477929
vt -5.359020 6.318190
vt -5.349469 6.317906
vt -5.347325 6.478091
vt 6.217012 6.497756
vt 6.216259 6.356830
vt 6.226095 6.355644
vt 6.230296 6.496469
vt -5.676679 6.479187
vt -5.674900 6.320671
vt -5.667949 6.321694
vt -5.667289 6.480385
vt -5.689759 6.479315
vt -5.684576 6.320365
vt 1.676349 6.636161
vt 1.673052 6.769691
vt 1.663653 6.767524
vt 1.663653 6.633536
vt -5.342174 6.317238
vt -5.337473 6.477374
vt -5.369489 6.158336
vt -5.363280 6.158826
vt 6.208758 6.220926
vt 6.215152 6.220615
vt -5.661146 6.161423
vt -5.656628 6.161939
vt -5.667443 6.161896
vt 2.108576 6.762468
vt 2.108576 6.634895
vt 2.114908 6.633537
vt 2.118363 6.760971
vt -5.358537 6.158543
vt -5.337473 6.003288
vt 6.230296 6.068297
vt 6.204579 6.218595
vt -5.689759 6.008536
vt 0.988002 6.779422
vt 0.982940 6.633537
vt 0.994058 6.780697
vt 0.982940 6.781294
vt 6.520819 6.442549
vt 6.514919 6.265524
vt 6.523850 6.263985
vt 6.533031 6.441022
vt 6.112274 -4.600288
vt 6.101160 -4.777981
vt 6.112036 -4.778941
vt 6.127113 -4.601383
vt -4.646734 6.424337
vt -4.632187 6.247200
vt -4.624991 6.247233
vt -4.636889 6.424027
vt -4.661249 6.422736
vt -4.642795 6.245609
vt 6.569633 -4.757889
vt 6.583739 -4.935931
vt 6.594593 -4.935089
vt 6.584439 -4.756956
vt 6.533693 6.263687
vt 6.546467 6.440970
vt 6.496593 6.089515
vt 6.502306 6.090030
vt 6.084899 -4.956206
vt 6.091847 -4.955791
vt -4.603817 6.070672
vt -4.599217 6.070225
vt -4.610619 6.071151
vt 6.601938 -5.112189
vt 6.608869 -5.112672
vt 6.508584 6.090308
vt 6.546467 5.920945
vt 6.127113 -5.122771
vt -4.661249 5.901440
vt 6.569633 -5.272421
vt -1.657599 6.433459
vt -1.683069 6.245748
vt -1.673630 6.245651
vt -1.644511 6.434164
vt -1.672295 6.436934
vt -1.693746 6.248441
vt 6.065153 4.428467
vt 6.060424 4.244989
vt 6.072045 4.245849
vt 6.081105 4.429044
vt -4.070731 6.441165
vt -4.042683 6.248480
vt -4.034512 6.251534
vt -4.059368 6.444511
vt -4.086260 6.439477
vt -4.053965 6.247087
vt 6.312780 -2.138318
vt 6.321758 -2.328339
vt 6.333377 -2.328992
vt 6.328730 -2.138602
vt -1.722100 6.057182
vt -1.716153 6.058212
vt -1.728852 6.056735
vt 6.073884 4.055804
vt 6.081105 4.057289
vt -4.004140 6.060892
vt -3.998981 6.061731
vt -4.011283 6.062120
vt 6.312780 -2.519094
vt 6.320008 -2.520478
vt -1.644511 5.877162
vt 1.386929 6.774436
vt 1.386929 6.633535
vt 1.394176 6.772880
vt -4.086260 5.890359
vt 0.942447 6.781057
vt 0.949543 6.633537
vt 0.949543 6.783011
vt 0.903611 5.830720
vt 0.886288 6.040121
vt 0.876264 6.042651
vt 0.889796 5.832108
vt 6.555923 4.425608
vt 6.564340 4.231043
vt 6.577058 4.230558
vt 6.573522 4.426308
vt 1.328797 5.851315
vt 1.343313 6.051646
vt 1.334213 6.054992
vt 1.316222 5.856600
vt 1.345726 5.852102
vt 1.355569 6.053662
vt 6.493798 4.427550
vt 6.491525 4.236969
vt 6.504112 4.236775
vt 6.511220 4.425978
vt 0.864441 6.041512
vt 0.873467 5.829837
vt 0.904311 6.237498
vt 0.898119 6.238423
vt 6.538618 4.022754
vt 6.546485 4.022969
vt 1.309526 6.241290
vt 1.303902 6.243462
vt 1.317105 6.241929
vt 6.518339 4.031916
vt 6.526124 4.031303
vt 0.890815 6.237608
vt 0.864441 6.449279
vt 6.577058 3.841471
vt 1.355569 6.447116
vt 6.491525 3.859206
vt 6.516403 1.046854
vt 6.509127 0.817909
vt 6.518901 0.814625
vt 6.530075 1.043600
vt 6.490966 1.688483
vt 6.508936 1.480534
vt 6.522314 1.481654
vt 6.509529 1.691214
vt 6.490861 -2.618709
vt 6.502019 -2.848496
vt 6.514844 -2.848743
vt 6.508693 -2.619070
vt 6.476395 -2.621497
vt 6.491667 -2.851449
vt 6.563488 1.029753
vt 6.548264 0.814209
vt 6.561147 0.812417
vt 6.581342 1.026036
vt 6.531984 0.814669
vt 6.548264 1.043679
vt 6.490967 0.598602
vt 6.496936 0.597413
vt 6.490966 1.277222
vt 6.499123 1.277724
vt 6.526400 -3.069470
vt 6.534231 -3.070633
vt 6.520082 -3.070454
vt 6.570465 0.603615
vt 6.578327 0.602712
vt 6.504927 0.598448
vt 6.548264 0.374707
vt 6.512033 1.046854
vt 6.476395 -3.296097
vt 6.548264 0.374707
vt 6.584618 0.604039
vt 6.618860 5.688725
vt 6.633002 5.472500
vt 6.644221 5.476683
vt 6.634533 5.695832
vt 2.231434 6.451241
vt 2.208526 6.241141
vt 2.222652 6.238092
vt 2.251199 6.447253
vt 6.176762 4.428111
vt 6.164256 4.221606
vt 6.177671 4.224785
vt 6.195479 4.431607
vt -1.535375 6.355361
vt -1.514103 6.132022
vt -1.501609 6.130407
vt -1.517763 6.351817
vt -1.531535 6.844753
vt -1.526081 6.633536
vt -1.512349 6.636469
vt -1.512349 6.848570
vt 6.657825 5.473765
vt 6.653533 5.692726
vt 5.944848 6.633112
vt 5.898437 6.455449
vt 5.907073 6.456504
vt 5.959069 6.633535
vt 2.185233 6.052641
vt 2.193771 6.052129
vt 6.187398 4.007118
vt 6.195479 4.009501
vt -1.467303 5.900193
vt -1.459717 5.898246
vt -1.526557 6.127316
vt -1.474891 5.898861
vt 6.618860 5.253216
vt 6.627044 5.250974
vt 5.959069 6.253187
vt 2.251199 5.828243
vt 2.179338 6.048603
vt -1.535375 5.670704
vt -1.850229 6.865752
vt -1.842753 6.633535
vt -1.842753 6.869048
vt -1.857758 6.866989
vt 4.406457 6.076030
vt 4.420003 5.808058
vt 4.429375 5.808470
vt 4.419560 6.078509
vt 4.385036 6.075046
vt 4.404710 5.808359
vt 6.294466 2.483474
vt 6.300382 2.721715
vt 6.285440 2.723640
vt 6.273511 2.486598
vt 6.298312 -2.500897
vt 6.281614 -2.765774
vt 6.291952 -2.767556
vt 6.312780 -2.505264
vt 6.277185 -2.500781
vt 6.266535 -2.766676
vt 6.379295 2.468141
vt 6.368758 2.705068
vt 6.353602 2.703621
vt 6.358042 2.465682
vt 4.394170 5.538795
vt 4.399768 5.539296
vt 4.385036 5.538745
vt 6.282435 2.936994
vt 6.273511 2.938163
vt 6.306604 -3.033876
vt 6.312780 -3.035189
vt 6.297598 -3.034187
vt 6.379295 2.916303
vt 6.370242 2.915420
vt 4.421182 5.272598
vt 6.292875 3.184871
vt 6.273815 -3.296098
vt 6.363480 3.157582
vt -1.423034 6.842272
vt -1.416249 6.634403
vt -1.399678 6.633535
vt -1.399678 6.841402
vt 6.301328 2.458535
vt 6.352664 2.243706
vt 6.368627 2.245967
vt 6.323467 2.465682
vt -0.876137 6.315603
vt -0.790943 6.113640
vt -0.776042 6.119356
vt -0.856214 6.327216
vt -1.690657 6.853035
vt -1.689114 6.633536
vt -1.672511 6.633799
vt -1.667251 6.853035
vt 6.312755 6.041268
vt 6.267841 5.804184
vt 6.283796 5.802369
vt 6.334826 6.034340
vt 5.872185 6.282906
vt 5.777326 6.029539
vt 5.793736 6.027240
vt 5.894229 6.275638
vt 6.310717 1.980824
vt 6.317826 1.979060
vt 6.380562 2.239499
vt 6.301328 1.980558
vt -0.770996 5.842157
vt -0.762146 5.842488
vt -0.804144 6.116094
vt -0.778825 5.845609
vt 6.325426 5.534486
vt 6.334826 5.534540
vt 5.793083 5.741367
vt 5.802697 5.743216
vt 6.343091 1.692006
vt -0.876137 5.615913
vt 6.294641 5.250974
vt 5.894229 5.511617
vt -2.880875 5.720755
vt -2.868798 5.439991
vt -2.862761 5.440687
vt -2.872762 5.722996
vt 5.994423 5.376058
vt 5.974482 5.641408
vt 5.964771 5.641646
vt 5.981382 5.375506
vt 6.256361 6.052940
vt 6.238588 5.790737
vt 6.247127 5.792275
vt 6.267842 6.054670
vt 6.245237 6.056213
vt 6.230296 5.792250
vt 6.431548 0.374708
vt 6.448685 0.619820
vt 6.438967 0.619653
vt 6.418499 0.375285
vt -2.853146 5.440432
vt -2.859827 5.723014
vt -2.880875 5.153543
vt -2.876923 5.154052
vt 5.994423 5.888061
vt 5.988069 5.888277
vt 6.262254 5.514630
vt 6.267842 5.515523
vt 6.256830 5.515672
vt 6.424857 0.838578
vt 6.418499 0.838415
vt -2.870631 5.154005
vt -2.855288 4.872563
vt 5.979321 6.159223
vt 6.235378 5.250974
vt 6.434449 1.085825
vt 0.447464 6.225081
vt 0.450635 5.973176
vt 0.459674 5.975835
vt 0.459792 6.229714
vt 5.500493 -1.019405
vt 5.516534 -1.323811
vt 5.527104 -1.324182
vt 5.514836 -1.019214
vt 6.222838 1.687927
vt 6.203156 1.446185
vt 6.212370 1.449436
vt 6.235342 1.691927
vt 6.600170 -0.350681
vt 6.576655 -0.602138
vt 6.586452 -0.604541
vt 6.613436 -0.354949
vt 5.216018 -0.936379
vt 5.209730 -1.244322
vt 5.219989 -1.243298
vt 5.229952 -0.935691
vt 0.468974 5.972362
vt 0.472448 6.225421
vt 0.408597 5.703539
vt 0.414408 5.705696
vt 5.504449 -1.611562
vt 5.511229 -1.611773
vt 6.229452 1.184425
vt 6.235342 1.186090
vt 6.607166 -0.862534
vt 6.613436 -0.864504
vt 5.223197 -1.532072
vt 5.229778 -1.531441
vt 0.420385 5.703897
vt 0.472448 5.457501
vt 5.518801 -1.930308
vt 5.500494 -1.613150
vt -2.001215 6.878220
vt -2.001215 6.633535
vt -1.994888 6.877588
vt 5.229952 -1.848604
vt 5.218396 -1.530945
vt 6.214976 6.066848
vt 6.199736 5.777583
vt 6.210878 5.778193
vt 6.230296 6.068297
vt 5.286404 -0.867959
vt 5.303360 -1.219260
vt 5.311247 -1.219523
vt 5.297173 -0.867006
vt 5.271079 -0.868627
vt 5.292163 -1.219342
vt -2.640609 5.822984
vt -2.625710 5.476819
vt -2.614705 5.477172
vt -2.625482 5.822730
vt -2.651965 5.820450
vt -2.633933 5.474034
vt 5.383404 -3.543155
vt 5.365994 -3.896173
vt 5.377110 -3.896471
vt 5.398612 -3.544118
vt 6.140819 5.516096
vt 6.147882 5.517344
vt 5.283822 -1.570961
vt 5.288806 -1.570565
vt 5.276774 -1.570473
vt -2.565153 5.144311
vt -2.558182 5.143471
vt -2.570355 5.143100
vt 5.386476 -4.243622
vt 5.393476 -4.243270
vt 6.230296 5.250976
vt 5.271079 -1.903846
vt 5.397193 -4.583186
vt 5.398612 -4.243418
vt -4.786533 3.758095
vt -4.793385 4.119851
vt -4.802227 4.116876
vt -4.798726 3.753855
vt -2.535213 3.312639
vt -2.536724 3.696919
vt -2.549081 3.696931
vt -2.552253 3.312581
vt 0.827301 4.065905
vt 0.826863 4.423390
vt 0.817455 4.420383
vt 0.814328 4.061825
vt 0.843410 4.063890
vt 0.838545 4.422029
vt 2.820657 3.500031
vt 2.820657 3.884021
vt 2.808291 3.883971
vt 2.803607 3.500040
vt -4.814163 4.118015
vt -4.815180 3.755358
vt -4.795545 4.483382
vt -4.801035 4.481467
vt -2.535240 4.081766
vt -2.542915 4.081796
vt 0.820173 4.781686
vt 0.814328 4.779907
vt 0.827429 4.780774
vt 2.817598 4.267253
vt 2.809917 4.267200
vt -4.808447 4.482085
vt -4.815180 4.845114
vt -2.535213 4.465180
vt 0.829375 5.139540
vt 2.813502 4.651609
vt 1.357896 5.851315
vt 1.215794 5.565803
vt 1.228803 5.564741
vt 1.375122 5.847464
vt 5.924608 -2.224537
vt 5.831513 -2.514032
vt 5.843836 -2.517532
vt 5.941149 -2.232261
vt -5.064272 5.528758
vt -5.059442 5.170397
vt -5.046937 5.173186
vt -5.046937 5.532059
vt -1.303912 5.662274
vt -1.148137 5.298481
vt -1.136590 5.298254
vt -1.288743 5.664818
vt -1.318286 5.653285
vt -1.159249 5.294525
vt -3.500590 5.800346
vt -3.500590 5.430804
vt -3.487912 5.428515
vt -3.483016 5.797760
vt 1.225283 5.197869
vt 1.233232 5.199574
vt 5.878405 -2.884691
vt 5.885872 -2.884748
vt 5.821164 -2.518548
vt 5.872043 -2.887096
vt -1.172601 4.895742
vt -1.165587 4.892988
vt -1.179358 4.895544
vt -1.086912 3.378005
vt -1.086912 2.997499
vt -1.079734 2.996620
vt -1.075161 3.375952
vt 1.375122 4.863764
vt 5.941149 -3.296098
vt -1.318286 4.540488
vt -1.075290 2.580797
vt -1.072839 2.997623
vt 6.063173 -5.080460
vt 6.054380 -5.383508
vt 6.063521 -5.384885
vt 6.075499 -5.081522
vt 4.951714 -4.212047
vt 4.924378 -3.906336
vt 4.914884 -3.906260
vt 4.939006 -4.213107
vt 4.825604 5.926807
vt 4.835150 5.623419
vt 4.841743 5.622317
vt 4.834445 5.925672
vt 4.813070 5.925927
vt 4.825855 5.622175
vt 5.995678 -3.296097
vt 6.021422 -2.990961
vt 6.012154 -2.991276
vt 5.983278 -3.295368
vt 6.070531 -5.383795
vt 6.084898 -5.080400
vt 6.021074 -5.672465
vt 6.027085 -5.672809
vt 4.950123 -3.600248
vt 4.943897 -3.599996
vt 4.872369 5.332764
vt 4.876716 5.331283
vt 4.866255 5.332510
vt 5.996797 -2.690794
vt 5.990718 -2.691202
vt 6.028201 -2.991970
vt 6.001226 -2.690675
vt 6.084898 -5.960696
vt 4.951714 -3.300874
vt 4.813070 5.041125
vt 5.983278 -2.386170
vt 6.031701 -5.671338
vt 5.410408 -0.873430
vt 5.399942 -1.220640
vt 5.408419 -1.221665
vt 5.421980 -0.873760
vt 5.901207 1.379545
vt 5.927964 1.046737
vt 5.938542 1.046768
vt 5.915538 1.380705
vt -1.939378 5.813033
vt -1.932673 5.468737
vt -1.925379 5.469584
vt -1.929477 5.814290
vt -1.953357 5.813053
vt -1.942924 5.467970
vt -0.635813 5.322340
vt -0.659909 4.978951
vt -0.649324 4.979060
vt -0.621477 5.321334
vt 5.418113 -1.222044
vt 5.435143 -0.874380
vt 5.369514 -1.562855
vt 5.374963 -1.562826
vt 5.897196 0.720381
vt 5.903984 0.720492
vt -1.884610 5.125091
vt -1.879912 5.125043
vt -1.891207 5.125286
vt -0.628268 4.642660
vt -0.621477 4.642637
vt 5.381196 -1.562477
vt 5.435143 -1.903846
vt 5.938542 0.374707
vt -1.953357 4.785186
vt -0.658488 4.298461
vt 1.030777 5.635559
vt 1.068631 5.259094
vt 1.080171 5.259225
vt 1.046523 5.637224
vt -2.534571 6.633536
vt -2.534571 6.890204
vt -2.545869 6.892552
vt -2.550093 6.636010
vt 4.987137 -0.872106
vt 5.004186 -1.159567
vt 5.015369 -1.160992
vt 5.002473 -0.874321
vt 5.763956 1.507795
vt 5.730121 1.125515
vt 5.741640 1.125402
vt 5.779674 1.506140
vt 5.343390 1.658153
vt 5.325342 1.289959
vt 5.334530 1.288107
vt 5.355936 1.654479
vt 5.328744 1.656822
vt 5.314664 1.289221
vt 1.030777 4.886416
vt 1.038041 4.886391
vt 5.024707 -1.494191
vt 5.029834 -1.491459
vt 5.023511 -1.155997
vt 5.017666 -1.492970
vt 5.772425 0.747236
vt 5.779674 0.747276
vt 5.321535 0.905194
vt 5.327314 0.904520
vt 5.314812 0.904345
vt 1.054218 4.523865
vt -2.903040 6.633538
vt -2.903040 6.901015
vt -2.910318 6.633833
vt 4.987137 -1.795791
vt 5.756846 0.374708
vt 5.355936 0.533412
vt -3.904412 4.933625
vt -3.837068 5.284590
vt -3.848805 5.288846
vt -3.920855 4.938488
vt 4.792521 -3.304517
vt 4.802040 -3.658636
vt 4.814506 -3.657959
vt 4.809726 -3.303210
vt -4.322975 6.633536
vt -4.322975 6.924547
vt -4.334132 6.928360
vt -4.338404 6.639349
vt 6.436903 1.692811
vt 6.461550 2.053865
vt 6.449228 2.052510
vt 6.419924 1.692006
vt 0.157821 4.294866
vt 0.169880 4.293081
vt 0.174467 4.641689
vt -1.115120 4.541451
vt -1.123727 4.900301
vt -1.136222 4.900102
vt -1.132377 4.540490
vt -3.714470 5.609520
vt -3.721886 5.610329
vt 4.797144 -4.045497
vt 4.804584 -4.043309
vt 4.794608 -3.653738
vt 4.792521 -4.042348
vt 6.427204 2.401428
vt 6.419924 2.402448
vt 0.162318 3.915105
vt 0.169555 3.912311
vt -1.088003 5.229599
vt -1.095747 5.229352
vt -3.920856 5.895505
vt -3.708872 5.613383
vt -3.661924 3.974667
vt -3.669262 4.395000
vt -3.669262 3.974623
vt -3.656450 3.978516
vt 3.127675 0.344198
vt 3.120852 0.701493
vt 3.120852 0.343742
vt -1.136222 5.649765
vt 2.106086 6.350325
vt 2.108048 6.178552
vt 2.116184 6.178522
vt 2.116988 6.350775
vt 2.095267 6.350538
vt 2.099973 6.178830
vt -1.459717 6.163984
vt -1.458607 5.998434
vt -1.449249 5.998677
vt -1.447176 6.163989
vt 1.616521 6.339499
vt 1.614576 6.166855
vt 1.622712 6.167167
vt 1.627424 6.339426
vt 1.605703 6.339675
vt 1.606500 6.166867
vt -3.495909 5.428512
vt -3.493799 5.257976
vt -3.484442 5.257736
vt -3.483370 5.428514
vt 2.099629 6.006155
vt 2.105000 6.006497
vt 2.094298 6.006227
vt -1.448292 5.830445
vt -1.442112 5.830365
vt 1.623011 5.995297
vt 1.628382 5.995140
vt 1.617681 5.995419
vt -3.500591 5.089673
vt -3.494412 5.089759
vt 2.116988 5.836518
vt -1.459717 5.670705
vt 1.605703 5.824141
vt -3.483370 4.918701
vt 6.094307 -3.729680
vt 6.083894 -3.591123
vt 6.073658 -3.589776
vt 6.080418 -3.729007
vt -3.585640 6.396908
vt -3.569855 6.221344
vt -3.559580 6.221693
vt -3.571763 6.398437
vt 0.652299 6.633537
vt 0.655783 6.783727
vt 0.647877 6.787828
vt 0.641569 6.639466
vt 0.665441 6.636498
vt 0.665441 6.786807
vt -1.950242 6.330901
vt -1.957754 6.155517
vt -1.947736 6.154722
vt -1.936687 6.328796
vt 6.489993 -2.617188
vt 6.490767 -2.449020
vt 6.480742 -2.449831
vt 6.476394 -2.618709
vt 6.119610 -3.450734
vt 6.112987 -3.450327
vt -3.581738 6.032084
vt -3.575108 6.032341
vt -3.575903 6.223913
vt -3.585640 6.034299
vt -3.826153 6.635427
vt -3.865066 6.771852
vt -3.871614 6.771104
vt -3.836267 6.633534
vt -1.943152 5.967522
vt -1.936687 5.966977
vt 6.515301 -2.306399
vt 6.508821 -2.307414
vt 6.073658 -3.298492
vt -3.566820 5.876740
vt 0.825783 6.633534
vt 0.825783 6.786539
vt 0.819986 6.634973
vt -3.826153 6.921824
vt -1.941992 5.814292
vt 6.476394 -2.137357
vt -4.587440 6.933641
vt -4.573706 6.772861
vt -4.563341 6.769556
vt -4.573290 6.930107
vt 6.430562 -3.298684
vt 6.450159 -3.493743
vt 6.461269 -3.492934
vt 6.445707 -3.296446
vt -5.359702 6.948369
vt -5.368615 6.780988
vt -5.360034 6.776054
vt -5.347973 6.941558
vt -5.374230 6.945449
vt -5.379247 6.778119
vt 6.489746 -3.298099
vt 6.471235 -3.504224
vt 6.482224 -3.505142
vt 6.504704 -3.300556
vt 2.396755 6.345878
vt 2.387164 6.174103
vt 2.398379 6.174237
vt 2.412091 6.346133
vt -4.587440 6.635235
vt -4.580897 6.633534
vt 6.430562 -3.682168
vt 6.437592 -3.681774
vt 0.152297 6.801139
vt 0.156291 6.633538
vt 0.163036 6.634435
vt 0.163036 6.803356
vt -5.354691 6.633535
vt -5.347973 6.634953
vt 6.492869 -3.703780
vt 6.499828 -3.704236
vt 2.379401 5.979812
vt 2.386502 5.980474
vt 6.452151 -3.894318
vt 6.442199 -3.683880
vt 0.337931 6.797600
vt 0.337931 6.633538
vt 0.344208 6.795862
vt 6.474225 -3.917307
vt 6.504704 -3.703057
vt 2.412091 5.821916
vt 4.904099 6.437921
vt 4.901377 6.251240
vt 4.913137 6.248441
vt 4.920345 6.434867
vt 6.471413 -1.454064
vt 6.491328 -1.677911
vt 6.503537 -1.678190
vt 6.488182 -1.453254
vt -5.822530 6.955720
vt -5.822423 6.808661
vt -5.811120 6.812159
vt -5.806964 6.960696
vt 1.727156 6.442460
vt 1.724359 6.228727
vt 1.736338 6.228090
vt 1.743675 6.440665
vt 6.471030 -5.276649
vt 6.458313 -5.504961
vt 6.470262 -5.503988
vt 6.487454 -5.276533
vt 6.459689 -5.272420
vt 6.450074 -5.502057
vt 4.876719 6.086736
vt 4.884056 6.085418
vt 6.475600 -1.897375
vt 6.483201 -1.897712
vt -5.813975 6.633534
vt -5.806964 6.635186
vt 1.755533 6.026361
vt 1.763005 6.025470
vt 6.478461 -5.724575
vt 6.485896 -5.723804
vt -0.512533 6.822222
vt -0.512533 6.634533
vt -0.505301 6.633536
vt -0.500847 6.819751
vt 4.920345 5.919004
vt 6.483265 -2.135634
vt 6.471413 -1.899102
vt 1.724359 5.833877
vt 6.487454 -5.960696
vt 6.473358 -5.723492
vt 6.492264 -1.448819
vt 6.483718 -1.247607
vt 6.471416 -1.250129
vt 6.475205 -1.453253
vt 1.062066 6.338370
vt 1.059996 6.104683
vt 1.073019 6.103052
vt 1.080169 6.337049
vt 6.111691 2.555695
vt 6.113920 2.762389
vt 6.100820 2.761660
vt 6.093537 2.554813
vt 6.496595 5.251003
vt 6.496078 5.485556
vt 6.482935 5.484744
vt 6.478346 5.250974
vt 6.515279 -4.611207
vt 6.521935 -4.831402
vt 6.534855 -4.829320
vt 6.533233 -4.609192
vt 6.093535 2.554814
vt 6.086230 2.765070
vt 6.073224 2.766210
vt 6.075511 2.556262
vt 6.502323 -1.031544
vt 6.494765 -1.033530
vt 1.025670 5.864300
vt 1.033689 5.864063
vt 6.115078 2.945214
vt 6.107038 2.944565
vt 6.460822 5.723853
vt 6.452739 5.723869
vt 6.561681 -5.056993
vt 6.569633 -5.056424
vt 6.077970 2.949824
vt 6.069988 2.950734
vt 6.471416 -0.866590
vt 1.080169 5.637221
vt 6.093537 3.180872
vt 6.496595 5.934250
vt 6.093535 3.182745
vt 6.224736 -3.788533
vt 6.228152 -4.063828
vt 6.237898 -4.067449
vt 6.238388 -3.791902
vt 6.421802 -5.252052
vt 6.436096 -5.492635
vt 6.450077 -5.493594
vt 6.441274 -5.252688
vt 6.132727 -0.037979
vt 6.134043 -0.317871
vt 6.147608 -0.317877
vt 6.151659 -0.038909
vt 6.118712 -0.040406
vt 6.124030 -0.320834
vt 6.122651 -1.300855
vt 6.111619 -1.583804
vt 6.125381 -1.583530
vt 6.141813 -1.301269
vt 6.251552 -4.067403
vt 6.257451 -3.790929
vt 6.195062 -4.328272
vt 6.200986 -4.329865
vt 6.421802 -5.753446
vt 6.430276 -5.754185
vt 6.172747 -0.588102
vt 6.180983 -0.588895
vt 6.166664 -0.589285
vt 6.132805 -1.866862
vt 6.141150 -1.866516
vt 6.209284 -4.329060
vt 6.257451 -4.599555
vt 6.433354 -5.960696
vt 6.118714 -0.864507
vt 6.123538 -2.135634
vt 3.925359 6.677149
vt 3.928438 6.635175
vt 3.937441 6.633537
vt 3.937441 6.675951
vt -0.190220 6.809121
vt -0.182895 6.751327
vt -0.173759 6.751124
vt -0.178074 6.809946
vt 3.369704 6.725401
vt 3.367871 6.683765
vt 3.376060 6.686565
vt 3.380647 6.728949
vt 0.789955 6.787273
vt 0.788388 6.733922
vt 0.797074 6.733009
vt 0.801599 6.784853
vt 0.111682 6.805272
vt 0.110047 6.745866
vt 0.118923 6.747014
vt 0.123539 6.805687
vt 1.003333 6.780577
vt 1.005283 6.732033
vt 1.013717 6.729647
vt 1.014603 6.777588
vt 0.997996 6.729012
vt 0.994056 6.674513
vt 0.998886 6.677094
vt -0.186833 6.695980
vt -0.180773 6.696060
vt 3.375218 6.633538
vt 3.380647 6.635015
vt 0.802325 6.682755
vt 0.808117 6.681561
vt 0.117640 6.693675
vt 0.123539 6.694219
vt 1.004477 6.675900
vt 1.014603 6.633534
vt -0.174479 6.633534
vt -0.190220 6.694292
vt 0.788388 6.633538
vt 0.115672 6.633536
vt 0.113431 6.694765
vt -0.950773 6.827672
vt -0.953550 6.760546
vt -0.945704 6.757703
vt -0.940109 6.824457
vt 1.702201 6.768468
vt 1.706877 6.702191
vt 1.716969 6.701857
vt 1.715832 6.768888
vt -1.241738 6.836252
vt -1.236622 6.767961
vt -1.227888 6.768996
vt -1.229955 6.837886
vt -1.253531 6.836148
vt -1.245308 6.767396
vt -1.002693 6.829805
vt -1.003806 6.760102
vt -0.993718 6.760416
vt -0.989068 6.829343
vt -0.936336 6.758110
vt -0.927470 6.824783
vt -0.957381 6.695751
vt -0.952309 6.694993
vt 1.702201 6.633891
vt 1.708741 6.633535
vt -1.228954 6.698725
vt -1.223311 6.698094
vt -1.234568 6.699510
vt -0.995606 6.691987
vt -0.989068 6.692332
vt -0.946252 6.696486
vt -0.927470 6.633534
vt 3.857769 6.633536
vt 3.854263 6.687560
vt 3.851231 6.633536
vt -1.253531 6.633537
vt -0.993419 6.633538
vt 3.780004 6.639382
vt 3.776541 6.693299
vt 3.767260 6.689806
vt 3.767260 6.633537
vt -1.701096 6.633536
vt -1.699154 6.706017
vt -1.710091 6.706441
vt -1.716036 6.633716
vt 3.740510 6.633535
vt 3.740510 6.692614
vt 3.731263 6.696089
vt 3.727836 6.639102
vt 3.842501 6.633536
vt 3.842501 6.689893
vt 3.831506 6.689490
vt 3.827465 6.634134
vt -1.777693 6.633536
vt -1.781049 6.712308
vt -1.791900 6.712030
vt -1.792505 6.633561
vt -1.768005 6.635490
vt -1.773922 6.712899
vt 2.614990 6.633537
vt 2.620964 6.685617
vt 2.614716 6.687487
vt 2.605167 6.637166
vt -1.694840 6.783524
vt -1.701784 6.782791
vt -1.692573 6.703981
vt -1.690658 6.782664
vt 1.942374 6.636055
vt 1.932526 6.693155
vt 1.925964 6.691992
vt 1.932020 6.633537
vt -1.785642 6.789611
vt -1.792505 6.790453
vt 3.756655 6.694046
vt 3.760464 6.634437
vt 3.767258 6.633535
vt 3.767258 6.693079
vt 2.605167 6.752438
vt -1.716036 6.853058
vt 1.942374 6.763838
vt 1.920559 6.694882
vt -1.768289 6.863907
vt 2.608829 6.685209
vt -2.579046 6.890446
vt -2.570367 6.805623
vt -2.559036 6.805470
vt -2.563494 6.892067
vt 3.740510 6.694416
vt 3.744903 6.635443
vt 3.756656 6.633536
vt 3.756656 6.692510
vt -2.319568 6.885474
vt -2.325106 6.802622
vt -2.316409 6.804133
vt -2.307616 6.886868
vt -2.335283 6.887132
vt -2.336540 6.802505
vt -2.149052 6.883877
vt -2.150224 6.801610
vt -2.138432 6.801299
vt -2.132848 6.882365
vt -2.550092 6.804515
vt -2.551207 6.891442
vt -2.579046 6.720021
vt -2.571977 6.719599
vt 3.710519 6.701336
vt 3.714857 6.633537
vt 3.722167 6.634692
vt 3.722167 6.703713
vt -2.313062 6.718856
vt -2.307616 6.719699
vt -2.320193 6.718457
vt -2.141983 6.716001
vt -2.134628 6.716219
vt -2.566376 6.719103
vt -2.573020 6.633534
vt 3.780002 6.692510
vt 3.780002 6.633537
vt 3.787411 6.691545
vt -2.314075 6.633536
vt -2.132848 6.633534
vt -3.332222 6.908865
vt -3.340592 6.813492
vt -3.332267 6.811648
vt -3.320574 6.907727
vt -3.248445 6.637673
vt -3.266616 6.722472
vt -3.279166 6.721929
vt -3.265581 6.633537
vt -3.200373 6.904816
vt -3.189184 6.814473
vt -3.176702 6.814366
vt -3.183255 6.906894
vt -3.212841 6.904125
vt -3.198127 6.812949
vt -3.081823 6.903843
vt -3.097599 6.817291
vt -3.085628 6.815745
vt -3.065692 6.898252
vt -3.319620 6.811416
vt -3.303284 6.905185
vt -3.256085 6.813008
vt -3.261493 6.814797
vt -3.287882 6.725457
vt -3.248445 6.812271
vt -3.192970 6.726143
vt -3.185366 6.724590
vt -3.071905 6.726862
vt -3.065692 6.727594
vt -3.075559 6.817573
vt -3.079272 6.726717
vt -3.326041 6.722467
vt -3.318308 6.723810
vt -3.249058 6.907614
vt -3.212841 6.633536
vt -3.077722 6.633536
vt -3.303284 6.633536
vt -4.760435 6.634309
vt -4.766763 6.735725
vt -4.776118 6.736664
vt -4.773493 6.633535
vt -4.697515 6.634362
vt -4.704505 6.734750
vt -4.718274 6.735131
vt -4.716656 6.633534
vt -4.744930 6.634902
vt -4.740009 6.735104
vt -4.751154 6.734419
vt -4.760434 6.634668
vt -4.727446 6.633535
vt -4.727446 6.735614
vt -4.366079 6.633536
vt -4.363901 6.735164
vt -4.377665 6.734951
vt -4.385210 6.634573
vt -4.789536 6.737181
vt -4.792171 6.633535
vt -4.760938 6.836499
vt -4.766633 6.837144
vt -4.697515 6.835092
vt -4.705891 6.835526
vt -4.753643 6.835783
vt -4.760434 6.835495
vt -4.745996 6.836168
vt -4.376836 6.830585
vt -4.385210 6.830257
vt -4.774807 6.837330
vt -4.772339 6.938678
vt -4.701025 6.938020
vt -4.748188 6.937772
vt -4.381156 6.929730
vt -2.263751 6.885901
vt -2.256774 6.805239
vt -2.243050 6.800363
vt -2.244470 6.880545
vt 3.478501 6.633862
vt 3.478501 6.720255
vt 3.463442 6.720195
vt 3.457394 6.633537
vt -0.640077 6.823311
vt -0.640278 6.734378
vt -0.626217 6.731729
vt -0.620416 6.818232
vt -5.347970 6.946165
vt -5.347149 6.842068
vt -5.332157 6.843603
vt -5.326929 6.946527
vt -1.310204 6.839053
vt -1.310790 6.740813
vt -1.298777 6.736262
vt -1.293385 6.832387
vt -1.329726 6.834770
vt -1.324705 6.738758
vt -2.271281 6.725432
vt -2.263016 6.723374
vt -0.621464 6.633535
vt -0.614411 6.637152
vt -0.614411 6.736353
vt -0.629893 6.635197
vt -5.325613 6.738793
vt -5.316616 6.738684
vt -1.321381 6.637133
vt -1.314248 6.633535
vt -1.329726 6.635826
vt -2.243050 6.633535
vt 3.198179 6.633537
vt 3.198179 6.733375
vt 3.189281 6.635201
vt -5.347970 6.633534
vt -5.311340 6.736205
vt 3.591942 6.634563
vt 3.583020 6.715826
vt 3.583020 6.633537
vt -2.255687 6.726444
vt 2.696423 6.748722
vt 2.698405 6.709503
vt 2.706976 6.709270
vt 2.707874 6.749263
vt 2.684576 6.749244
vt 2.687196 6.710643
vt 2.696080 6.710178
vt 2.696423 6.749681
vt 2.866927 6.744673
vt 2.864061 6.707434
vt 2.870297 6.708135
vt 2.875243 6.745802
vt 2.855330 6.745802
vt 2.855345 6.707642
vt 2.716626 6.748727
vt 2.717465 6.708993
vt 2.726044 6.709940
vt 2.728106 6.748935
vt 2.713548 6.708334
vt 2.716628 6.747822
vt 2.696423 6.670451
vt 2.702156 6.670702
vt 2.683319 6.671248
vt 2.689234 6.671678
vt 2.865478 6.667797
vt 2.869644 6.668589
vt 2.859671 6.668341
vt 2.724158 6.671457
vt 2.729895 6.671350
vt 2.706528 6.669753
vt 2.703401 6.633534
vt 2.696423 6.633536
vt 2.679634 6.670829
vt 2.858574 6.633536
vt 2.716626 6.633538
vt 2.719807 6.671885
vt 1.716969 6.765501
vt 1.722328 6.721906
vt 1.729795 6.722367
vt 1.727016 6.767180
vt 2.304195 6.757771
vt 2.306477 6.716069
vt 2.316362 6.715891
vt 2.317537 6.758124
vt 2.173108 6.758844
vt 2.170187 6.717261
vt 2.177639 6.718818
vt 2.183146 6.760538
vt 2.160479 6.760538
vt 2.160812 6.717751
vt 2.290838 6.758278
vt 2.292139 6.714847
vt 2.302037 6.715192
vt 2.304195 6.758120
vt 1.739166 6.722058
vt 1.739644 6.767180
vt 1.722953 6.677797
vt 1.727813 6.677934
vt 2.304195 6.675985
vt 2.310639 6.675982
vt 2.173666 6.674398
vt 2.178507 6.675693
vt 2.167564 6.674557
vt 2.297744 6.674028
vt 2.304195 6.674134
vt 1.733909 6.677447
vt 1.727311 6.633535
vt 2.309608 6.633537
vt 2.173324 6.633534
vt 2.298860 6.633535
vt 1.394176 6.770577
vt 1.397519 6.723886
vt 1.406736 6.725168
vt 1.406751 6.773397
vt 2.084008 6.762395
vt 2.089845 6.722157
vt 2.100610 6.721522
vt 2.098604 6.762468
vt 2.071402 6.759552
vt 2.071356 6.716944
vt 2.080617 6.719209
vt 2.084008 6.762707
vt 2.058503 6.762474
vt 2.061901 6.718316
vt 3.432804 6.722597
vt 3.432151 6.677474
vt 3.442703 6.678828
vt 3.447141 6.723378
vt 1.416234 6.723286
vt 1.419678 6.770761
vt 1.397012 6.674226
vt 1.402842 6.676248
vt 2.088068 6.683163
vt 2.094930 6.683115
vt 2.075562 6.670253
vt 2.081440 6.670927
vt 2.069578 6.672312
vt 3.440414 6.633537
vt 3.447141 6.634033
vt 1.408870 6.675832
vt 1.419678 6.633537
vt 2.099491 6.633536
vt 2.084008 6.680138
vt 2.058503 6.633536
vt 3.879536 6.677041
vt 3.885778 6.633537
vt 3.885778 6.679361
vt 1.042395 6.637975
vt 1.035082 6.687313
vt 1.025033 6.684915
vt 1.028657 6.633534
vt 1.194295 6.777175
vt 1.195876 6.728415
vt 1.207524 6.727287
vt 1.210315 6.776407
vt 4.097046 6.635961
vt 4.097046 6.670487
vt 4.085629 6.668543
vt 4.081405 6.633534
vt 0.921629 6.633536
vt 0.919974 6.685797
vt 0.908384 6.685525
vt 0.905703 6.634390
vt 1.172508 6.777287
vt 1.175173 6.727408
vt 1.186836 6.728452
vt 1.188537 6.777988
vt 1.014779 6.687088
vt 1.014603 6.636122
vt 1.034284 6.739393
vt 1.028032 6.736891
vt 1.191253 6.675962
vt 1.198569 6.676220
vt 0.902813 6.738618
vt 0.898290 6.737134
vt 0.901180 6.683022
vt 0.910076 6.737712
vt 1.183944 6.677182
vt 1.191253 6.676935
vt 1.021598 6.738173
vt 1.014603 6.779614
vt 1.210315 6.633534
vt 3.879534 6.635023
vt 3.872427 6.683758
vt 3.872427 6.633537
vt 0.921629 6.783203
vt 1.172508 6.633537
vt 3.944311 6.633535
vt 3.944311 6.676418
vt 3.937443 6.635690
vt 0.123539 6.802528
vt 0.131430 6.744689
vt 0.139996 6.742344
vt 0.135314 6.800642
vt 1.553421 6.770991
vt 1.558329 6.726647
vt 1.570780 6.725040
vt 1.570627 6.769786
vt -0.143001 6.808773
vt -0.139997 6.750057
vt -0.127735 6.750078
vt -0.126061 6.808667
vt -0.154986 6.806639
vt -0.148632 6.747520
vt -0.207162 6.811583
vt -0.207903 6.751853
vt -0.195611 6.752636
vt -0.190219 6.811442
vt 0.152297 6.743433
vt 0.152297 6.802282
vt 0.136094 6.689367
vt 0.141405 6.687528
vt 1.553849 6.679224
vt 1.561520 6.677865
vt -0.133651 6.692954
vt -0.126061 6.692935
vt -0.138972 6.690989
vt -0.198861 6.692379
vt -0.191274 6.693297
vt 0.149017 6.688234
vt 0.145750 6.633537
vt 1.553421 6.633534
vt -0.128462 6.633536
vt -0.190219 6.633535
vt -0.822598 6.824440
vt -0.819386 6.759856
vt -0.808700 6.760406
vt -0.807738 6.825936
vt -0.790405 6.826110
vt -0.786266 6.761862
vt -0.772786 6.761330
vt -0.771668 6.826556
vt -0.682603 6.820982
vt -0.683169 6.758778
vt -0.673750 6.760151
vt -0.669533 6.823332
vt -0.700788 6.821476
vt -0.696247 6.758608
vt -0.659031 6.823765
vt -0.657839 6.758329
vt -0.644345 6.758883
vt -0.640277 6.823349
vt -0.796211 6.759575
vt -0.790404 6.824337
vt -0.816154 6.693767
vt -0.809682 6.695195
vt -0.790405 6.696204
vt -0.782169 6.695845
vt -0.680369 6.694779
vt -0.674654 6.694490
vt -0.688324 6.695771
vt -0.648522 6.694988
vt -0.640277 6.695361
vt -0.802110 6.695812
vt -0.790404 6.633536
vt -0.784151 6.633536
vt -0.700788 6.633535
vt -0.645364 6.633537
vt -0.102702 6.808168
vt -0.096347 6.750170
vt -0.082711 6.746229
vt -0.083578 6.804527
vt 0.442451 6.792512
vt 0.447324 6.738770
vt 0.461840 6.740129
vt 0.462797 6.795425
vt -0.907812 6.827394
vt -0.913392 6.764185
vt -0.902326 6.759415
vt -0.892345 6.820027
vt -0.927469 6.825413
vt -0.927469 6.761399
vt 3.787412 6.691216
vt 3.793186 6.634654
vt 3.807435 6.633535
vt 3.807435 6.688517
vt 1.794765 6.762170
vt 1.793343 6.701736
vt 1.806679 6.703828
vt 1.813486 6.765776
vt -0.102702 6.696708
vt -0.094472 6.695009
vt 0.440639 6.690333
vt 0.449379 6.691813
vt 3.857770 6.685067
vt 3.863623 6.634354
vt 3.872431 6.633534
vt 3.872431 6.683521
vt -0.914144 6.701842
vt -0.905679 6.702831
vt 1.801340 6.637249
vt 1.808567 6.633537
vt 1.818876 6.698989
vt 1.793343 6.636134
vt -0.086635 6.633535
vt 0.462797 6.633536
vt -0.920205 6.633534
vt -0.899028 6.700110
vt 3.842499 6.687712
vt 3.843531 6.633535
vt 3.851231 6.687712
vt -0.087388 6.697421
vt 3.640942 6.460006
vt 3.628814 6.236400
vt 3.635651 6.233712
vt 3.650136 6.457525
vt 5.971663 0.370074
vt 5.990396 0.221162
vt 5.998974 0.222663
vt 5.983033 0.372861
vt 6.537182 3.108643
vt 6.551228 2.882556
vt 6.559287 2.882244
vt 6.547904 3.108223
vt 6.527656 3.106595
vt 6.544139 2.880181
vt 0.159136 6.531489
vt 0.140267 6.322514
vt 0.149095 6.322339
vt 0.170835 6.530210
vt 3.643867 6.234046
vt 3.661066 6.457975
vt 3.597746 6.031610
vt 3.602347 6.030628
vt 5.971663 0.045180
vt 5.977407 0.046234
vt 6.586545 2.672639
vt 6.591961 2.671670
vt 6.581778 2.671879
vt 0.164924 6.104166
vt 0.170835 6.103982
vt 3.607867 6.031600
vt 3.661066 5.811487
vt -0.309872 6.815517
vt -0.304099 6.633535
vt -0.304099 6.815818
vt 6.527656 2.449100
vt -0.437731 6.820930
vt -0.437731 6.633535
vt -0.432222 6.820174
vt 6.695650 -4.205681
vt 6.725361 -4.395799
vt 6.734885 -4.394460
vt 6.708388 -4.202705
vt 5.460311 5.637388
vt 5.430365 5.876908
vt 5.420645 5.876608
vt 5.447282 5.636409
vt 6.545107 5.904700
vt 6.536460 5.701992
vt 6.545514 5.704524
vt 6.557312 5.907375
vt 6.682139 -2.372620
vt 6.656041 -2.576352
vt 6.665475 -2.577787
vt 6.694764 -2.375774
vt 1.574219 5.824143
vt 1.600562 6.045258
vt 1.590859 6.045276
vt 1.561212 5.824694
vt 0.372328 6.300782
vt 0.370228 6.060875
vt 0.379946 6.060017
vt 0.385455 6.300474
vt 6.695650 -4.599556
vt 6.701871 -4.598784
vt 5.422875 6.090094
vt 5.416522 6.090629
vt 6.580312 5.482985
vt 6.586255 5.484052
vt 6.688604 -2.791648
vt 6.694764 -2.792479
vt 1.605703 6.229790
vt 1.599360 6.229139
vt 0.330717 5.807314
vt 0.337093 5.807414
vt 0.327433 5.805919
vt 0.385455 5.557034
vt 5.460311 6.338866
vt 6.536460 5.250973
vt 6.575334 5.484858
vt 1.561212 6.456417
vt 3.883926 6.309375
vt 3.860315 6.059244
vt 3.869009 6.060838
vt 3.895877 6.312632
vt 5.916780 6.253054
vt 5.939327 6.006053
vt 5.949927 6.005214
vt 5.931157 6.253189
vt -0.533191 6.321157
vt -0.502720 6.082622
vt -0.493494 6.086180
vt -0.520686 6.326242
vt -2.380383 6.889731
vt -2.380383 6.635581
vt -2.371380 6.633536
vt -2.368076 6.885887
vt -2.243047 6.883755
vt -2.239357 6.633536
vt -2.229317 6.636297
vt -2.229317 6.886218
vt 3.878568 6.057851
vt 3.908839 6.308313
vt 3.819949 5.783556
vt 3.825557 5.785794
vt 5.902379 5.774290
vt 5.909178 5.774106
vt -0.451336 5.816162
vt -0.445382 5.817606
vt -0.511759 6.084029
vt -0.457188 5.818252
vt -2.160140 6.883591
vt -2.156509 6.633537
vt -2.150224 6.633849
vt -2.150224 6.884585
vt 3.831709 5.784733
vt 3.908839 5.568577
vt 5.949927 5.486745
vt 5.898437 5.772016
vt -0.533191 5.608906
vt -3.716222 6.920835
vt -3.713879 6.633536
vt -3.709735 6.922191
vt -3.721220 6.922191
vt 2.941917 6.736335
vt 2.948794 6.702308
vt 2.957186 6.705668
vt 2.953497 6.743140
vt 2.784255 6.745633
vt 2.788536 6.709715
vt 2.801709 6.709241
vt 2.802571 6.746765
vt 3.352717 6.723428
vt 3.350477 6.694680
vt 3.361401 6.698386
vt 3.367869 6.728195
vt 3.336100 6.728195
vt 3.338493 6.696641
vt 2.980396 6.743106
vt 2.981264 6.704301
vt 2.994445 6.704680
vt 2.998675 6.741765
vt 2.970299 6.705030
vt 2.971673 6.742647
vt 2.952412 6.663846
vt 2.957490 6.666806
vt 2.784255 6.673440
vt 2.792329 6.673141
vt 3.355381 6.661418
vt 3.362058 6.662811
vt 3.348059 6.663490
vt 2.990597 6.670449
vt 2.998675 6.670690
vt 2.965462 6.667325
vt 2.971673 6.633536
vt 2.791423 6.633536
vt 4.192234 6.633536
vt 4.185059 6.659317
vt 4.184411 6.633536
vt 3.342726 6.633534
vt 2.992124 6.633536
vt 2.131101 6.758663
vt 2.132271 6.715472
vt 2.147263 6.714213
vt 2.152196 6.758343
vt 2.118364 6.760862
vt 2.123203 6.717408
vt 3.605721 6.713137
vt 3.605721 6.677112
vt 3.619699 6.673330
vt 3.625213 6.707026
vt 2.033296 6.762044
vt 2.038556 6.716721
vt 2.053451 6.718626
vt 2.054307 6.763268
vt 2.202517 6.759528
vt 2.207402 6.713671
vt 2.219437 6.714172
vt 2.219437 6.759721
vt 2.183147 6.755923
vt 2.193501 6.711762
vt 2.127512 6.670521
vt 2.136404 6.672143
vt 3.615618 6.633534
vt 3.622906 6.636494
vt 3.631659 6.676714
vt 3.607381 6.636805
vt 2.049581 6.674291
vt 2.058503 6.673042
vt 2.210061 6.670911
vt 2.217408 6.670094
vt 2.201886 6.668564
vt 2.152196 6.633535
vt 3.919036 6.633536
vt 3.910255 6.677904
vt 3.910255 6.634840
vt 3.925362 6.638829
vt 2.033296 6.633534
vt 2.217097 6.633534
vt 1.461469 6.771278
vt 1.468104 6.724731
vt 1.482609 6.720598
vt 1.481984 6.767145
vt 0.723979 6.787248
vt 0.727409 6.737032
vt 0.744408 6.736127
vt 0.748009 6.787248
vt 0.884397 6.782567
vt 0.877489 6.733300
vt 0.887346 6.728371
vt 0.898291 6.775092
vt 0.860535 6.783602
vt 0.860535 6.732813
vt 0.764594 6.787096
vt 0.767583 6.734330
vt 0.784408 6.735237
vt 0.788388 6.787096
vt 1.497559 6.723163
vt 1.503101 6.771278
vt 1.469012 6.679713
vt 1.477552 6.677782
vt 0.725535 6.685425
vt 0.735535 6.684980
vt 0.878127 6.683600
vt 0.883908 6.680278
vt 0.868173 6.683821
vt 0.775031 6.684282
vt 0.784931 6.684729
vt 1.486351 6.679709
vt 1.484126 6.633536
vt 0.731057 6.633536
vt 0.864240 6.633537
vt 0.779035 6.633537
vt 4.029818 6.664360
vt 4.029818 6.633536
vt 4.047189 6.636783
vt 4.054812 6.671347
vt 4.081406 6.634369
vt 4.081406 6.669861
vt 4.062883 6.670028
vt 4.054812 6.633537
vt 0.181078 6.801830
vt 0.184188 6.746418
vt 0.203042 6.747108
vt 0.207872 6.801378
vt 0.060302 6.804356
vt 0.053538 6.748636
vt 0.069851 6.744956
vt 0.083282 6.795869
vt 0.037175 6.800761
vt 0.037175 6.744725
vt 0.083283 6.804938
vt 0.087891 6.745376
vt 0.106715 6.744520
vt 0.110048 6.805155
vt 4.126458 6.664827
vt 4.134050 6.634399
vt 4.144484 6.633536
vt 4.144484 6.663303
vt 3.999009 6.672471
vt 4.006541 6.634704
vt 4.016509 6.633538
vt 4.016509 6.669257
vt 0.193391 6.688478
vt 0.204239 6.689828
vt 0.061176 6.690942
vt 0.070630 6.688759
vt 0.051714 6.689611
vt 0.087221 6.690347
vt 0.098047 6.688904
vt 3.989250 6.670340
vt 3.999009 6.633539
vt 3.999009 6.673487
vt 4.107467 6.633536
vt 4.107467 6.669548
vt 4.097047 6.636634
vt 0.207872 6.633537
vt 0.048117 6.633536
vt 0.083283 6.633536
vt -0.500848 6.817009
vt -0.489009 6.753733
vt -0.474838 6.752132
vt -0.480708 6.818500
vt 3.198178 6.731634
vt 3.206103 6.687839
vt 3.225568 6.682461
vt 3.226078 6.726277
vt -0.383103 6.809816
vt -0.381905 6.754328
vt -0.363721 6.758412
vt -0.357105 6.814845
vt -0.407901 6.814845
vt -0.399128 6.755323
vt 0.403589 6.795627
vt 0.399875 6.737672
vt 0.419988 6.739501
vt 0.432039 6.795828
vt -0.454840 6.752476
vt -0.452189 6.819828
vt -0.484565 6.689212
vt -0.476429 6.688049
vt 3.198178 6.638354
vt 3.208906 6.633537
vt -0.369666 6.696161
vt -0.359142 6.696457
vt -0.379521 6.696483
vt 0.411495 6.677562
vt 0.422881 6.680480
vt -0.465103 6.690277
vt 3.818332 6.690284
vt 3.807433 6.633536
vt 3.827464 6.683701
vt 3.807433 6.687628
vt -0.380738 6.633535
vt 0.432039 6.633537
vt -0.452189 6.633537
vt 3.380649 6.726450
vt 3.385843 6.693645
vt 3.395192 6.692149
vt 3.393307 6.725208
vt 3.030879 6.737169
vt 3.034393 6.703549
vt 3.044980 6.702964
vt 3.045265 6.737792
vt 3.120048 6.734058
vt 3.117026 6.700635
vt 3.123160 6.698229
vt 3.128391 6.731398
vt 3.105721 6.734384
vt 3.106470 6.700275
vt 3.128393 6.734258
vt 3.128762 6.699778
vt 3.139258 6.700674
vt 3.142678 6.734025
vt 3.404178 6.694637
vt 3.405547 6.728001
vt 3.390239 6.663465
vt 3.396163 6.663167
vt 3.030879 6.668950
vt 3.037675 6.668673
vt 3.117436 6.667457
vt 3.121342 6.665328
vt 3.110698 6.667909
vt 3.135937 6.667514
vt 3.142678 6.667987
vt 3.401866 6.665332
vt 3.405547 6.633536
vt 3.036849 6.633536
vt 3.105721 6.633535
vt 3.137377 6.633537
vt 3.089287 6.733319
vt 3.093750 6.701573
vt 3.105722 6.702047
vt 3.105722 6.735393
vt 2.591951 6.751933
vt 2.591067 6.712910
vt 2.600674 6.713090
vt 2.605165 6.752388
vt 2.576618 6.752388
vt 2.579942 6.712211
vt 2.438145 6.755369
vt 2.438145 6.713588
vt 2.450106 6.714056
vt 2.454606 6.754396
vt 2.534780 6.752561
vt 2.533138 6.710912
vt 2.542910 6.710814
vt 2.548213 6.752220
vt 2.519601 6.752992
vt 2.522159 6.712252
vt 3.090845 6.666939
vt 3.098301 6.667822
vt 2.594629 6.672098
vt 2.600552 6.673093
vt 2.587705 6.671427
vt 2.445525 6.673028
vt 2.452991 6.672669
vt 2.527497 6.672574
vt 2.533493 6.671635
vt 2.520672 6.673645
vt 3.104216 6.633536
vt 2.599178 6.633536
vt 2.438908 6.633537
vt 2.519601 6.633536
vt 1.613912 6.768036
vt 1.617007 6.723582
vt 1.630153 6.722048
vt 1.632228 6.767085
vt 1.663653 6.633538
vt 1.659717 6.678441
vt 1.646317 6.678645
vt 1.645051 6.633538
vt 1.363464 6.773183
vt 1.358310 6.726964
vt 1.366861 6.725454
vt 1.375307 6.770197
vt 1.344951 6.774041
vt 1.344951 6.726727
vt 2.378791 6.637137
vt 2.373787 6.678678
vt 2.360988 6.675887
vt 2.360988 6.633534
vt 1.639355 6.723053
vt 1.645050 6.769367
vt 1.613912 6.678575
vt 1.621951 6.677755
vt 1.656385 6.722425
vt 1.648201 6.722512
vt 1.359270 6.680274
vt 1.364493 6.679271
vt 1.351112 6.680249
vt 2.369376 6.716336
vt 2.361555 6.714666
vt 3.977778 6.668427
vt 3.982243 6.633537
vt 3.989250 6.636919
vt 3.989250 6.673873
vt 1.620394 6.633536
vt 1.651019 6.769671
vt 1.661450 6.724849
vt 1.351664 6.633534
vt 2.363870 6.756062
vt 1.627578 6.678451
vt 1.210317 6.769654
vt 1.220245 6.721827
vt 1.234577 6.720582
vt 1.230242 6.769865
vt 1.827235 6.764834
vt 1.832760 6.722286
vt 1.847720 6.721865
vt 1.848161 6.765549
vt 0.631003 6.788198
vt 0.627963 6.736820
vt 0.635502 6.736383
vt 0.641571 6.787250
vt 0.610049 6.788198
vt 0.613067 6.735343
vt 2.548213 6.752104
vt 2.548809 6.709830
vt 2.563584 6.711721
vt 2.568906 6.753332
vt 1.245472 6.724525
vt 1.245472 6.775705
vt 1.221474 6.675112
vt 1.230071 6.674462
vt 1.829675 6.683107
vt 1.838590 6.682241
vt 4.016509 6.672619
vt 4.016509 6.637563
vt 4.024386 6.633534
vt 4.029818 6.666904
vt 0.626265 6.685127
vt 0.635216 6.685908
vt 2.556858 6.674569
vt 2.565652 6.676367
vt 3.555192 6.714087
vt 3.556218 6.670375
vt 3.564701 6.672637
vt 3.569283 6.716779
vt 1.238078 6.633534
vt 1.827235 6.633536
vt 0.629454 6.633534
vt 0.639826 6.684733
vt 2.568906 6.633536
vt 3.569283 6.633536
vt -0.036197 6.801570
vt -0.024675 6.745247
vt -0.009229 6.746728
vt -0.014536 6.805448
vt 1.503102 6.771974
vt 1.505235 6.727442
vt 1.521897 6.727168
vt 1.526609 6.771974
vt 0.381753 6.792821
vt 0.378236 6.738095
vt 0.391089 6.741031
vt 0.399874 6.795632
vt 0.359731 6.795632
vt 0.362618 6.738832
vt -0.126061 6.808697
vt -0.122085 6.748938
vt -0.105527 6.749256
vt -0.102700 6.808697
vt 0.003936 6.745316
vt 0.003936 6.804799
vt -0.022428 6.687753
vt -0.013335 6.689192
vt 1.505383 6.676503
vt 1.515185 6.677375
vt 0.384119 6.681999
vt 0.391683 6.684304
vt 0.374887 6.682989
vt -0.116984 6.690672
vt -0.107249 6.689686
vt -0.005549 6.687775
vt -0.006721 6.633534
vt 1.522711 6.633536
vt 3.944309 6.672863
vt 3.953302 6.633534
vt 3.953302 6.676193
vt 0.377833 6.633536
vt -0.125648 6.633537
vt 6.694903 -5.560883
vt 6.696568 -5.692710
vt 6.707685 -5.695925
vt 6.710269 -5.565186
vt 6.085055 1.691536
vt 6.085802 1.540866
vt 6.098518 1.540651
vt 6.102630 1.691260
vt 6.075396 1.690033
vt 6.078813 1.539679
vt 6.662848 -5.546119
vt 6.671351 -5.684129
vt 6.684045 -5.683217
vt 6.680402 -5.545004
vt 0.155819 3.909918
vt 0.159155 3.758742
vt 0.171686 3.758938
vt 0.173140 3.910167
vt 6.718620 -5.693075
vt 6.725387 -5.561124
vt 6.695255 -5.824765
vt 6.702111 -5.826049
vt 6.086348 1.389609
vt 6.094197 1.389884
vt 6.082025 1.389250
vt 6.682689 -5.821969
vt 6.690530 -5.822117
vt 0.162337 3.608593
vt 0.170075 3.608304
vt 6.708859 -5.823955
vt 6.725387 -5.960696
vt 6.102630 1.239224
vt 6.662848 -5.960695
vt 6.694904 -5.825073
vt 0.155819 3.459282
vt -5.822531 6.484838
vt -5.751075 6.335771
vt -5.741530 6.336213
vt -5.809972 6.488101
vt 6.688580 -4.843895
vt 6.664937 -4.949706
vt 6.678067 -4.953791
vt 6.706486 -4.851543
vt -5.573705 6.483691
vt -5.641466 6.325147
vt -5.627944 6.323072
vt -5.556350 6.475616
vt -5.586489 6.487913
vt -5.651186 6.326273
vt -5.334823 6.481612
vt -5.301910 6.327300
vt -5.288495 6.329510
vt -5.316497 6.487176
vt -5.727933 6.338362
vt -5.792477 6.496264
vt 6.663592 -5.109081
vt 6.670078 -5.107493
vt 6.688788 -4.949925
vt 6.655578 -5.109294
vt -5.618787 6.152542
vt -5.610776 6.154982
vt -5.281397 6.154859
vt -5.275213 6.155322
vt -5.278306 6.328928
vt -5.289509 6.156423
vt -5.762238 6.170580
vt -5.754218 6.168171
vt 6.706486 -5.272420
vt -5.556350 6.008472
vt -5.334823 6.003748
vt -5.822531 6.019388
vt -4.573664 6.397507
vt -4.575161 6.223660
vt -4.560605 6.225021
vt -4.553220 6.399961
vt 6.280024 -4.602050
vt 6.291031 -4.791220
vt 6.306354 -4.791376
vt 6.301495 -4.601353
vt 2.573702 6.395487
vt 2.575227 6.228066
vt 2.586298 6.232778
vt 2.589224 6.402389
vt 2.552867 6.397793
vt 2.560386 6.229323
vt -3.176236 6.423281
vt -3.182313 6.234251
vt -3.167461 6.234744
vt -3.155422 6.423058
vt -3.191765 6.425435
vt -3.193388 6.235559
vt -4.582421 6.043461
vt -4.573726 6.044815
vt 6.286335 -4.981083
vt 6.295481 -4.981522
vt 2.583449 6.054244
vt 2.590053 6.056197
vt 2.574591 6.055535
vt -3.173609 6.047239
vt -3.164750 6.047880
vt -4.566744 6.043010
vt -4.548923 6.220549
vt -4.548923 5.863662
vt 6.280024 -5.170932
vt 2.552867 5.879981
vt -3.155422 5.858443
vt -3.180193 6.047093
vt 6.586257 5.740834
vt 6.604785 5.584648
vt 6.618857 5.578201
vt 6.606071 5.733376
vt -3.112831 6.440995
vt -3.118343 6.238201
vt -3.101744 6.237434
vt -3.089368 6.440645
vt 6.590452 0.314849
vt 6.577647 0.151053
vt 6.591906 0.145461
vt 6.610537 0.305894
vt 6.569670 0.308549
vt 6.562891 0.145418
vt -2.712469 6.444429
vt -2.701727 6.235329
vt -2.685292 6.235978
vt -2.689246 6.444588
vt -5.676719 6.954640
vt -5.664858 6.803833
vt -5.648111 6.804093
vt -5.653111 6.956034
vt 6.587232 5.439440
vt 6.595543 5.435866
vt -3.141533 6.046329
vt -3.131720 6.047171
vt 1.055807 6.775324
vt 1.062032 6.633535
vt 1.071043 6.636916
vt 1.071043 6.779912
vt 6.593473 -0.008350
vt 6.602189 -0.005257
vt -2.671060 6.036860
vt -2.661354 6.035890
vt -5.676719 6.634172
vt -5.666931 6.633538
vt 6.586257 5.250974
vt -3.089368 5.853537
vt 6.606695 -0.202398
vt 6.610537 -0.007687
vt -2.712469 5.841144
vt 6.604278 5.437883
vt 3.572356 6.460964
vt 3.569851 6.238262
vt 3.587741 6.237674
vt 3.597746 6.461080
vt 1.096015 6.633536
vt 1.096015 6.775115
vt 1.078398 6.778674
vt 1.071043 6.638292
vt -4.785975 6.434608
vt -4.770674 6.253269
vt -4.752963 6.252148
vt -4.760853 6.432630
vt 5.051357 6.416689
vt 5.061305 6.188705
vt 5.079123 6.189514
vt 5.076655 6.416876
vt 6.563446 -2.637294
vt 6.555328 -2.862543
vt 6.568982 -2.865377
vt 6.582778 -2.641796
vt 6.539229 -2.638574
vt 6.538249 -2.863120
vt 3.550066 6.014373
vt 3.560504 6.015250
vt 3.558836 6.241820
vt 3.543645 6.016569
vt -4.749969 6.062615
vt -4.739647 6.060847
vt 5.088395 5.963366
vt 5.098804 5.962600
vt 6.544163 -3.088922
vt 6.552120 -3.090453
vt 6.534231 -3.090602
vt 3.597746 5.810494
vt -0.558288 6.633536
vt -0.558288 6.822923
vt -0.568716 6.634664
vt -4.785975 5.911089
vt 5.051359 5.749046
vt 6.582778 -3.296098
vt 1.468110 6.304929
vt 1.470363 6.056130
vt 1.486077 6.053791
vt 1.490582 6.304156
vt 6.380561 3.181559
vt 6.401986 2.938246
vt 6.421361 2.938064
vt 6.408064 3.183577
vt 0.505920 6.305431
vt 0.502195 6.058449
vt 0.515252 6.058970
vt 0.524505 6.305940
vt 0.478979 6.305733
vt 0.483321 6.056860
vt 4.351467 6.272002
vt 4.339305 6.022139
vt 4.358668 6.022584
vt 4.378959 6.270312
vt 1.503694 6.053411
vt 1.515658 6.303850
vt 1.447831 5.812352
vt 1.456913 5.812068
vt 6.380561 2.698769
vt 6.391739 2.698377
vt 0.538826 5.813570
vt 0.546392 5.812511
vt 0.527906 5.813724
vt 4.367788 5.780051
vt 4.378959 5.780599
vt 1.467095 5.813204
vt 1.515658 5.571514
vt 6.393070 2.449098
vt 0.478979 5.571279
vt 4.372393 5.536179
vt 4.372473 6.649589
vt 4.374505 6.645906
vt 4.380862 6.645104
vt 4.380603 6.648743
vt 4.365107 6.641986
vt 4.368771 6.640240
vt 4.365870 6.633536
vt 4.369392 6.633771
vt 4.434350 6.644130
vt 4.430685 6.642870
vt 4.431013 6.634815
vt 4.434350 6.633536
vt 4.332840 6.643546
vt 4.337038 6.641908
vt 4.342173 6.647337
vt 4.339801 6.650601
vt 4.333063 6.633536
vt 4.337158 6.634309
vt 4.376736 6.641773
vt 4.380387 6.641840
vt 4.373105 6.637621
vt 4.373125 6.633536
vt 4.427838 6.641274
vt 4.426834 6.635835
vt 4.340443 6.640624
vt 4.344279 6.644244
vt 4.340944 6.635270
vt 4.345282 6.633536
vt 4.345825 6.638664
vt 4.379597 6.635925
vt 4.348617 6.642510
vt 4.359087 6.633537
vt 4.361824 6.637721
vt 4.356912 6.641801
vt 4.351913 6.638769
vt 4.419752 6.633537
vt 4.418402 6.637589
vt 4.409321 6.638353
vt 4.407597 6.633537
vt 4.289738 6.643212
vt 4.285572 6.641337
vt 4.284591 6.633984
vt 4.288566 6.633536
vt 4.281215 6.651972
vt 4.278936 6.647621
vt 4.271520 6.651056
vt 4.271318 6.646552
vt 4.354261 6.650497
vt 4.348620 6.650477
vt 4.365108 6.642279
vt 4.360981 6.644597
vt 4.417798 6.643356
vt 4.411753 6.643455
vt 4.281381 6.638708
vt 4.280402 6.633536
vt 4.277499 6.643345
vt 4.272640 6.642811
vt 4.358682 6.650127
vt 4.365108 6.649696
vt 4.414770 6.647694
vt 4.273637 6.637426
vt 4.303452 6.633536
vt 4.301554 6.639334
vt 4.291496 6.640152
vt 4.289738 6.633536
vt 4.426834 6.647263
vt 4.424256 6.645939
vt 4.423259 6.635890
vt 4.426834 6.633535
vt 4.252320 6.647852
vt 4.248084 6.645482
vt 4.248034 6.635543
vt 4.252320 6.634457
vt 4.241020 6.655530
vt 4.239487 6.650955
vt 4.259073 6.639704
vt 4.263823 6.644279
vt 4.258052 6.652130
vt 4.252320 6.651183
vt 4.267653 6.633535
vt 4.270294 6.639826
vt 4.300375 6.645199
vt 4.293833 6.645383
vt 4.420190 6.645698
vt 4.419754 6.639169
vt 4.244411 6.642838
vt 4.244343 6.636379
vt 4.238943 6.646457
vt 4.267027 6.648651
vt 4.263453 6.653868
vt 4.271317 6.645862
vt 4.296125 6.651557
vt 4.236839 6.639124
vt 4.238806 6.633536
vt 4.271317 6.653474
vt 4.395764 6.633535
vt 4.400641 6.635339
vt 4.402057 6.646486
vt 4.395764 6.648891
vt 4.230772 6.653177
vt 4.227420 6.649058
vt 4.231690 6.638647
vt 4.236839 6.639157
vt 4.215880 6.655651
vt 4.216405 6.650756
vt 4.395762 6.648878
vt 4.390073 6.647161
vt 4.391482 6.636016
vt 4.395762 6.633536
vt 4.168325 6.647458
vt 4.175182 6.647094
vt 4.174469 6.656375
vt 4.168474 6.660140
vt 4.168325 6.633535
vt 4.174590 6.636910
vt 4.406864 6.635659
vt 4.407598 6.642734
vt 4.224349 6.645685
vt 4.226933 6.639033
vt 4.217531 6.646840
vt 4.386058 6.644217
vt 4.386787 6.637143
vt 4.179784 6.646747
vt 4.178789 6.652596
vt 4.180116 6.640335
vt 4.217873 6.639406
vt 4.222698 6.633535
vt 4.380860 6.641379
vt 4.184410 6.647259
vt 4.215880 6.634690
vt 4.303452 6.633535
vt 4.308752 6.637135
vt 4.310543 6.649492
vt 4.303452 6.650761
vt 4.208479 6.641743
vt 4.204085 6.645535
vt 4.192234 6.640656
vt 4.192854 6.633538
vt 4.215882 6.651222
vt 4.209210 6.652809
vt 4.332840 6.650983
vt 4.326249 6.647659
vt 4.328043 6.635159
vt 4.332840 6.633535
vt 4.144485 6.643998
vt 4.152624 6.647211
vt 4.151816 6.659630
vt 4.144485 6.661525
vt 4.156968 6.633537
vt 4.161320 6.639551
vt 4.314371 6.639215
vt 4.315204 6.646859
vt 4.199680 6.651503
vt 4.192540 6.648171
vt 4.202787 6.656090
vt 4.320496 6.642827
vt 4.321330 6.635092
vt 4.159862 6.650873
vt 4.159630 6.658613
vt 4.165138 6.646125
vt 4.320497 6.645165
vt 4.192234 6.657414
vt 4.168325 6.654189
vt 4.164674 6.661604
vt 2.620963 6.750565
vt 2.633854 6.633535
vt 2.626393 6.752399
vt 2.671930 6.752252
vt 2.673801 6.633536
vt 2.679635 6.752252
vt 2.827934 6.744069
vt 2.833755 6.633536
vt 2.833755 6.746274
vt 2.820647 6.744602
vt 2.568907 6.753437
vt 2.574041 6.633535
vt 2.576619 6.753437
vt 2.633854 6.752143
vt 6.688619 2.113377
vt 6.679800 2.225445
vt 6.670267 2.225178
vt 6.675412 2.111347
vt -3.771487 6.633536
vt -3.779981 6.727081
vt -3.793437 6.728718
vt -3.790200 6.634168
vt -0.548122 6.296006
vt -0.547680 6.406655
vt -0.560691 6.406694
vt -0.566206 6.295828
vt -0.534253 6.294792
vt -0.537696 6.406979
vt -4.452944 6.928214
vt -4.458169 6.831630
vt -4.445112 6.834042
vt -4.434845 6.929986
vt 6.657082 2.224983
vt 6.657082 2.111306
vt 6.674405 2.336896
vt 6.668586 2.336690
vt -3.764781 6.824054
vt -3.773005 6.824394
vt -0.551838 6.519223
vt -0.559751 6.518549
vt -0.545745 6.519377
vt -4.438946 6.735373
vt -4.430984 6.736209
vt 6.660554 2.337267
vt 6.677752 2.445679
vt -3.793437 6.921772
vt -0.566206 6.627707
vt -4.458169 6.633536
vt -4.424970 6.733183
vt 6.696634 2.086793
vt 6.703999 1.952056
vt 6.716944 1.953037
vt 6.714866 2.087141
vt 6.697312 -0.471522
vt 6.703545 -0.605059
vt 6.719461 -0.604496
vt 6.719696 -0.471074
vt 6.728149 -1.740768
vt 6.722968 -1.875360
vt 6.733710 -1.876782
vt 6.743281 -1.742083
vt 6.706295 -1.740524
vt 6.707457 -1.874453
vt 6.659233 5.244651
vt 6.660169 5.113676
vt 6.676066 5.112995
vt 6.681587 5.244026
vt 6.731419 1.953608
vt 6.735239 2.087257
vt 6.722786 1.819551
vt 6.730453 1.818509
vt 6.714060 -0.733991
vt 6.723510 -0.734510
vt 6.705223 -2.007882
vt 6.711596 -2.007960
vt 6.696028 -2.008965
vt 6.657635 4.983693
vt 6.667068 4.984123
vt 6.739045 1.818078
vt 6.696634 1.692006
vt 6.697312 -0.864507
vt 6.743281 -2.135634
vt 6.681587 4.850121
vt 6.657082 2.108702
vt 6.668607 1.968213
vt 6.679910 1.968023
vt 6.673022 2.111009
vt 6.695325 3.842659
vt 6.688778 3.979968
vt 6.671939 3.980414
vt 6.671492 3.841472
vt 6.229296 0.366198
vt 6.228227 0.227154
vt 6.244706 0.227769
vt 6.252573 0.366375
vt 6.700021 -1.061271
vt 6.692632 -1.199646
vt 6.705142 -1.196210
vt 6.717707 -1.058939
vt 6.677022 -1.059007
vt 6.676356 -1.199349
vt 6.696635 1.967741
vt 6.696635 2.111305
vt 6.666122 1.827338
vt 6.672776 1.828084
vt 6.707434 4.113206
vt 6.697510 4.112577
vt 6.242887 0.085638
vt 6.252573 0.086070
vt 6.712939 -1.332410
vt 6.720297 -1.331227
vt 6.703365 -1.331331
vt 6.682607 1.827849
vt 6.684478 1.692006
vt 6.671492 4.251794
vt 6.236867 -0.048257
vt 6.235778 0.086302
vt 6.676356 -1.466137
vt -3.752192 6.921181
vt -3.764781 6.787847
vt -3.749251 6.782337
vt -3.730391 6.910799
vt 6.610537 0.252380
vt 6.620021 0.098372
vt 6.637987 0.101619
vt 6.636190 0.254939
vt -4.611551 6.933594
vt -4.602579 6.790305
vt -4.587440 6.784515
vt -4.590089 6.926079
vt -4.634931 6.925956
vt -4.619085 6.786757
vt 6.179194 6.533266
vt 6.177777 6.378271
vt 6.195442 6.374603
vt 6.204461 6.530221
vt 1.739643 6.763334
vt 1.739643 6.633535
vt 1.757534 6.636205
vt 1.764991 6.766527
vt -3.748834 6.637708
vt -3.739842 6.633536
vt 6.662814 -0.057749
vt 6.673332 -0.057721
vt -4.625302 6.637564
vt -4.616511 6.633536
vt -4.634931 6.634523
vt 6.140819 6.217936
vt 6.151200 6.217755
vt -3.730391 6.636572
vt -3.733060 6.786434
vt 6.610537 -0.202397
vt 6.680019 -0.061402
vt 1.451504 6.770390
vt 1.461469 6.633535
vt 1.461469 6.773108
vt 6.204461 6.068297
vt 6.158475 6.220086
vt 0.462797 6.795539
vt 0.473392 6.795134
vt 0.249597 6.800359
vt 0.266017 6.633538
vt 0.257124 6.799624
vt 0.281796 6.798857
vt 0.292329 6.633536
vt 0.292329 6.799522
vt 0.170935 6.802356
vt 0.181079 6.633536
vt 0.181079 6.802406
vt 0.163037 6.801069
vt 0.327726 6.798838
vt 0.327726 6.633536
vt 0.337931 6.797827
vt 0.267425 6.800359
vt 6.208903 -3.783537
vt 6.213893 -3.617385
vt 6.204536 -3.620510
vt 6.196077 -3.788535
vt -2.867371 5.723012
vt -2.866361 5.946000
vt -2.877227 5.946656
vt -2.882187 5.723628
vt 0.281796 6.633534
vt 0.281796 6.798448
vt 0.271265 6.800171
vt 0.267425 6.636395
vt 6.522038 5.250974
vt 6.520038 5.479631
vt 6.512399 5.480449
vt 6.511594 5.253103
vt 6.536461 5.251953
vt 6.530616 5.480556
vt -0.437731 6.633536
vt -0.437731 6.818915
vt -0.448324 6.821017
vt -0.452189 6.635813
vt 6.250770 -3.446326
vt 6.244769 -3.448973
vt -2.853146 6.176497
vt -2.860074 6.176588
vt -0.154987 6.636306
vt -0.158631 6.809957
vt -0.164846 6.808615
vt -0.164846 6.633537
vt 6.501472 5.710555
vt 6.496594 5.711986
vt 6.508215 5.710814
vt 6.238708 -3.446572
vt 6.195062 -3.616084
vt 6.195062 -3.299374
vt -2.882186 6.376923
vt -0.822599 6.634043
vt -0.829461 6.827315
vt -0.829461 6.633536
vt 6.536461 5.920947
vt -1.462860 6.633536
vt -1.462860 6.846552
vt -1.469445 6.635297
vt -1.813029 6.637157
vt -1.826728 6.866330
vt -1.818985 6.633538
vt -4.282823 6.633536
vt -4.282823 6.927984
vt -4.290885 6.633759
vt -1.751851 6.635720
vt -1.759275 6.860897
vt -1.759275 6.633537
vt -4.358215 6.633539
vt -4.350368 6.930101
vt -4.363902 6.634066
vt -4.350368 6.633536
vt -1.826728 6.634963
vt 6.647960 5.924859
vt 6.640131 6.080839
vt 6.629531 6.077477
vt 6.633151 5.920948
vt 4.635348 -1.320817
vt 4.649004 -1.167112
vt 4.634688 -1.166439
vt 4.615441 -1.319018
vt 6.450136 -2.592567
vt 6.447564 -2.434304
vt 6.436849 -2.436475
vt 6.435184 -2.595513
vt 6.469127 -2.593376
vt 6.461177 -2.435456
vt 6.154860 -3.774461
vt 6.135542 -3.615178
vt 6.121225 -3.615983
vt 6.134953 -3.776474
vt 6.615869 6.078538
vt 6.614089 5.922347
vt 6.628752 6.231370
vt 6.622360 6.228617
vt 4.648159 -1.014870
vt 4.639519 -1.015610
vt 6.454682 -2.278870
vt 6.448191 -2.280591
vt 6.462889 -2.280312
vt 6.130699 -3.456140
vt 6.122057 -3.455435
vt 6.614089 6.229654
vt 6.620364 6.369462
vt 4.615441 -0.867704
vt 6.469127 -2.137582
vt 6.154860 -3.297858
vt 0.557390 6.633537
vt 0.557390 6.792677
vt 0.551800 6.635028
vt 0.482059 6.633766
vt 0.473390 6.795531
vt 0.473390 6.633537
vt 0.489183 6.633537
vt 0.497013 6.794525
vt 0.482059 6.634638
vt 0.497013 6.633791
vt 0.543277 6.633619
vt 0.534645 6.792982
vt 0.534645 6.633536
vt 0.543278 6.635191
vt -3.451714 6.642747
vt -3.456884 6.737298
vt -3.469378 6.731171
vt -3.469333 6.633535
vt 6.199362 -2.477158
vt 6.198129 -2.361581
vt 6.181706 -2.360332
vt 6.176175 -2.476283
vt -0.750432 6.639964
vt -0.755455 6.729383
vt -0.770528 6.724924
vt -0.771668 6.633536
vt 5.855360 6.282906
vt 5.855659 6.400478
vt 5.843962 6.400909
vt 5.838853 6.284230
vt 5.877903 6.283745
vt 5.871633 6.401703
vt -3.485037 6.734500
vt -3.491400 6.638369
vt -3.460684 6.837550
vt -3.468012 6.832749
vt 6.206209 -2.244133
vt 6.196503 -2.244389
vt -0.762770 6.825496
vt -0.771668 6.823268
vt 5.846450 6.517279
vt 5.839561 6.519041
vt 5.855869 6.517003
vt -3.477243 6.834315
vt -3.491400 6.910120
vt 6.176175 -2.137729
vt 3.235641 6.633535
vt 3.235641 6.732310
vt 3.226077 6.634658
vt 5.877903 6.628473
vt 3.244962 6.633536
vt 3.244962 6.732293
vt 3.235640 6.635765
vt 5.938542 1.688921
vt 5.950643 1.581179
vt 5.965379 1.575976
vt 5.959385 1.682676
vt -5.274590 6.633536
vt -5.252991 6.738829
vt -5.270380 6.742745
vt -5.299255 6.638907
vt 6.633629 5.250913
vt 6.633702 5.126798
vt 6.646519 5.124460
vt 6.651822 5.246568
vt 6.609359 5.248731
vt 6.616599 5.124375
vt 3.336101 6.633535
vt 3.328792 6.727556
vt 3.311234 6.729181
vt 3.311234 6.636002
vt 5.981456 1.579730
vt 5.982131 1.688921
vt 5.949238 1.475553
vt 5.957825 1.474912
vt -5.230329 6.838469
vt -5.240547 6.837572
vt 6.647566 4.999205
vt 6.655065 4.999202
vt 6.637598 5.000322
vt 2.925853 6.743827
vt 2.925853 6.639046
vt 2.934663 6.633534
vt 2.941917 6.738985
vt 5.967227 1.475814
vt 5.972849 1.354319
vt -5.299255 6.944032
vt -5.224310 6.843869
vt 6.609359 4.890615
vt 2.980397 6.639141
vt 2.971675 6.743872
vt 2.971675 6.633535
vt 2.225041 6.633919
vt 2.235440 6.760322
vt 2.219436 6.635510
vt 2.235440 6.633536
vt 2.663767 6.751905
vt 2.654106 6.633536
vt 2.671930 6.748625
vt 2.654106 6.750792
vt 2.507699 6.633537
vt 2.507699 6.754809
vt 2.497482 6.634550
vt 3.030879 6.635141
vt 3.020720 6.739973
vt 3.020720 6.633535
vt 0.432039 6.796158
vt 0.440639 6.633536
vt 0.440639 6.796590
vt -1.215209 6.836291
vt -1.208639 6.633536
vt -1.208639 6.837511
vt -1.223310 6.836485
vt -1.157803 6.837104
vt -1.157803 6.633535
vt -1.149271 6.836697
vt -1.336474 6.840385
vt -1.344478 6.633534
vt -1.329726 6.839522
vt -1.344478 6.840261
vt -1.994888 6.873316
vt -1.978162 6.633536
vt -1.987446 6.875434
vt -2.123023 6.883483
vt -2.119228 6.633537
vt -2.113205 6.883483
vt -1.921221 6.869576
vt -1.914238 6.633536
vt -1.914238 6.871901
vt -1.930703 6.870009
vt -2.132848 6.883985
vt -2.123023 6.633536
vt -2.123023 6.884182
vt -1.978162 6.874739
vt 6.328990 -0.869016
vt 6.322815 -1.148170
vt 6.330275 -1.143907
vt 6.341835 -0.865137
vt -4.420163 6.440246
vt -4.464248 6.170428
vt -4.453215 6.170658
vt -4.401348 6.437470
vt -4.876214 6.488738
vt -4.839016 6.229335
vt -4.830491 6.233183
vt -4.861502 6.495764
vt -4.893857 6.489679
vt -4.849341 6.231786
vt 3.128580 6.431230
vt 3.180904 6.156522
vt 3.191930 6.156276
vt 3.147384 6.434120
vt 6.341045 -1.144914
vt 6.360442 -0.867278
vt -1.120314 6.834170
vt -1.120314 6.633535
vt -1.111260 6.828264
vt -4.401348 5.883868
vt -1.462860 6.845980
vt -1.462860 6.633537
vt -1.453728 6.841704
vt -4.893857 6.028275
vt 3.128580 5.870155
vt 6.360442 -1.364770
vt 1.284196 6.454973
vt 1.215796 6.147365
vt 1.227411 6.147480
vt 1.303901 6.450285
vt 6.157176 1.684499
vt 6.132831 1.392888
vt 6.143142 1.396224
vt 6.175032 1.686657
vt 6.140076 1.689687
vt 6.123027 1.396269
vt 4.385615 -3.302373
vt 4.462995 -3.603243
vt 4.474597 -3.603241
vt 4.405280 -3.297529
vt 4.492283 -3.298025
vt 4.512238 -3.609076
vt 4.522226 -3.610624
vt 4.509610 -3.296587
vt 4.474597 -3.298851
vt 4.502093 -3.610006
vt 1.303901 5.851315
vt 6.175032 1.195360
vt -1.876338 6.866872
vt -1.865287 6.633535
vt -1.865287 6.869747
vt 4.385615 -3.891335
vt 4.474597 -3.891335
vt -5.224310 6.944990
vt -5.203157 6.633537
vt -5.213779 6.943080
vt 5.059743 -3.793302
vt 5.066407 -4.129567
vt 5.071952 -3.793302
vt -5.635961 6.954086
vt -5.648111 6.633535
vt -5.628787 6.950628
vt -5.648110 6.953905
vt 5.059743 -4.129786
vt 5.071825 -4.466219
vt 5.071825 -4.129568
vt -5.203157 6.945553
vt -0.897889 6.619066
vt -0.897889 6.285525
vt -0.888243 6.615786
vt 1.903365 5.145428
vt 1.916009 4.806225
vt 1.916009 5.146276
vt 6.164369 -2.136942
vt 6.176173 -2.477158
vt 6.176173 -2.138331
vt 6.154182 -2.139883
vt 3.669951 4.769841
vt 3.669951 4.424387
vt 3.682284 4.768714
vt -0.876137 6.616870
vt 4.936760 -1.206187
vt 4.936760 -1.549367
vt 4.945545 -1.209691
vt 0.875177 2.916106
vt 0.865480 3.420081
vt 0.865480 2.915455
vt 0.865442 2.915456
vt 0.865442 2.409116
vt 0.875178 2.915015
vt 4.041346 2.894962
vt 4.051110 2.427815
vt 4.051110 2.895044
vt 1.991344 3.101852
vt 1.991344 3.589098
vt 1.982015 3.103523
vt 0.865442 2.408460
vt 0.875120 1.885689
vt 0.875120 2.409114
vt 2.101130 5.836517
vt 1.993086 5.367692
vt 2.002561 5.365451
vt 2.116988 5.829919
vt 5.878142 0.209813
vt 5.811813 -0.278011
vt 5.822024 -0.277574
vt 5.895476 0.209031
vt -0.896969 5.578809
vt -0.889756 5.136882
vt -0.879678 5.137362
vt -0.879678 5.580713
vt 1.081395 5.819104
vt 1.198444 5.332889
vt 1.208185 5.334582
vt 1.097726 5.824828
vt 5.475198 5.659512
vt 5.555711 5.131000
vt 5.565837 5.130341
vt 5.492377 5.660049
vt 0.844692 5.091345
vt 0.851734 4.544669
vt 0.861629 4.546745
vt 0.861629 5.093529
vt 2.116988 4.841982
vt 5.895476 -0.864508
vt 1.081395 4.798394
vt 1.215794 5.330665
vt 5.475198 4.529833
vt 2.010664 5.369098
vt 1.453897 2.605345
vt 1.492742 3.228114
vt 1.480368 3.231960
vt 1.436086 2.606937
vt 4.713850 0.944737
vt 4.882779 0.350325
vt 4.901038 0.351069
vt 4.738866 0.951330
vt 4.927742 -3.294959
vt 4.892443 -2.677117
vt 4.874727 -2.676722
vt 4.902699 -3.296097
vt 4.946664 -3.293405
vt 4.905640 -2.673301
vt 1.375096 4.863762
vt 1.215794 4.264748
vt 1.233665 4.264621
vt 1.399574 4.858096
vt 1.462383 3.232036
vt 1.410686 2.608747
vt 1.507250 3.788867
vt 1.500058 3.791702
vt 4.781104 -0.261742
vt 4.791614 -0.263457
vt 4.864310 -2.122921
vt 4.854009 -2.121252
vt 1.339762 3.659555
vt 1.347160 3.658646
vt 1.246441 4.261995
vt 1.329472 3.657515
vt 1.489598 3.790298
vt 4.713850 -0.864507
vt 4.798087 -0.263295
vt 4.946664 -1.549366
vt 1.399574 3.072573
vt 1.410686 4.362787
vt 5.738678 2.854546
vt 5.673696 2.238302
vt 5.680871 2.240734
vt 5.750801 2.854761
vt 1.428828 4.362787
vt 1.515657 4.955515
vt 1.505007 4.955282
vt 1.410686 4.364796
vt 5.687661 -3.442569
vt 5.773163 -4.054993
vt 5.783474 -4.054162
vt 5.705292 -3.439594
vt -0.197929 4.383942
vt -0.298420 4.975562
vt -0.306023 4.974735
vt -0.210691 4.378541
vt -0.180334 4.385603
vt -0.288078 4.975118
vt 5.691352 2.240171
vt 5.768744 2.852244
vt 5.768744 1.692006
vt 1.410686 5.571514
vt 5.687661 -4.599555
vt -0.180334 5.586244
vt 5.296912 -3.320492
vt 5.251681 -3.928300
vt 5.262085 -3.926308
vt 5.314901 -3.317991
vt 1.934939 4.769248
vt 1.983153 5.268285
vt 1.972192 5.269767
vt 1.916010 4.772995
vt 3.898649 -1.979202
vt 3.899177 -2.596413
vt 3.910115 -2.595027
vt 3.917594 -1.977296
vt 0.645299 5.552927
vt 0.692196 4.917618
vt 0.702484 4.915697
vt 0.663087 5.550579
vt 0.629841 5.546839
vt 0.683246 4.914970
vt -1.622168 4.535044
vt -1.600322 3.837497
vt -1.589138 3.837490
vt -1.602804 4.535601
vt 5.314901 -4.561235
vt 1.916010 5.798970
vt 3.917594 -3.143059
vt 0.629841 4.260038
vt -1.622168 3.165437
vt 5.428065 -1.912465
vt 5.257012 -2.389073
vt 5.267346 -2.394195
vt 5.441630 -1.925231
vt 5.400554 -1.903845
vt 5.236773 -2.387446
vt 6.236581 4.422026
vt 6.228580 3.992058
vt 6.245632 3.998845
vt 6.260839 4.431047
vt 6.210741 4.429985
vt 6.210741 4.000649
vt 5.044586 -1.857208
vt 5.216599 -2.347264
vt 5.236773 -2.345800
vt 5.072012 -1.848603
vt 6.334828 6.482740
vt 6.334828 6.022387
vt 6.354989 6.020539
vt 6.363586 6.480814
vt 4.644747 5.954753
vt 4.792984 5.514097
vt 4.803617 5.511919
vt 4.663237 5.951437
vt 5.319782 -2.910374
vt 5.331221 -2.908252
vt -3.936189 5.890359
vt -4.075344 5.434021
vt -4.066349 5.431132
vt -3.920855 5.880105
vt -3.955184 5.887599
vt -4.086260 5.432160
vt 5.137415 -2.872440
vt 5.148829 -2.874774
vt 4.813070 5.514677
vt 4.679291 5.961424
vt 4.644747 5.041126
vt 5.441630 -3.296097
vt -3.920855 4.947306
vt 5.044587 -3.296097
vt 3.383085 4.246305
vt 3.393131 3.838198
vt 3.393131 4.251953
vt 4.011847 5.162738
vt 4.016706 4.631885
vt 4.025671 4.632775
vt 4.027469 5.163906
vt 0.034498 5.365013
vt 0.042739 4.870620
vt 0.054384 4.870904
vt 0.054792 5.365489
vt 5.256175 -0.868280
vt 5.262526 -1.386034
vt 5.271079 -1.384356
vt 5.271079 -0.865001
vt 5.236771 -0.867244
vt 5.251389 -1.385224
vt 4.624434 4.749706
vt 4.627917 4.235587
vt 4.639574 4.235574
vt 4.644747 4.749706
vt 4.036606 4.632523
vt 4.046525 5.163105
vt 4.046525 4.102162
vt 5.245837 -1.903846
vt 4.631822 3.716529
vt 6.303507 1.678330
vt 6.323137 1.171660
vt 6.311962 1.680978
vt 1.507924 3.866039
vt 1.519551 3.344166
vt 1.519551 3.866329
vt 6.186100 1.687990
vt 6.194797 1.195361
vt 6.194797 1.690964
vt 6.175032 1.689095
vt 1.525609 3.136158
vt 1.537249 2.605344
vt 1.537249 3.136232
vt 6.323137 1.680106
vt -0.603970 4.301291
vt -0.555585 4.724990
vt -0.567938 4.726026
vt -0.621477 4.305749
vt -0.573900 4.298462
vt -0.534436 4.725186
vt 6.729283 6.262327
vt 6.738140 5.920943
vt 6.758765 5.924278
vt 6.758765 6.266993
vt 5.222376 -4.555921
vt 5.177151 -4.135341
vt 5.162406 -4.136983
vt 5.201466 -4.561233
vt 5.251681 -4.553654
vt 5.197773 -4.135921
vt 6.726874 -2.441281
vt 6.726874 -2.790270
vt 6.747846 -2.792479
vt 6.756851 -2.444339
vt -0.599125 5.150142
vt -0.606159 5.150421
vt -0.587105 5.151301
vt 6.542809 -3.935872
vt 6.519441 -4.270917
vt 6.529451 -4.275188
vt 6.560377 -3.944301
vt 6.523676 -3.942587
vt 6.508517 -4.274520
vt 5.240187 -3.713048
vt 5.228461 -3.711675
vt -5.676719 6.634213
vt -5.685851 6.957806
vt -5.697955 6.957950
vt -5.697955 6.633537
vt -0.621477 5.573061
vt -4.350367 6.928407
vt -4.338404 6.633536
vt -4.338404 6.929425
vt 6.560377 -4.599555
vt 5.251681 -3.296172
vt -5.311341 6.947597
vt -5.306217 6.633536
vt -5.299257 6.947597
vt 4.292266 -0.910557
vt 4.106693 -1.697287
vt 4.126938 -1.696760
vt 4.320729 -0.914462
vt 6.398818 -3.866239
vt 6.408656 -4.596359
vt 6.430562 -4.599554
vt 6.430562 -3.866573
vt 0.507795 4.248894
vt 0.695221 3.489715
vt 0.712809 3.490745
vt 0.531877 4.260038
vt 0.478977 4.245613
vt 0.674730 3.490647
vt 3.755690 -0.864697
vt 3.590721 -1.663239
vt 3.612790 -1.664397
vt 3.786701 -0.871387
vt 4.144897 -1.697005
vt 4.345332 -0.924570
vt 4.323735 -2.482032
vt 4.335221 -2.481615
vt -0.306023 5.596645
vt -0.315299 6.261931
vt -0.327742 6.260445
vt -0.327742 5.592166
vt 0.490603 2.702679
vt 0.500511 2.701502
vt 0.478977 2.703327
vt 3.729152 -2.341723
vt 3.741603 -2.340846
vt 4.345332 -2.479993
vt 4.258468 -3.296096
vt -2.564782 3.966430
vt -2.552375 3.312582
vt -2.552375 3.967425
vt 0.567642 1.885691
vt 3.786701 -3.143057
vt -3.175562 4.888455
vt -3.317248 4.099201
vt -3.305435 4.098469
vt -3.155107 4.883108
vt 2.072515 6.434331
vt 2.064979 5.836517
vt 2.076712 5.839939
vt 2.093158 6.439660
vt 2.055181 6.443851
vt 2.055181 5.843097
vt -3.656452 4.914789
vt -3.502218 4.116220
vt -3.489643 4.116095
vt -3.634665 4.918701
vt 5.391774 6.344132
vt 5.391774 5.704164
vt 5.403453 5.700747
vt 5.412338 6.338861
vt -3.295763 4.100218
vt -3.138331 4.883152
vt -3.138331 3.312581
vt 1.080943 3.813203
vt 1.080943 3.110667
vt 1.093440 3.811914
vt -3.656452 3.312581
vt -3.482852 4.116676
vt 1.507250 3.342427
vt 1.519551 2.605344
vt 1.519551 3.344166
vt -0.762146 6.324636
vt -0.735714 6.077538
vt -0.716826 6.072111
vt -0.735133 6.320939
vt -0.082708 6.800570
vt -0.073073 6.633537
vt -0.051137 6.636966
vt -0.051137 6.807067
vt 4.752141 1.688397
vt 4.733305 1.434644
vt 4.753178 1.431501
vt 4.780606 1.682304
vt 4.724334 1.685961
vt 4.713852 1.430055
vt 5.693744 6.319914
vt 5.680369 6.089530
vt 5.702768 6.087912
vt 5.725778 6.315232
vt -0.696466 6.075331
vt -0.705965 6.327119
vt -0.762146 5.848386
vt -0.751505 5.844438
vt -2.555748 4.836567
vt -2.546870 4.639766
vt -2.535213 4.643466
vt -2.535213 4.844402
vt 4.769352 1.196027
vt 4.780606 1.194191
vt 4.758393 1.192535
vt 5.700360 5.835708
vt 5.713002 5.835732
vt -0.739977 5.846315
vt -0.751590 5.615912
vt -2.550975 4.465180
vt 4.771137 0.951332
vt 5.725778 5.595593
vt -3.176702 6.907506
vt -3.176702 6.633534
vt -3.169881 6.904347
vt -4.001058 6.633537
vt -4.001058 6.924531
vt -4.010371 6.633551
vt -4.492021 6.932505
vt -4.500844 6.633536
vt -4.485016 6.930437
vt -4.500844 6.931758
vt -3.056524 6.633536
vt -3.056524 6.904702
vt -3.065692 6.634481
vt -3.160976 6.905409
vt -3.515426 6.445065
vt -3.558618 6.174131
vt -3.549738 6.172100
vt -3.500591 6.438943
vt 5.209484 6.413335
vt 5.174748 6.084781
vt 5.184577 6.084817
vt 5.226045 6.411093
vt 5.199671 6.410877
vt 5.168986 6.083806
vt -2.531615 6.444356
vt -2.468826 6.149295
vt -2.458948 6.149175
vt -2.515118 6.446964
vt 6.537503 -0.204403
vt 6.567027 -0.532679
vt 6.576657 -0.532872
vt 6.553773 -0.202398
vt 6.526096 -0.203068
vt 6.560316 -0.532371
vt -3.500591 5.863509
vt 5.226045 5.749046
vt -2.531615 5.838769
vt 6.526096 -0.864506
vt -3.541548 6.174717
vt 6.266538 -2.136142
vt 6.284195 -2.500781
vt 6.276649 -2.135848
vt 5.029834 -1.102075
vt 5.029834 -1.446740
vt 5.040215 -1.102771
vt 6.294445 -2.136490
vt 6.287251 -2.500781
vt 6.301599 -2.136290
vt 6.284195 -2.136290
vt 5.069735 -3.791745
vt 5.059743 -3.464317
vt 6.284195 -2.135675
vt 1.440653 6.773113
vt 1.440653 6.633535
vt 1.451505 6.769970
vt 2.507700 6.752403
vt 2.519601 6.754507
vt 0.933046 6.783185
vt 0.921630 6.633534
vt 0.942447 6.779408
vt 0.921630 6.781993
vt 1.429493 6.773506
vt 1.440652 6.633536
vt 1.440652 6.771391
vt 1.419678 6.769033
vt 6.465070 -2.135634
vt 6.471416 -1.789766
vt 6.466027 -1.787200
vt 6.456199 -2.130892
vt -1.622168 3.165581
vt -1.627315 3.544299
vt -1.635810 3.544205
vt -1.636161 3.165438
vt 6.436242 4.431827
vt 6.425019 4.787507
vt 6.418009 4.789377
vt 6.424698 4.434395
vt 6.448871 4.434397
vt 6.432690 4.788749
vt -1.072839 3.378005
vt -1.074960 3.748527
vt -1.083358 3.748842
vt -1.086672 3.378512
vt 6.457636 -1.787840
vt 6.442385 -2.131443
vt 6.442385 -1.439804
vt -1.636161 3.924784
vt 6.448871 5.143035
vt -1.072839 4.124830
vt 5.314904 -3.734294
vt 5.330402 -4.114871
vt 5.322371 -3.732270
vt -5.604080 6.953101
vt -5.604080 6.633536
vt -5.595256 6.952018
vt 4.632096 5.117140
vt 4.624433 4.749704
vt 4.639958 5.118841
vt 4.624433 5.119257
vt 3.816881 4.682824
vt 3.825506 4.315137
vt 3.825506 4.683990
vt 5.330402 -3.733661
vt 1.083982 4.251970
vt 1.083982 3.813201
vt 1.093439 4.250822
vt 0.875269 3.420081
vt 0.871630 3.891179
vt 0.865480 3.420081
vt 5.324548 -4.114872
vt 5.314901 -4.561234
vt 5.331250 -4.117424
vt 5.314901 -4.115477
vt 5.105983 1.213424
vt 5.112863 1.680604
vt 5.096396 1.213354
vt 5.112863 1.212507
vt 5.940950 -4.962539
vt 5.907302 -5.461941
vt 5.917354 -5.461884
vt 5.958085 -4.964183
vt 3.263952 5.860274
vt 3.293245 5.374641
vt 3.300792 5.376795
vt 3.276858 5.863905
vt 3.247070 5.860484
vt 3.283347 5.375716
vt 5.913667 -1.146107
vt 5.954838 -1.637042
vt 5.964880 -1.636874
vt 5.930776 -1.144088
vt -2.282333 5.817395
vt -2.313282 5.325940
vt -2.305795 5.326650
vt -2.269530 5.818661
vt -2.299263 5.819196
vt -2.323203 5.326011
vt 5.958085 -5.960696
vt 5.900168 -5.462227
vt 3.247070 4.919267
vt 5.913667 -2.135634
vt -2.269530 4.827433
vt -4.534248 4.955600
vt -4.391242 5.464795
vt -4.397615 5.461705
vt -4.544405 4.956633
vt -4.516364 4.950600
vt -4.380510 5.464578
vt -2.898026 4.872649
vt -3.014364 5.344818
vt -3.024148 5.345750
vt -2.914694 4.872561
vt -2.883471 4.880430
vt -3.005524 5.345718
vt -3.149034 4.893777
vt -3.306669 5.397748
vt -3.317248 5.397393
vt -3.166576 4.888455
vt -2.834656 4.872562
vt -2.784943 5.354495
vt -2.795728 5.354366
vt -2.853146 4.874080
vt -4.544405 5.883868
vt -2.883471 5.858209
vt -3.149034 5.858442
vt 1.992323 4.032392
vt 1.982785 4.418924
vt 1.982785 4.028874
vt 1.410303 3.072573
vt 1.410303 3.568126
vt 1.399573 3.073108
vt 1.093439 4.251970
vt 1.093439 4.635723
vt 1.082805 4.253335
vt 6.099681 5.331964
vt 6.110127 5.842222
vt 6.092105 5.334376
vt 6.110127 5.332638
vt 1.992324 3.589098
vt 1.992324 4.028873
vt 1.982017 3.590992
vt -5.319029 5.170863
vt -5.501963 4.657050
vt -5.490622 4.651875
vt -5.302167 5.165829
vt -5.275212 5.155142
vt -5.081705 4.769622
vt -5.063287 4.776198
vt -5.250771 5.170398
vt -5.028562 5.159072
vt -4.853162 4.653842
vt -4.833355 4.657170
vt -5.001605 5.168688
vt -5.046921 5.154727
vt -4.865591 4.649135
vt 5.215704 4.626718
vt 5.051712 4.215226
vt 5.069002 4.208503
vt 5.238688 4.610914
vt -5.470734 4.648042
vt -5.275211 5.155534
vt -5.105124 4.268283
vt -5.095755 4.265349
vt -5.046922 4.771925
vt -5.115516 4.269631
vt -4.826532 4.152705
vt -4.815181 4.149929
vt 5.104700 3.697595
vt 5.114853 3.699418
vt 5.086718 4.210810
vt 5.094875 3.696157
vt -5.511986 4.144111
vt -5.500559 4.146583
vt -5.275212 3.753857
vt -5.046921 3.753855
vt 5.238688 3.186743
vt -5.275211 3.753855
vt 6.432901 6.009031
vt 6.364360 5.638085
vt 6.375833 5.639757
vt 6.452736 6.009980
vt 5.434112 1.544171
vt 5.439100 1.003870
vt 5.445776 1.006291
vt 5.445776 1.546091
vt 5.413804 1.544029
vt 5.427449 1.004038
vt -2.405415 5.829095
vt -2.334202 5.328596
vt -2.323204 5.326924
vt -2.386396 5.828748
vt -2.420862 5.822247
vt -2.343137 5.325908
vt 3.898649 -0.924708
vt 3.900187 -1.465452
vt 3.911794 -1.465201
vt 3.918880 -0.924708
vt 6.452736 5.250976
vt 3.051007 3.362141
vt 3.051007 3.711724
vt 3.039500 3.364217
vt 5.432598 0.506087
vt -2.420862 4.827434
vt 3.907523 -1.977296
vt 4.685128 1.685295
vt 4.703968 1.155995
vt 4.692405 1.687410
vt -3.656453 3.455702
vt -3.668027 3.974624
vt -3.668027 3.455102
vt 3.383085 3.837453
vt 3.394505 3.312328
vt 3.394505 3.838195
vt 6.058503 2.579891
vt 6.049994 3.097547
vt 6.049994 2.577483
vt 6.069700 2.579175
vt 4.703968 1.687180
vt 5.597516 -0.864505
vt 5.617786 -0.419420
vt 5.603346 -0.418602
vt 5.576811 -0.864235
vt 5.365993 -4.582487
vt 5.352890 -4.143929
vt 5.331619 -4.143864
vt 5.335593 -4.583186
vt 3.984101 4.103742
vt 3.961012 4.548371
vt 3.943828 4.547195
vt 3.959531 4.102163
vt 4.011847 4.105069
vt 3.980381 4.549927
vt 3.004802 3.362141
vt 3.007726 3.808811
vt 2.986468 3.808611
vt 2.974418 3.362654
vt 5.582665 -0.416944
vt 5.547241 -0.861966
vt 5.647351 0.027057
vt 5.639100 0.026228
vt 5.362833 -3.700987
vt 5.350700 -3.700747
vt 3.918658 4.991912
vt 3.908839 4.992746
vt 3.929721 4.991505
vt 2.986542 4.253016
vt 2.974418 4.252694
vt 5.627287 0.025669
vt 5.547241 0.461647
vt 5.365993 -3.296747
vt 4.011847 5.428221
vt 2.977830 4.682418
vt 6.200845 -5.160527
vt 6.242352 -5.430383
vt 6.257400 -5.427270
vt 6.222341 -5.153775
vt -1.052235 5.298271
vt -1.030082 5.574576
vt -1.052955 5.574615
vt -1.084870 5.301001
vt 6.291923 1.171658
vt 6.260449 0.897230
vt 6.282780 0.898999
vt 6.323720 1.169231
vt 6.231704 4.435513
vt 6.215107 4.716581
vt 6.198579 4.712412
vt 6.207881 4.431828
vt 6.263384 4.436794
vt 6.237274 4.715594
vt 6.280024 -5.428950
vt 6.254608 -5.151215
vt 6.200845 -5.697125
vt 6.209374 -5.695007
vt -1.045196 5.834096
vt -1.058092 5.832711
vt 6.311162 0.631447
vt 6.323720 0.633502
vt 6.223552 4.974881
vt 6.214222 4.972884
vt 6.236039 4.972908
vt 6.222081 -5.697014
vt 6.207936 -5.960695
vt -1.084869 6.108187
vt 6.314777 0.374706
vt 6.263384 5.242250
vt -3.960961 5.890361
vt -3.952247 6.156845
vt -3.961083 6.158834
vt -3.976542 5.896613
vt 6.406601 -3.309639
vt 6.398818 -3.591364
vt 6.411707 -3.591269
vt 6.429391 -3.310610
vt 6.355167 1.146180
vt 6.336204 1.414663
vt 6.323722 1.416059
vt 6.333094 1.147023
vt 6.371822 1.152211
vt 6.345631 1.416532
vt 6.200845 -4.601984
vt 6.221240 -4.879799
vt 6.233830 -4.879652
vt 6.223111 -4.600589
vt -3.973781 6.157818
vt -3.998981 5.896451
vt -3.998981 6.430589
vt 6.429391 -3.866239
vt 6.371822 1.691080
vt 6.200845 -5.151216
vt 6.242992 -4.881339
vt -3.771425 6.420407
vt -3.748395 6.243158
vt -3.726271 6.237870
vt -3.739728 6.416330
vt -2.995589 6.436035
vt -2.991385 6.251548
vt -2.970700 6.254840
vt -2.965870 6.443768
vt -3.024149 6.443768
vt -3.011277 6.256297
vt 1.647529 6.452315
vt 1.631461 6.239516
vt 1.654714 6.240733
vt 1.680739 6.449917
vt 2.145025 6.447349
vt 2.139386 6.243439
vt 2.160392 6.240741
vt 2.175173 6.440404
vt 2.116989 6.440441
vt 2.119866 6.239278
vt -3.771425 6.087629
vt -3.758954 6.084554
vt -3.005942 6.045069
vt -2.994284 6.047679
vt -3.017150 6.046887
vt 1.667628 6.034148
vt 1.680739 6.034945
vt 2.154101 6.028008
vt 2.165933 6.025719
vt 2.143110 6.026538
vt -3.760021 5.895504
vt -2.969792 5.858209
vt 1.661061 5.817356
vt 2.116989 5.828190
vt -1.072774 6.633541
vt -1.083161 6.831943
vt -1.076991 6.633749
vt -1.083161 6.633537
vt -1.083161 6.832504
vt -1.089468 6.633635
vt -1.095191 6.633564
vt -1.089468 6.832618
vt -1.100346 6.633862
vt -1.089468 6.633536
vt -1.016256 6.633537
vt -1.021237 6.830541
vt -1.022552 6.633537
vt -1.083161 6.633536
vt 6.654124 1.473371
vt 6.618966 1.249527
vt 6.625649 1.249726
vt 6.664407 1.471349
vt 6.657748 0.812514
vt 6.626021 0.600692
vt 6.632750 0.600502
vt 6.668135 0.810239
vt 6.626916 4.285935
vt 6.667059 4.060348
vt 6.671490 4.060545
vt 6.633821 4.286511
vt 6.616533 4.283862
vt 6.660293 4.060514
vt 6.164256 4.010018
vt 6.134443 4.208085
vt 6.127990 4.207463
vt 6.154297 4.007119
vt 6.630371 1.249696
vt 6.671768 1.471037
vt 6.671768 1.029753
vt 6.668135 0.374705
vt 6.621445 0.599534
vt 6.616533 3.841470
vt 6.164256 4.431772
vt 6.139721 4.206865
vt -4.151189 6.921265
vt -4.168159 6.761419
vt -4.161019 6.764931
vt -4.139434 6.924587
vt 6.096208 -0.865375
vt 6.079211 -1.049963
vt 6.088143 -1.049906
vt 6.111001 -0.866972
vt -5.048002 6.640422
vt -5.077724 6.798109
vt -5.083448 6.794682
vt -5.057432 6.633536
vt -5.033506 6.641448
vt -5.068886 6.797134
vt 4.346761 6.618310
vt 4.370054 6.438773
vt 4.378957 6.438850
vt 4.361516 6.620098
vt -4.152755 6.763011
vt -4.125731 6.920263
vt -4.125731 6.633535
vt 6.111001 -1.223253
vt 1.104924 6.634214
vt 1.096015 6.779001
vt -5.033506 6.942361
vt 4.346761 6.272001
vt 1.553421 6.633537
vt 1.553421 6.771635
vt 1.544524 6.634621
vt 0.385455 6.604016
vt 0.390233 6.406678
vt 0.396759 6.410336
vt 0.396542 6.608380
vt 6.705706 -3.532291
vt 6.689166 -3.730686
vt 6.699036 -3.730366
vt 6.722378 -3.533497
vt 6.744030 4.182952
vt 6.755155 3.998585
vt 6.763004 4.001655
vt 6.757345 4.188301
vt 6.728585 4.185144
vt 6.746035 4.000907
vt 5.961217 6.567332
vt 5.984559 6.365757
vt 5.994421 6.365447
vt 5.977880 6.568631
vt 0.406446 6.409645
vt 0.412979 6.607061
vt 0.412979 6.235226
vt 6.722378 -3.935872
vt 6.728585 3.841471
vt 5.961217 6.159225
vt -1.061719 6.543425
vt -1.084869 6.325312
vt -1.079459 6.324906
vt -1.052983 6.540867
vt -1.170772 6.837467
vt -1.170772 6.634389
vt -1.162836 6.633534
vt -1.157802 6.835966
vt 6.191652 0.369653
vt 6.220706 0.157813
vt 6.228227 0.158438
vt 6.203850 0.372408
vt 6.180983 0.370118
vt 6.214119 0.159230
vt -2.018170 6.207848
vt -2.008354 5.999607
vt -2.000426 6.000437
vt -2.005216 6.209314
vt -1.071418 6.325200
vt -1.039938 6.539574
vt -1.039938 6.108187
vt 0.216032 6.633537
vt 0.216032 6.802049
vt 0.207874 6.634236
vt 6.180983 -0.048258
vt -2.018170 5.820239
vt -2.665023 6.894317
vt -2.665023 6.633536
vt -2.657121 6.893117
vt -2.796452 6.899257
vt -2.791607 6.633535
vt -2.786943 6.899257
vt -2.742063 6.896729
vt -2.751436 6.633537
vt -2.735999 6.895338
vt -2.751436 6.896667
vt -2.805915 6.899284
vt -2.800401 6.633534
vt -2.796452 6.899284
vt -2.648596 6.893604
vt -0.607826 6.633536
vt -0.603900 6.726303
vt -0.608098 6.728928
vt -0.614409 6.638126
vt -0.596998 6.634020
vt -0.596998 6.726852
vt -0.750432 6.825826
vt -0.749721 6.726887
vt -0.742778 6.726896
vt -0.739539 6.825943
vt 0.808117 6.787370
vt 0.813140 6.712079
vt 0.819988 6.711116
vt 0.818857 6.786235
vt -0.273951 6.633536
vt -0.277992 6.723051
vt -0.284614 6.724308
vt -0.284346 6.635130
vt -1.111258 6.833845
vt -1.107614 6.732355
vt -1.100658 6.732523
vt -1.100345 6.834007
vt -0.608119 6.823206
vt -0.750432 6.633537
vt 0.808117 6.633537
vt -0.273951 6.813942
vt -1.100345 6.633535
vt -1.842755 6.868965
vt -1.842755 6.633537
vt -1.835457 6.866239
vt -4.485016 6.932079
vt -4.476838 6.633536
vt -4.476838 6.932607
vt -2.021438 6.880920
vt -2.029135 6.633535
vt -2.015006 6.877389
vt -2.029135 6.879055
vt -5.011773 6.943539
vt -5.011773 6.633534
vt -5.003672 6.942981
vt -2.368076 6.889055
vt -2.359867 6.633536
vt -2.359867 6.889676
vt -2.805915 6.635344
vt -2.814196 6.899659
vt -2.814196 6.633536
vt 5.034898 -1.446759
vt 5.039162 -1.795791
vt 5.043557 -1.446739
vt 5.029834 -1.446739
vt -2.342844 6.633534
vt -2.342844 6.888855
vt -2.351293 6.635027
vt -1.081280 4.863070
vt -1.072839 4.514081
vt -1.072839 4.863117
vt -1.087321 4.862670
vt 3.316736 4.877299
vt 3.316736 5.211700
vt 3.308537 4.875575
vt 4.936759 -0.869183
vt 4.936759 -1.206187
vt 4.945858 -0.869658
vt -2.104550 6.635799
vt -2.113205 6.883385
vt -2.113205 6.633534
vt -3.656454 4.395000
vt -3.656454 4.755477
vt -3.665538 4.395380
vt -5.388339 6.949742
vt -5.379246 6.633538
vt -5.379246 6.950333
vt 3.300943 4.878066
vt 4.908936 4.884045
vt 4.941088 4.420984
vt 4.951407 4.417621
vt 4.923298 4.880565
vt 2.532851 5.023700
vt 2.515464 4.539239
vt 2.529757 4.538177
vt 2.552867 5.023060
vt 1.061063 4.523865
vt 1.035456 4.059748
vt 1.049150 4.057889
vt 1.080171 4.520858
vt 1.045817 4.520613
vt 1.024506 4.056550
vt 5.063244 3.134737
vt 5.082359 2.647444
vt 5.096330 2.648585
vt 5.082806 3.135480
vt 4.965375 4.419191
vt 4.942790 4.883171
vt 4.937310 3.975626
vt 4.943540 3.973875
vt 2.451112 4.062512
vt 2.459773 4.062970
vt 1.049026 3.610579
vt 1.057279 3.610241
vt 1.042414 3.608927
vt 5.152817 2.166409
vt 5.161280 2.165987
vt 4.951958 3.974038
vt 4.908936 3.491664
vt 2.552867 3.592181
vt 1.080171 3.123976
vt 5.063244 1.692006
vt 3.702882 5.566719
vt 3.721900 5.116889
vt 3.735499 5.120144
vt 3.722070 5.569573
vt 5.134454 -3.304399
vt 5.073456 -3.707608
vt 5.088685 -3.709779
vt 5.155688 -3.308498
vt -0.324153 5.588872
vt -0.336908 5.148025
vt -0.324008 5.149733
vt -0.306023 5.591798
vt -0.343480 5.592166
vt -0.350610 5.151573
vt 5.447477 0.484181
vt 5.518309 0.030887
vt 5.533687 0.032283
vt 5.468906 0.487340
vt 3.748513 5.119015
vt 3.740361 5.567453
vt 3.799799 4.688615
vt 3.807927 4.690318
vt 5.072152 -4.087777
vt 5.081243 -4.087597
vt -0.409316 4.728397
vt -0.401559 4.731147
vt -0.417505 4.730280
vt 5.538055 -0.420547
vt 5.547243 -0.421353
vt 3.815754 4.687871
vt 3.702882 4.315137
vt 5.155688 -4.533423
vt -0.306023 4.378541
vt 5.447477 -0.864508
vt -1.637286 4.384880
vt -1.622168 3.924785
vt -1.628241 4.384965
vt 0.874544 4.291288
vt 0.874544 4.666264
vt 0.865482 4.292359
vt 2.606401 4.053453
vt 2.612187 3.592181
vt 2.612187 4.053525
vt 2.597291 4.053266
vt 4.703966 1.542955
vt 4.703966 1.155998
vt 4.712598 1.541111
vt -1.622169 4.385438
vt 6.127995 4.002969
vt 6.161645 3.727627
vt 6.174833 3.729752
vt 6.146616 4.005506
vt -3.340318 5.717635
vt -3.343894 5.441935
vt -3.327508 5.442078
vt -3.317248 5.716988
vt 6.187574 1.193687
vt 6.163446 0.916235
vt 6.174536 0.915354
vt 6.203158 1.192054
vt 6.165119 1.195361
vt 6.147532 0.917749
vt -5.341949 5.988591
vt -5.331688 5.718686
vt -5.315309 5.718365
vt -5.318883 5.988965
vt 6.189742 3.730622
vt 6.167574 4.007121
vt 6.194107 3.455187
vt 6.201915 3.454955
vt -3.326937 5.168474
vt -3.317248 5.168688
vt 6.132448 0.640377
vt 6.139016 0.641479
vt 6.123027 0.639778
vt -5.341949 5.447502
vt -5.332262 5.447184
vt 6.210741 3.453850
vt 6.127995 3.186745
vt -3.324354 4.899451
vt 6.203158 0.374708
vt -5.340752 5.170863
vt -1.636758 6.420473
vt -1.639155 6.238653
vt -1.627763 6.238389
vt -1.620543 6.421923
vt 6.663666 -0.453435
vt 6.679998 -0.581697
vt 6.697312 -0.579918
vt 6.688118 -0.449491
vt 6.595997 2.201028
vt 6.598591 2.036584
vt 6.613994 2.039828
vt 6.617772 2.205874
vt 6.574810 2.205729
vt 6.583652 2.038694
vt 6.632507 2.128103
vt 6.622642 1.986820
vt 6.640063 1.985666
vt 6.657080 2.124828
vt -1.610547 6.237289
vt -1.596207 6.420092
vt -1.643690 6.054862
vt -1.637024 6.055357
vt 6.663666 -0.705089
vt 6.673769 -0.704554
vt 6.613640 1.861893
vt 6.622644 1.862485
vt 6.604900 1.863753
vt 6.645107 1.853806
vt 6.655281 1.853705
vt -1.626952 6.056070
vt -1.596207 5.877162
vt 6.663950 -0.864505
vt 6.574810 1.692006
vt 6.657080 1.692006
vt 5.621570 6.333936
vt 5.607107 6.009179
vt 5.615165 6.007479
vt 5.634835 6.330487
vt 4.620913 5.964284
vt 4.604738 5.546773
vt 4.613220 5.546648
vt 4.634882 5.963315
vt 4.612679 5.961504
vt 4.599744 5.545114
vt 4.716548 -3.298548
vt 4.743237 -3.666526
vt 4.751685 -3.667171
vt 4.730448 -3.298899
vt 3.100523 5.963937
vt 3.115056 5.543263
vt 3.123336 5.543470
vt 3.114164 5.965053
vt 3.090792 5.965809
vt 3.109153 5.544372
vt 5.634835 5.660047
vt 4.634882 5.121435
vt 4.716548 -4.045497
vt 3.090792 5.115915
vt -2.564060 4.804619
vt -2.555748 4.465182
vt -2.555748 4.807011
vt 1.410303 4.024566
vt 1.410303 4.421937
vt 1.401363 4.025127
vt 1.511228 4.271426
vt 1.519551 3.866331
vt 1.519551 4.273164
vt 0.470465 4.635617
vt 0.470465 4.267656
vt 0.478699 4.633331
vt 1.410303 4.422779
vt 1.401389 4.767426
vt 1.401389 4.421937
vt 1.401331 4.024567
vt 1.401331 3.568127
vt 1.410303 4.024371
vt 3.051134 5.115915
vt 3.090792 5.541882
vt 3.077324 5.545816
vt 3.032295 5.123425
vt 0.563263 4.262826
vt 0.528675 4.720228
vt 0.513084 4.717883
vt 0.541308 4.260036
vt 6.103436 0.374707
vt 6.057529 0.801121
vt 6.044018 0.805424
vt 6.084517 0.379276
vt 6.123025 0.381749
vt 6.071530 0.804737
vt 5.183991 -5.960695
vt 5.214607 -5.481879
vt 5.199276 -5.479512
vt 5.162406 -5.957900
vt 3.063283 5.542095
vt 3.012628 5.119688
vt 3.028966 5.979778
vt 3.020954 5.982350
vt 0.488261 5.125056
vt 0.478977 5.124564
vt 6.114696 1.236037
vt 6.106682 1.239224
vt 6.123025 1.238417
vt 5.243181 -5.038138
vt 5.234062 -5.037690
vt 3.012628 5.979501
vt 1.991677 4.421928
vt 1.982785 4.765909
vt 1.982785 4.418924
vt 0.563263 5.571279
vt 0.494380 5.121368
vt 0.711648 4.260407
vt 0.702484 4.642615
vt 0.702484 4.260036
vt 5.162406 -4.561234
vt 5.249837 -5.035439
vt 0.773341 6.187557
vt 0.793302 5.922593
vt 0.810315 5.921902
vt 0.797328 6.188272
vt 6.420645 -3.296097
vt 6.402608 -3.042943
vt 6.385686 -3.041530
vt 6.396778 -3.295891
vt 6.435184 -3.286709
vt 6.412908 -3.036438
vt -0.646184 6.127706
vt -0.659909 5.855683
vt -0.642855 5.856019
vt -0.622147 6.126465
vt 6.494627 -4.597566
vt 6.508516 -4.364825
vt 6.491921 -4.367413
vt 6.471235 -4.599555
vt -0.440331 6.301231
vt -0.444499 6.075792
vt -0.428329 6.078868
vt -0.417503 6.305388
vt 0.773341 5.670958
vt 0.783345 5.670763
vt 6.429132 -2.802348
vt 6.419180 -2.801619
vt -0.424962 6.818963
vt -0.422874 6.633603
vt -0.412844 6.633537
vt -0.407902 6.818963
vt -0.632174 5.594685
vt -0.622147 5.594669
vt 6.480993 -4.153269
vt 6.471235 -4.154697
vt -0.427009 5.825946
vt -0.417503 5.827844
vt 0.807601 5.407778
vt 6.404723 -2.541667
vt 6.435184 -2.798619
vt -0.656999 5.322340
vt 6.497868 -3.917306
vt -0.426650 5.608908
vt -1.016257 6.830052
vt -1.016257 6.633534
vt -1.009120 6.830060
vt 1.606614 6.769566
vt 1.613912 6.633537
vt 1.613912 6.770611
vt -0.848785 6.827018
vt -0.843650 6.633537
vt -0.843650 6.828017
vt -0.855983 6.827028
vt -0.432221 6.819705
vt -0.432221 6.633536
vt -0.424962 6.819074
vt -1.003806 6.829404
vt -4.267802 6.432109
vt -4.293627 6.164223
vt -4.284847 6.163029
vt -4.253025 6.427927
vt -1.731135 6.851844
vt -1.724943 6.633536
vt -1.716036 6.636626
vt -1.716036 6.856491
vt 5.965587 3.185393
vt 5.997492 2.910088
vt 6.005420 2.908294
vt 5.978950 3.183778
vt 5.950525 3.181645
vt 5.988539 2.909171
vt 4.837565 -0.924860
vt 4.841343 -1.200323
vt 4.850840 -1.201459
vt 4.853652 -0.926036
vt -4.276689 6.164986
vt -4.239266 6.429840
vt -4.239266 5.892726
vt -0.892346 6.827652
vt -0.882616 6.633536
vt -0.882616 6.828297
vt 5.950525 2.630884
vt 4.837565 -1.443671
vt 6.079215 6.141550
vt 5.994424 5.732239
vt 6.002508 5.732428
vt 6.092107 6.138947
vt 0.276704 6.579758
vt 0.280588 6.214922
vt 0.286785 6.218141
vt 0.286785 6.584045
vt 0.264204 6.581780
vt 0.272947 6.217044
vt 0.060464 6.101269
vt 0.149763 5.693419
vt 0.157821 5.693288
vt 0.073304 6.103981
vt 3.994913 6.203983
vt 3.977083 5.789321
vt 3.983486 5.787830
vt 4.005373 6.202707
vt 3.982641 6.203963
vt 3.969544 5.788253
vt 6.092107 5.331967
vt -1.079632 4.863118
vt -1.087321 5.198291
vt -1.087321 4.865183
vt -1.073499 4.867252
vt 0.060464 5.288065
vt 4.005373 5.428219
vt 6.222945 -1.319926
vt 6.182093 -1.563304
vt 6.193995 -1.569085
vt 6.239378 -1.329435
vt 5.910733 -4.599556
vt 5.944307 -4.270764
vt 5.930206 -4.270732
vt 5.891150 -4.598531
vt 1.375122 5.755417
vt 1.392529 5.422075
vt 1.406579 5.421109
vt 1.394693 5.754966
vt 5.903158 4.175700
vt 5.960391 3.856791
vt 5.974414 3.858032
vt 5.922519 4.179256
vt 1.680739 4.818488
vt 1.635184 5.130076
vt 1.621395 5.131289
vt 1.661598 4.819224
vt 2.421464 5.742579
vt 2.412089 5.399114
vt 2.426024 5.400498
vt 2.440873 5.743592
vt 6.214997 -1.843180
vt 6.222194 -1.845988
vt 5.928470 -3.907077
vt 5.919931 -3.907708
vt 1.375122 5.138208
vt 1.383636 5.137423
vt 5.930192 3.528674
vt 5.938663 3.528600
vt 1.650080 5.477320
vt 1.641736 5.478685
vt 2.432427 5.103210
vt 2.440873 5.104254
vt 6.239378 -2.135634
vt 5.891150 -3.549507
vt 1.379824 4.863762
vt 5.903158 3.186744
vt 1.680739 5.817358
vt 2.433761 4.810785
vt -1.087085 4.514081
vt -1.087085 4.124830
vt -1.081150 4.513359
vt 4.901034 1.306330
vt 4.892593 1.652649
vt 4.892593 1.305580
vt 2.604009 4.444110
vt 2.612185 4.053527
vt 2.612185 4.444043
vt 2.597719 4.443558
vt 4.892592 1.305579
vt 4.892592 0.951330
vt 4.900716 1.304346
vt -1.072838 4.513383
vt 1.389541 6.417215
vt 1.375121 6.193160
vt 1.389972 6.192444
vt 1.410275 6.414620
vt 5.667337 5.595591
vt 5.670590 5.836929
vt 5.655774 5.837084
vt 5.646588 5.597049
vt 5.680367 5.600875
vt 5.679902 5.840386
vt 6.451427 3.135565
vt 6.471361 2.904330
vt 6.486304 2.904528
vt 6.472303 3.137458
vt 6.506681 2.451530
vt 6.502515 2.673436
vt 6.487971 2.672543
vt 6.486304 2.449098
vt -1.043139 6.828159
vt -1.037255 6.633536
vt -1.022554 6.635739
vt -1.022554 6.830904
vt 1.401362 5.962420
vt 1.410275 5.961719
vt 5.647376 6.085081
vt 5.638485 6.085714
vt 5.652964 6.086908
vt 6.449693 2.667807
vt 6.458661 2.668202
vt 6.521438 2.910962
vt 6.512707 2.909909
vt 6.512878 2.668923
vt 6.527658 2.908491
vt 1.375538 5.755416
vt 5.680367 6.321170
vt 0.557388 6.789499
vt 0.565894 6.633535
vt 0.565894 6.791903
vt 6.486304 2.449100
vt 6.486304 3.126992
vt -1.503643 6.846365
vt -1.494732 6.633535
vt -1.494732 6.847105
vt 6.630109 -5.507776
vt 6.649650 -5.657412
vt 6.662848 -5.655545
vt 6.648500 -5.502464
vt 6.609571 -5.508237
vt 6.634949 -5.656135
vt 4.512792 -0.865656
vt 4.512792 -1.011391
vt 4.528811 -1.010651
vt 4.535337 -0.865034
vt 6.632266 -4.133872
vt 6.612148 -4.288490
vt 6.625391 -4.289727
vt 6.650733 -4.138328
vt 6.611765 -4.132917
vt 6.597480 -4.289436
vt 5.624404 1.686694
vt 5.628541 1.529432
vt 5.644702 1.529298
vt 5.647150 1.686934
vt 6.629764 -5.809333
vt 6.637519 -5.809338
vt 6.621111 -5.807597
vt 4.524180 -1.165347
vt 4.533669 -1.164771
vt 6.631580 -4.444036
vt 6.639356 -4.443647
vt 6.622949 -4.445582
vt 5.625036 1.381945
vt 5.634610 1.381732
vt 6.609571 -5.960696
vt 4.535334 -1.320820
vt 6.650733 -4.599554
vt 5.624404 1.236829
vt 0.873252 3.891180
vt 0.871073 4.291288
vt 0.865480 3.891180
vt 2.604475 4.796337
vt 2.599795 4.444110
vt 2.612186 4.796746
vt 2.599795 4.799827
vt -2.552375 3.967623
vt -2.560138 4.367391
vt -2.560138 3.967425
vt 3.120852 0.343741
vt 3.120852 -0.015996
vt 3.128226 0.342362
vt -4.979939 6.633536
vt -4.979939 6.943261
vt -4.987578 6.634576
vt 4.567413 6.491684
vt 4.520033 6.232007
vt 4.533001 6.234855
vt 4.585273 6.493879
vt 0.843571 5.990108
vt 0.814327 5.739185
vt 0.827830 5.739469
vt 0.862261 5.989372
vt 5.156433 -0.873174
vt 5.197519 -1.212959
vt 5.209730 -1.209865
vt 5.173341 -0.868078
vt 5.141155 -0.869927
vt 5.186414 -1.209007
vt -3.708871 5.867610
vt -3.674299 5.584634
vt -3.660799 5.584332
vt -3.690181 5.868492
vt 5.664327 -0.867592
vt 5.635310 -1.242753
vt 5.648736 -1.243415
vt 5.682929 -0.869400
vt 4.577373 5.982408
vt 4.585273 5.984544
vt 0.854011 5.434811
vt 0.862261 5.434995
vt 5.162860 -1.513412
vt 5.170302 -1.512023
vt -3.110738 6.906839
vt -3.105698 6.634164
vt -3.097600 6.633537
vt -3.097600 6.906488
vt -3.708871 5.255127
vt -3.700620 5.254933
vt 5.653508 -1.593931
vt 5.661704 -1.593773
vt 5.648656 -1.596287
vt 5.682929 -1.966643
vt 0.829131 5.139540
vt 5.141155 -1.848605
vt 5.156095 -1.510486
vt -3.675679 4.933624
vt -5.552534 6.004447
vt -5.584219 5.728044
vt -5.570352 5.727332
vt -5.533345 6.001148
vt 6.110174 -5.122771
vt 6.084899 -5.403196
vt 6.099182 -5.403888
vt 6.130021 -5.125058
vt -5.631718 6.008474
vt -5.594088 5.730556
vt -5.584219 5.729835
vt -5.618023 6.008459
vt -5.651184 6.005153
vt -5.608171 5.729830
vt -5.275211 5.173678
vt -5.300689 5.445140
vt -5.314547 5.444062
vt -5.294470 5.170863
vt -5.559870 5.728203
vt -5.518780 6.001372
vt -5.555187 5.448843
vt -5.546865 5.449662
vt 6.088200 -5.684590
vt 6.096807 -5.683852
vt -5.618515 5.449094
vt -5.612559 5.448563
vt -5.626976 5.449904
vt -5.306034 5.724405
vt -5.314400 5.724909
vt -5.540540 5.450283
vt -5.518780 5.170533
vt 6.130021 -5.960696
vt -5.651184 5.170534
vt -5.275211 6.003748
vt -1.512347 6.847125
vt -1.512347 6.633537
vt -1.503644 6.846580
vt -3.110737 6.633535
vt -3.110737 6.907083
vt -3.119403 6.633916
vt -0.520176 6.819589
vt -0.512535 6.633535
vt -0.512535 6.822804
vt -1.768006 6.862234
vt -1.759276 6.633536
vt -1.759276 6.862398
vt -2.351292 6.634345
vt -2.359865 6.889296
vt -2.359865 6.633535
vt -1.835457 6.868393
vt -1.835457 6.633536
vt -1.826728 6.868179
vt 6.727871 0.177862
vt 6.726997 0.051938
vt 6.742445 0.049234
vt 6.749606 0.174610
vt 6.633525 -4.810900
vt 6.633622 -4.963584
vt 6.649276 -4.965326
vt 6.655578 -4.812154
vt -1.813030 6.858243
vt -1.807127 6.753651
vt -1.792506 6.758104
vt -1.792506 6.864905
vt 6.615450 -2.344536
vt 6.624128 -2.494089
vt 6.639475 -2.494650
vt 6.637059 -2.345962
vt 6.294104 4.429317
vt 6.299765 4.276269
vt 6.314979 4.278888
vt 6.315547 4.431772
vt -2.292515 6.886629
vt -2.292515 6.766720
vt -2.277399 6.763659
vt -2.271278 6.881907
vt 6.718844 -0.060911
vt 6.728044 -0.061725
vt 6.614373 -5.115240
vt 6.623704 -5.115171
vt -1.802744 6.633539
vt -1.794045 6.636304
vt 6.646887 -2.636601
vt 6.656041 -2.637843
vt 6.323946 4.128496
vt 6.333028 4.128920
vt -2.289132 6.635477
vt -2.280134 6.633536
vt 6.749606 -0.202398
vt 6.655578 -5.272421
vt 6.608867 -5.118219
vt 6.615450 -2.792479
vt 6.294104 3.971861
vt 6.317350 4.130624
vt 6.242994 -4.614413
vt 6.254686 -4.881576
vt 6.264827 -4.877501
vt 6.257219 -4.607888
vt 0.683719 6.320397
vt 0.624747 6.051408
vt 0.639796 6.048283
vt 0.704847 6.316092
vt 6.598998 4.348614
vt 6.591127 4.096054
vt 6.603628 4.100522
vt 6.616533 4.354186
vt 6.579268 4.353217
vt 6.577058 4.098786
vt 6.257451 -3.808941
vt 6.322099 -4.086570
vt 6.337143 -4.083439
vt 6.278571 -3.804630
vt 6.279957 -4.878896
vt 6.278444 -4.609115
vt 6.242994 -5.151215
vt 6.249179 -5.147646
vt 0.563263 5.790418
vt 0.572392 5.791543
vt 6.609105 3.841472
vt 6.616533 3.845647
vt 6.600677 3.844146
vt 6.389694 -4.355716
vt 6.398816 -4.356993
vt 6.258032 -5.150121
vt -2.829826 6.898421
vt -2.814198 6.633536
vt -2.821113 6.896125
vt 0.704847 5.553577
vt -3.294437 6.909342
vt -3.303286 6.633535
vt -3.287882 6.905487
vt -3.303286 6.907204
vt -2.814198 6.899930
vt -2.044861 6.877859
vt -2.029135 6.633536
vt -2.037767 6.881207
vt -3.730392 6.922260
vt -3.721220 6.633537
vt -3.721220 6.922334
vt -2.301547 6.636991
vt -2.307617 6.887765
vt -2.307617 6.633537
vt -2.292517 6.636386
vt -3.670230 6.918428
vt -3.661079 6.633535
vt -3.661079 6.918758
vt -2.029135 6.879635
vt 0.299624 6.633590
vt 0.308792 6.708292
vt 0.304289 6.711286
vt 0.292327 6.640891
vt 0.312415 6.633535
vt 0.316681 6.709095
vt 0.748010 6.786807
vt 0.756665 6.698465
vt 0.764594 6.698164
vt 0.760852 6.787529
vt 0.831568 6.783021
vt 0.852623 6.709015
vt 0.860534 6.708472
vt 0.844140 6.784480
vt 0.972215 6.633534
vt 0.957230 6.700004
vt 0.949541 6.701337
vt 0.959809 6.634359
vt 0.346917 6.797011
vt 0.344208 6.706656
vt 0.352120 6.707137
vt 0.359732 6.796559
vt 3.727834 6.633535
vt 3.727834 6.697595
vt 3.722167 6.638766
vt 0.292327 6.798824
vt 0.748010 6.633537
vt 0.831568 6.633538
vt 0.972215 6.781959
vt 0.359732 6.633539
vt -2.342841 6.888536
vt -2.342841 6.633538
vt -2.336540 6.888228
vt -1.876338 6.633535
vt -1.876338 6.870042
vt -1.882631 6.634055
vt -2.528223 6.892571
vt -2.534569 6.633538
vt -2.524497 6.891594
vt -2.534569 6.892545
vt -1.644092 6.634662
vt -1.650174 6.852070
vt -1.650174 6.633536
vt -1.149271 6.833039
vt -1.143630 6.633534
vt -1.143630 6.835005
vt 2.573074 5.879709
vt 2.590998 5.565606
vt 2.599056 5.563829
vt 2.584114 5.878859
vt 3.010465 5.532808
vt 2.994524 5.781600
vt 2.983259 5.779932
vt 2.995039 5.530175
vt 5.974286 2.630884
vt 5.959016 2.314745
vt 5.970019 2.314706
vt 5.989356 2.629699
vt 5.962661 2.630528
vt 5.950523 2.313325
vt -2.786943 6.898050
vt -2.786943 6.635611
vt -2.776130 6.633536
vt -2.772120 6.894835
vt 2.610227 5.563824
vt 2.599420 5.879978
vt 2.552869 5.258478
vt 2.557949 5.257650
vt 3.010465 5.991431
vt 3.003369 5.990463
vt 6.001606 2.004985
vt 6.008543 2.004559
vt 5.996253 2.004384
vt -2.605767 6.894186
vt -2.605767 6.633537
vt -2.598506 6.633627
vt -2.594248 6.894200
vt 2.564993 5.258048
vt 2.610227 4.947286
vt 2.994190 6.264040
vt 5.950523 1.692007
vt -3.558933 6.912317
vt -3.558933 6.633536
vt -3.552121 6.911124
vt 4.660530 1.686160
vt 4.645886 1.507837
vt 4.658249 1.508899
vt 4.677554 1.686654
vt 6.357045 5.250976
vt 6.364363 5.506606
vt 6.352018 5.506767
vt 6.340027 5.252188
vt 6.541700 5.085287
vt 6.558574 4.862381
vt 6.569383 4.866094
vt 6.556597 5.090723
vt 3.973794 6.595454
vt 3.997045 6.402674
vt 4.009346 6.401402
vt 3.990709 6.594712
vt 6.445517 2.450870
vt 6.433654 2.683368
vt 6.421362 2.682756
vt 6.428576 2.449098
vt 4.699484 -3.296910
vt 4.696075 -3.549734
vt 4.708446 -3.550110
vt 4.716548 -3.297781
vt 4.677451 1.324913
vt 4.685128 1.325404
vt 6.342493 5.770736
vt 6.334829 5.771068
vt 6.542476 4.660645
vt 6.549185 4.662955
vt 3.973794 6.205901
vt 3.981428 6.205287
vt 6.449692 2.933184
vt 6.442062 2.932586
vt 4.708868 -3.784214
vt 4.716548 -3.784451
vt 4.645886 1.155997
vt 6.364363 6.020540
vt 6.569383 4.431829
vt 6.535833 4.662805
vt 6.421362 3.158191
vt 4.704587 -4.045497
vt -5.420096 6.945728
vt -5.425565 6.841995
vt -5.414600 6.843948
vt -5.404798 6.949317
vt -4.948935 6.939841
vt -4.940075 6.844118
vt -4.926864 6.843045
vt -4.930639 6.939517
vt -4.541004 6.925901
vt -4.526381 6.830575
vt -4.515008 6.835000
vt -4.525293 6.932453
vt -1.276328 6.839022
vt -1.281094 6.735594
vt -1.270590 6.731951
vt -1.261754 6.833117
vt -1.293386 6.836171
vt -1.293386 6.732627
vt -5.402702 6.840584
vt -5.388340 6.944226
vt -5.433342 6.730238
vt -5.426634 6.732755
vt -4.948935 6.750057
vt -4.940840 6.749331
vt -4.507876 6.726547
vt -4.500845 6.727895
vt -4.537793 6.831977
vt -4.514927 6.728703
vt -1.275178 6.633538
vt -1.267646 6.635420
vt -5.419355 6.732086
vt -5.388340 6.633536
vt -4.945938 6.633536
vt -4.541004 6.633536
vt 2.918029 6.743200
vt 2.925854 6.633539
vt 2.925854 6.744561
vt 6.062649 -0.871279
vt 6.068414 -0.984130
vt 6.079214 -0.980979
vt 6.077681 -0.865371
vt 6.043186 -0.870034
vt 6.054480 -0.983077
vt 6.023011 -0.864946
vt 6.014955 -0.987980
vt 6.029436 -0.988595
vt 6.043186 -0.867129
vt 6.741735 -1.098937
vt 6.733727 -1.224383
vt 6.745451 -1.223755
vt 6.758062 -1.099653
vt 6.722980 -1.097686
vt 6.720297 -1.223660
vt 6.738526 -4.931412
vt 6.752497 -5.050114
vt 6.766988 -5.049239
vt 6.758698 -4.928889
vt 6.065148 -1.103380
vt 6.071607 -1.102799
vt 6.056771 -1.102140
vt 6.025046 -1.108280
vt 6.033742 -1.107946
vt 6.736744 -1.347725
vt 6.743748 -1.346002
vt 6.728680 -1.347906
vt 6.748319 -5.166356
vt 6.757031 -5.166519
vt 6.043186 -1.223252
vt 6.043186 -1.223252
vt 6.758062 -1.466139
vt 6.738526 -5.272418
vt 3.962284 6.674127
vt 3.962284 6.633539
vt 3.969995 6.671173
vt 3.953302 6.675176
vt 3.955081 6.633536
vt 3.962283 6.675176
vt 3.903242 6.677983
vt 3.901571 6.633535
vt 3.910254 6.678091
vt 3.894734 6.678091
vt 3.885778 6.678232
vt 3.894731 6.633536
vt 3.894731 6.679121
vt 3.977778 6.671529
vt -5.527646 6.951940
vt -5.521818 6.799051
vt -5.514483 6.797919
vt -5.515526 6.948927
vt -3.537080 6.911155
vt -3.552122 6.774258
vt -3.543616 6.774880
vt -3.523131 6.910829
vt 6.737889 -5.274115
vt 6.737833 -5.433745
vt 6.745048 -5.435306
vt 6.749778 -5.277135
vt 6.725389 -5.276738
vt 6.730265 -5.434633
vt -3.661079 6.917764
vt -3.640777 6.775316
vt -3.632464 6.774098
vt -3.647430 6.917220
vt -5.507022 6.799479
vt -5.503235 6.951940
vt -5.503381 6.633535
vt -3.523131 6.633536
vt 6.725389 -5.604004
vt -3.661079 6.633536
vt 4.587906 1.684520
vt 4.606127 1.502021
vt 4.621819 1.503010
vt 4.610335 1.685316
vt 6.049557 6.561671
vt 6.065773 6.429214
vt 6.086091 6.428733
vt 6.078609 6.560406
vt 6.589499 6.432455
vt 6.575035 6.259783
vt 6.592275 6.261920
vt 6.614089 6.435355
vt 6.563454 6.438308
vt 6.556820 6.264294
vt -5.250553 6.496912
vt -5.257861 6.348733
vt -5.237510 6.348623
vt -5.221447 6.497360
vt 4.641137 1.504109
vt 4.637893 1.687042
vt 4.625919 1.320625
vt 4.634843 1.318394
vt 6.091942 6.301446
vt 6.103588 6.299825
vt 6.556866 6.092829
vt 6.566728 6.095140
vt 6.546467 6.092700
vt -5.275212 6.199857
vt -5.263529 6.201196
vt 4.645884 1.317904
vt 4.587906 1.155995
vt 6.049557 6.141546
vt 6.614089 5.920947
vt -5.221447 6.026843
s 1
usemtl Material
f 1/1/1 7/2/2 12/3/3 6/4/4
f 2/5/5 8/6/6 7/2/2 1/1/1
f 3/7/7 9/8/8 8/9/6 2/10/5
f 4/11/9 10/12/10 9/13/8 3/14/7
f 5/15/11 11/16/12 10/12/10 4/11/9
f 6/17/4 12/18/3 11/19/12 5/20/11
f 7/2/2 13/21/13 18/22/14 12/3/3
f 8/6/6 14/23/15 13/21/13 7/2/2
f 9/8/8 15/24/16 14/25/15 8/9/6
f 10/12/10 16/26/17 15/27/16 9/13/8
f 11/16/12 17/28/18 16/26/17 10/12/10
f 12/18/3 18/29/14 17/30/18 11/19/12
f 13/21/13 19/31/19 24/32/20 18/22/14
f 14/23/15 20/33/21 19/31/19 13/21/13
f 15/24/16 21/34/22 20/35/21 14/25/15
f 16/26/17 22/36/23 21/37/22 15/27/16
f 17/28/18 23/38/24 22/36/23 16/26/17
f 18/29/14 24/39/20 23/40/24 17/30/18
f 19/31/19 25/41/25 30/42/26 24/32/20
f 20/33/21 26/43/27 25/41/25 19/31/19
f 21/34/22 27/44/28 26/45/27 20/35/21
f 22/36/23 28/46/29 27/47/28 21/37/22
f 23/40/24 29/48/30 28/49/29 22/50/23
f 24/39/20 30/51/26 29/48/30 23/40/24
f 25/41/25 31/52/31 36/53/32 30/42/26
f 26/43/27 32/54/33 31/52/31 25/41/25
f 27/44/28 33/55/34 32/56/33 26/45/27
f 28/46/29 34/57/35 33/58/34 27/47/28
f 29/59/30 35/60/36 34/57/35 28/46/29
f 30/51/26 36/61/32 35/62/36 29/48/30
f 31/52/31 37/63/37 42/64/38 36/53/32
f 32/54/33 38/65/39 37/63/37 31/52/31
f 33/55/34 39/66/40 38/67/39 32/56/33
f 34/57/35 40/68/41 39/69/40 33/58/34
f 35/60/36 41/70/42 40/68/41 34/57/35
f 36/61/32 42/71/38 41/72/42 35/62/36
f 37/63/37 43/73/43 48/74/44 42/64/38
f 38/65/39 44/75/45 43/73/43 37/63/37
f 39/66/40 45/76/46 44/77/45 38/67/39
f 40/68/41 46/78/47 45/79/46 39/69/40
f 41/70/42 47/80/48 46/78/47 40/68/41
f 42/71/38 48/81/44 47/82/48 41/72/42
f 43/73/43 49/83/49 54/84/50 48/74/44
f 44/75/45 50/85/51 49/83/49 43/73/43
f 45/76/46 51/86/52 50/87/51 44/77/45
f 46/78/47 52/88/53 51/89/52 45/79/46
f 47/80/48 53/90/54 52/88/53 46/78/47
f 48/81/44 54/91/50 53/92/54 47/82/48
f 55/93/55 61/94/56 66/95/57 60/96/58
f 56/97/59 62/98/60 61/99/56 55/100/55
f 57/101/61 63/102/62 62/98/60 56/97/59
f 58/103/63 64/104/64 63/105/62 57/106/61
f 59/107/65 65/108/66 64/109/64 58/110/63
f 60/111/58 66/112/57 65/108/66 59/107/65
f 61/94/56 67/113/67 72/114/68 66/95/57
f 62/98/60 68/115/69 67/116/67 61/99/56
f 63/102/62 69/117/70 68/115/69 62/98/60
f 64/104/64 70/118/71 69/119/70 63/105/62
f 65/108/66 71/120/72 70/121/71 64/109/64
f 66/112/57 72/122/68 71/120/72 65/108/66
f 67/113/67 73/123/73 78/124/74 72/114/68
f 68/115/69 74/125/75 73/126/73 67/116/67
f 69/117/70 75/127/76 74/125/75 68/115/69
f 70/118/71 76/128/77 75/129/76 69/119/70
f 71/120/72 77/130/78 76/131/77 70/121/71
f 72/122/68 78/132/74 77/130/78 71/120/72
f 73/123/73 79/133/79 84/134/80 78/124/74
f 74/125/75 80/135/81 79/136/79 73/126/73
f 75/127/76 81/137/82 80/135/81 74/125/75
f 76/128/77 82/138/83 81/139/82 75/129/76
f 77/130/78 83/140/84 82/141/83 76/131/77
f 78/132/74 84/142/80 83/140/84 77/130/78
f 79/133/79 85/143/85 90/144/86 84/134/80
f 80/135/81 86/145/87 85/146/85 79/136/79
f 81/137/82 87/147/88 86/145/87 80/135/81
f 82/138/83 88/148/89 87/149/88 81/139/82
f 83/140/84 89/150/90 88/151/89 82/141/83
f 84/142/80 90/152/86 89/150/90 83/140/84
f 85/143/85 91/153/91 96/154/92 90/144/86
f 86/145/87 92/155/93 91/156/91 85/146/85
f 87/147/88 93/157/94 92/155/93 86/145/87
f 88/148/89 94/158/95 93/159/94 87/149/88
f 89/150/90 95/160/96 94/161/95 88/151/89
f 90/152/86 96/162/92 95/160/96 89/150/90
f 91/153/91 97/163/97 102/164/98 96/154/92
f 92/155/93 98/165/99 97/166/97 91/156/91
f 93/157/94 99/167/100 98/165/99 92/155/93
f 94/158/95 100/168/101 99/169/100 93/159/94
f 95/160/96 101/170/102 100/171/101 94/161/95
f 96/162/92 102/172/98 101/170/102 95/160/96
f 103/173/103 109/174/104 114/175/105 108/176/106
f 104/177/107 110/178/108 109/174/104 103/173/103
f 105/179/109 111/180/110 110/181/108 104/182/107
f 106/183/111 112/184/112 111/185/110 105/186/109
f 107/187/113 113/188/114 112/184/112 106/183/111
f 108/189/106 114/190/105 113/191/114 107/192/113
f 109/174/104 115/193/115 120/194/116 114/175/105
f 110/178/108 116/195/117 115/193/115 109/174/104
f 111/180/110 117/196/118 116/197/117 110/181/108
f 112/184/112 118/198/119 117/199/118 111/185/110
f 113/188/114 119/200/120 118/198/119 112/184/112
f 114/190/105 120/201/116 119/202/120 113/191/114
f 115/193/115 121/203/121 126/204/122 120/194/116
f 116/195/117 122/205/123 121/203/121 115/193/115
f 117/196/118 123/206/124 122/207/123 116/197/117
f 118/198/119 124/208/125 123/209/124 117/199/118
f 119/200/120 125/210/126 124/208/125 118/198/119
f 120/201/116 126/211/122 125/212/126 119/202/120
f 121/203/121 127/213/127 132/214/128 126/204/122
f 122/205/123 128/215/129 127/213/127 121/203/121
f 123/206/124 129/216/130 128/217/129 122/207/123
f 124/208/125 130/218/131 129/219/130 123/209/124
f 125/210/126 131/220/132 130/218/131 124/208/125
f 126/211/122 132/221/128 131/222/132 125/212/126
f 127/213/127 133/223/133 138/224/134 132/214/128
f 128/215/129 134/225/135 133/223/133 127/213/127
f 129/216/130 135/226/136 134/227/135 128/217/129
f 130/218/131 136/228/137 135/229/136 129/219/130
f 131/220/132 137/230/138 136/228/137 130/218/131
f 132/221/128 138/231/134 137/232/138 131/222/132
f 133/223/133 139/233/139 144/234/140 138/224/134
f 134/225/135 140/235/141 139/233/139 133/223/133
f 135/226/136 141/236/142 140/237/141 134/227/135
f 136/228/137 142/238/143 141/239/142 135/229/136
f 137/230/138 143/240/144 142/238/143 136/228/137
f 138/231/134 144/241/140 143/242/144 137/232/138
f 139/233/139 145/243/145 150/244/146 144/234/140
f 140/235/141 146/245/147 145/243/145 139/233/139
f 141/236/142 147/246/148 146/247/147 140/237/141
f 142/238/143 148/248/149 147/249/148 141/239/142
f 143/240/144 149/250/150 148/248/149 142/238/143
f 144/241/140 150/251/146 149/252/150 143/242/144
f 151/253/151 157/254/152 162/255/153 156/256/154
f 152/257/155 158/258/156 157/259/152 151/260/151
f 153/261/157 159/262/158 158/263/156 152/264/155
f 154/265/159 160/266/160 159/262/158 153/261/157
f 155/267/161 161/268/162 160/269/160 154/270/159
f 156/256/154 162/255/153 161/271/162 155/272/161
f 157/254/152 163/273/163 168/274/164 162/255/153
f 158/258/156 164/275/165 163/276/163 157/259/152
f 159/262/158 165/277/166 164/278/165 158/263/156
f 160/266/160 166/279/167 165/277/166 159/262/158
f 161/280/162 167/281/168 166/282/167 160/283/160
f 162/255/153 168/274/164 167/284/168 161/271/162
f 163/276/163 169/285/169 174/286/170 168/287/164
f 164/275/165 170/288/171 169/285/169 163/276/163
f 165/277/166 171/289/172 170/290/171 164/278/165
f 166/282/167 172/291/173 171/292/172 165/293/166
f 167/281/168 173/294/174 172/291/173 166/282/167
f 168/274/164 174/295/170 173/296/174 167/284/168
f 169/285/169 175/297/175 180/298/176 174/286/170
f 170/288/171 176/299/177 175/297/175 169/285/169
f 171/289/172 177/300/178 176/301/177 170/290/171
f 172/291/173 178/302/179 177/303/178 171/292/172
f 173/294/174 179/304/180 178/302/179 172/291/173
f 174/305/170 180/306/176 179/307/180 173/308/174
f 175/297/175 181/309/181 186/310/182 180/298/176
f 176/299/177 182/311/183 181/309/181 175/297/175
f 177/300/178 183/312/184 182/313/183 176/301/177
f 178/302/179 184/314/185 183/315/184 177/303/178
f 179/304/180 185/316/186 184/314/185 178/302/179
f 180/317/176 186/318/182 185/319/186 179/320/180
f 187/321/187 193/322/188 198/323/189 192/324/190
f 188/325/191 194/326/192 193/327/188 187/328/187
f 189/329/193 195/330/194 194/331/192 188/332/191
f 190/333/195 196/334/196 195/330/194 189/329/193
f 191/335/197 197/336/198 196/337/196 190/338/195
f 192/324/190 198/323/189 197/339/198 191/340/197
f 193/322/188 199/341/199 204/342/200 198/323/189
f 194/326/192 200/343/201 199/344/199 193/327/188
f 195/330/194 201/345/202 200/346/201 194/331/192
f 196/334/196 202/347/203 201/345/202 195/330/194
f 197/336/198 203/348/204 202/349/203 196/337/196
f 198/323/189 204/342/200 203/350/204 197/339/198
f 199/341/199 205/351/205 210/352/206 204/342/200
f 200/343/201 206/353/207 205/354/205 199/344/199
f 201/355/202 207/356/208 206/357/207 200/358/201
f 202/347/203 208/359/209 207/360/208 201/345/202
f 203/348/204 209/361/210 208/362/209 202/349/203
f 204/363/200 210/364/206 209/365/210 203/366/204
f 205/351/205 211/367/211 216/368/212 210/352/206
f 206/353/207 212/369/213 211/370/211 205/354/205
f 207/360/208 213/371/214 212/372/213 206/373/207
f 208/359/209 214/374/215 213/371/214 207/360/208
f 209/361/210 215/375/216 214/376/215 208/362/209
f 210/352/206 216/368/212 215/377/216 209/378/210
f 211/370/211 217/379/217 222/380/218 216/381/212
f 212/369/213 218/382/219 217/379/217 211/370/211
f 213/371/214 219/383/220 218/384/219 212/372/213
f 214/374/215 220/385/221 219/383/220 213/371/214
f 215/375/216 221/386/222 220/387/221 214/376/215
f 216/368/212 222/388/218 221/389/222 215/377/216
f 223/390/223 229/391/224 234/392/225 228/393/226
f 224/394/227 230/395/228 229/396/224 223/397/223
f 225/398/229 231/399/230 230/400/228 224/401/227
f 226/402/231 232/403/232 231/399/230 225/398/229
f 227/404/233 233/405/234 232/406/232 226/407/231
f 228/393/226 234/392/225 233/408/234 227/409/233
f 229/391/224 235/410/235 240/411/236 234/392/225
f 230/395/228 236/412/237 235/413/235 229/396/224
f 231/399/230 237/414/238 236/415/237 230/400/228
f 232/403/232 238/416/239 237/414/238 231/399/230
f 233/405/234 239/417/240 238/418/239 232/406/232
f 234/392/225 240/411/236 239/419/240 233/408/234
f 235/410/235 241/420/241 246/421/242 240/411/236
f 236/412/237 242/422/243 241/423/241 235/413/235
f 237/414/238 243/424/244 242/425/243 236/415/237
f 238/416/239 244/426/245 243/424/244 237/414/238
f 239/417/240 245/427/246 244/428/245 238/418/239
f 240/411/236 246/421/242 245/429/246 239/419/240
f 241/420/241 247/430/247 252/431/248 246/421/242
f 242/422/243 248/432/249 247/433/247 241/423/241
f 243/424/244 249/434/250 248/435/249 242/425/243
f 244/426/245 250/436/251 249/434/250 243/424/244
f 245/427/246 251/437/252 250/438/251 244/428/245
f 246/421/242 252/431/248 251/439/252 245/429/246
f 247/430/247 253/440/253 258/441/254 252/431/248
f 248/432/249 254/442/255 253/443/253 247/433/247
f 249/434/250 255/444/256 254/445/255 248/435/249
f 250/436/251 256/446/257 255/444/256 249/434/250
f 251/437/252 257/447/258 256/448/257 250/438/251
f 252/431/248 258/441/254 257/449/258 251/439/252
f 259/450/259 265/451/260 270/452/261 264/453/262
f 260/454/263 266/455/264 265/456/260 259/457/259
f 261/458/265 267/459/266 266/460/264 260/461/263
f 262/462/267 268/463/268 267/464/266 261/465/265
f 263/466/269 269/467/270 268/468/268 262/469/267
f 264/470/262 270/471/261 269/472/270 263/473/269
f 265/451/260 271/474/271 276/475/272 270/452/261
f 266/455/264 272/476/273 271/477/271 265/456/260
f 267/478/266 273/479/274 272/476/273 266/455/264
f 268/463/268 274/480/275 273/481/274 267/464/266
f 269/467/270 275/482/276 274/483/275 268/468/268
f 270/452/261 276/475/272 275/484/276 269/485/270
f 271/474/271 277/486/277 282/487/278 276/475/272
f 272/476/273 278/488/279 277/489/277 271/477/271
f 273/479/274 279/490/280 278/488/279 272/476/273
f 274/480/275 280/491/281 279/492/280 273/481/274
f 275/482/276 281/493/282 280/494/281 274/483/275
f 276/495/272 282/496/278 281/493/282 275/482/276
f 277/486/277 283/497/283 288/498/284 282/487/278
f 278/488/279 284/499/285 283/500/283 277/489/277
f 279/490/280 285/501/286 284/499/285 278/488/279
f 280/491/281 286/502/287 285/503/286 279/492/280
f 281/493/282 287/504/288 286/505/287 280/494/281
f 282/487/278 288/498/284 287/506/288 281/507/282
f 283/497/283 289/508/289 294/509/290 288/498/284
f 284/510/285 290/511/291 289/512/289 283/513/283
f 285/501/286 291/514/292 290/515/291 284/499/285
f 286/502/287 292/516/293 291/517/292 285/503/286
f 287/518/288 293/519/294 292/520/293 286/521/287
f 288/498/284 294/509/290 293/522/294 287/506/288
f 295/523/295 301/524/296 306/525/297 300/526/298
f 296/527/299 302/528/300 301/529/296 295/530/295
f 297/531/301 303/532/302 302/533/300 296/534/299
f 298/535/303 304/536/304 303/537/302 297/538/301
f 299/539/305 305/540/306 304/541/304 298/542/303
f 300/543/298 306/544/297 305/545/306 299/546/305
f 301/524/296 307/547/307 312/548/308 306/525/297
f 302/528/300 308/549/309 307/550/307 301/529/296
f 303/532/302 309/551/310 308/552/309 302/533/300
f 304/536/304 310/553/311 309/554/310 303/537/302
f 305/540/306 311/555/312 310/556/311 304/541/304
f 306/544/297 312/557/308 311/558/312 305/545/306
f 307/559/307 313/560/313 318/561/314 312/557/308
f 308/549/309 314/562/315 313/563/313 307/550/307
f 309/551/310 315/564/316 314/565/315 308/552/309
f 310/553/311 316/566/317 315/567/316 309/554/310
f 311/555/312 317/568/318 316/569/317 310/556/311
f 312/557/308 318/561/314 317/570/318 311/558/312
f 313/560/313 319/571/319 324/572/320 318/561/314
f 314/562/315 320/573/321 319/574/319 313/563/313
f 315/564/316 321/575/322 320/576/321 314/565/315
f 316/566/317 322/577/323 321/578/322 315/567/316
f 317/568/318 323/579/324 322/580/323 316/569/317
f 318/561/314 324/572/320 323/581/324 317/570/318
f 319/571/319 325/582/325 330/583/326 324/572/320
f 320/573/321 326/584/327 325/585/325 319/574/319
f 321/575/322 327/586/328 326/587/327 320/576/321
f 322/577/323 328/588/329 327/589/328 321/578/322
f 323/590/324 329/591/330 328/588/329 322/577/323
f 324/572/320 330/583/326 329/592/330 323/581/324
f 331/593/331 337/594/332 342/595/333 336/596/334
f 332/597/335 338/598/336 337/594/332 331/593/331
f 333/599/337 339/600/338 338/601/336 332/602/335
f 334/603/339 340/604/340 339/605/338 333/606/337
f 335/607/341 341/608/342 340/604/340 334/603/339
f 336/609/334 342/610/333 341/611/342 335/612/341
f 337/594/332 343/613/343 348/614/344 342/595/333
f 338/598/336 344/615/345 343/613/343 337/594/332
f 339/600/338 345/616/346 344/617/345 338/601/336
f 340/604/340 346/618/347 345/619/346 339/605/338
f 341/608/342 347/620/348 346/618/347 340/604/340
f 342/610/333 348/621/344 347/622/348 341/611/342
f 343/613/343 349/623/349 354/624/350 348/614/344
f 344/615/345 350/625/351 349/623/349 343/613/343
f 345/616/346 351/626/352 350/627/351 344/617/345
f 346/618/347 352/628/353 351/629/352 345/619/346
f 347/622/348 353/630/354 352/631/353 346/632/347
f 348/621/344 354/633/350 353/630/354 347/622/348
f 349/623/349 355/634/355 360/635/356 354/624/350
f 350/625/351 356/636/357 355/634/355 349/623/349
f 351/626/352 357/637/358 356/638/357 350/627/351
f 352/628/353 358/639/359 357/640/358 351/629/352
f 353/641/354 359/642/360 358/639/359 352/628/353
f 354/633/350 360/643/356 359/644/360 353/630/354
f 355/634/355 361/645/361 366/646/362 360/635/356
f 356/636/357 362/647/363 361/645/361 355/634/355
f 357/637/358 363/648/364 362/649/363 356/638/357
f 358/639/359 364/650/365 363/651/364 357/640/358
f 359/642/360 365/652/366 364/650/365 358/639/359
f 360/643/356 366/653/362 365/654/366 359/644/360
f 367/655/367 373/656/368 378/657/369 372/658/370
f 368/659/371 374/660/372 373/661/368 367/662/367
f 369/663/373 375/664/374 374/660/372 368/659/371
f 370/665/375 376/666/376 375/667/374 369/668/373
f 371/669/377 377/670/378 376/671/376 370/672/375
f 372/673/370 378/674/369 377/670/378 371/669/377
f 373/656/368 379/675/379 384/676/380 378/657/369
f 374/660/372 380/677/381 379/678/379 373/661/368
f 375/664/374 381/679/382 380/677/381 374/660/372
f 376/666/376 382/680/383 381/681/382 375/667/374
f 377/670/378 383/682/384 382/683/383 376/671/376
f 378/674/369 384/684/380 383/682/384 377/670/378
f 379/675/379 385/685/385 390/686/386 384/676/380
f 380/677/381 386/687/387 385/688/385 379/678/379
f 381/679/382 387/689/388 386/687/387 380/677/381
f 382/680/383 388/690/389 387/691/388 381/681/382
f 383/682/384 389/692/390 388/693/389 382/683/383
f 384/684/380 390/694/386 389/692/390 383/682/384
f 385/685/385 391/695/391 396/696/392 390/686/386
f 386/687/387 392/697/393 391/698/391 385/688/385
f 387/689/388 393/699/394 392/697/393 386/687/387
f 388/690/389 394/700/395 393/701/394 387/691/388
f 389/692/390 395/702/396 394/703/395 388/693/389
f 390/694/386 396/704/392 395/702/396 389/692/390
f 391/695/391 397/705/397 402/706/398 396/696/392
f 392/697/393 398/707/399 397/708/397 391/698/391
f 393/699/394 399/709/400 398/707/399 392/697/393
f 394/700/395 400/710/401 399/711/400 393/701/394
f 395/702/396 401/712/402 400/713/401 394/703/395
f 396/704/392 402/714/398 401/712/402 395/702/396
f 403/715/403 409/716/404 414/717/405 408/718/406
f 404/719/407 410/720/408 409/721/404 403/722/403
f 405/723/409 411/724/410 410/725/408 404/726/407
f 406/727/411 412/728/412 411/724/410 405/723/409
f 407/729/413 413/730/414 412/731/412 406/732/411
f 408/718/406 414/717/405 413/733/414 407/734/413
f 409/716/404 415/735/415 420/736/416 414/717/405
f 410/720/408 416/737/417 415/738/415 409/721/404
f 411/739/410 417/740/418 416/737/417 410/720/408
f 412/728/412 418/741/419 417/742/418 411/724/410
f 413/730/414 419/743/420 418/744/419 412/731/412
f 414/745/405 420/746/416 419/743/420 413/730/414
f 415/747/415 421/748/421 426/749/422 420/750/416
f 416/737/417 422/751/423 421/752/421 415/738/415
f 417/740/418 423/753/424 422/751/423 416/737/417
f 418/754/419 424/755/425 423/756/424 417/757/418
f 419/743/420 425/758/426 424/759/425 418/744/419
f 420/746/416 426/760/422 425/758/426 419/743/420
f 421/748/421 427/761/427 432/762/428 426/749/422
f 422/751/423 428/763/429 427/764/427 421/752/421
f 423/753/424 429/765/430 428/763/429 422/751/423
f 424/755/425 430/766/431 429/767/430 423/756/424
f 425/758/426 431/768/432 430/769/431 424/759/425
f 426/760/422 432/770/428 431/768/432 425/758/426
f 427/761/427 433/771/433 438/772/434 432/762/428
f 428/763/429 434/773/435 433/774/433 427/764/427
f 429/765/430 435/775/436 434/773/435 428/763/429
f 430/766/431 436/776/437 435/777/436 429/767/430
f 431/768/432 437/778/438 436/779/437 430/769/431
f 432/770/428 438/780/434 437/778/438 431/768/432
f 439/781/439 445/782/440 450/783/441 444/784/442
f 440/785/443 446/786/444 445/787/440 439/788/439
f 441/789/445 447/790/446 446/786/444 440/785/443
f 442/791/447 448/792/448 447/793/446 441/794/445
f 443/795/449 449/796/450 448/797/448 442/798/447
f 444/799/442 450/800/441 449/796/450 443/795/449
f 445/782/440 451/801/451 456/802/452 450/783/441
f 446/803/444 452/804/453 451/805/451 445/806/440
f 447/793/446 453/807/454 452/808/453 446/809/444
f 448/792/448 454/810/455 453/807/454 447/793/446
f 449/796/450 455/811/456 454/812/455 448/797/448
f 450/800/441 456/813/452 455/811/456 449/796/450
f 451/801/451 457/814/457 462/815/458 456/802/452
f 452/804/453 458/816/459 457/817/457 451/805/451
f 453/807/454 459/818/460 458/819/459 452/808/453
f 454/810/455 460/820/461 459/818/460 453/807/454
f 455/821/456 461/822/462 460/823/461 454/824/455
f 456/802/452 462/815/458 461/825/462 455/826/456
f 457/814/457 463/827/463 468/828/464 462/815/458
f 458/829/459 464/830/465 463/831/463 457/832/457
f 459/818/460 465/833/466 464/834/465 458/819/459
f 460/820/461 466/835/467 465/833/466 459/818/460
f 461/836/462 467/837/468 466/838/467 460/839/461
f 462/815/458 468/828/464 467/840/468 461/825/462
f 463/827/463 469/841/469 474/842/470 468/828/464
f 464/830/465 470/843/471 469/844/469 463/831/463
f 465/833/466 471/845/472 470/846/471 464/834/465
f 466/835/467 472/847/473 471/845/472 465/833/466
f 467/837/468 473/848/474 472/849/473 466/838/467
f 468/828/464 474/842/470 473/850/474 467/840/468
f 475/851/475 481/852/476 486/853/477 480/854/478
f 476/855/479 482/856/480 481/857/476 475/858/475
f 477/859/481 483/860/482 482/861/480 476/862/479
f 478/863/483 484/864/484 483/860/482 477/859/481
f 479/865/485 485/866/486 484/867/484 478/868/483
f 480/869/478 486/870/477 485/866/486 479/865/485
f 481/852/476 487/871/487 492/872/488 486/853/477
f 482/873/480 488/874/489 487/875/487 481/876/476
f 483/860/482 489/877/490 488/878/489 482/861/480
f 484/864/484 490/879/491 489/877/490 483/860/482
f 485/866/486 491/880/492 490/881/491 484/867/484
f 486/870/477 492/882/488 491/880/492 485/866/486
f 487/871/487 493/883/493 498/884/494 492/872/488
f 488/874/489 494/885/495 493/886/493 487/875/487
f 489/887/490 495/888/496 494/885/495 488/874/489
f 490/879/491 496/889/497 495/890/496 489/877/490
f 491/880/492 497/891/498 496/892/497 490/881/491
f 492/893/488 498/894/494 497/895/498 491/896/492
f 493/883/493 499/897/499 504/898/500 498/884/494
f 494/899/495 500/900/501 499/901/499 493/902/493
f 495/888/496 501/903/502 500/904/501 494/885/495
f 496/889/497 502/905/503 501/906/502 495/890/496
f 497/891/498 503/907/504 502/908/503 496/892/497
f 498/894/494 504/909/500 503/910/504 497/895/498
f 499/897/499 505/911/505 510/912/506 504/898/500
f 500/900/501 506/913/507 505/914/505 499/901/499
f 501/903/502 507/915/508 506/916/507 500/904/501
f 502/905/503 508/917/509 507/918/508 501/906/502
f 503/907/504 509/919/510 508/920/509 502/908/503
f 504/909/500 510/921/506 509/922/510 503/910/504
f 511/923/511 517/924/512 522/925/513 516/926/514
f 512/927/515 518/928/516 517/924/512 511/923/511
f 513/929/517 519/930/518 518/931/516 512/932/515
f 514/933/519 520/934/520 519/935/518 513/936/517
f 515/937/521 521/938/522 520/939/520 514/940/519
f 516/941/514 522/942/513 521/938/522 515/937/521
f 517/924/512 523/943/523 528/944/524 522/925/513
f 518/928/516 524/945/525 523/943/523 517/924/512
f 519/930/518 525/946/526 524/947/525 518/931/516
f 520/934/520 526/948/527 525/949/526 519/935/518
f 521/938/522 527/950/528 526/951/527 520/939/520
f 522/942/513 528/952/524 527/950/528 521/938/522
f 523/943/523 529/953/529 534/954/530 528/944/524
f 524/955/525 530/956/531 529/957/529 523/958/523
f 525/946/526 531/959/532 530/960/531 524/947/525
f 526/948/527 532/961/533 531/962/532 525/949/526
f 527/963/528 533/964/534 532/965/533 526/966/527
f 528/952/524 534/967/530 533/968/534 527/950/528
f 529/953/529 535/969/535 540/970/536 534/954/530
f 530/971/531 536/972/537 535/969/535 529/953/529
f 531/959/532 537/973/538 536/974/537 530/960/531
f 532/961/533 538/975/539 537/976/538 531/962/532
f 533/968/534 539/977/540 538/978/539 532/979/533
f 534/967/530 540/980/536 539/977/540 533/968/534
f 535/969/535 541/981/541 546/982/542 540/970/536
f 536/972/537 542/983/543 541/981/541 535/969/535
f 537/973/538 543/984/544 542/985/543 536/974/537
f 538/975/539 544/986/545 543/987/544 537/976/538
f 539/977/540 545/988/546 544/989/545 538/978/539
f 540/980/536 546/990/542 545/988/546 539/977/540
f 547/991/547 553/992/548 558/993/549 552/994/550
f 548/995/551 554/996/552 553/997/548 547/998/547
f 549/999/553 555/1000/554 554/1001/552 548/1002/551
f 550/1003/555 556/1004/556 555/1000/554 549/999/553
f 551/1005/557 557/1006/558 556/1007/556 550/1008/555
f 552/994/550 558/993/549 557/1009/558 551/1010/557
f 553/992/548 559/1011/559 564/1012/560 558/993/549
f 554/996/552 560/1013/561 559/1014/559 553/997/548
f 555/1000/554 561/1015/562 560/1016/561 554/1001/552
f 556/1004/556 562/1017/563 561/1015/562 555/1000/554
f 557/1006/558 563/1018/564 562/1019/563 556/1007/556
f 558/993/549 564/1012/560 563/1020/564 557/1009/558
f 559/1011/559 565/1021/565 570/1022/566 564/1012/560
f 560/1013/561 566/1023/567 565/1024/565 559/1014/559
f 561/1015/562 567/1025/568 566/1026/567 560/1016/561
f 562/1017/563 568/1027/569 567/1025/568 561/1015/562
f 563/1018/564 569/1028/570 568/1029/569 562/1019/563
f 564/1012/560 570/1022/566 569/1030/570 563/1020/564
f 565/1021/565 571/1031/571 576/1032/572 570/1022/566
f 566/1023/567 572/1033/573 571/1034/571 565/1024/565
f 567/1035/568 573/1036/574 572/1033/573 566/1023/567
f 568/1027/569 574/1037/575 573/1038/574 567/1025/568
f 569/1028/570 575/1039/576 574/1040/575 568/1029/569
f 570/1041/566 576/1042/572 575/1039/576 569/1028/570
f 571/1031/571 577/1043/577 582/1044/578 576/1032/572
f 572/1033/573 578/1045/579 577/1046/577 571/1034/571
f 573/1036/574 579/1047/580 578/1045/579 572/1033/573
f 574/1037/575 580/1048/581 579/1049/580 573/1038/574
f 575/1039/576 581/1050/582 580/1051/581 574/1040/575
f 576/1042/572 582/1052/578 581/1050/582 575/1039/576
f 583/1053/583 589/1054/584 594/1055/585 588/1056/586
f 584/1057/587 590/1058/588 589/1059/584 583/1060/583
f 585/1061/589 591/1062/590 590/1063/588 584/1064/587
f 586/1065/591 592/1066/592 591/1067/590 585/1068/589
f 587/1069/593 593/1070/594 592/1071/592 586/1072/591
f 588/1056/586 594/1055/585 593/1073/594 587/1074/593
f 589/1054/584 595/1075/595 600/1076/596 594/1055/585
f 590/1058/588 596/1077/597 595/1078/595 589/1059/584
f 591/1079/590 597/1080/598 596/1077/597 590/1058/588
f 592/1066/592 598/1081/599 597/1082/598 591/1067/590
f 593/1070/594 599/1083/600 598/1084/599 592/1071/592
f 594/1085/585 600/1086/596 599/1083/600 593/1070/594
f 595/1087/595 601/1088/601 606/1089/602 600/1090/596
f 596/1077/597 602/1091/603 601/1092/601 595/1078/595
f 597/1080/598 603/1093/604 602/1091/603 596/1077/597
f 598/1081/599 604/1094/605 603/1095/604 597/1082/598
f 599/1083/600 605/1096/606 604/1097/605 598/1084/599
f 600/1090/596 606/1089/602 605/1098/606 599/1099/600
f 601/1088/601 607/1100/607 612/1101/608 606/1089/602
f 602/1091/603 608/1102/609 607/1103/607 601/1092/601
f 603/1093/604 609/1104/610 608/1102/609 602/1091/603
f 604/1094/605 610/1105/611 609/1106/610 603/1095/604
f 605/1096/606 611/1107/612 610/1108/611 604/1097/605
f 606/1089/602 612/1101/608 611/1109/612 605/1098/606
f 607/1100/607 613/1110/613 618/1111/614 612/1101/608
f 608/1102/609 614/1112/615 613/1113/613 607/1103/607
f 609/1104/610 615/1114/616 614/1112/615 608/1102/609
f 610/1105/611 616/1115/617 615/1116/616 609/1106/610
f 611/1107/612 617/1117/618 616/1118/617 610/1108/611
f 612/1101/608 618/1111/614 617/1119/618 611/1109/612
f 619/1120/619 625/1121/620 630/1122/621 624/1123/622
f 620/1124/623 626/1125/624 625/1126/620 619/1127/619
f 621/1128/625 627/1129/626 626/1130/624 620/1131/623
f 622/1132/627 628/1133/628 627/1129/626 621/1128/625
f 623/1134/629 629/1135/630 628/1136/628 622/1137/627
f 624/1123/622 630/1122/621 629/1138/630 623/1139/629
f 625/1121/620 631/1140/631 636/1141/632 630/1122/621
f 626/1125/624 632/1142/633 631/1143/631 625/1126/620
f 627/1129/626 633/1144/634 632/1145/633 626/1130/624
f 628/1133/628 634/1146/635 633/1144/634 627/1129/626
f 629/1147/630 635/1148/636 634/1149/635 628/1150/628
f 630/1122/621 636/1141/632 635/1151/636 629/1138/630
f 631/1140/631 637/1152/637 642/1153/638 636/1141/632
f 632/1142/633 638/1154/639 637/1155/637 631/1143/631
f 633/1144/634 639/1156/640 638/1157/639 632/1145/633
f 634/1146/635 640/1158/641 639/1156/640 633/1144/634
f 635/1148/636 641/1159/642 640/1160/641 634/1149/635
f 636/1141/632 642/1153/638 641/1161/642 635/1151/636
f 637/1152/637 643/1162/643 648/1163/644 642/1153/638
f 638/1154/639 644/1164/645 643/1165/643 637/1155/637
f 639/1156/640 645/1166/646 644/1167/645 638/1157/639
f 640/1158/641 646/1168/647 645/1166/646 639/1156/640
f 641/1159/642 647/1169/648 646/1170/647 640/1160/641
f 642/1171/638 648/1172/644 647/1173/648 641/1174/642
f 643/1162/643 649/1175/649 654/1176/650 648/1163/644
f 644/1164/645 650/1177/651 649/1178/649 643/1165/643
f 645/1166/646 651/1179/652 650/1180/651 644/1167/645
f 646/1168/647 652/1181/653 651/1179/652 645/1166/646
f 647/1169/648 653/1182/654 652/1183/653 646/1170/647
f 648/1163/644 654/1176/650 653/1184/654 647/1185/648
f 655/1186/655 661/1187/656 666/1188/657 660/1189/658
f 656/1190/659 662/1191/660 661/1192/656 655/1193/655
f 657/1194/661 663/1195/662 662/1196/660 656/1197/659
f 658/1198/663 664/1199/664 663/1200/662 657/1201/661
f 659/1202/665 665/1203/666 664/1204/664 658/1205/663
f 660/1206/658 666/1207/657 665/1208/666 659/1209/665
f 661/1187/656 667/1210/667 672/1211/668 666/1188/657
f 662/1191/660 668/1212/669 667/1213/667 661/1192/656
f 663/1195/662 669/1214/670 668/1215/669 662/1196/660
f 664/1199/664 670/1216/671 669/1217/670 663/1200/662
f 665/1203/666 671/1218/672 670/1219/671 664/1204/664
f 666/1220/657 672/1221/668 671/1218/672 665/1203/666
f 667/1210/667 673/1222/673 678/1223/674 672/1211/668
f 668/1212/669 674/1224/675 673/1225/673 667/1213/667
f 669/1226/670 675/1227/676 674/1224/675 668/1212/669
f 670/1216/671 676/1228/677 675/1229/676 669/1217/670
f 671/1218/672 677/1230/678 676/1231/677 670/1219/671
f 672/1221/668 678/1232/674 677/1230/678 671/1218/672
f 673/1222/673 679/1233/679 684/1234/680 678/1223/674
f 674/1224/675 680/1235/681 679/1236/679 673/1225/673
f 675/1227/676 681/1237/682 680/1235/681 674/1224/675
f 676/1228/677 682/1238/683 681/1239/682 675/1229/676
f 677/1230/678 683/1240/684 682/1241/683 676/1231/677
f 678/1232/674 684/1242/680 683/1240/684 677/1230/678
f 679/1233/679 685/1243/685 690/1244/686 684/1234/680
f 680/1245/681 686/1246/687 685/1247/685 679/1248/679
f 681/1237/682 687/1249/688 686/1250/687 680/1235/681
f 682/1238/683 688/1251/689 687/1252/688 681/1239/682
f 683/1253/684 689/1254/690 688/1255/689 682/1256/683
f 684/1242/680 690/1257/686 689/1258/690 683/1240/684
f 691/1259/691 697/1260/692 702/1261/693 696/1262/694
f 692/1263/695 698/1264/696 697/1265/692 691/1266/691
f 693/1267/697 699/1268/698 698/1269/696 692/1270/695
f 694/1271/699 700/1272/700 699/1273/698 693/1274/697
f 695/1275/701 701/1276/702 700/1277/700 694/1278/699
f 696/1262/694 702/1261/693 701/1279/702 695/1280/701
f 697/1260/692 703/1281/703 708/1282/704 702/1261/693
f 698/1264/696 704/1283/705 703/1284/703 697/1265/692
f 699/1285/698 705/1286/706 704/1283/705 698/1264/696
f 700/1272/700 706/1287/707 705/1288/706 699/1273/698
f 701/1276/702 707/1289/708 706/1290/707 700/1277/700
f 702/1261/693 708/1282/704 707/1291/708 701/1279/702
f 703/1281/703 709/1292/709 714/1293/710 708/1282/704
f 704/1283/705 710/1294/711 709/1295/709 703/1284/703
f 705/1286/706 711/1296/712 710/1294/711 704/1283/705
f 706/1287/707 712/1297/713 711/1298/712 705/1288/706
f 707/1289/708 713/1299/714 712/1300/713 706/1290/707
f 708/1282/704 714/1293/710 713/1301/714 707/1291/708
f 709/1292/709 715/1302/715 720/1303/716 714/1293/710
f 710/1294/711 716/1304/717 715/1305/715 709/1295/709
f 711/1296/712 717/1306/718 716/1304/717 710/1294/711
f 712/1297/713 718/1307/719 717/1308/718 711/1298/712
f 713/1299/714 719/1309/720 718/1310/719 712/1300/713
f 714/1293/710 720/1303/716 719/1311/720 713/1301/714
f 715/1302/715 721/1312/721 726/1313/722 720/1303/716
f 716/1304/717 722/1314/723 721/1315/721 715/1305/715
f 717/1306/718 723/1316/724 722/1314/723 716/1304/717
f 718/1307/719 724/1317/725 723/1318/724 717/1308/718
f 719/1309/720 725/1319/726 724/1320/725 718/1310/719
f 720/1321/716 726/1322/722 725/1319/726 719/1309/720
f 727/1323/727 733/1324/728 738/1325/729 732/1326/730
f 728/1327/731 734/1328/732 733/1329/728 727/1330/727
f 729/1331/733 735/1332/734 734/1333/732 728/1334/731
f 730/1335/735 736/1336/736 735/1332/734 729/1331/733
f 731/1337/737 737/1338/738 736/1339/736 730/1340/735
f 732/1326/730 738/1325/729 737/1341/738 731/1342/737
f 733/1324/728 739/1343/739 744/1344/740 738/1325/729
f 734/1328/732 740/1345/741 739/1346/739 733/1329/728
f 735/1332/734 741/1347/742 740/1348/741 734/1333/732
f 736/1336/736 742/1349/743 741/1347/742 735/1332/734
f 737/1338/738 743/1350/744 742/1351/743 736/1339/736
f 738/1325/729 744/1344/740 743/1352/744 737/1341/738
f 739/1343/739 745/1353/745 750/1354/746 744/1344/740
f 740/1345/741 746/1355/747 745/1356/745 739/1346/739
f 741/1357/742 747/1358/748 746/1359/747 740/1360/741
f 742/1349/743 748/1361/749 747/1362/748 741/1347/742
f 743/1350/744 749/1363/750 748/1364/749 742/1351/743
f 744/1365/740 750/1366/746 749/1363/750 743/1350/744
f 745/1367/745 751/1368/751 756/1369/752 750/1370/746
f 746/1359/747 752/1371/753 751/1372/751 745/1373/745
f 747/1358/748 753/1374/754 752/1371/753 746/1359/747
f 748/1361/749 754/1375/755 753/1376/754 747/1362/748
f 749/1363/750 755/1377/756 754/1378/755 748/1364/749
f 750/1366/746 756/1379/752 755/1377/756 749/1363/750
f 751/1368/751 757/1380/757 762/1381/758 756/1369/752
f 752/1382/753 758/1383/759 757/1384/757 751/1385/751
f 753/1374/754 759/1386/760 758/1387/759 752/1371/753
f 754/1375/755 760/1388/761 759/1389/760 753/1376/754
f 755/1390/756 761/1391/762 760/1388/761 754/1375/755
f 756/1379/752 762/1392/758 761/1393/762 755/1377/756
f 763/1394/763 769/1395/764 774/1396/765 768/1397/766
f 764/1398/767 770/1399/768 769/1400/764 763/1401/763
f 765/1402/769 771/1403/770 770/1404/768 764/1405/767
f 766/1406/771 772/1407/772 771/1408/770 765/1409/769
f 767/1410/773 773/1411/774 772/1407/772 766/1406/771
f 768/1412/766 774/1413/765 773/1414/774 767/1415/773
f 769/1395/764 775/1416/775 780/1417/776 774/1396/765
f 770/1399/768 776/1418/777 775/1419/775 769/1400/764
f 771/1403/770 777/1420/778 776/1421/777 770/1404/768
f 772/1407/772 778/1422/779 777/1423/778 771/1408/770
f 773/1424/774 779/1425/780 778/1426/779 772/1427/772
f 774/1413/765 780/1428/776 779/1429/780 773/1414/774
f 775/1416/775 781/1430/781 786/1431/782 780/1417/776
f 776/1418/777 782/1432/783 781/1433/781 775/1419/775
f 777/1434/778 783/1435/784 782/1432/783 776/1418/777
f 778/1422/779 784/1436/785 783/1437/784 777/1423/778
f 779/1425/780 785/1438/786 784/1439/785 778/1426/779
f 780/1440/776 786/1441/782 785/1438/786 779/1425/780
f 781/1430/781 787/1442/787 792/1443/788 786/1431/782
f 782/1432/783 788/1444/789 787/1445/787 781/1433/781
f 783/1435/784 789/1446/790 788/1444/789 782/1432/783
f 784/1436/785 790/1447/791 789/1448/790 783/1437/784
f 785/1449/786 791/1450/792 790/1451/791 784/1452/785
f 786/1441/782 792/1453/788 791/1454/792 785/1438/786
f 787/1442/787 793/1455/793 798/1456/794 792/1443/788
f 788/1457/789 794/1458/795 793/1459/793 787/1460/787
f 789/1446/790 795/1461/796 794/1462/795 788/1444/789
f 790/1447/791 796/1463/797 795/1464/796 789/1448/790
f 791/1450/792 797/1465/798 796/1466/797 790/1451/791
f 792/1453/788 798/1467/794 797/1468/798 791/1454/792
f 799/1469/799 805/1470/800 810/1471/801 804/1472/802
f 800/1473/803 806/1474/804 805/1475/800 799/1476/799
f 801/1477/805 807/1478/806 806/1479/804 800/1480/803
f 802/1481/807 808/1482/808 807/1483/806 801/1484/805
f 803/1485/809 809/1486/810 808/1482/808 802/1481/807
f 804/1487/802 810/1488/801 809/1489/810 803/1490/809
f 805/1470/800 811/1491/811 816/1492/812 810/1471/801
f 806/1474/804 812/1493/813 811/1494/811 805/1475/800
f 807/1478/806 813/1495/814 812/1496/813 806/1479/804
f 808/1482/808 814/1497/815 813/1498/814 807/1483/806
f 809/1486/810 815/1499/816 814/1497/815 808/1482/808
f 810/1488/801 816/1500/812 815/1501/816 809/1489/810
f 811/1491/811 817/1502/817 822/1503/818 816/1492/812
f 812/1493/813 818/1504/819 817/1505/817 811/1494/811
f 813/1506/814 819/1507/820 818/1504/819 812/1493/813
f 814/1497/815 820/1508/821 819/1509/820 813/1498/814
f 815/1499/816 821/1510/822 820/1508/821 814/1497/815
f 816/1500/812 822/1511/818 821/1512/822 815/1501/816
f 817/1502/817 823/1513/823 828/1514/824 822/1503/818
f 818/1504/819 824/1515/825 823/1516/823 817/1505/817
f 819/1517/820 825/1518/826 824/1519/825 818/1520/819
f 820/1508/821 826/1521/827 825/1522/826 819/1509/820
f 821/1510/822 827/1523/828 826/1521/827 820/1508/821
f 822/1511/818 828/1524/824 827/1525/828 821/1512/822
f 823/1513/823 829/1526/829 834/1527/830 828/1514/824
f 824/1519/825 830/1528/831 829/1529/829 823/1530/823
f 825/1518/826 831/1531/832 830/1528/831 824/1519/825
f 826/1521/827 832/1532/833 831/1533/832 825/1522/826
f 827/1525/828 833/1534/834 832/1535/833 826/1536/827
f 828/1524/824 834/1537/830 833/1534/834 827/1525/828
f 835/1538/835 841/1539/836 846/1540/837 840/1541/838
f 836/1542/839 842/1543/840 841/1539/836 835/1538/835
f 837/1544/841 843/1545/842 842/1546/840 836/1547/839
f 838/1548/843 844/1549/844 843/1550/842 837/1551/841
f 839/1552/845 845/1553/846 844/1549/844 838/1548/843
f 840/1554/838 846/1555/837 845/1556/846 839/1557/845
f 841/1539/836 847/1558/847 852/1559/848 846/1540/837
f 842/1560/840 848/1561/849 847/1562/847 841/1563/836
f 843/1545/842 849/1564/850 848/1565/849 842/1546/840
f 844/1549/844 850/1566/851 849/1567/850 843/1550/842
f 845/1553/846 851/1568/852 850/1566/851 844/1549/844
f 846/1555/837 852/1569/848 851/1570/852 845/1556/846
f 847/1558/847 853/1571/853 858/1572/854 852/1559/848
f 848/1561/849 854/1573/855 853/1574/853 847/1562/847
f 849/1564/850 855/1575/856 854/1576/855 848/1565/849
f 850/1566/851 856/1577/857 855/1578/856 849/1567/850
f 851/1568/852 857/1579/858 856/1577/857 850/1566/851
f 852/1569/848 858/1580/854 857/1581/858 851/1570/852
f 853/1571/853 859/1582/859 864/1583/860 858/1572/854
f 854/1584/855 860/1585/861 859/1582/859 853/1571/853
f 855/1575/856 861/1586/862 860/1587/861 854/1576/855
f 856/1577/857 862/1588/863 861/1589/862 855/1578/856
f 857/1579/858 863/1590/864 862/1588/863 856/1577/857
f 858/1580/854 864/1591/860 863/1592/864 857/1581/858
f 859/1582/859 865/1593/865 870/1594/866 864/1583/860
f 860/1585/861 866/1595/867 865/1593/865 859/1582/859
f 861/1586/862 867/1596/868 866/1597/867 860/1587/861
f 862/1588/863 868/1598/869 867/1599/868 861/1589/862
f 863/1590/864 869/1600/870 868/1598/869 862/1588/863
f 864/1591/860 870/1601/866 869/1602/870 863/1592/864
f 871/1603/871 877/1604/872 882/1605/873 876/1606/874
f 872/1607/875 878/1608/876 877/1604/872 871/1603/871
f 873/1609/877 879/1610/878 878/1611/876 872/1612/875
f 874/1613/879 880/1614/880 879/1615/878 873/1616/877
f 875/1617/881 881/1618/882 880/1614/880 874/1613/879
f 876/1619/874 882/1620/873 881/1621/882 875/1622/881
f 877/1604/872 883/1623/883 888/1624/884 882/1605/873
f 878/1625/876 884/1626/885 883/1627/883 877/1628/872
f 879/1610/878 885/1629/886 884/1630/885 878/1611/876
f 880/1614/880 886/1631/887 885/1632/886 879/1615/878
f 881/1618/882 887/1633/888 886/1631/887 880/1614/880
f 882/1620/873 888/1634/884 887/1635/888 881/1621/882
f 883/1623/883 889/1636/889 894/1637/890 888/1624/884
f 884/1626/885 890/1638/891 889/1639/889 883/1627/883
f 885/1640/886 891/1641/892 890/1638/891 884/1626/885
f 886/1631/887 892/1642/893 891/1643/892 885/1632/886
f 887/1633/888 893/1644/894 892/1642/893 886/1631/887
f 888/1645/884 894/1646/890 893/1647/894 887/1648/888
f 889/1636/889 895/1649/895 900/1650/896 894/1637/890
f 890/1651/891 896/1652/897 895/1649/895 889/1636/889
f 891/1653/892 897/1654/898 896/1655/897 890/1656/891
f 892/1642/893 898/1657/899 897/1658/898 891/1643/892
f 893/1644/894 899/1659/900 898/1657/899 892/1642/893
f 894/1660/890 900/1661/896 899/1662/900 893/1663/894
f 895/1649/895 901/1664/901 906/1665/902 900/1650/896
f 896/1652/897 902/1666/903 901/1664/901 895/1649/895
f 897/1654/898 903/1667/904 902/1668/903 896/1655/897
f 898/1657/899 904/1669/905 903/1670/904 897/1658/898
f 899/1659/900 905/1671/906 904/1669/905 898/1657/899
f 900/1661/896 906/1672/902 905/1673/906 899/1662/900
f 907/1674/907 913/1675/908 918/1676/909 912/1677/910
f 908/1678/911 914/1679/912 913/1680/908 907/1681/907
f 909/1682/913 915/1683/914 914/1684/912 908/1685/911
f 910/1686/915 916/1687/916 915/1683/914 909/1682/913
f 911/1688/917 917/1689/918 916/1690/916 910/1691/915
f 912/1677/910 918/1676/909 917/1692/918 911/1693/917
f 913/1675/908 919/1694/919 924/1695/920 918/1676/909
f 914/1679/912 920/1696/921 919/1697/919 913/1680/908
f 915/1683/914 921/1698/922 920/1699/921 914/1684/912
f 916/1687/916 922/1700/923 921/1698/922 915/1683/914
f 917/1701/918 923/1702/924 922/1703/923 916/1704/916
f 918/1676/909 924/1695/920 923/1705/924 917/1692/918
f 919/1694/919 925/1706/925 930/1707/926 924/1695/920
f 920/1696/921 926/1708/927 925/1709/925 919/1697/919
f 921/1698/922 927/1710/928 926/1711/927 920/1699/921
f 922/1700/923 928/1712/929 927/1710/928 921/1698/922
f 923/1702/924 929/1713/930 928/1714/929 922/1703/923
f 924/1695/920 930/1707/926 929/1715/930 923/1705/924
f 925/1706/925 931/1716/931 936/1717/932 930/1707/926
f 926/1708/927 932/1718/933 931/1719/931 925/1709/925
f 927/1710/928 933/1720/934 932/1721/933 926/1711/927
f 928/1712/929 934/1722/935 933/1720/934 927/1710/928
f 929/1713/930 935/1723/936 934/1724/935 928/1714/929
f 930/1707/926 936/1717/932 935/1725/936 929/1715/930
f 931/1716/931 937/1726/937 942/1727/938 936/1717/932
f 932/1718/933 938/1728/939 937/1729/937 931/1719/931
f 933/1720/934 939/1730/940 938/1731/939 932/1721/933
f 934/1722/935 940/1732/941 939/1730/940 933/1720/934
f 935/1723/936 941/1733/942 940/1734/941 934/1724/935
f 936/1717/932 942/1727/938 941/1735/942 935/1725/936
f 943/1736/943 949/1737/944 954/1738/945 948/1739/946
f 944/1740/947 950/1741/948 949/1742/944 943/1743/943
f 945/1744/949 951/1745/950 950/1746/948 944/1747/947
f 946/1748/951 952/1749/952 951/1750/950 945/1751/949
f 947/1752/953 953/1753/954 952/1754/952 946/1755/951
f 948/1756/946 954/1757/945 953/1753/954 947/1752/953
f 949/1737/944 955/1758/955 960/1759/956 954/1738/945
f 950/1741/948 956/1760/957 955/1761/955 949/1742/944
f 951/1745/950 957/1762/958 956/1763/957 950/1746/948
f 952/1749/952 958/1764/959 957/1765/958 951/1750/950
f 953/1766/954 959/1767/960 958/1768/959 952/1769/952
f 954/1757/945 960/1770/956 959/1771/960 953/1753/954
f 955/1758/955 961/1772/961 966/1773/962 960/1759/956
f 956/1760/957 962/1774/963 961/1775/961 955/1761/955
f 957/1762/958 963/1776/964 962/1777/963 956/1763/957
f 958/1764/959 964/1778/965 963/1779/964 957/1765/958
f 959/1767/960 965/1780/966 964/1781/965 958/1768/959
f 960/1759/956 966/1773/962 965/1782/966 959/1783/960
f 961/1772/961 967/1784/967 972/1785/968 966/1773/962
f 962/1774/963 968/1786/969 967/1787/967 961/1775/961
f 963/1779/964 969/1788/970 968/1789/969 962/1790/963
f 964/1778/965 970/1791/971 969/1788/970 963/1779/964
f 965/1780/966 971/1792/972 970/1793/971 964/1781/965
f 966/1773/962 972/1785/968 971/1794/972 965/1782/966
f 967/1784/967 973/1795/973 978/1796/974 972/1785/968
f 968/1786/969 974/1797/975 973/1798/973 967/1787/967
f 969/1799/970 975/1800/976 974/1801/975 968/1802/969
f 970/1791/971 976/1803/977 975/1804/976 969/1788/970
f 971/1792/972 977/1805/978 976/1806/977 970/1793/971
f 972/1785/968 978/1796/974 977/1807/978 971/1794/972
f 979/1808/979 985/1809/980 990/1810/981 984/1811/982
f 980/1812/983 986/1813/984 985/1814/980 979/1815/979
f 981/1816/985 987/1817/986 986/1818/984 980/1819/983
f 982/1820/987 988/1821/988 987/1817/986 981/1816/985
f 983/1822/989 989/1823/990 988/1824/988 982/1825/987
f 984/1811/982 990/1810/981 989/1826/990 983/1827/989
f 985/1809/980 991/1828/991 996/1829/992 990/1810/981
f 986/1813/984 992/1830/993 991/1831/991 985/1814/980
f 987/1817/986 993/1832/994 992/1833/993 986/1818/984
f 988/1821/988 994/1834/995 993/1832/994 987/1817/986
f 989/1835/990 995/1836/996 994/1837/995 988/1838/988
f 990/1810/981 996/1829/992 995/1839/996 989/1826/990
f 991/1828/991 997/1840/997 1002/1841/998 996/1829/992
f 992/1830/993 998/1842/999 997/1843/997 991/1831/991
f 993/1832/994 999/1844/1000 998/1845/999 992/1833/993
f 994/1834/995 1000/1846/1001 999/1844/1000 993/1832/994
f 995/1836/996 1001/1847/1002 1000/1848/1001 994/1837/995
f 996/1829/992 1002/1841/998 1001/1849/1002 995/1839/996
f 997/1840/997 1003/1850/1003 1008/1851/1004 1002/1841/998
f 998/1842/999 1004/1852/1005 1003/1853/1003 997/1843/997
f 999/1844/1000 1005/1854/1006 1004/1855/1005 998/1845/999
f 1000/1846/1001 1006/1856/1007 1005/1854/1006 999/1844/1000
f 1001/1857/1002 1007/1858/1008 1006/1859/1007 1000/1860/1001
f 1002/1841/998 1008/1851/1004 1007/1861/1008 1001/1849/1002
f 1003/1850/1003 1009/1862/1009 1014/1863/1010 1008/1851/1004
f 1004/1852/1005 1010/1864/1011 1009/1865/1009 1003/1853/1003
f 1005/1854/1006 1011/1866/1012 1010/1867/1011 1004/1855/1005
f 1006/1856/1007 1012/1868/1013 1011/1866/1012 1005/1854/1006
f 1007/1858/1008 1013/1869/1014 1012/1870/1013 1006/1859/1007
f 1008/1851/1004 1014/1863/1010 1013/1871/1014 1007/1861/1008
f 1015/1872/1015 1021/1873/1016 1026/1874/1017 1020/1875/1018
f 1016/1876/1019 1022/1877/1020 1021/1878/1016 1015/1879/1015
f 1017/1880/1021 1023/1881/1022 1022/1882/1020 1016/1883/1019
f 1018/1884/1023 1024/1885/1024 1023/1881/1022 1017/1880/1021
f 1019/1886/1025 1025/1887/1026 1024/1888/1024 1018/1889/1023
f 1020/1875/1018 1026/1874/1017 1025/1890/1026 1019/1891/1025
f 1021/1873/1016 1027/1892/1027 1032/1893/1028 1026/1874/1017
f 1022/1894/1020 1028/1895/1029 1027/1896/1027 1021/1897/1016
f 1023/1881/1022 1029/1898/1030 1028/1899/1029 1022/1882/1020
f 1024/1885/1024 1030/1900/1031 1029/1898/1030 1023/1881/1022
f 1025/1887/1026 1031/1901/1032 1030/1902/1031 1024/1888/1024
f 1026/1874/1017 1032/1893/1028 1031/1903/1032 1025/1890/1026
f 1027/1896/1027 1033/1904/1033 1038/1905/1034 1032/1906/1028
f 1028/1895/1029 1034/1907/1035 1033/1904/1033 1027/1896/1027
f 1029/1898/1030 1035/1908/1036 1034/1909/1035 1028/1899/1029
f 1030/1900/1031 1036/1910/1037 1035/1908/1036 1029/1898/1030
f 1031/1911/1032 1037/1912/1038 1036/1913/1037 1030/1914/1031
f 1032/1893/1028 1038/1915/1034 1037/1916/1038 1031/1903/1032
f 1033/1917/1033 1039/1918/1039 1044/1919/1040 1038/1915/1034
f 1034/1907/1035 1040/1920/1041 1039/1921/1039 1033/1904/1033
f 1035/1908/1036 1041/1922/1042 1040/1923/1041 1034/1909/1035
f 1036/1910/1037 1042/1924/1043 1041/1922/1042 1035/1908/1036
f 1037/1925/1038 1043/1926/1044 1042/1927/1043 1036/1928/1037
f 1038/1915/1034 1044/1919/1040 1043/1929/1044 1037/1916/1038
f 1039/1918/1039 1045/1930/1045 1050/1931/1046 1044/1919/1040
f 1040/1932/1041 1046/1933/1047 1045/1934/1045 1039/1935/1039
f 1041/1922/1042 1047/1936/1048 1046/1937/1047 1040/1923/1041
f 1042/1924/1043 1048/1938/1049 1047/1936/1048 1041/1922/1042
f 1043/1926/1044 1049/1939/1050 1048/1940/1049 1042/1927/1043
f 1044/1919/1040 1050/1931/1046 1049/1941/1050 1043/1929/1044
f 1051/1942/1051 1057/1943/1052 1062/1944/1053 1056/1945/1054
f 1052/1946/1055 1058/1947/1056 1057/1948/1052 1051/1949/1051
f 1053/1950/1057 1059/1951/1058 1058/1952/1056 1052/1953/1055
f 1054/1954/1059 1060/1955/1060 1059/1951/1058 1053/1950/1057
f 1055/1956/1061 1061/1957/1062 1060/1958/1060 1054/1959/1059
f 1056/1945/1054 1062/1944/1053 1061/1960/1062 1055/1961/1061
f 1057/1943/1052 1063/1962/1063 1068/1963/1064 1062/1944/1053
f 1058/1947/1056 1064/1964/1065 1063/1965/1063 1057/1948/1052
f 1059/1951/1058 1065/1966/1066 1064/1967/1065 1058/1952/1056
f 1060/1955/1060 1066/1968/1067 1065/1966/1066 1059/1951/1058
f 1061/1957/1062 1067/1969/1068 1066/1970/1067 1060/1958/1060
f 1062/1944/1053 1068/1963/1064 1067/1971/1068 1061/1960/1062
f 1063/1962/1063 1069/1972/1069 1074/1973/1070 1068/1963/1064
f 1064/1964/1065 1070/1974/1071 1069/1975/1069 1063/1965/1063
f 1065/1976/1066 1071/1977/1072 1070/1974/1071 1064/1964/1065
f 1066/1968/1067 1072/1978/1073 1071/1979/1072 1065/1966/1066
f 1067/1969/1068 1073/1980/1074 1072/1981/1073 1066/1970/1067
f 1068/1963/1064 1074/1973/1070 1073/1982/1074 1067/1971/1068
f 1069/1972/1069 1075/1983/1075 1080/1984/1076 1074/1973/1070
f 1070/1974/1071 1076/1985/1077 1075/1986/1075 1069/1975/1069
f 1071/1977/1072 1077/1987/1078 1076/1985/1077 1070/1974/1071
f 1072/1978/1073 1078/1988/1079 1077/1989/1078 1071/1979/1072
f 1073/1980/1074 1079/1990/1080 1078/1991/1079 1072/1981/1073
f 1074/1973/1070 1080/1984/1076 1079/1992/1080 1073/1982/1074
f 1075/1983/1075 1081/1993/1081 1086/1994/1082 1080/1984/1076
f 1076/1985/1077 1082/1995/1083 1081/1996/1081 1075/1986/1075
f 1077/1989/1078 1083/1997/1084 1082/1998/1083 1076/1999/1077
f 1078/1988/1079 1084/2000/1085 1083/1997/1084 1077/1989/1078
f 1079/1990/1080 1085/2001/1086 1084/2002/1085 1078/1991/1079
f 1080/1984/1076 1086/1994/1082 1085/2003/1086 1079/1992/1080
f 1087/2004/1087 1093/2005/1088 1098/2006/1089 1092/2007/1090
f 1088/2008/1091 1094/2009/1092 1093/2010/1088 1087/2011/1087
f 1089/2012/1093 1095/2013/1094 1094/2014/1092 1088/2015/1091
f 1090/2016/1095 1096/2017/1096 1095/2013/1094 1089/2012/1093
f 1091/2018/1097 1097/2019/1098 1096/2020/1096 1090/2021/1095
f 1092/2022/1090 1098/2023/1089 1097/2019/1098 1091/2018/1097
f 1093/2005/1088 1099/2024/1099 1104/2025/1100 1098/2006/1089
f 1094/2009/1092 1100/2026/1101 1099/2027/1099 1093/2010/1088
f 1095/2013/1094 1101/2028/1102 1100/2029/1101 1094/2014/1092
f 1096/2017/1096 1102/2030/1103 1101/2028/1102 1095/2013/1094
f 1097/2019/1098 1103/2031/1104 1102/2032/1103 1096/2020/1096
f 1098/2023/1089 1104/2033/1100 1103/2031/1104 1097/2019/1098
f 1099/2024/1099 1105/2034/1105 1110/2035/1106 1104/2025/1100
f 1100/2026/1101 1106/2036/1107 1105/2037/1105 1099/2027/1099
f 1101/2038/1102 1107/2039/1108 1106/2036/1107 1100/2026/1101
f 1102/2030/1103 1108/2040/1109 1107/2041/1108 1101/2028/1102
f 1103/2031/1104 1109/2042/1110 1108/2043/1109 1102/2032/1103
f 1104/2033/1100 1110/2044/1106 1109/2042/1110 1103/2031/1104
f 1105/2034/1105 1111/2045/1111 1116/2046/1112 1110/2035/1106
f 1106/2036/1107 1112/2047/1113 1111/2048/1111 1105/2037/1105
f 1107/2039/1108 1113/2049/1114 1112/2047/1113 1106/2036/1107
f 1108/2040/1109 1114/2050/1115 1113/2051/1114 1107/2041/1108
f 1109/2042/1110 1115/2052/1116 1114/2053/1115 1108/2043/1109
f 1110/2044/1106 1116/2054/1112 1115/2052/1116 1109/2042/1110
f 1111/2045/1111 1117/2055/1117 1122/2056/1118 1116/2046/1112
f 1112/2047/1113 1118/2057/1119 1117/2058/1117 1111/2048/1111
f 1113/2049/1114 1119/2059/1120 1118/2057/1119 1112/2047/1113
f 1114/2050/1115 1120/2060/1121 1119/2061/1120 1113/2051/1114
f 1115/2052/1116 1121/2062/1122 1120/2063/1121 1114/2053/1115
f 1116/2054/1112 1122/2064/1118 1121/2062/1122 1115/2052/1116
f 1123/2065/1123 1129/2066/1124 1134/2067/1125 1128/2068/1126
f 1124/2069/1127 1130/2070/1128 1129/2071/1124 1123/2072/1123
f 1125/2073/1129 1131/2074/1130 1130/2075/1128 1124/2076/1127
f 1126/2077/1131 1132/2078/1132 1131/2074/1130 1125/2073/1129
f 1127/2079/1133 1133/2080/1134 1132/2081/1132 1126/2082/1131
f 1128/2068/1126 1134/2067/1125 1133/2083/1134 1127/2084/1133
f 1129/2085/1124 1135/2086/1135 1140/2087/1136 1134/2088/1125
f 1130/2070/1128 1136/2089/1137 1135/2090/1135 1129/2071/1124
f 1131/2091/1130 1137/2092/1138 1136/2089/1137 1130/2070/1128
f 1132/2093/1132 1138/2094/1139 1137/2095/1138 1131/2096/1130
f 1133/2097/1134 1139/2098/1140 1138/2099/1139 1132/2100/1132
f 1134/2101/1125 1140/2102/1136 1139/2098/1140 1133/2097/1134
f 1135/2103/1135 1141/2104/1141 1146/2105/1142 1140/2106/1136
f 1136/2089/1137 1142/2107/1143 1141/2108/1141 1135/2090/1135
f 1137/2092/1138 1143/2109/1144 1142/2107/1143 1136/2089/1137
f 1138/2094/1139 1144/2110/1145 1143/2111/1144 1137/2095/1138
f 1139/2098/1140 1145/2112/1146 1144/2113/1145 1138/2099/1139
f 1140/2102/1136 1146/2114/1142 1145/2112/1146 1139/2098/1140
f 1141/2115/1141 1147/2116/1147 1152/2117/1148 1146/2118/1142
f 1142/2107/1143 1148/2119/1149 1147/2120/1147 1141/2108/1141
f 1143/2109/1144 1149/2121/1150 1148/2119/1149 1142/2107/1143
f 1144/2110/1145 1150/2122/1151 1149/2123/1150 1143/2111/1144
f 1145/2112/1146 1151/2124/1152 1150/2125/1151 1144/2113/1145
f 1146/2114/1142 1152/2126/1148 1151/2124/1152 1145/2112/1146
f 1147/2116/1147 1153/2127/1153 1158/2128/1154 1152/2117/1148
f 1148/2119/1149 1154/2129/1155 1153/2130/1153 1147/2120/1147
f 1149/2121/1150 1155/2131/1156 1154/2129/1155 1148/2119/1149
f 1150/2122/1151 1156/2132/1157 1155/2133/1156 1149/2123/1150
f 1151/2124/1152 1157/2134/1158 1156/2135/1157 1150/2125/1151
f 1152/2126/1148 1158/2136/1154 1157/2134/1158 1151/2124/1152
f 1159/2137/1159 1165/2138/1160 1170/2139/1161 1164/2140/1162
f 1160/2141/1163 1166/2142/1164 1165/2143/1160 1159/2144/1159
f 1161/2145/1165 1167/2146/1166 1166/2142/1164 1160/2141/1163
f 1162/2147/1167 1168/2148/1168 1167/2149/1166 1161/2150/1165
f 1163/2151/1169 1169/2152/1170 1168/2153/1168 1162/2154/1167
f 1164/2155/1162 1170/2156/1161 1169/2152/1170 1163/2151/1169
f 1165/2138/1160 1171/2157/1171 1176/2158/1172 1170/2139/1161
f 1166/2142/1164 1172/2159/1173 1171/2160/1171 1165/2143/1160
f 1167/2146/1166 1173/2161/1174 1172/2159/1173 1166/2142/1164
f 1168/2148/1168 1174/2162/1175 1173/2163/1174 1167/2149/1166
f 1169/2152/1170 1175/2164/1176 1174/2165/1175 1168/2153/1168
f 1170/2156/1161 1176/2166/1172 1175/2164/1176 1169/2152/1170
f 1171/2157/1171 1177/2167/1177 1182/2168/1178 1176/2158/1172
f 1172/2159/1173 1178/2169/1179 1177/2170/1177 1171/2160/1171
f 1173/2161/1174 1179/2171/1180 1178/2169/1179 1172/2159/1173
f 1174/2162/1175 1180/2172/1181 1179/2173/1180 1173/2163/1174
f 1175/2164/1176 1181/2174/1182 1180/2175/1181 1174/2165/1175
f 1176/2166/1172 1182/2176/1178 1181/2174/1182 1175/2164/1176
f 1177/2167/1177 1183/2177/1183 1188/2178/1184 1182/2168/1178
f 1178/2169/1179 1184/2179/1185 1183/2180/1183 1177/2170/1177
f 1179/2171/1180 1185/2181/1186 1184/2179/1185 1178/2169/1179
f 1180/2172/1181 1186/2182/1187 1185/2183/1186 1179/2173/1180
f 1181/2174/1182 1187/2184/1188 1186/2185/1187 1180/2175/1181
f 1182/2176/1178 1188/2186/1184 1187/2184/1188 1181/2174/1182
f 1183/2177/1183 1189/2187/1189 1194/2188/1190 1188/2178/1184
f 1184/2179/1185 1190/2189/1191 1189/2190/1189 1183/2180/1183
f 1185/2181/1186 1191/2191/1192 1190/2189/1191 1184/2179/1185
f 1186/2182/1187 1192/2192/1193 1191/2193/1192 1185/2183/1186
f 1187/2184/1188 1193/2194/1194 1192/2195/1193 1186/2185/1187
f 1188/2186/1184 1194/2196/1190 1193/2194/1194 1187/2184/1188
f 1195/2197/1195 1201/2198/1196 1206/2199/1197 1200/2200/1198
f 1196/2201/1199 1202/2202/1200 1201/2203/1196 1195/2204/1195
f 1197/2205/1201 1203/2206/1202 1202/2207/1200 1196/2208/1199
f 1198/2209/1203 1204/2210/1204 1203/2211/1202 1197/2212/1201
f 1199/2213/1205 1205/2214/1206 1204/2215/1204 1198/2216/1203
f 1200/2217/1198 1206/2218/1197 1205/2214/1206 1199/2213/1205
f 1201/2198/1196 1207/2219/1207 1212/2220/1208 1206/2199/1197
f 1202/2207/1200 1208/2221/1209 1207/2222/1207 1201/2223/1196
f 1203/2206/1202 1209/2224/1210 1208/2221/1209 1202/2207/1200
f 1204/2210/1204 1210/2225/1211 1209/2226/1210 1203/2211/1202
f 1205/2214/1206 1211/2227/1212 1210/2228/1211 1204/2215/1204
f 1206/2218/1197 1212/2229/1208 1211/2227/1212 1205/2214/1206
f 1207/2219/1207 1213/2230/1213 1218/2230/1214 1212/2220/1208
f 1208/2231/1209 1214/2232/1215 1213/2232/1213 1207/2233/1207
f 1209/2226/1210 1215/2234/1216 1214/2234/1215 1208/2235/1209
f 1210/2225/1211 1216/2234/1217 1215/2234/1216 1209/2226/1210
f 1211/2236/1212 1217/2237/1218 1216/2237/1217 1210/2238/1211
f 1212/2220/1208 1218/2230/1214 1217/2230/1218 1211/2239/1212
f 1219/2240/1219 1225/2241/1220 1230/2242/1221 1224/2243/1222
f 1220/2244/1223 1226/2245/1224 1225/2246/1220 1219/2247/1219
f 1221/2248/1225 1227/2249/1226 1226/2250/1224 1220/2251/1223
f 1222/2252/1227 1228/2253/1228 1227/2249/1226 1221/2248/1225
f 1223/2254/1229 1229/2255/1230 1228/2256/1228 1222/2257/1227
f 1224/2243/1222 1230/2242/1221 1229/2258/1230 1223/2259/1229
f 1225/2241/1220 1231/2260/1231 1236/2261/1232 1230/2242/1221
f 1226/2245/1224 1232/2262/1233 1231/2263/1231 1225/2246/1220
f 1227/2249/1226 1233/2264/1234 1232/2265/1233 1226/2250/1224
f 1228/2253/1228 1234/2266/1235 1233/2264/1234 1227/2249/1226
f 1229/2255/1230 1235/2267/1236 1234/2268/1235 1228/2256/1228
f 1230/2242/1221 1236/2261/1232 1235/2269/1236 1229/2258/1230
f 1231/2260/1231 1237/2270/1237 1242/2270/1238 1236/2261/1232
f 1232/2262/1233 1238/2271/1239 1237/2271/1237 1231/2263/1231
f 1233/2272/1234 1239/2273/1240 1238/2273/1239 1232/2274/1233
f 1234/2266/1235 1240/2275/1241 1239/2275/1240 1233/2264/1234
f 1235/2276/1236 1241/2277/1242 1240/2277/1241 1234/2278/1235
f 1236/2279/1232 1242/2277/1238 1241/2277/1242 1235/2276/1236
f 1243/2280/1243 1249/2281/1244 1254/2282/1245 1248/2283/1246
f 1244/2284/1247 1250/2285/1248 1249/2286/1244 1243/2287/1243
f 1245/2288/1249 1251/2289/1250 1250/2290/1248 1244/2291/1247
f 1246/2292/1251 1252/2293/1252 1251/2289/1250 1245/2288/1249
f 1247/2294/1253 1253/2295/1254 1252/2296/1252 1246/2297/1251
f 1248/2283/1246 1254/2282/1245 1253/2298/1254 1247/2299/1253
f 1249/2281/1244 1255/2300/1255 1260/2301/1256 1254/2282/1245
f 1250/2285/1248 1256/2302/1257 1255/2303/1255 1249/2286/1244
f 1251/2289/1250 1257/2304/1258 1256/2305/1257 1250/2290/1248
f 1252/2293/1252 1258/2306/1259 1257/2304/1258 1251/2289/1250
f 1253/2295/1254 1259/2307/1260 1258/2308/1259 1252/2296/1252
f 1254/2282/1245 1260/2301/1256 1259/2309/1260 1253/2298/1254
f 1255/2310/1255 1261/2311/1261 1266/2311/1262 1260/2312/1256
f 1256/2313/1257 1262/2311/1263 1261/2311/1261 1255/2310/1255
f 1257/2304/1258 1263/2314/1264 1262/2314/1263 1256/2305/1257
f 1258/2306/1259 1264/2314/1265 1263/2314/1264 1257/2304/1258
f 1259/2307/1260 1265/2315/1266 1264/2315/1265 1258/2308/1259
f 1260/2301/1256 1266/2316/1262 1265/2316/1266 1259/2309/1260
f 1267/2317/1267 1273/2318/1268 1278/2319/1269 1272/2320/1270
f 1268/2321/1271 1274/2322/1272 1273/2318/1268 1267/2317/1267
f 1269/2323/1273 1275/2324/1274 1274/2325/1272 1268/2326/1271
f 1270/2327/1275 1276/2328/1276 1275/2329/1274 1269/2330/1273
f 1271/2331/1277 1277/2332/1278 1276/2328/1276 1270/2327/1275
f 1272/2333/1270 1278/2334/1269 1277/2335/1278 1271/2336/1277
f 1273/2318/1268 1279/2337/1279 1284/2338/1280 1278/2319/1269
f 1274/2322/1272 1280/2339/1281 1279/2337/1279 1273/2318/1268
f 1275/2324/1274 1281/2340/1282 1280/2341/1281 1274/2325/1272
f 1276/2328/1276 1282/2342/1283 1281/2343/1282 1275/2329/1274
f 1277/2332/1278 1283/2344/1284 1282/2342/1283 1276/2328/1276
f 1278/2334/1269 1284/2345/1280 1283/2346/1284 1277/2335/1278
f 1279/2337/1279 1285/2347/1285 1290/2347/1286 1284/2338/1280
f 1280/2348/1281 1286/2349/1287 1285/2349/1285 1279/2350/1279
f 1281/2340/1282 1287/2351/1288 1286/2351/1287 1280/2341/1281
f 1282/2352/1283 1288/2351/1289 1287/2351/1288 1281/2340/1282
f 1283/2344/1284 1289/2353/1290 1288/2353/1289 1282/2342/1283
f 1284/2345/1280 1290/2354/1286 1289/2354/1290 1283/2346/1284
f 1291/2355/1291 1297/2356/1292 1302/2357/1293 1296/2358/1294
f 1292/2359/1295 1298/2360/1296 1297/2361/1292 1291/2362/1291
f 1293/2363/1297 1299/2364/1298 1298/2365/1296 1292/2366/1295
f 1294/2367/1299 1300/2368/1300 1299/2369/1298 1293/2370/1297
f 1295/2371/1301 1301/2372/1302 1300/2368/1300 1294/2367/1299
f 1296/2358/1294 1302/2357/1293 1301/2373/1302 1295/2374/1301
f 1297/2356/1292 1303/2375/1303 1308/2376/1304 1302/2357/1293
f 1298/2360/1296 1304/2377/1305 1303/2378/1303 1297/2361/1292
f 1299/2364/1298 1305/2379/1306 1304/2380/1305 1298/2365/1296
f 1300/2368/1300 1306/2381/1307 1305/2382/1306 1299/2369/1298
f 1301/2372/1302 1307/2383/1308 1306/2381/1307 1300/2368/1300
f 1302/2357/1293 1308/2376/1304 1307/2384/1308 1301/2373/1302
f 1303/2378/1303 1309/2385/1309 1314/2385/1310 1308/2386/1304
f 1304/2377/1305 1310/2385/1311 1309/2385/1309 1303/2378/1303
f 1305/2379/1306 1311/2387/1312 1310/2387/1311 1304/2380/1305
f 1306/2381/1307 1312/2388/1313 1311/2388/1312 1305/2382/1306
f 1307/2383/1308 1313/2388/1314 1312/2388/1313 1306/2381/1307
f 1308/2376/1304 1314/2389/1310 1313/2389/1314 1307/2384/1308
f 1315/2390/1315 1321/2391/1316 1326/2392/1317 1320/2393/1318
f 1316/2394/1319 1322/2395/1320 1321/2396/1316 1315/2397/1315
f 1317/2398/1321 1323/2399/1322 1322/2400/1320 1316/2401/1319
f 1318/2402/1323 1324/2403/1324 1323/2399/1322 1317/2398/1321
f 1319/2404/1325 1325/2405/1326 1324/2406/1324 1318/2407/1323
f 1320/2393/1318 1326/2392/1317 1325/2408/1326 1319/2409/1325
f 1321/2391/1316 1327/2410/1327 1332/2411/1328 1326/2392/1317
f 1322/2395/1320 1328/2412/1329 1327/2413/1327 1321/2396/1316
f 1323/2399/1322 1329/2414/1330 1328/2415/1329 1322/2400/1320
f 1324/2403/1324 1330/2416/1331 1329/2414/1330 1323/2399/1322
f 1325/2405/1326 1331/2417/1332 1330/2418/1331 1324/2406/1324
f 1326/2392/1317 1332/2411/1328 1331/2419/1332 1325/2408/1326
f 1327/2410/1327 1333/2420/1333 1338/2420/1334 1332/2411/1328
f 1328/2412/1329 1334/2421/1335 1333/2421/1333 1327/2413/1327
f 1329/2414/1330 1335/2422/1336 1334/2422/1335 1328/2415/1329
f 1330/2416/1331 1336/2422/1337 1335/2422/1336 1329/2414/1330
f 1331/2417/1332 1337/2423/1338 1336/2423/1337 1330/2418/1331
f 1332/2411/1328 1338/2420/1334 1337/2420/1338 1331/2419/1332
f 1339/2424/1339 1345/2425/1340 1350/2426/1341 1344/2427/1342
f 1340/2428/1343 1346/2429/1344 1345/2430/1340 1339/2431/1339
f 1341/2432/1345 1347/2433/1346 1346/2429/1344 1340/2428/1343
f 1342/2434/1347 1348/2435/1348 1347/2436/1346 1341/2437/1345
f 1343/2438/1349 1349/2439/1350 1348/2440/1348 1342/2441/1347
f 1344/2442/1342 1350/2443/1341 1349/2439/1350 1343/2438/1349
f 1345/2425/1340 1351/2444/1351 1356/2445/1352 1350/2426/1341
f 1346/2429/1344 1352/2446/1353 1351/2447/1351 1345/2430/1340
f 1347/2433/1346 1353/2448/1354 1352/2446/1353 1346/2429/1344
f 1348/2435/1348 1354/2449/1355 1353/2450/1354 1347/2436/1346
f 1349/2439/1350 1355/2451/1356 1354/2452/1355 1348/2440/1348
f 1350/2443/1341 1356/2453/1352 1355/2451/1356 1349/2439/1350
f 1351/2444/1351 1357/2454/1357 1362/2454/1358 1356/2445/1352
f 1352/2455/1353 1358/2456/1359 1357/2456/1357 1351/2457/1351
f 1353/2458/1354 1359/2456/1360 1358/2456/1359 1352/2455/1353
f 1354/2449/1355 1360/2459/1361 1359/2459/1360 1353/2450/1354
f 1355/2460/1356 1361/2461/1362 1360/2461/1361 1354/2462/1355
f 1356/2445/1352 1362/2454/1358 1361/2454/1362 1355/2463/1356
f 1363/2464/1363 1369/2465/1364 1374/2466/1365 1368/2467/1366
f 1364/2468/1367 1370/2469/1368 1369/2470/1364 1363/2471/1363
f 1365/2472/1369 1371/2473/1370 1370/2474/1368 1364/2475/1367
f 1366/2476/1371 1372/2477/1372 1371/2473/1370 1365/2472/1369
f 1367/2478/1373 1373/2479/1374 1372/2480/1372 1366/2481/1371
f 1368/2467/1366 1374/2466/1365 1373/2482/1374 1367/2483/1373
f 1369/2465/1364 1375/2484/1375 1380/2485/1376 1374/2466/1365
f 1370/2469/1368 1376/2486/1377 1375/2487/1375 1369/2470/1364
f 1371/2473/1370 1377/2488/1378 1376/2489/1377 1370/2474/1368
f 1372/2477/1372 1378/2490/1379 1377/2488/1378 1371/2473/1370
f 1373/2479/1374 1379/2491/1380 1378/2492/1379 1372/2480/1372
f 1374/2466/1365 1380/2485/1376 1379/2493/1380 1373/2482/1374
f 1375/2484/1375 1381/2494/1381 1386/2494/1382 1380/2485/1376
f 1376/2486/1377 1382/2495/1383 1381/2495/1381 1375/2487/1375
f 1377/2488/1378 1383/2496/1384 1382/2496/1383 1376/2489/1377
f 1378/2490/1379 1384/2496/1385 1383/2496/1384 1377/2488/1378
f 1379/2491/1380 1385/2497/1386 1384/2497/1385 1378/2492/1379
f 1380/2498/1376 1386/2497/1382 1385/2497/1386 1379/2491/1380
f 1387/2499/1387 1393/2500/1388 1398/2501/1389 1392/2502/1390
f 1388/2503/1391 1394/2504/1392 1393/2505/1388 1387/2506/1387
f 1389/2507/1393 1395/2508/1394 1394/2509/1392 1388/2510/1391
f 1390/2511/1395 1396/2512/1396 1395/2513/1394 1389/2514/1393
f 1391/2515/1397 1397/2516/1398 1396/2517/1396 1390/2518/1395
f 1392/2519/1390 1398/2520/1389 1397/2516/1398 1391/2515/1397
f 1393/2500/1388 1399/2521/1399 1404/2522/1400 1398/2501/1389
f 1394/2504/1392 1400/2523/1401 1399/2524/1399 1393/2505/1388
f 1395/2508/1394 1401/2525/1402 1400/2526/1401 1394/2509/1392
f 1396/2512/1396 1402/2527/1403 1401/2528/1402 1395/2513/1394
f 1397/2516/1398 1403/2529/1404 1402/2530/1403 1396/2517/1396
f 1398/2520/1389 1404/2531/1400 1403/2529/1404 1397/2516/1398
f 1399/2521/1399 1405/2532/1405 1410/2532/1406 1404/2522/1400
f 1400/2523/1401 1406/2533/1407 1405/2533/1405 1399/2524/1399
f 1401/2528/1402 1407/2534/1408 1406/2534/1407 1400/2535/1401
f 1402/2527/1403 1408/2534/1409 1407/2534/1408 1401/2528/1402
f 1403/2536/1404 1409/2537/1410 1408/2537/1409 1402/2538/1403
f 1404/2531/1400 1410/2539/1406 1409/2539/1410 1403/2529/1404
f 1411/2540/1411 1417/2541/1412 1422/2542/1413 1416/2543/1414
f 1412/2544/1415 1418/2545/1416 1417/2546/1412 1411/2547/1411
f 1413/2548/1417 1419/2549/1418 1418/2550/1416 1412/2551/1415
f 1414/2552/1419 1420/2553/1420 1419/2549/1418 1413/2548/1417
f 1415/2554/1421 1421/2555/1422 1420/2556/1420 1414/2557/1419
f 1416/2558/1414 1422/2559/1413 1421/2555/1422 1415/2554/1421
f 1417/2541/1412 1423/2560/1423 1428/2561/1424 1422/2542/1413
f 1418/2545/1416 1424/2562/1425 1423/2563/1423 1417/2546/1412
f 1419/2549/1418 1425/2564/1426 1424/2565/1425 1418/2550/1416
f 1420/2553/1420 1426/2566/1427 1425/2564/1426 1419/2549/1418
f 1421/2555/1422 1427/2567/1428 1426/2568/1427 1420/2556/1420
f 1422/2569/1413 1428/2570/1424 1427/2571/1428 1421/2572/1422
f 1423/2560/1423 1429/2573/1429 1434/2573/1430 1428/2561/1424
f 1424/2562/1425 1430/2574/1431 1429/2574/1429 1423/2563/1423
f 1425/2564/1426 1431/2575/1432 1430/2575/1431 1424/2565/1425
f 1426/2566/1427 1432/2575/1433 1431/2575/1432 1425/2564/1426
f 1427/2567/1428 1433/2576/1434 1432/2576/1433 1426/2568/1427
f 1428/2570/1424 1434/2577/1430 1433/2577/1434 1427/2571/1428
f 1435/2578/1435 1441/2579/1436 1446/2580/1437 1440/2581/1438
f 1436/2582/1439 1442/2583/1440 1441/2584/1436 1435/2585/1435
f 1437/2586/1441 1443/2587/1442 1442/2588/1440 1436/2589/1439
f 1438/2590/1443 1444/2591/1444 1443/2587/1442 1437/2586/1441
f 1439/2592/1445 1445/2593/1446 1444/2594/1444 1438/2595/1443
f 1440/2581/1438 1446/2580/1437 1445/2596/1446 1439/2597/1445
f 1441/2579/1436 1447/2598/1447 1452/2599/1448 1446/2580/1437
f 1442/2583/1440 1448/2600/1449 1447/2601/1447 1441/2584/1436
f 1443/2587/1442 1449/2602/1450 1448/2603/1449 1442/2588/1440
f 1444/2591/1444 1450/2604/1451 1449/2602/1450 1443/2587/1442
f 1445/2593/1446 1451/2605/1452 1450/2606/1451 1444/2594/1444
f 1446/2580/1437 1452/2599/1448 1451/2607/1452 1445/2596/1446
f 1447/2598/1447 1453/2608/1453 1458/2608/1454 1452/2599/1448
f 1448/2600/1449 1454/2609/1455 1453/2609/1453 1447/2601/1447
f 1449/2602/1450 1455/2610/1456 1454/2610/1455 1448/2603/1449
f 1450/2604/1451 1456/2610/1457 1455/2610/1456 1449/2602/1450
f 1451/2605/1452 1457/2611/1458 1456/2611/1457 1450/2606/1451
f 1452/2599/1448 1458/2608/1454 1457/2608/1458 1451/2607/1452
f 1459/2612/1459 1465/2613/1460 1470/2614/1461 1464/2615/1462
f 1460/2616/1463 1466/2617/1464 1465/2618/1460 1459/2619/1459
f 1461/2620/1465 1467/2621/1466 1466/2617/1464 1460/2616/1463
f 1462/2622/1467 1468/2623/1468 1467/2624/1466 1461/2625/1465
f 1463/2626/1469 1469/2627/1470 1468/2628/1468 1462/2629/1467
f 1464/2630/1462 1470/2631/1461 1469/2627/1470 1463/2626/1469
f 1465/2632/1460 1471/2633/1471 1476/2634/1472 1470/2635/1461
f 1466/2617/1464 1472/2636/1473 1471/2637/1471 1465/2618/1460
f 1467/2621/1466 1473/2638/1474 1472/2636/1473 1466/2617/1464
f 1468/2623/1468 1474/2639/1475 1473/2640/1474 1467/2624/1466
f 1469/2627/1470 1475/2641/1476 1474/2642/1475 1468/2628/1468
f 1470/2631/1461 1476/2643/1472 1475/2641/1476 1469/2627/1470
f 1471/2633/1471 1477/2644/1477 1482/2644/1478 1476/2634/1472
f 1472/2636/1473 1478/2645/1479 1477/2645/1477 1471/2637/1471
f 1473/2638/1474 1479/2645/1480 1478/2645/1479 1472/2636/1473
f 1474/2639/1475 1480/2646/1481 1479/2646/1480 1473/2640/1474
f 1475/2641/1476 1481/2647/1482 1480/2647/1481 1474/2642/1475
f 1476/2643/1472 1482/2647/1478 1481/2647/1482 1475/2641/1476
f 1483/2648/1483 1489/2649/1484 1494/2650/1485 1488/2651/1486
f 1484/2652/1487 1490/2653/1488 1489/2654/1484 1483/2655/1483
f 1485/2656/1489 1491/2657/1490 1490/2658/1488 1484/2659/1487
f 1486/2660/1491 1492/2661/1492 1491/2662/1490 1485/2663/1489
f 1487/2664/1493 1493/2665/1494 1492/2666/1492 1486/2667/1491
f 1488/2651/1486 1494/2650/1485 1493/2668/1494 1487/2669/1493
f 1489/2649/1484 1495/2670/1495 1500/2671/1496 1494/2650/1485
f 1490/2653/1488 1496/2672/1497 1495/2673/1495 1489/2654/1484
f 1491/2657/1490 1497/2674/1498 1496/2675/1497 1490/2658/1488
f 1492/2676/1492 1498/2677/1499 1497/2674/1498 1491/2657/1490
f 1493/2665/1494 1499/2678/1500 1498/2679/1499 1492/2666/1492
f 1494/2650/1485 1500/2671/1496 1499/2680/1500 1493/2668/1494
f 1495/2670/1495 1501/2681/1501 1506/2681/1502 1500/2671/1496
f 1496/2672/1497 1502/2682/1503 1501/2682/1501 1495/2673/1495
f 1497/2683/1498 1503/2682/1504 1502/2682/1503 1496/2672/1497
f 1498/2677/1499 1504/2684/1505 1503/2684/1504 1497/2674/1498
f 1499/2678/1500 1505/2685/1506 1504/2685/1505 1498/2679/1499
f 1500/2686/1496 1506/2685/1502 1505/2685/1506 1499/2678/1500
f 1507/2687/1507 1513/2688/1508 1518/2689/1509 1512/2690/1510
f 1508/2691/1511 1514/2692/1512 1513/2693/1508 1507/2694/1507
f 1509/2695/1513 1515/2696/1514 1514/2697/1512 1508/2698/1511
f 1510/2699/1515 1516/2700/1516 1515/2696/1514 1509/2695/1513
f 1511/2701/1517 1517/2702/1518 1516/2703/1516 1510/2704/1515
f 1512/2690/1510 1518/2689/1509 1517/2705/1518 1511/2706/1517
f 1513/2688/1508 1519/2707/1519 1524/2708/1520 1518/2689/1509
f 1514/2692/1512 1520/2709/1521 1519/2710/1519 1513/2693/1508
f 1515/2696/1514 1521/2711/1522 1520/2712/1521 1514/2697/1512
f 1516/2700/1516 1522/2713/1523 1521/2711/1522 1515/2696/1514
f 1517/2702/1518 1523/2714/1524 1522/2715/1523 1516/2703/1516
f 1518/2689/1509 1524/2708/1520 1523/2716/1524 1517/2705/1518
f 1519/2707/1519 1525/2717/1525 1530/2717/1526 1524/2708/1520
f 1520/2709/1521 1526/2718/1527 1525/2718/1525 1519/2710/1519
f 1521/2711/1522 1527/2719/1528 1526/2719/1527 1520/2712/1521
f 1522/2715/1523 1528/2720/1529 1527/2720/1528 1521/2721/1522
f 1523/2714/1524 1529/2720/1530 1528/2720/1529 1522/2715/1523
f 1524/2708/1520 1530/2717/1526 1529/2717/1530 1523/2716/1524
f 1531/2722/1531 1537/2723/1532 1542/2724/1533 1536/2725/1534
f 1532/2726/1535 1538/2727/1536 1537/2728/1532 1531/2729/1531
f 1533/2730/1537 1539/2731/1538 1538/2732/1536 1532/2733/1535
f 1534/2734/1539 1540/2735/1540 1539/2731/1538 1533/2730/1537
f 1535/2736/1541 1541/2737/1542 1540/2738/1540 1534/2739/1539
f 1536/2725/1534 1542/2724/1533 1541/2740/1542 1535/2741/1541
f 1537/2723/1532 1543/2742/1543 1548/2743/1544 1542/2724/1533
f 1538/2727/1536 1544/2744/1545 1543/2745/1543 1537/2728/1532
f 1539/2731/1538 1545/2746/1546 1544/2747/1545 1538/2732/1536
f 1540/2735/1540 1546/2748/1547 1545/2746/1546 1539/2731/1538
f 1541/2737/1542 1547/2749/1548 1546/2750/1547 1540/2738/1540
f 1542/2724/1533 1548/2743/1544 1547/2751/1548 1541/2740/1542
f 1543/2742/1543 1549/2752/1549 1554/2752/1550 1548/2743/1544
f 1544/2744/1545 1550/2753/1551 1549/2753/1549 1543/2745/1543
f 1545/2746/1546 1551/2754/1552 1550/2754/1551 1544/2747/1545
f 1546/2748/1547 1552/2754/1553 1551/2754/1552 1545/2746/1546
f 1547/2749/1548 1553/2755/1554 1552/2755/1553 1546/2750/1547
f 1548/2743/1544 1554/2752/1550 1553/2752/1554 1547/2751/1548
f 1555/2756/1555 1561/2757/1556 1566/2758/1557 1560/2759/1558
f 1556/2760/1559 1562/2761/1560 1561/2762/1556 1555/2763/1555
f 1557/2764/1561 1563/2765/1562 1562/2766/1560 1556/2767/1559
f 1558/2768/1563 1564/2769/1564 1563/2770/1562 1557/2771/1561
f 1559/2772/1565 1565/2773/1566 1564/2769/1564 1558/2768/1563
f 1560/2759/1558 1566/2758/1557 1565/2774/1566 1559/2775/1565
f 1561/2757/1556 1567/2776/1567 1572/2777/1568 1566/2758/1557
f 1562/2761/1560 1568/2778/1569 1567/2779/1567 1561/2762/1556
f 1563/2765/1562 1569/2780/1570 1568/2781/1569 1562/2766/1560
f 1564/2769/1564 1570/2782/1571 1569/2783/1570 1563/2770/1562
f 1565/2773/1566 1571/2784/1572 1570/2782/1571 1564/2769/1564
f 1566/2758/1557 1572/2777/1568 1571/2785/1572 1565/2774/1566
f 1567/2776/1567 1573/2786/1573 1578/2786/1574 1572/2777/1568
f 1568/2778/1569 1574/2787/1575 1573/2787/1573 1567/2779/1567
f 1569/2780/1570 1575/2788/1576 1574/2788/1575 1568/2781/1569
f 1570/2782/1571 1576/2789/1577 1575/2789/1576 1569/2783/1570
f 1571/2784/1572 1577/2789/1578 1576/2789/1577 1570/2782/1571
f 1572/2777/1568 1578/2786/1574 1577/2786/1578 1571/2785/1572
f 1579/2790/1579 1585/2791/1580 1590/2792/1581 1584/2793/1582
f 1580/2794/1583 1586/2795/1584 1585/2791/1580 1579/2790/1579
f 1581/2796/1585 1587/2797/1586 1586/2798/1584 1580/2799/1583
f 1582/2800/1587 1588/2801/1588 1587/2802/1586 1581/2803/1585
f 1583/2804/1589 1589/2805/1590 1588/2801/1588 1582/2800/1587
f 1584/2806/1582 1590/2807/1581 1589/2808/1590 1583/2809/1589
f 1585/2791/1580 1591/2810/1591 1596/2811/1592 1590/2792/1581
f 1586/2795/1584 1592/2812/1593 1591/2810/1591 1585/2791/1580
f 1587/2797/1586 1593/2813/1594 1592/2814/1593 1586/2798/1584
f 1588/2801/1588 1594/2815/1595 1593/2816/1594 1587/2802/1586
f 1589/2805/1590 1595/2817/1596 1594/2815/1595 1588/2801/1588
f 1590/2807/1581 1596/2818/1592 1595/2819/1596 1589/2808/1590
f 1591/2810/1591 1597/2820/1597 1602/2820/1598 1596/2811/1592
f 1592/2812/1593 1598/2820/1599 1597/2820/1597 1591/2810/1591
f 1593/2813/1594 1599/2821/1600 1598/2821/1599 1592/2814/1593
f 1594/2815/1595 1600/2822/1601 1599/2822/1600 1593/2816/1594
f 1595/2817/1596 1601/2822/1602 1600/2822/1601 1594/2815/1595
f 1596/2818/1592 1602/2823/1598 1601/2823/1602 1595/2819/1596
f 1603/2824/1603 1609/2825/1604 1614/2826/1605 1608/2827/1606
f 1604/2828/1607 1610/2829/1608 1609/2825/1604 1603/2824/1603
f 1605/2830/1609 1611/2831/1610 1610/2832/1608 1604/2833/1607
f 1606/2834/1611 1612/2835/1612 1611/2836/1610 1605/2837/1609
f 1607/2838/1613 1613/2839/1614 1612/2840/1612 1606/2841/1611
f 1608/2842/1606 1614/2843/1605 1613/2844/1614 1607/2845/1613
f 1609/2846/1604 1615/2847/1615 1620/2848/1616 1614/2849/1605
f 1610/2829/1608 1616/2850/1617 1615/2851/1615 1609/2825/1604
f 1611/2836/1610 1617/2852/1618 1616/2853/1617 1610/2854/1608
f 1612/2835/1612 1618/2855/1619 1617/2852/1618 1611/2836/1610
f 1613/2839/1614 1619/2856/1620 1618/2857/1619 1612/2840/1612
f 1614/2849/1605 1620/2848/1616 1619/2858/1620 1613/2859/1614
f 1615/2851/1615 1621/2860/1621 1626/2860/1622 1620/2861/1616
f 1616/2850/1617 1622/2860/1623 1621/2860/1621 1615/2851/1615
f 1617/2862/1618 1623/2863/1624 1622/2863/1623 1616/2864/1617
f 1618/2855/1619 1624/2865/1625 1623/2865/1624 1617/2852/1618
f 1619/2856/1620 1625/2866/1626 1624/2866/1625 1618/2857/1619
f 1620/2867/1616 1626/2868/1622 1625/2868/1626 1619/2869/1620
f 1627/2870/1627 1633/2871/1628 1638/2872/1629 1632/2873/1630
f 1628/2874/1631 1634/2875/1632 1633/2876/1628 1627/2877/1627
f 1629/2878/1633 1635/2879/1634 1634/2880/1632 1628/2881/1631
f 1630/2882/1635 1636/2883/1636 1635/2884/1634 1629/2885/1633
f 1631/2886/1637 1637/2887/1638 1636/2888/1636 1630/2889/1635
f 1632/2890/1630 1638/2891/1629 1637/2892/1638 1631/2893/1637
f 1633/2871/1628 1639/2894/1639 1644/2895/1640 1638/2872/1629
f 1634/2875/1632 1640/2896/1641 1639/2897/1639 1633/2876/1628
f 1635/2879/1634 1641/2898/1642 1640/2899/1641 1634/2880/1632
f 1636/2883/1636 1642/2900/1643 1641/2901/1642 1635/2884/1634
f 1637/2887/1638 1643/2902/1644 1642/2903/1643 1636/2888/1636
f 1638/2891/1629 1644/2904/1640 1643/2905/1644 1637/2892/1638
f 1639/2894/1639 1645/2906/1645 1650/2906/1646 1644/2895/1640
f 1640/2896/1641 1646/2907/1647 1645/2907/1645 1639/2897/1639
f 1641/2901/1642 1647/2908/1648 1646/2908/1647 1640/2909/1641
f 1642/2900/1643 1648/2908/1649 1647/2908/1648 1641/2901/1642
f 1643/2902/1644 1649/2910/1650 1648/2910/1649 1642/2903/1643
f 1644/2895/1640 1650/2906/1646 1649/2906/1650 1643/2911/1644
f 1651/2912/1651 1657/2913/1652 1662/2914/1653 1656/2915/1654
f 1652/2916/1655 1658/2917/1656 1657/2918/1652 1651/2919/1651
f 1653/2920/1657 1659/2921/1658 1658/2922/1656 1652/2923/1655
f 1654/2924/1659 1660/2925/1660 1659/2926/1658 1653/2927/1657
f 1655/2928/1661 1661/2929/1662 1660/2930/1660 1654/2931/1659
f 1656/2932/1654 1662/2933/1653 1661/2934/1662 1655/2935/1661
f 1657/2936/1652 1663/2937/1663 1668/2938/1664 1662/2939/1653
f 1658/2940/1656 1664/2941/1665 1663/2942/1663 1657/2943/1652
f 1659/2921/1658 1665/2944/1666 1664/2945/1665 1658/2922/1656
f 1660/2946/1660 1666/2947/1667 1665/2944/1666 1659/2921/1658
f 1661/2948/1662 1667/2949/1668 1666/2950/1667 1660/2951/1660
f 1662/2933/1653 1668/2952/1664 1667/2953/1668 1661/2934/1662
f 1663/2937/1663 1669/2954/1669 1674/2954/1670 1668/2938/1664
f 1664/2941/1665 1670/2955/1671 1669/2955/1669 1663/2942/1663
f 1665/2944/1666 1671/2956/1672 1670/2956/1671 1664/2945/1665
f 1666/2947/1667 1672/2956/1673 1671/2956/1672 1665/2944/1666
f 1667/2949/1668 1673/2957/1674 1672/2957/1673 1666/2950/1667
f 1668/2952/1664 1674/2958/1670 1673/2958/1674 1667/2953/1668
f 1675/2959/1675 1681/2960/1676 1686/2961/1677 1680/2962/1678
f 1676/2963/1679 1682/2964/1680 1681/2965/1676 1675/2966/1675
f 1677/2967/1681 1683/2968/1682 1682/2969/1680 1676/2970/1679
f 1678/2971/1683 1684/2972/1684 1683/2968/1682 1677/2967/1681
f 1679/2973/1685 1685/2974/1686 1684/2975/1684 1678/2976/1683
f 1680/2962/1678 1686/2961/1677 1685/2977/1686 1679/2978/1685
f 1681/2960/1676 1687/2979/1687 1692/2980/1688 1686/2961/1677
f 1682/2964/1680 1688/2981/1689 1687/2982/1687 1681/2965/1676
f 1683/2968/1682 1689/2983/1690 1688/2984/1689 1682/2969/1680
f 1684/2972/1684 1690/2985/1691 1689/2983/1690 1683/2968/1682
f 1685/2974/1686 1691/2986/1692 1690/2987/1691 1684/2975/1684
f 1686/2961/1677 1692/2980/1688 1691/2988/1692 1685/2977/1686
f 1687/2989/1687 1693/2990/1693 1698/2990/1694 1692/2991/1688
f 1688/2981/1689 1694/2992/1695 1693/2992/1693 1687/2982/1687
f 1689/2983/1690 1695/2993/1696 1694/2993/1695 1688/2984/1689
f 1690/2985/1691 1696/2993/1697 1695/2993/1696 1689/2983/1690
f 1691/2986/1692 1697/2994/1698 1696/2994/1697 1690/2987/1691
f 1692/2980/1688 1698/2995/1694 1697/2995/1698 1691/2988/1692
f 1699/2996/1699 1705/2997/1700 1710/2998/1701 1704/2999/1702
f 1700/3000/1703 1706/3001/1704 1705/3002/1700 1699/3003/1699
f 1701/3004/1705 1707/3005/1706 1706/3006/1704 1700/3007/1703
f 1702/3008/1707 1708/3009/1708 1707/3005/1706 1701/3004/1705
f 1703/3010/1709 1709/3011/1710 1708/3012/1708 1702/3013/1707
f 1704/2999/1702 1710/2998/1701 1709/3014/1710 1703/3015/1709
f 1705/2997/1700 1711/3016/1711 1716/3017/1712 1710/2998/1701
f 1706/3001/1704 1712/3018/1713 1711/3019/1711 1705/3002/1700
f 1707/3005/1706 1713/3020/1714 1712/3021/1713 1706/3006/1704
f 1708/3009/1708 1714/3022/1715 1713/3020/1714 1707/3005/1706
f 1709/3011/1710 1715/3023/1716 1714/3024/1715 1708/3012/1708
f 1710/2998/1701 1716/3017/1712 1715/3025/1716 1709/3014/1710
f 1711/3016/1711 1717/3026/1717 1722/3026/1718 1716/3017/1712
f 1712/3018/1713 1718/3027/1719 1717/3027/1717 1711/3019/1711
f 1713/3020/1714 1719/3028/1720 1718/3028/1719 1712/3021/1713
f 1714/3022/1715 1720/3028/1721 1719/3028/1720 1713/3020/1714
f 1715/3023/1716 1721/3029/1722 1720/3029/1721 1714/3024/1715
f 1716/3017/1712 1722/3026/1718 1721/3026/1722 1715/3025/1716
f 1723/3030/1723 1729/3031/1724 1734/3032/1725 1728/3033/1726
f 1724/3034/1727 1730/3035/1728 1729/3036/1724 1723/3037/1723
f 1725/3038/1729 1731/3039/1730 1730/3040/1728 1724/3041/1727
f 1726/3042/1731 1732/3043/1732 1731/3039/1730 1725/3038/1729
f 1727/3044/1733 1733/3045/1734 1732/3046/1732 1726/3047/1731
f 1728/3033/1726 1734/3032/1725 1733/3048/1734 1727/3049/1733
f 1729/3031/1724 1735/3050/1735 1740/3051/1736 1734/3032/1725
f 1730/3035/1728 1736/3052/1737 1735/3053/1735 1729/3036/1724
f 1731/3054/1730 1737/3055/1738 1736/3052/1737 1730/3035/1728
f 1732/3043/1732 1738/3056/1739 1737/3057/1738 1731/3039/1730
f 1733/3045/1734 1739/3058/1740 1738/3059/1739 1732/3046/1732
f 1734/3060/1725 1740/3061/1736 1739/3058/1740 1733/3045/1734
f 1735/3050/1735 1741/3062/1741 1746/3062/1742 1740/3051/1736
f 1736/3052/1737 1742/3063/1743 1741/3063/1741 1735/3053/1735
f 1737/3057/1738 1743/3064/1744 1742/3064/1743 1736/3065/1737
f 1738/3056/1739 1744/3064/1745 1743/3064/1744 1737/3057/1738
f 1739/3058/1740 1745/3066/1746 1744/3066/1745 1738/3059/1739
f 1740/3051/1736 1746/3062/1742 1745/3062/1746 1739/3067/1740
f 1747/3068/1747 1753/3069/1748 1758/3070/1749 1752/3071/1750
f 1748/3072/1751 1754/3073/1752 1753/3074/1748 1747/3075/1747
f 1749/3076/1753 1755/3077/1754 1754/3078/1752 1748/3079/1751
f 1750/3080/1755 1756/3081/1756 1755/3077/1754 1749/3076/1753
f 1751/3082/1757 1757/3083/1758 1756/3084/1756 1750/3085/1755
f 1752/3071/1750 1758/3070/1749 1757/3086/1758 1751/3087/1757
f 1753/3069/1748 1759/3088/1759 1764/3089/1760 1758/3070/1749
f 1754/3073/1752 1760/3090/1761 1759/3091/1759 1753/3074/1748
f 1755/3077/1754 1761/3092/1762 1760/3093/1761 1754/3078/1752
f 1756/3081/1756 1762/3094/1763 1761/3092/1762 1755/3077/1754
f 1757/3083/1758 1763/3095/1764 1762/3096/1763 1756/3084/1756
f 1758/3097/1749 1764/3098/1760 1763/3095/1764 1757/3083/1758
f 1759/3088/1759 1765/3099/1765 1770/3099/1766 1764/3089/1760
f 1760/3090/1761 1766/3100/1767 1765/3100/1765 1759/3091/1759
f 1761/3092/1762 1767/3101/1768 1766/3101/1767 1760/3093/1761
f 1762/3094/1763 1768/3101/1769 1767/3101/1768 1761/3092/1762
f 1763/3095/1764 1769/3102/1770 1768/3102/1769 1762/3096/1763
f 1764/3098/1760 1770/3102/1766 1769/3102/1770 1763/3095/1764
f 1771/3103/1771 1777/3104/1772 1782/3105/1773 1776/3106/1774
f 1772/3107/1775 1778/3108/1776 1777/3109/1772 1771/3110/1771
f 1773/3111/1777 1779/3112/1778 1778/3113/1776 1772/3114/1775
f 1774/3115/1779 1780/3116/1780 1779/3112/1778 1773/3111/1777
f 1775/3117/1781 1781/3118/1782 1780/3119/1780 1774/3120/1779
f 1776/3106/1774 1782/3105/1773 1781/3121/1782 1775/3122/1781
f 1777/3104/1772 1783/3123/1783 1788/3124/1784 1782/3105/1773
f 1778/3108/1776 1784/3125/1785 1783/3126/1783 1777/3109/1772
f 1779/3112/1778 1785/3127/1786 1784/3128/1785 1778/3113/1776
f 1780/3116/1780 1786/3129/1787 1785/3127/1786 1779/3112/1778
f 1781/3118/1782 1787/3130/1788 1786/3131/1787 1780/3119/1780
f 1782/3105/1773 1788/3124/1784 1787/3132/1788 1781/3121/1782
f 1783/3123/1783 1789/3133/1789 1794/3133/1790 1788/3124/1784
f 1784/3125/1785 1790/3134/1791 1789/3134/1789 1783/3126/1783
f 1785/3127/1786 1791/3135/1792 1790/3135/1791 1784/3128/1785
f 1786/3131/1787 1792/3136/1793 1791/3136/1792 1785/3137/1786
f 1787/3130/1788 1793/3136/1794 1792/3136/1793 1786/3131/1787
f 1788/3124/1784 1794/3133/1790 1793/3133/1794 1787/3132/1788
f 1795/3138/1795 1801/3139/1796 1806/3140/1797 1800/3141/1798
f 1796/3142/1799 1802/3143/1800 1801/3144/1796 1795/3145/1795
f 1797/3146/1801 1803/3147/1802 1802/3148/1800 1796/3149/1799
f 1798/3150/1803 1804/3151/1804 1803/3147/1802 1797/3146/1801
f 1799/3152/1805 1805/3153/1806 1804/3154/1804 1798/3155/1803
f 1800/3141/1798 1806/3140/1797 1805/3156/1806 1799/3157/1805
f 1801/3139/1796 1807/3158/1807 1812/3159/1808 1806/3140/1797
f 1802/3160/1800 1808/3161/1809 1807/3162/1807 1801/3163/1796
f 1803/3147/1802 1809/3164/1810 1808/3165/1809 1802/3148/1800
f 1804/3151/1804 1810/3166/1811 1809/3164/1810 1803/3147/1802
f 1805/3153/1806 1811/3167/1812 1810/3168/1811 1804/3154/1804
f 1806/3140/1797 1812/3159/1808 1811/3169/1812 1805/3156/1806
f 1807/3158/1807 1813/3170/1813 1818/3170/1814 1812/3159/1808
f 1808/3171/1809 1814/3172/1815 1813/3172/1813 1807/3173/1807
f 1809/3174/1810 1815/3172/1816 1814/3172/1815 1808/3171/1809
f 1810/3166/1811 1816/3175/1817 1815/3175/1816 1809/3164/1810
f 1811/3167/1812 1817/3176/1818 1816/3176/1817 1810/3168/1811
f 1812/3159/1808 1818/3170/1814 1817/3170/1818 1811/3169/1812
f 1819/3177/1819 1825/3178/1820 1830/3179/1821 1824/3180/1822
f 1820/3181/1823 1826/3182/1824 1825/3183/1820 1819/3184/1819
f 1821/3185/1825 1827/3186/1826 1826/3187/1824 1820/3188/1823
f 1822/3189/1827 1828/3190/1828 1827/3186/1826 1821/3185/1825
f 1823/3191/1829 1829/3192/1830 1828/3193/1828 1822/3194/1827
f 1824/3180/1822 1830/3179/1821 1829/3195/1830 1823/3196/1829
f 1825/3178/1820 1831/3197/1831 1836/3198/1832 1830/3179/1821
f 1826/3182/1824 1832/3199/1833 1831/3200/1831 1825/3183/1820
f 1827/3186/1826 1833/3201/1834 1832/3202/1833 1826/3187/1824
f 1828/3190/1828 1834/3203/1835 1833/3201/1834 1827/3186/1826
f 1829/3204/1830 1835/3205/1836 1834/3206/1835 1828/3207/1828
f 1830/3179/1821 1836/3198/1832 1835/3208/1836 1829/3195/1830
f 1831/3197/1831 1837/3209/1837 1842/3209/1838 1836/3198/1832
f 1832/3199/1833 1838/3210/1839 1837/3210/1837 1831/3200/1831
f 1833/3201/1834 1839/3211/1840 1838/3211/1839 1832/3202/1833
f 1834/3203/1835 1840/3211/1841 1839/3211/1840 1833/3201/1834
f 1835/3212/1836 1841/3213/1842 1840/3213/1841 1834/3214/1835
f 1836/3198/1832 1842/3209/1838 1841/3209/1842 1835/3208/1836
f 1843/3215/1843 1849/3216/1844 1854/3217/1845 1848/3218/1846
f 1844/3219/1847 1850/3220/1848 1849/3221/1844 1843/3222/1843
f 1845/3223/1849 1851/3224/1850 1850/3220/1848 1844/3219/1847
f 1846/3225/1851 1852/3226/1852 1851/3227/1850 1845/3228/1849
f 1847/3229/1853 1853/3230/1854 1852/3231/1852 1846/3232/1851
f 1848/3233/1846 1854/3234/1845 1853/3230/1854 1847/3229/1853
f 1849/3216/1844 1855/3235/1855 1860/3236/1856 1854/3217/1845
f 1850/3220/1848 1856/3237/1857 1855/3238/1855 1849/3221/1844
f 1851/3224/1850 1857/3239/1858 1856/3237/1857 1850/3220/1848
f 1852/3226/1852 1858/3240/1859 1857/3241/1858 1851/3227/1850
f 1853/3230/1854 1859/3242/1860 1858/3243/1859 1852/3231/1852
f 1854/3234/1845 1860/3244/1856 1859/3242/1860 1853/3230/1854
f 1855/3235/1855 1861/3245/1861 1866/3245/1862 1860/3236/1856
f 1856/3237/1857 1862/3246/1863 1861/3246/1861 1855/3238/1855
f 1857/3239/1858 1863/3246/1864 1862/3246/1863 1856/3237/1857
f 1858/3240/1859 1864/3247/1865 1863/3247/1864 1857/3241/1858
f 1859/3242/1860 1865/3248/1866 1864/3248/1865 1858/3243/1859
f 1860/3244/1856 1866/3248/1862 1865/3248/1866 1859/3242/1860
f 1867/3249/1867 1873/3250/1868 1878/3251/1869 1872/3252/1870
f 1868/3253/1871 1874/3254/1872 1873/3255/1868 1867/3256/1867
f 1869/3257/1873 1875/3258/1874 1874/3254/1872 1868/3253/1871
f 1870/3259/1875 1876/3260/1876 1875/3261/1874 1869/3262/1873
f 1871/3263/1877 1877/3264/1878 1876/3265/1876 1870/3266/1875
f 1872/3267/1870 1878/3268/1869 1877/3264/1878 1871/3263/1877
f 1873/3250/1868 1879/3269/1879 1884/3270/1880 1878/3251/1869
f 1874/3254/1872 1880/3271/1881 1879/3272/1879 1873/3255/1868
f 1875/3258/1874 1881/3273/1882 1880/3271/1881 1874/3254/1872
f 1876/3274/1876 1882/3275/1883 1881/3276/1882 1875/3277/1874
f 1877/3264/1878 1883/3278/1884 1882/3279/1883 1876/3265/1876
f 1878/3268/1869 1884/3280/1880 1883/3278/1884 1877/3264/1878
f 1879/3269/1879 1885/3281/1885 1890/3281/1886 1884/3270/1880
f 1880/3271/1881 1886/3282/1887 1885/3282/1885 1879/3272/1879
f 1881/3283/1882 1887/3284/1888 1886/3284/1887 1880/3285/1881
f 1882/3286/1883 1888/3284/1889 1887/3284/1888 1881/3283/1882
f 1883/3278/1884 1889/3287/1890 1888/3287/1889 1882/3279/1883
f 1884/3288/1880 1890/3289/1886 1889/3289/1890 1883/3290/1884
f 1891/3291/1891 1897/3292/1892 1902/3293/1893 1896/3294/1894
f 1892/3295/1895 1898/3296/1896 1897/3297/1892 1891/3298/1891
f 1893/3299/1897 1899/3300/1898 1898/3301/1896 1892/3302/1895
f 1894/3303/1899 1900/3304/1900 1899/3300/1898 1893/3299/1897
f 1895/3305/1901 1901/3306/1902 1900/3307/1900 1894/3308/1899
f 1896/3309/1894 1902/3310/1893 1901/3311/1902 1895/3312/1901
f 1897/3292/1892 1903/3313/1903 1908/3314/1904 1902/3293/1893
f 1898/3296/1896 1904/3315/1905 1903/3316/1903 1897/3297/1892
f 1899/3317/1898 1905/3318/1906 1904/3319/1905 1898/3320/1896
f 1900/3304/1900 1906/3321/1907 1905/3322/1906 1899/3300/1898
f 1901/3306/1902 1907/3323/1908 1906/3324/1907 1900/3307/1900
f 1902/3310/1893 1908/3325/1904 1907/3326/1908 1901/3311/1902
f 1903/3313/1903 1909/3327/1909 1914/3327/1910 1908/3314/1904
f 1904/3315/1905 1910/3328/1911 1909/3328/1909 1903/3316/1903
f 1905/3322/1906 1911/3329/1912 1910/3329/1911 1904/3330/1905
f 1906/3321/1907 1912/3329/1913 1911/3329/1912 1905/3322/1906
f 1907/3323/1908 1913/3331/1914 1912/3331/1913 1906/3324/1907
f 1908/3325/1904 1914/3332/1910 1913/3332/1914 1907/3326/1908
f 1915/3333/1915 1921/3334/1916 1926/3335/1917 1920/3336/1918
f 1916/3337/1919 1922/3338/1920 1921/3339/1916 1915/3340/1915
f 1917/3341/1921 1923/3342/1922 1922/3343/1920 1916/3344/1919
f 1918/3345/1923 1924/3346/1924 1923/3342/1922 1917/3341/1921
f 1919/3347/1925 1925/3348/1926 1924/3349/1924 1918/3350/1923
f 1920/3336/1918 1926/3335/1917 1925/3351/1926 1919/3352/1925
f 1921/3334/1916 1927/3353/1927 1932/3354/1928 1926/3335/1917
f 1922/3338/1920 1928/3355/1929 1927/3356/1927 1921/3339/1916
f 1923/3342/1922 1929/3357/1930 1928/3358/1929 1922/3343/1920
f 1924/3359/1924 1930/3360/1931 1929/3361/1930 1923/3362/1922
f 1925/3363/1926 1931/3364/1932 1930/3360/1931 1924/3359/1924
f 1926/3335/1917 1932/3354/1928 1931/3365/1932 1925/3351/1926
f 1927/3353/1927 1933/3366/1933 1938/3366/1934 1932/3354/1928
f 1928/3355/1929 1934/3367/1935 1933/3367/1933 1927/3356/1927
f 1929/3357/1930 1935/3368/1936 1934/3368/1935 1928/3358/1929
f 1930/3369/1931 1936/3368/1937 1935/3368/1936 1929/3357/1930
f 1931/3370/1932 1937/3371/1938 1936/3371/1937 1930/3372/1931
f 1932/3354/1928 1938/3366/1934 1937/3366/1938 1931/3365/1932
f 1939/3373/1939 1945/3374/1940 1950/3375/1941 1944/3376/1942
f 1940/3377/1943 1946/3378/1944 1945/3379/1940 1939/3380/1939
f 1941/3381/1945 1947/3382/1946 1946/3383/1944 1940/3384/1943
f 1942/3385/1947 1948/3386/1948 1947/3387/1946 1941/3388/1945
f 1943/3389/1949 1949/3390/1950 1948/3391/1948 1942/3392/1947
f 1944/3393/1942 1950/3394/1941 1949/3395/1950 1943/3396/1949
f 1945/3374/1940 1951/3397/1951 1956/3398/1952 1950/3375/1941
f 1946/3378/1944 1952/3399/1953 1951/3400/1951 1945/3379/1940
f 1947/3382/1946 1953/3401/1954 1952/3402/1953 1946/3383/1944
f 1948/3386/1948 1954/3403/1955 1953/3404/1954 1947/3387/1946
f 1949/3390/1950 1955/3405/1956 1954/3406/1955 1948/3391/1948
f 1950/3375/1941 1956/3398/1952 1955/3407/1956 1949/3408/1950
f 1951/3397/1951 1957/3409/1957 1962/3409/1958 1956/3398/1952
f 1952/3399/1953 1958/3410/1959 1957/3410/1957 1951/3400/1951
f 1953/3401/1954 1959/3411/1960 1958/3411/1959 1952/3402/1953
f 1954/3403/1955 1960/3412/1961 1959/3412/1960 1953/3404/1954
f 1955/3405/1956 1961/3413/1962 1960/3413/1961 1954/3406/1955
f 1956/3414/1952 1962/3415/1958 1961/3415/1962 1955/3416/1956
f 1963/3417/1963 1969/3418/1964 1974/3419/1965 1968/3420/1966
f 1964/3421/1967 1970/3422/1968 1969/3423/1964 1963/3424/1963
f 1965/3425/1969 1971/3426/1970 1970/3422/1968 1964/3421/1967
f 1966/3427/1971 1972/3428/1972 1971/3429/1970 1965/3430/1969
f 1967/3431/1973 1973/3432/1974 1972/3433/1972 1966/3434/1971
f 1968/3435/1966 1974/3436/1965 1973/3432/1974 1967/3431/1973
f 1969/3418/1964 1975/3437/1975 1980/3438/1976 1974/3419/1965
f 1970/3422/1968 1976/3439/1977 1975/3440/1975 1969/3423/1964
f 1971/3426/1970 1977/3441/1978 1976/3439/1977 1970/3422/1968
f 1972/3428/1972 1978/3442/1979 1977/3443/1978 1971/3429/1970
f 1973/3444/1974 1979/3445/1980 1978/3442/1979 1972/3428/1972
f 1974/3436/1965 1980/3446/1976 1979/3447/1980 1973/3432/1974
f 1975/3437/1975 1981/3448/1981 1986/3448/1982 1980/3438/1976
f 1976/3439/1977 1982/3449/1983 1981/3449/1981 1975/3440/1975
f 1977/3441/1978 1983/3449/1984 1982/3449/1983 1976/3439/1977
f 1978/3442/1979 1984/3450/1985 1983/3450/1984 1977/3443/1978
f 1979/3447/1980 1985/3451/1986 1984/3451/1985 1978/3452/1979
f 1980/3446/1976 1986/3451/1982 1985/3451/1986 1979/3447/1980
f 1987/3453/1987 1993/3454/1988 1998/3455/1989 1992/3456/1990
f 1988/3457/1991 1994/3458/1992 1993/3459/1988 1987/3460/1987
f 1989/3461/1993 1995/3462/1994 1994/3463/1992 1988/3464/1991
f 1990/3465/1995 1996/3466/1996 1995/3462/1994 1989/3461/1993
f 1991/3467/1997 1997/3468/1998 1996/3469/1996 1990/3470/1995
f 1992/3456/1990 1998/3455/1989 1997/3471/1998 1991/3472/1997
f 1993/3454/1988 1999/3473/1999 2004/3474/2000 1998/3455/1989
f 1994/3458/1992 2000/3475/2001 1999/3476/1999 1993/3459/1988
f 1995/3462/1994 2001/3477/2002 2000/3478/2001 1994/3463/1992
f 1996/3466/1996 2002/3479/2003 2001/3477/2002 1995/3462/1994
f 1997/3468/1998 2003/3480/2004 2002/3481/2003 1996/3469/1996
f 1998/3455/1989 2004/3474/2000 2003/3482/2004 1997/3471/1998
f 1999/3473/1999 2005/3483/2005 2010/3483/2006 2004/3474/2000
f 2000/3475/2001 2006/3484/2007 2005/3484/2005 1999/3476/1999
f 2001/3477/2002 2007/3485/2008 2006/3485/2007 2000/3478/2001
f 2002/3479/2003 2008/3485/2009 2007/3485/2008 2001/3477/2002
f 2003/3480/2004 2009/3486/2010 2008/3486/2009 2002/3481/2003
f 2004/3474/2000 2010/3483/2006 2009/3483/2010 2003/3482/2004
f 2011/3487/2011 2017/3488/2012 2022/3489/2013 2016/3490/2014
f 2012/3491/2015 2018/3492/2016 2017/3493/2012 2011/3494/2011
f 2013/3495/2017 2019/3496/2018 2018/3497/2016 2012/3498/2015
f 2014/3499/2019 2020/3500/2020 2019/3501/2018 2013/3502/2017
f 2015/3503/2021 2021/3504/2022 2020/3505/2020 2014/3506/2019
f 2016/3490/2014 2022/3489/2013 2021/3507/2022 2015/3508/2021
f 2017/3493/2012 2023/3509/2023 2028/3510/2024 2022/3511/2013
f 2018/3492/2016 2024/3512/2025 2023/3509/2023 2017/3493/2012
f 2019/3496/2018 2025/3513/2026 2024/3514/2025 2018/3497/2016
f 2020/3515/2020 2026/3516/2027 2025/3517/2026 2019/3518/2018
f 2021/3519/2022 2027/3520/2028 2026/3521/2027 2020/3522/2020
f 2022/3489/2013 2028/3523/2024 2027/3524/2028 2021/3507/2022
f 2023/3525/2023 2029/3526/2029 2034/3526/2030 2028/3523/2024
f 2024/3512/2025 2030/3527/2031 2029/3527/2029 2023/3509/2023
f 2025/3513/2026 2031/3528/2032 2030/3528/2031 2024/3514/2025
f 2026/3529/2027 2032/3530/2033 2031/3530/2032 2025/3531/2026
f 2027/3532/2028 2033/3533/2034 2032/3533/2033 2026/3534/2027
f 2028/3523/2024 2034/3526/2030 2033/3526/2034 2027/3524/2028
f 2035/3535/2035 2041/3536/2036 2046/3537/2037 2040/3538/2038
f 2036/3539/2039 2042/3540/2040 2041/3541/2036 2035/3542/2035
f 2037/3543/2041 2043/3544/2042 2042/3545/2040 2036/3546/2039
f 2038/3547/2043 2044/3548/2044 2043/3549/2042 2037/3550/2041
f 2039/3551/2045 2045/3552/2046 2044/3553/2044 2038/3554/2043
f 2040/3555/2038 2046/3556/2037 2045/3557/2046 2039/3558/2045
f 2041/3536/2036 2047/3559/2047 2052/3560/2048 2046/3537/2037
f 2042/3540/2040 2048/3561/2049 2047/3562/2047 2041/3541/2036
f 2043/3544/2042 2049/3563/2050 2048/3564/2049 2042/3545/2040
f 2044/3548/2044 2050/3565/2051 2049/3566/2050 2043/3549/2042
f 2045/3557/2046 2051/3567/2052 2050/3568/2051 2044/3569/2044
f 2046/3556/2037 2052/3570/2048 2051/3567/2052 2045/3557/2046
f 2047/3559/2047 2053/3571/2053 2058/3571/2054 2052/3560/2048
f 2048/3561/2049 2054/3572/2055 2053/3572/2053 2047/3562/2047
f 2049/3563/2050 2055/3573/2056 2054/3573/2055 2048/3564/2049
f 2050/3565/2051 2056/3574/2057 2055/3574/2056 2049/3566/2050
f 2051/3575/2052 2057/3576/2058 2056/3576/2057 2050/3577/2051
f 2052/3570/2048 2058/3578/2054 2057/3578/2058 2051/3567/2052
f 2059/3579/2059 2065/3580/2060 2070/3581/2061 2064/3582/2062
f 2060/3583/2063 2066/3584/2064 2065/3585/2060 2059/3586/2059
f 2061/3587/2065 2067/3588/2066 2066/3589/2064 2060/3590/2063
f 2062/3591/2067 2068/3592/2068 2067/3588/2066 2061/3587/2065
f 2063/3593/2069 2069/3594/2070 2068/3595/2068 2062/3596/2067
f 2064/3582/2062 2070/3581/2061 2069/3597/2070 2063/3598/2069
f 2065/3599/2060 2071/3600/2071 2076/3601/2072 2070/3602/2061
f 2066/3584/2064 2072/3603/2073 2071/3604/2071 2065/3585/2060
f 2067/3588/2066 2073/3605/2074 2072/3606/2073 2066/3589/2064
f 2068/3592/2068 2074/3607/2075 2073/3605/2074 2067/3588/2066
f 2069/3594/2070 2075/3608/2076 2074/3609/2075 2068/3595/2068
f 2070/3581/2061 2076/3610/2072 2075/3611/2076 2069/3597/2070
f 2071/3600/2071 2077/3612/2077 2082/3612/2078 2076/3601/2072
f 2072/3603/2073 2078/3613/2079 2077/3613/2077 2071/3604/2071
f 2073/3614/2074 2079/3613/2080 2078/3613/2079 2072/3603/2073
f 2074/3615/2075 2080/3616/2081 2079/3616/2080 2073/3617/2074
f 2075/3608/2076 2081/3618/2082 2080/3618/2081 2074/3609/2075
f 2076/3610/2072 2082/3619/2078 2081/3619/2082 2075/3611/2076
f 2083/3620/2083 2089/3621/2084 2094/3622/2085 2088/3623/2086
f 2084/3624/2087 2090/3625/2088 2089/3626/2084 2083/3627/2083
f 2085/3628/2089 2091/3629/2090 2090/3630/2088 2084/3631/2087
f 2086/3632/2091 2092/3633/2092 2091/3629/2090 2085/3628/2089
f 2087/3634/2093 2093/3635/2094 2092/3636/2092 2086/3637/2091
f 2088/3638/2086 2094/3639/2085 2093/3635/2094 2087/3634/2093
f 2089/3621/2084 2095/3640/2095 2100/3641/2096 2094/3622/2085
f 2090/3625/2088 2096/3642/2097 2095/3643/2095 2089/3626/2084
f 2091/3629/2090 2097/3644/2098 2096/3645/2097 2090/3630/2088
f 2092/3633/2092 2098/3646/2099 2097/3644/2098 2091/3629/2090
f 2093/3635/2094 2099/3647/2100 2098/3648/2099 2092/3636/2092
f 2094/3639/2085 2100/3649/2096 2099/3647/2100 2093/3635/2094
f 2095/3640/2095 2101/3650/2101 2106/3650/2102 2100/3641/2096
f 2096/3651/2097 2102/3652/2103 2101/3652/2101 2095/3653/2095
f 2097/3644/2098 2103/3654/2104 2102/3654/2103 2096/3645/2097
f 2098/3646/2099 2104/3654/2105 2103/3654/2104 2097/3644/2098
f 2099/3655/2100 2105/3656/2106 2104/3656/2105 2098/3657/2099
f 2100/3649/2096 2106/3658/2102 2105/3658/2106 2099/3647/2100
f 2107/3659/2107 2113/3660/2108 2118/3661/2109 2112/3662/2110
f 2108/3663/2111 2114/3664/2112 2113/3665/2108 2107/3666/2107
f 2109/3667/2113 2115/3668/2114 2114/3669/2112 2108/3670/2111
f 2110/3671/2115 2116/3672/2116 2115/3673/2114 2109/3674/2113
f 2111/3675/2117 2117/3676/2118 2116/3677/2116 2110/3678/2115
f 2112/3679/2110 2118/3680/2109 2117/3681/2118 2111/3682/2117
f 2113/3665/2108 2119/3683/2119 2124/3684/2120 2118/3685/2109
f 2114/3664/2112 2120/3686/2121 2119/3683/2119 2113/3665/2108
f 2115/3668/2114 2121/3687/2122 2120/3688/2121 2114/3669/2112
f 2116/3672/2116 2122/3689/2123 2121/3690/2122 2115/3673/2114
f 2117/3676/2118 2123/3691/2124 2122/3692/2123 2116/3677/2116
f 2118/3680/2109 2124/3693/2120 2123/3694/2124 2117/3681/2118
f 2119/3695/2119 2125/3696/2125 2130/3696/2126 2124/3697/2120
f 2120/3686/2121 2126/3698/2127 2125/3698/2125 2119/3683/2119
f 2121/3690/2122 2127/3699/2128 2126/3699/2127 2120/3700/2121
f 2122/3689/2123 2128/3699/2129 2127/3699/2128 2121/3690/2122
f 2123/3691/2124 2129/3701/2130 2128/3701/2129 2122/3692/2123
f 2124/3697/2120 2130/3696/2126 2129/3696/2130 2123/3702/2124
f 2131/3703/2131 2137/3704/2132 2142/3705/2133 2136/3706/2134
f 2132/3707/2135 2138/3708/2136 2137/3709/2132 2131/3710/2131
f 2133/3711/2137 2139/3712/2138 2138/3713/2136 2132/3714/2135
f 2134/3715/2139 2140/3716/2140 2139/3712/2138 2133/3711/2137
f 2135/3717/2141 2141/3718/2142 2140/3719/2140 2134/3720/2139
f 2136/3721/2134 2142/3722/2133 2141/3723/2142 2135/3724/2141
f 2137/3704/2132 2143/3725/2143 2148/3726/2144 2142/3705/2133
f 2138/3708/2136 2144/3727/2145 2143/3728/2143 2137/3709/2132
f 2139/3712/2138 2145/3729/2146 2144/3730/2145 2138/3713/2136
f 2140/3716/2140 2146/3731/2147 2145/3729/2146 2139/3712/2138
f 2141/3718/2142 2147/3732/2148 2146/3733/2147 2140/3719/2140
f 2142/3722/2133 2148/3734/2144 2147/3735/2148 2141/3723/2142
f 2143/3725/2143 2149/3736/2149 2154/3736/2150 2148/3726/2144
f 2144/3727/2145 2150/3737/2151 2149/3737/2149 2143/3728/2143
f 2145/3729/2146 2151/3738/2152 2150/3738/2151 2144/3730/2145
f 2146/3731/2147 2152/3738/2153 2151/3738/2152 2145/3729/2146
f 2147/3732/2148 2153/3739/2154 2152/3739/2153 2146/3733/2147
f 2148/3734/2144 2154/3740/2150 2153/3740/2154 2147/3735/2148
f 2155/3741/2155 2161/3742/2156 2166/3743/2157 2160/3744/2158
f 2156/3745/2159 2162/3746/2160 2161/3742/2156 2155/3741/2155
f 2157/3747/2161 2163/3748/2162 2162/3749/2160 2156/3750/2159
f 2158/3751/2163 2164/3752/2164 2163/3753/2162 2157/3754/2161
f 2159/3755/2165 2165/3756/2166 2164/3752/2164 2158/3751/2163
f 2160/3757/2158 2166/3758/2157 2165/3759/2166 2159/3760/2165
f 2161/3761/2156 2167/3762/2167 2172/3763/2168 2166/3764/2157
f 2162/3746/2160 2168/3765/2169 2167/3766/2167 2161/3742/2156
f 2163/3748/2162 2169/3767/2170 2168/3768/2169 2162/3749/2160
f 2164/3769/2164 2170/3770/2171 2169/3771/2170 2163/3772/2162
f 2165/3756/2166 2171/3773/2172 2170/3774/2171 2164/3752/2164
f 2166/3758/2157 2172/3775/2168 2171/3776/2172 2165/3759/2166
f 2167/3762/2167 2173/3777/2173 2178/3777/2174 2172/3763/2168
f 2168/3768/2169 2174/3778/2175 2173/3778/2173 2167/3779/2167
f 2169/3767/2170 2175/3778/2176 2174/3778/2175 2168/3768/2169
f 2170/3770/2171 2176/3780/2177 2175/3780/2176 2169/3771/2170
f 2171/3776/2172 2177/3781/2178 2176/3781/2177 2170/3782/2171
f 2172/3775/2168 2178/3781/2174 2177/3781/2178 2171/3776/2172
f 2179/3783/2179 2185/3784/2180 2190/3785/2181 2184/3786/2182
f 2180/3787/2183 2186/3788/2184 2185/3789/2180 2179/3790/2179
f 2181/3791/2185 2187/3792/2186 2186/3793/2184 2180/3794/2183
f 2182/3795/2187 2188/3796/2188 2187/3797/2186 2181/3798/2185
f 2183/3799/2189 2189/3800/2190 2188/3796/2188 2182/3795/2187
f 2184/3801/2182 2190/3802/2181 2189/3803/2190 2183/3804/2189
f 2185/3784/2180 2191/3805/2191 2196/3806/2192 2190/3785/2181
f 2186/3788/2184 2192/3807/2193 2191/3808/2191 2185/3789/2180
f 2187/3809/2186 2193/3810/2194 2192/3811/2193 2186/3812/2184
f 2188/3813/2188 2194/3814/2195 2193/3810/2194 2187/3809/2186
f 2189/3800/2190 2195/3815/2196 2194/3816/2195 2188/3796/2188
f 2190/3785/2181 2196/3806/2192 2195/3817/2196 2189/3818/2190
f 2191/3805/2191 2197/3819/2197 2202/3819/2198 2196/3806/2192
f 2192/3807/2193 2198/3820/2199 2197/3820/2197 2191/3808/2191
f 2193/3821/2194 2199/3822/2200 2198/3822/2199 2192/3823/2193
f 2194/3814/2195 2200/3824/2201 2199/3824/2200 2193/3810/2194
f 2195/3825/2196 2201/3826/2202 2200/3826/2201 2194/3827/2195
f 2196/3828/2192 2202/3826/2198 2201/3826/2202 2195/3825/2196
f 2203/3829/2203 2209/3830/2204 2214/3831/2205 2208/3832/2206
f 2204/3833/2207 2210/3834/2208 2209/3835/2204 2203/3836/2203
f 2205/3837/2209 2211/3838/2210 2210/3839/2208 2204/3840/2207
f 2206/3841/2211 2212/3842/2212 2211/3843/2210 2205/3844/2209
f 2207/3845/2213 2213/3846/2214 2212/3847/2212 2206/3848/2211
f 2208/3849/2206 2214/3850/2205 2213/3851/2214 2207/3852/2213
f 2209/3830/2204 2215/3853/2215 2220/3854/2216 2214/3831/2205
f 2210/3834/2208 2216/3855/2217 2215/3856/2215 2209/3835/2204
f 2211/3838/2210 2217/3857/2218 2216/3858/2217 2210/3839/2208
f 2212/3842/2212 2218/3859/2219 2217/3860/2218 2211/3843/2210
f 2213/3846/2214 2219/3861/2220 2218/3862/2219 2212/3847/2212
f 2214/3850/2205 2220/3863/2216 2219/3864/2220 2213/3851/2214
f 2215/3853/2215 2221/3865/2221 2226/3865/2222 2220/3854/2216
f 2216/3855/2217 2222/3866/2223 2221/3866/2221 2215/3856/2215
f 2217/3867/2218 2223/3866/2224 2222/3866/2223 2216/3855/2217
f 2218/3859/2219 2224/3868/2225 2223/3868/2224 2217/3860/2218
f 2219/3861/2220 2225/3869/2226 2224/3869/2225 2218/3862/2219
f 2220/3863/2216 2226/3870/2222 2225/3870/2226 2219/3864/2220
f 2227/3871/2227 2233/3872/2228 2238/3873/2229 2232/3874/2230
f 2228/3875/2231 2234/3876/2232 2233/3877/2228 2227/3878/2227
f 2229/3879/2233 2235/3880/2234 2234/3881/2232 2228/3882/2231
f 2230/3883/2235 2236/3884/2236 2235/3880/2234 2229/3879/2233
f 2231/3885/2237 2237/3886/2238 2236/3887/2236 2230/3888/2235
f 2232/3874/2230 2238/3873/2229 2237/3889/2238 2231/3890/2237
f 2233/3872/2228 2239/3891/2239 2244/3892/2240 2238/3873/2229
f 2234/3876/2232 2240/3893/2241 2239/3894/2239 2233/3877/2228
f 2235/3880/2234 2241/3895/2242 2240/3896/2241 2234/3881/2232
f 2236/3884/2236 2242/3897/2243 2241/3895/2242 2235/3880/2234
f 2237/3886/2238 2243/3898/2244 2242/3899/2243 2236/3887/2236
f 2238/3873/2229 2244/3892/2240 2243/3900/2244 2237/3889/2238
f 2239/3891/2239 2245/3901/2245 2250/3901/2246 2244/3892/2240
f 2240/3893/2241 2246/3902/2247 2245/3902/2245 2239/3894/2239
f 2241/3895/2242 2247/3903/2248 2246/3903/2247 2240/3896/2241
f 2242/3897/2243 2248/3903/2249 2247/3903/2248 2241/3895/2242
f 2243/3898/2244 2249/3904/2250 2248/3904/2249 2242/3899/2243
f 2244/3892/2240 2250/3901/2246 2249/3901/2250 2243/3900/2244
f 2251/3905/2251 2257/3906/2252 2262/3907/2253 2256/3908/2254
f 2252/3909/2255 2258/3910/2256 2257/3906/2252 2251/3905/2251
f 2253/3911/2257 2259/3912/2258 2258/3913/2256 2252/3914/2255
f 2254/3915/2259 2260/3916/2260 2259/3917/2258 2253/3918/2257
f 2255/3919/2261 2261/3920/2262 2260/3921/2260 2254/3922/2259
f 2256/3923/2254 2262/3924/2253 2261/3920/2262 2255/3919/2261
f 2257/3906/2252 2263/3925/2263 2268/3926/2264 2262/3907/2253
f 2258/3910/2256 2264/3927/2265 2263/3925/2263 2257/3906/2252
f 2259/3912/2258 2265/3928/2266 2264/3929/2265 2258/3913/2256
f 2260/3916/2260 2266/3930/2267 2265/3931/2266 2259/3917/2258
f 2261/3920/2262 2267/3932/2268 2266/3933/2267 2260/3921/2260
f 2262/3924/2253 2268/3934/2264 2267/3932/2268 2261/3920/2262
f 2263/3925/2263 2269/3935/2269 2274/3935/2270 2268/3926/2264
f 2264/3927/2265 2270/3935/2271 2269/3935/2269 2263/3925/2263
f 2265/3928/2266 2271/3936/2272 2270/3936/2271 2264/3929/2265
f 2266/3930/2267 2272/3937/2273 2271/3937/2272 2265/3931/2266
f 2267/3932/2268 2273/3938/2274 2272/3938/2273 2266/3933/2267
f 2268/3934/2264 2274/3938/2270 2273/3938/2274 2267/3932/2268
f 2275/3939/2275 2281/3940/2276 2286/3941/2277 2280/3942/2278
f 2276/3943/2279 2282/3944/2280 2281/3945/2276 2275/3946/2275
f 2277/3947/2281 2283/3948/2282 2282/3944/2280 2276/3943/2279
f 2278/3949/2283 2284/3950/2284 2283/3951/2282 2277/3952/2281
f 2279/3953/2285 2285/3954/2286 2284/3955/2284 2278/3956/2283
f 2280/3957/2278 2286/3958/2277 2285/3954/2286 2279/3953/2285
f 2281/3940/2276 2287/3959/2287 2292/3960/2288 2286/3941/2277
f 2282/3944/2280 2288/3961/2289 2287/3962/2287 2281/3945/2276
f 2283/3951/2282 2289/3963/2290 2288/3964/2289 2282/3965/2280
f 2284/3950/2284 2290/3966/2291 2289/3963/2290 2283/3951/2282
f 2285/3954/2286 2291/3967/2292 2290/3968/2291 2284/3955/2284
f 2286/3958/2277 2292/3969/2288 2291/3967/2292 2285/3954/2286
f 2287/3959/2287 2293/3970/2293 2298/3970/2294 2292/3960/2288
f 2288/3961/2289 2294/3971/2295 2293/3971/2293 2287/3962/2287
f 2289/3972/2290 2295/3971/2296 2294/3971/2295 2288/3961/2289
f 2290/3966/2291 2296/3973/2297 2295/3973/2296 2289/3963/2290
f 2291/3967/2292 2297/3974/2298 2296/3974/2297 2290/3968/2291
f 2292/3969/2288 2298/3974/2294 2297/3974/2298 2291/3967/2292
f 2299/3975/2299 2305/3976/2300 2310/3977/2301 2304/3978/2302
f 2300/3979/2303 2306/3980/2304 2305/3981/2300 2299/3982/2299
f 2301/3983/2305 2307/3984/2306 2306/3985/2304 2300/3986/2303
f 2302/3987/2307 2308/3988/2308 2307/3989/2306 2301/3990/2305
f 2303/3991/2309 2309/3992/2310 2308/3993/2308 2302/3994/2307
f 2304/3978/2302 2310/3977/2301 2309/3995/2310 2303/3996/2309
f 2305/3976/2300 2311/3997/2311 2316/3998/2312 2310/3977/2301
f 2306/3980/2304 2312/3999/2313 2311/4000/2311 2305/3981/2300
f 2307/3984/2306 2313/4001/2314 2312/4002/2313 2306/3985/2304
f 2308/3988/2308 2314/4003/2315 2313/4004/2314 2307/3989/2306
f 2309/3992/2310 2315/4005/2316 2314/4006/2315 2308/3993/2308
f 2310/4007/2301 2316/4008/2312 2315/4009/2316 2309/4010/2310
f 2311/3997/2311 2317/4011/2317 2322/4011/2318 2316/3998/2312
f 2312/3999/2313 2318/4012/2319 2317/4012/2317 2311/4000/2311
f 2313/4013/2314 2319/4012/2320 2318/4012/2319 2312/3999/2313
f 2314/4003/2315 2320/4014/2321 2319/4014/2320 2313/4004/2314
f 2315/4005/2316 2321/4015/2322 2320/4015/2321 2314/4006/2315
f 2316/3998/2312 2322/4011/2318 2321/4011/2322 2315/4016/2316
f 2323/4017/2323 2329/4018/2324 2334/4019/2325 2328/4020/2326
f 2324/4021/2327 2330/4022/2328 2329/4023/2324 2323/4024/2323
f 2325/4025/2329 2331/4026/2330 2330/4027/2328 2324/4028/2327
f 2326/4029/2331 2332/4030/2332 2331/4031/2330 2325/4032/2329
f 2327/4033/2333 2333/4034/2334 2332/4035/2332 2326/4036/2331
f 2328/4037/2326 2334/4038/2325 2333/4039/2334 2327/4040/2333
f 2329/4018/2324 2335/4041/2335 2340/4042/2336 2334/4019/2325
f 2330/4022/2328 2336/4043/2337 2335/4044/2335 2329/4023/2324
f 2331/4026/2330 2337/4045/2338 2336/4046/2337 2330/4027/2328
f 2332/4030/2332 2338/4047/2339 2337/4048/2338 2331/4031/2330
f 2333/4049/2334 2339/4050/2340 2338/4047/2339 2332/4030/2332
f 2334/4038/2325 2340/4051/2336 2339/4052/2340 2333/4039/2334
f 2335/4041/2335 2341/4053/2341 2346/4053/2342 2340/4042/2336
f 2336/4043/2337 2342/4054/2343 2341/4054/2341 2335/4044/2335
f 2337/4045/2338 2343/4055/2344 2342/4055/2343 2336/4046/2337
f 2338/4047/2339 2344/4056/2345 2343/4056/2344 2337/4048/2338
f 2339/4057/2340 2345/4058/2346 2344/4058/2345 2338/4059/2339
f 2340/4051/2336 2346/4060/2342 2345/4060/2346 2339/4052/2340
f 2347/4061/2347 2353/4062/2348 2358/4063/2349 2352/4064/2350
f 2348/4065/2351 2354/4066/2352 2353/4067/2348 2347/4068/2347
f 2349/4069/2353 2355/4070/2354 2354/4066/2352 2348/4065/2351
f 2350/4071/2355 2356/4072/2356 2355/4073/2354 2349/4074/2353
f 2351/4075/2357 2357/4076/2358 2356/4077/2356 2350/4078/2355
f 2352/4079/2350 2358/4080/2349 2357/4076/2358 2351/4075/2357
f 2353/4062/2348 2359/4081/2359 2364/4082/2360 2358/4063/2349
f 2354/4066/2352 2360/4083/2361 2359/4084/2359 2353/4067/2348
f 2355/4070/2354 2361/4085/2362 2360/4083/2361 2354/4066/2352
f 2356/4072/2356 2362/4086/2363 2361/4087/2362 2355/4073/2354
f 2357/4076/2358 2363/4088/2364 2362/4089/2363 2356/4077/2356
f 2358/4080/2349 2364/4090/2360 2363/4088/2364 2357/4076/2358
f 2359/4081/2359 2365/4091/2365 2370/4091/2366 2364/4082/2360
f 2360/4083/2361 2366/4092/2367 2365/4092/2365 2359/4084/2359
f 2361/4085/2362 2367/4092/2368 2366/4092/2367 2360/4083/2361
f 2362/4086/2363 2368/4093/2369 2367/4093/2368 2361/4087/2362
f 2363/4088/2364 2369/4094/2370 2368/4094/2369 2362/4089/2363
f 2364/4090/2360 2370/4094/2366 2369/4094/2370 2363/4088/2364
f 2371/4095/2371 2377/4096/2372 2382/4097/2373 2376/4098/2374
f 2372/4099/2375 2378/4100/2376 2377/4101/2372 2371/4102/2371
f 2373/4103/2377 2379/4104/2378 2378/4105/2376 2372/4106/2375
f 2374/4107/2379 2380/4108/2380 2379/4104/2378 2373/4103/2377
f 2375/4109/2381 2381/4110/2382 2380/4111/2380 2374/4112/2379
f 2376/4098/2374 2382/4097/2373 2381/4113/2382 2375/4114/2381
f 2377/4096/2372 2383/4115/2383 2388/4116/2384 2382/4097/2373
f 2378/4117/2376 2384/4118/2385 2383/4119/2383 2377/4120/2372
f 2379/4104/2378 2385/4121/2386 2384/4122/2385 2378/4105/2376
f 2380/4108/2380 2386/4123/2387 2385/4121/2386 2379/4104/2378
f 2381/4110/2382 2387/4124/2388 2386/4125/2387 2380/4111/2380
f 2382/4097/2373 2388/4116/2384 2387/4126/2388 2381/4113/2382
f 2383/4115/2383 2389/4127/2389 2394/4127/2390 2388/4116/2384
f 2384/4128/2385 2390/4129/2391 2389/4129/2389 2383/4130/2383
f 2385/4121/2386 2391/4131/2392 2390/4131/2391 2384/4122/2385
f 2386/4123/2387 2392/4131/2393 2391/4131/2392 2385/4121/2386
f 2387/4124/2388 2393/4132/2394 2392/4132/2393 2386/4125/2387
f 2388/4116/2384 2394/4127/2390 2393/4127/2394 2387/4126/2388
f 2395/4133/2395 2401/4134/2396 2406/4135/2397 2400/4136/2398
f 2396/4137/2399 2402/4138/2400 2401/4139/2396 2395/4140/2395
f 2397/4141/2401 2403/4142/2402 2402/4143/2400 2396/4144/2399
f 2398/4145/2403 2404/4146/2404 2403/4142/2402 2397/4141/2401
f 2399/4147/2405 2405/4148/2406 2404/4149/2404 2398/4150/2403
f 2400/4136/2398 2406/4135/2397 2405/4151/2406 2399/4152/2405
f 2401/4134/2396 2407/4153/2407 2412/4154/2408 2406/4135/2397
f 2402/4138/2400 2408/4155/2409 2407/4156/2407 2401/4139/2396
f 2403/4142/2402 2409/4157/2410 2408/4158/2409 2402/4143/2400
f 2404/4146/2404 2410/4159/2411 2409/4157/2410 2403/4142/2402
f 2405/4148/2406 2411/4160/2412 2410/4161/2411 2404/4149/2404
f 2406/4135/2397 2412/4154/2408 2411/4162/2412 2405/4151/2406
f 2407/4153/2407 2413/4163/2413 2418/4163/2414 2412/4154/2408
f 2408/4155/2409 2414/4164/2415 2413/4164/2413 2407/4156/2407
f 2409/4157/2410 2415/4165/2416 2414/4165/2415 2408/4158/2409
f 2410/4159/2411 2416/4165/2417 2415/4165/2416 2409/4157/2410
f 2411/4160/2412 2417/4166/2418 2416/4166/2417 2410/4161/2411
f 2412/4154/2408 2418/4163/2414 2417/4163/2418 2411/4162/2412
f 2419/4167/2419 2425/4168/2420 2430/4169/2421 2424/4170/2422
f 2420/4171/2423 2426/4172/2424 2425/4173/2420 2419/4174/2419
f 2421/4175/2425 2427/4176/2426 2426/4177/2424 2420/4178/2423
f 2422/4179/2427 2428/4180/2428 2427/4181/2426 2421/4182/2425
f 2423/4183/2429 2429/4184/2430 2428/4180/2428 2422/4179/2427
f 2424/4170/2422 2430/4169/2421 2429/4185/2430 2423/4186/2429
f 2425/4168/2420 2431/4187/2431 2436/4188/2432 2430/4169/2421
f 2426/4189/2424 2432/4190/2433 2431/4191/2431 2425/4192/2420
f 2427/4176/2426 2433/4193/2434 2432/4194/2433 2426/4177/2424
f 2428/4180/2428 2434/4195/2435 2433/4196/2434 2427/4181/2426
f 2429/4184/2430 2435/4197/2436 2434/4195/2435 2428/4180/2428
f 2430/4169/2421 2436/4188/2432 2435/4198/2436 2429/4185/2430
f 2431/4187/2431 2437/4199/2437 2442/4199/2438 2436/4188/2432
f 2432/4200/2433 2438/4201/2439 2437/4201/2437 2431/4202/2431
f 2433/4193/2434 2439/4203/2440 2438/4203/2439 2432/4194/2433
f 2434/4195/2435 2440/4204/2441 2439/4204/2440 2433/4196/2434
f 2435/4205/2436 2441/4206/2442 2440/4206/2441 2434/4207/2435
f 2436/4188/2432 2442/4199/2438 2441/4199/2442 2435/4198/2436
f 2443/4208/2443 2449/4209/2444 2454/4210/2445 2448/4211/2446
f 2444/4212/2447 2450/4213/2448 2449/4214/2444 2443/4215/2443
f 2445/4216/2449 2451/4217/2450 2450/4218/2448 2444/4219/2447
f 2446/4220/2451 2452/4221/2452 2451/4217/2450 2445/4216/2449
f 2447/4222/2453 2453/4223/2454 2452/4224/2452 2446/4225/2451
f 2448/4211/2446 2454/4210/2445 2453/4226/2454 2447/4227/2453
f 2449/4209/2444 2455/4228/2455 2460/4229/2456 2454/4210/2445
f 2450/4230/2448 2456/4231/2457 2455/4232/2455 2449/4233/2444
f 2451/4217/2450 2457/4234/2458 2456/4235/2457 2450/4218/2448
f 2452/4221/2452 2458/4236/2459 2457/4234/2458 2451/4217/2450
f 2453/4223/2454 2459/4237/2460 2458/4238/2459 2452/4224/2452
f 2454/4210/2445 2460/4229/2456 2459/4239/2460 2453/4226/2454
f 2455/4228/2455 2461/4240/2461 2466/4240/2462 2460/4229/2456
f 2456/4241/2457 2462/4242/2463 2461/4242/2461 2455/4243/2455
f 2457/4234/2458 2463/4244/2464 2462/4244/2463 2456/4235/2457
f 2458/4238/2459 2464/4245/2465 2463/4245/2464 2457/4246/2458
f 2459/4237/2460 2465/4245/2466 2464/4245/2465 2458/4238/2459
f 2460/4229/2456 2466/4240/2462 2465/4240/2466 2459/4239/2460
f 2467/4247/2467 2473/4248/2468 2478/4249/2469 2472/4250/2470
f 2468/4251/2471 2474/4252/2472 2473/4248/2468 2467/4247/2467
f 2469/4253/2473 2475/4254/2474 2474/4255/2472 2468/4256/2471
f 2470/4257/2475 2476/4258/2476 2475/4254/2474 2469/4253/2473
f 2471/4259/2477 2477/4260/2478 2476/4261/2476 2470/4262/2475
f 2472/4263/2470 2478/4264/2469 2477/4265/2478 2471/4266/2477
f 2473/4248/2468 2479/4267/2479 2484/4268/2480 2478/4249/2469
f 2474/4252/2472 2480/4269/2481 2479/4267/2479 2473/4248/2468
f 2475/4270/2474 2481/4271/2482 2480/4272/2481 2474/4273/2472
f 2476/4261/2476 2482/4274/2483 2481/4275/2482 2475/4276/2474
f 2477/4260/2478 2483/4277/2484 2482/4274/2483 2476/4261/2476
f 2478/4264/2469 2484/4278/2480 2483/4279/2484 2477/4265/2478
f 2479/4280/2479 2485/4281/2485 2490/4281/2486 2484/4282/2480
f 2480/4269/2481 2486/4283/2487 2485/4283/2485 2479/4267/2479
f 2481/4284/2482 2487/4285/2488 2486/4285/2487 2480/4286/2481
f 2482/4287/2483 2488/4285/2489 2487/4285/2488 2481/4284/2482
f 2483/4277/2484 2489/4288/2490 2488/4288/2489 2482/4274/2483
f 2484/4282/2480 2490/4281/2486 2489/4281/2490 2483/4289/2484
f 2491/4290/2491 2497/4291/2492 2502/4292/2493 2496/4293/2494
f 2492/4294/2495 2498/4295/2496 2497/4296/2492 2491/4297/2491
f 2493/4298/2497 2499/4299/2498 2498/4295/2496 2492/4294/2495
f 2494/4300/2499 2500/4301/2500 2499/4302/2498 2493/4303/2497
f 2495/4304/2501 2501/4305/2502 2500/4306/2500 2494/4307/2499
f 2496/4308/2494 2502/4309/2493 2501/4305/2502 2495/4304/2501
f 2497/4291/2492 2503/4310/2503 2508/4311/2504 2502/4292/2493
f 2498/4295/2496 2504/4312/2505 2503/4313/2503 2497/4296/2492
f 2499/4299/2498 2505/4314/2506 2504/4312/2505 2498/4295/2496
f 2500/4301/2500 2506/4315/2507 2505/4316/2506 2499/4302/2498
f 2501/4305/2502 2507/4317/2508 2506/4318/2507 2500/4306/2500
f 2502/4309/2493 2508/4319/2504 2507/4317/2508 2501/4305/2502
f 2503/4310/2503 2509/4320/2509 2514/4320/2510 2508/4311/2504
f 2504/4312/2505 2510/4321/2511 2509/4321/2509 2503/4313/2503
f 2505/4314/2506 2511/4321/2512 2510/4321/2511 2504/4312/2505
f 2506/4315/2507 2512/4322/2513 2511/4322/2512 2505/4316/2506
f 2507/4317/2508 2513/4323/2514 2512/4323/2513 2506/4318/2507
f 2508/4311/2504 2514/4320/2510 2513/4320/2514 2507/4324/2508
f 2515/4325/2515 2521/4326/2516 2526/4327/2517 2520/4328/2518
f 2516/4329/2519 2522/4330/2520 2521/4331/2516 2515/4332/2515
f 2517/4333/2521 2523/4334/2522 2522/4335/2520 2516/4336/2519
f 2518/4337/2523 2524/4338/2524 2523/4334/2522 2517/4333/2521
f 2519/4339/2525 2525/4340/2526 2524/4341/2524 2518/4342/2523
f 2520/4328/2518 2526/4327/2517 2525/4343/2526 2519/4344/2525
f 2521/4326/2516 2527/4345/2527 2532/4346/2528 2526/4327/2517
f 2522/4330/2520 2528/4347/2529 2527/4348/2527 2521/4331/2516
f 2523/4334/2522 2529/4349/2530 2528/4350/2529 2522/4335/2520
f 2524/4338/2524 2530/4351/2531 2529/4349/2530 2523/4334/2522
f 2525/4340/2526 2531/4352/2532 2530/4353/2531 2524/4341/2524
f 2526/4327/2517 2532/4346/2528 2531/4354/2532 2525/4343/2526
f 2527/4345/2527 2533/4355/2533 2538/4355/2534 2532/4346/2528
f 2528/4347/2529 2534/4356/2535 2533/4356/2533 2527/4348/2527
f 2529/4349/2530 2535/4357/2536 2534/4357/2535 2528/4350/2529
f 2530/4351/2531 2536/4357/2537 2535/4357/2536 2529/4349/2530
f 2531/4352/2532 2537/4358/2538 2536/4358/2537 2530/4353/2531
f 2532/4346/2528 2538/4355/2534 2537/4355/2538 2531/4354/2532
f 2539/4359/2539 2545/4360/2540 2550/4361/2541 2544/4362/2542
f 2540/4363/2543 2546/4364/2544 2545/4365/2540 2539/4366/2539
f 2541/4367/2545 2547/4368/2546 2546/4369/2544 2540/4370/2543
f 2542/4371/2547 2548/4372/2548 2547/4368/2546 2541/4367/2545
f 2543/4373/2549 2549/4374/2550 2548/4375/2548 2542/4376/2547
f 2544/4362/2542 2550/4361/2541 2549/4377/2550 2543/4378/2549
f 2545/4360/2540 2551/4379/2551 2556/4380/2552 2550/4361/2541
f 2546/4364/2544 2552/4381/2553 2551/4382/2551 2545/4365/2540
f 2547/4368/2546 2553/4383/2554 2552/4384/2553 2546/4369/2544
f 2548/4372/2548 2554/4385/2555 2553/4383/2554 2547/4368/2546
f 2549/4374/2550 2555/4386/2556 2554/4387/2555 2548/4375/2548
f 2550/4361/2541 2556/4380/2552 2555/4388/2556 2549/4377/2550
f 2551/4379/2551 2557/4389/2557 2562/4389/2558 2556/4380/2552
f 2552/4381/2553 2558/4390/2559 2557/4390/2557 2551/4382/2551
f 2553/4383/2554 2559/4391/2560 2558/4391/2559 2552/4384/2553
f 2554/4385/2555 2560/4391/2561 2559/4391/2560 2553/4383/2554
f 2555/4386/2556 2561/4392/2562 2560/4392/2561 2554/4387/2555
f 2556/4380/2552 2562/4389/2558 2561/4389/2562 2555/4388/2556
f 2563/4393/2563 2569/4394/2564 2574/4395/2565 2568/4396/2566
f 2564/4397/2567 2570/4398/2568 2569/4394/2564 2563/4393/2563
f 2565/4399/2569 2571/4400/2570 2570/4401/2568 2564/4402/2567
f 2566/4403/2571 2572/4404/2572 2571/4400/2570 2565/4399/2569
f 2567/4405/2573 2573/4406/2574 2572/4407/2572 2566/4408/2571
f 2568/4409/2566 2574/4410/2565 2573/4411/2574 2567/4412/2573
f 2569/4394/2564 2575/4413/2575 2580/4414/2576 2574/4395/2565
f 2570/4398/2568 2576/4415/2577 2575/4413/2575 2569/4394/2564
f 2571/4400/2570 2577/4416/2578 2576/4417/2577 2570/4401/2568
f 2572/4404/2572 2578/4418/2579 2577/4416/2578 2571/4400/2570
f 2573/4406/2574 2579/4419/2580 2578/4420/2579 2572/4407/2572
f 2574/4410/2565 2580/4421/2576 2579/4422/2580 2573/4411/2574
f 2575/4413/2575 2581/4423/2581 2586/4423/2582 2580/4414/2576
f 2576/4415/2577 2582/4423/2583 2581/4423/2581 2575/4413/2575
f 2577/4416/2578 2583/4424/2584 2582/4424/2583 2576/4417/2577
f 2578/4420/2579 2584/4425/2585 2583/4425/2584 2577/4426/2578
f 2579/4419/2580 2585/4425/2586 2584/4425/2585 2578/4420/2579
f 2580/4421/2576 2586/4427/2582 2585/4427/2586 2579/4422/2580
f 2587/4428/2587 2593/4429/2588 2598/4430/2589 2592/4431/2590
f 2588/4432/2591 2594/4433/2592 2593/4434/2588 2587/4435/2587
f 2589/4436/2593 2595/4437/2594 2594/4438/2592 2588/4439/2591
f 2590/4440/2595 2596/4441/2596 2595/4437/2594 2589/4436/2593
f 2591/4442/2597 2597/4443/2598 2596/4444/2596 2590/4445/2595
f 2592/4431/2590 2598/4430/2589 2597/4446/2598 2591/4447/2597
f 2593/4429/2588 2599/4448/2599 2604/4449/2600 2598/4430/2589
f 2594/4433/2592 2600/4450/2601 2599/4451/2599 2593/4434/2588
f 2595/4437/2594 2601/4452/2602 2600/4453/2601 2594/4438/2592
f 2596/4441/2596 2602/4454/2603 2601/4452/2602 2595/4437/2594
f 2597/4443/2598 2603/4455/2604 2602/4456/2603 2596/4444/2596
f 2598/4430/2589 2604/4449/2600 2603/4457/2604 2597/4446/2598
f 2599/4458/2599 2605/4459/2605 2610/4459/2606 2604/4460/2600
f 2600/4450/2601 2606/4461/2607 2605/4461/2605 2599/4451/2599
f 2601/4452/2602 2607/4462/2608 2606/4462/2607 2600/4453/2601
f 2602/4463/2603 2608/4464/2609 2607/4464/2608 2601/4465/2602
f 2603/4455/2604 2609/4466/2610 2608/4466/2609 2602/4456/2603
f 2604/4449/2600 2610/4467/2606 2609/4467/2610 2603/4457/2604
f 2611/4468/2611 2617/4469/2612 2622/4470/2613 2616/4471/2614
f 2612/4472/2615 2618/4473/2616 2617/4474/2612 2611/4475/2611
f 2613/4476/2617 2619/4477/2618 2618/4478/2616 2612/4479/2615
f 2614/4480/2619 2620/4481/2620 2619/4477/2618 2613/4476/2617
f 2615/4482/2621 2621/4483/2622 2620/4484/2620 2614/4485/2619
f 2616/4471/2614 2622/4470/2613 2621/4486/2622 2615/4487/2621
f 2617/4488/2612 2623/4489/2623 2628/4490/2624 2622/4491/2613
f 2618/4473/2616 2624/4492/2625 2623/4493/2623 2617/4474/2612
f 2619/4494/2618 2625/4495/2626 2624/4492/2625 2618/4473/2616
f 2620/4484/2620 2626/4496/2627 2625/4497/2626 2619/4498/2618
f 2621/4483/2622 2627/4499/2628 2626/4496/2627 2620/4484/2620
f 2622/4500/2613 2628/4501/2624 2627/4502/2628 2621/4503/2622
f 2623/4489/2623 2629/4504/2629 2634/4504/2630 2628/4490/2624
f 2624/4505/2625 2630/4504/2631 2629/4504/2629 2623/4489/2623
f 2625/4495/2626 2631/4506/2632 2630/4506/2631 2624/4492/2625
f 2626/4496/2627 2632/4507/2633 2631/4507/2632 2625/4497/2626
f 2627/4499/2628 2633/4507/2634 2632/4507/2633 2626/4496/2627
f 2628/4501/2624 2634/4508/2630 2633/4508/2634 2627/4502/2628
f 2635/4509/2635 2641/4510/2636 2646/4511/2637 2640/4512/2638
f 2636/4513/2639 2642/4514/2640 2641/4515/2636 2635/4516/2635
f 2637/4517/2641 2643/4518/2642 2642/4519/2640 2636/4520/2639
f 2638/4521/2643 2644/4522/2644 2643/4523/2642 2637/4524/2641
f 2639/4525/2645 2645/4526/2646 2644/4522/2644 2638/4521/2643
f 2640/4527/2638 2646/4528/2637 2645/4529/2646 2639/4530/2645
f 2641/4510/2636 2647/4531/2647 2652/4532/2648 2646/4511/2637
f 2642/4514/2640 2648/4533/2649 2647/4534/2647 2641/4515/2636
f 2643/4518/2642 2649/4535/2650 2648/4536/2649 2642/4519/2640
f 2644/4522/2644 2650/4537/2651 2649/4538/2650 2643/4523/2642
f 2645/4526/2646 2651/4539/2652 2650/4537/2651 2644/4522/2644
f 2646/4528/2637 2652/4540/2648 2651/4541/2652 2645/4529/2646
f 2647/4531/2647 2653/4542/2653 2658/4542/2654 2652/4532/2648
f 2648/4533/2649 2654/4543/2655 2653/4543/2653 2647/4534/2647
f 2649/4535/2650 2655/4544/2656 2654/4544/2655 2648/4536/2649
f 2650/4537/2651 2656/4545/2657 2655/4545/2656 2649/4538/2650
f 2651/4539/2652 2657/4545/2658 2656/4545/2657 2650/4537/2651
f 2652/4540/2648 2658/4546/2654 2657/4546/2658 2651/4541/2652
f 2659/4547/2659 2665/4548/2660 2670/4549/2661 2664/4550/2662
f 2660/4551/2663 2666/4552/2664 2665/4553/2660 2659/4554/2659
f 2661/4555/2665 2667/4556/2666 2666/4552/2664 2660/4551/2663
f 2662/4557/2667 2668/4558/2668 2667/4559/2666 2661/4560/2665
f 2663/4561/2669 2669/4562/2670 2668/4563/2668 2662/4564/2667
f 2664/4565/2662 2670/4566/2661 2669/4562/2670 2663/4561/2669
f 2665/4548/2660 2671/4567/2671 2676/4568/2672 2670/4549/2661
f 2666/4552/2664 2672/4569/2673 2671/4570/2671 2665/4553/2660
f 2667/4556/2666 2673/4571/2674 2672/4569/2673 2666/4552/2664
f 2668/4558/2668 2674/4572/2675 2673/4573/2674 2667/4559/2666
f 2669/4562/2670 2675/4574/2676 2674/4575/2675 2668/4563/2668
f 2670/4566/2661 2676/4576/2672 2675/4574/2676 2669/4562/2670
f 2671/4567/2671 2677/4577/2677 2682/4577/2678 2676/4568/2672
f 2672/4578/2673 2678/4579/2679 2677/4579/2677 2671/4580/2671
f 2673/4571/2674 2679/4581/2680 2678/4581/2679 2672/4569/2673
f 2674/4572/2675 2680/4582/2681 2679/4582/2680 2673/4573/2674
f 2675/4574/2676 2681/4583/2682 2680/4583/2681 2674/4575/2675
f 2676/4576/2672 2682/4583/2678 2681/4583/2682 2675/4574/2676
f 2683/4584/2683 2689/4585/2684 2694/4586/2685 2688/4587/2686
f 2684/4588/2687 2690/4589/2688 2689/4590/2684 2683/4591/2683
f 2685/4592/2689 2691/4593/2690 2690/4589/2688 2684/4588/2687
f 2686/4594/2691 2692/4595/2692 2691/4596/2690 2685/4597/2689
f 2687/4598/2693 2693/4599/2694 2692/4600/2692 2686/4601/2691
f 2688/4602/2686 2694/4603/2685 2693/4599/2694 2687/4598/2693
f 2689/4585/2684 2695/4604/2695 2700/4605/2696 2694/4586/2685
f 2690/4589/2688 2696/4606/2697 2695/4607/2695 2689/4590/2684
f 2691/4593/2690 2697/4608/2698 2696/4606/2697 2690/4589/2688
f 2692/4595/2692 2698/4609/2699 2697/4610/2698 2691/4596/2690
f 2693/4599/2694 2699/4611/2700 2698/4612/2699 2692/4600/2692
f 2694/4603/2685 2700/4613/2696 2699/4611/2700 2693/4599/2694
f 2695/4604/2695 2701/4614/2701 2706/4614/2702 2700/4605/2696
f 2696/4615/2697 2702/4616/2703 2701/4616/2701 2695/4617/2695
f 2697/4608/2698 2703/4618/2704 2702/4618/2703 2696/4606/2697
f 2698/4609/2699 2704/4619/2705 2703/4619/2704 2697/4610/2698
f 2699/4620/2700 2705/4621/2706 2704/4621/2705 2698/4622/2699
f 2700/4613/2696 2706/4623/2702 2705/4623/2706 2699/4611/2700
f 2707/4624/2707 2713/4625/2708 2718/4626/2709 2712/4627/2710
f 2708/4628/2711 2714/4629/2712 2713/4630/2708 2707/4631/2707
f 2709/4632/2713 2715/4633/2714 2714/4634/2712 2708/4635/2711
f 2710/4636/2715 2716/4637/2716 2715/4633/2714 2709/4632/2713
f 2711/4638/2717 2717/4639/2718 2716/4640/2716 2710/4641/2715
f 2712/4627/2710 2718/4626/2709 2717/4642/2718 2711/4643/2717
f 2713/4625/2708 2719/4644/2719 2724/4645/2720 2718/4626/2709
f 2714/4629/2712 2720/4646/2721 2719/4647/2719 2713/4630/2708
f 2715/4633/2714 2721/4648/2722 2720/4649/2721 2714/4634/2712
f 2716/4637/2716 2722/4650/2723 2721/4648/2722 2715/4633/2714
f 2717/4639/2718 2723/4651/2724 2722/4652/2723 2716/4640/2716
f 2718/4653/2709 2724/4654/2720 2723/4651/2724 2717/4639/2718
f 2719/4644/2719 2725/4655/2725 2730/4655/2726 2724/4645/2720
f 2720/4646/2721 2726/4656/2727 2725/4656/2725 2719/4647/2719
f 2721/4648/2722 2727/4657/2728 2726/4657/2727 2720/4649/2721
f 2722/4650/2723 2728/4657/2729 2727/4657/2728 2721/4648/2722
f 2723/4651/2724 2729/4658/2730 2728/4658/2729 2722/4652/2723
f 2724/4645/2720 2730/4655/2726 2729/4655/2730 2723/4659/2724
f 2731/4660/2731 2737/4661/2732 2742/4662/2733 2736/4663/2734
f 2732/4664/2735 2738/4665/2736 2737/4666/2732 2731/4667/2731
f 2733/4668/2737 2739/4669/2738 2738/4670/2736 2732/4671/2735
f 2734/4672/2739 2740/4673/2740 2739/4669/2738 2733/4668/2737
f 2735/4674/2741 2741/4675/2742 2740/4676/2740 2734/4677/2739
f 2736/4663/2734 2742/4662/2733 2741/4678/2742 2735/4679/2741
f 2737/4661/2732 2743/4680/2743 2748/4681/2744 2742/4662/2733
f 2738/4665/2736 2744/4682/2745 2743/4683/2743 2737/4666/2732
f 2739/4669/2738 2745/4684/2746 2744/4685/2745 2738/4670/2736
f 2740/4673/2740 2746/4686/2747 2745/4684/2746 2739/4669/2738
f 2741/4675/2742 2747/4687/2748 2746/4688/2747 2740/4676/2740
f 2742/4662/2733 2748/4681/2744 2747/4689/2748 2741/4678/2742
f 2743/4680/2743 2749/4690/2749 2754/4690/2750 2748/4681/2744
f 2744/4682/2745 2750/4691/2751 2749/4691/2749 2743/4683/2743
f 2745/4692/2746 2751/4693/2752 2750/4693/2751 2744/4694/2745
f 2746/4686/2747 2752/4695/2753 2751/4695/2752 2745/4684/2746
f 2747/4687/2748 2753/4696/2754 2752/4696/2753 2746/4688/2747
f 2748/4681/2744 2754/4690/2750 2753/4690/2754 2747/4689/2748
f 2755/4697/2755 2761/4698/2756 2766/4699/2757 2760/4700/2758
f 2756/4701/2759 2762/4702/2760 2761/4703/2756 2755/4704/2755
f 2757/4705/2761 2763/4706/2762 2762/4707/2760 2756/4708/2759
f 2758/4709/2763 2764/4710/2764 2763/4706/2762 2757/4705/2761
f 2759/4711/2765 2765/4712/2766 2764/4713/2764 2758/4714/2763
f 2760/4700/2758 2766/4699/2757 2765/4715/2766 2759/4716/2765
f 2761/4698/2756 2767/4717/2767 2772/4718/2768 2766/4699/2757
f 2762/4702/2760 2768/4719/2769 2767/4720/2767 2761/4703/2756
f 2763/4706/2762 2769/4721/2770 2768/4722/2769 2762/4707/2760
f 2764/4710/2764 2770/4723/2771 2769/4721/2770 2763/4706/2762
f 2765/4712/2766 2771/4724/2772 2770/4725/2771 2764/4713/2764
f 2766/4699/2757 2772/4718/2768 2771/4726/2772 2765/4715/2766
f 2767/4717/2767 2773/4727/2773 2778/4727/2774 2772/4718/2768
f 2768/4728/2769 2774/4729/2775 2773/4729/2773 2767/4730/2767
f 2769/4731/2770 2775/4729/2776 2774/4729/2775 2768/4728/2769
f 2770/4723/2771 2776/4732/2777 2775/4732/2776 2769/4721/2770
f 2771/4724/2772 2777/4733/2778 2776/4733/2777 2770/4725/2771
f 2772/4734/2768 2778/4735/2774 2777/4735/2778 2771/4736/2772
f 2779/4737/2779 2785/4738/2780 2790/4739/2781 2784/4740/2782
f 2780/4741/2783 2786/4742/2784 2785/4743/2780 2779/4744/2779
f 2781/4745/2785 2787/4746/2786 2786/4747/2784 2780/4748/2783
f 2782/4749/2787 2788/4750/2788 2787/4746/2786 2781/4745/2785
f 2783/4751/2789 2789/4752/2790 2788/4753/2788 2782/4754/2787
f 2784/4740/2782 2790/4739/2781 2789/4755/2790 2783/4756/2789
f 2785/4757/2780 2791/4758/2791 2796/4759/2792 2790/4760/2781
f 2786/4742/2784 2792/4761/2793 2791/4762/2791 2785/4743/2780
f 2787/4746/2786 2793/4763/2794 2792/4764/2793 2786/4747/2784
f 2788/4750/2788 2794/4765/2795 2793/4763/2794 2787/4746/2786
f 2789/4752/2790 2795/4766/2796 2794/4767/2795 2788/4753/2788
f 2790/4739/2781 2796/4768/2792 2795/4769/2796 2789/4755/2790
f 2791/4770/2791 2797/4771/2797 2802/4771/2798 2796/4768/2792
f 2792/4761/2793 2798/4772/2799 2797/4772/2797 2791/4762/2791
f 2793/4763/2794 2799/4773/2800 2798/4773/2799 2792/4764/2793
f 2794/4765/2795 2800/4773/2801 2799/4773/2800 2793/4763/2794
f 2795/4766/2796 2801/4774/2802 2800/4774/2801 2794/4767/2795
f 2796/4768/2792 2802/4771/2798 2801/4771/2802 2795/4769/2796
f 2803/4775/2803 2809/4776/2804 2814/4777/2805 2808/4778/2806
f 2804/4779/2807 2810/4780/2808 2809/4781/2804 2803/4782/2803
f 2805/4783/2809 2811/4784/2810 2810/4785/2808 2804/4786/2807
f 2806/4787/2811 2812/4788/2812 2811/4784/2810 2805/4783/2809
f 2807/4789/2813 2813/4790/2814 2812/4791/2812 2806/4792/2811
f 2808/4778/2806 2814/4777/2805 2813/4793/2814 2807/4794/2813
f 2809/4776/2804 2815/4795/2815 2820/4796/2816 2814/4777/2805
f 2810/4780/2808 2816/4797/2817 2815/4798/2815 2809/4781/2804
f 2811/4784/2810 2817/4799/2818 2816/4800/2817 2810/4785/2808
f 2812/4788/2812 2818/4801/2819 2817/4799/2818 2811/4784/2810
f 2813/4790/2814 2819/4802/2820 2818/4803/2819 2812/4791/2812
f 2814/4777/2805 2820/4796/2816 2819/4804/2820 2813/4793/2814
f 2815/4795/2815 2821/4805/2821 2826/4805/2822 2820/4796/2816
f 2816/4797/2817 2822/4806/2823 2821/4806/2821 2815/4798/2815
f 2817/4807/2818 2823/4806/2824 2822/4806/2823 2816/4797/2817
f 2818/4801/2819 2824/4808/2825 2823/4808/2824 2817/4799/2818
f 2819/4802/2820 2825/4809/2826 2824/4809/2825 2818/4803/2819
f 2820/4796/2816 2826/4805/2822 2825/4805/2826 2819/4804/2820
f 2827/4810/2827 2833/4811/2828 2838/4812/2829 2832/4813/2830
f 2828/4814/2831 2834/4815/2832 2833/4816/2828 2827/4817/2827
f 2829/4818/2833 2835/4819/2834 2834/4820/2832 2828/4821/2831
f 2830/4822/2835 2836/4823/2836 2835/4819/2834 2829/4818/2833
f 2831/4824/2837 2837/4825/2838 2836/4826/2836 2830/4827/2835
f 2832/4813/2830 2838/4812/2829 2837/4828/2838 2831/4829/2837
f 2833/4811/2828 2839/4830/2839 2844/4831/2840 2838/4812/2829
f 2834/4815/2832 2840/4832/2841 2839/4833/2839 2833/4816/2828
f 2835/4819/2834 2841/4834/2842 2840/4835/2841 2834/4820/2832
f 2836/4823/2836 2842/4836/2843 2841/4834/2842 2835/4819/2834
f 2837/4825/2838 2843/4837/2844 2842/4838/2843 2836/4826/2836
f 2838/4812/2829 2844/4831/2840 2843/4839/2844 2837/4828/2838
f 2839/4830/2839 2845/4840/2845 2850/4840/2846 2844/4831/2840
f 2840/4832/2841 2846/4841/2847 2845/4841/2845 2839/4833/2839
f 2841/4834/2842 2847/4842/2848 2846/4842/2847 2840/4835/2841
f 2842/4836/2843 2848/4842/2849 2847/4842/2848 2841/4834/2842
f 2843/4837/2844 2849/4843/2850 2848/4843/2849 2842/4838/2843
f 2844/4831/2840 2850/4840/2846 2849/4840/2850 2843/4839/2844
f 2851/4844/2851 2857/4845/2852 2862/4846/2853 2856/4847/2854
f 2852/4848/2855 2858/4849/2856 2857/4850/2852 2851/4851/2851
f 2853/4852/2857 2859/4853/2858 2858/4854/2856 2852/4855/2855
f 2854/4856/2859 2860/4857/2860 2859/4858/2858 2853/4859/2857
f 2855/4860/2861 2861/4861/2862 2860/4857/2860 2854/4856/2859
f 2856/4847/2854 2862/4846/2853 2861/4862/2862 2855/4863/2861
f 2857/4845/2852 2863/4864/2863 2868/4865/2864 2862/4846/2853
f 2858/4849/2856 2864/4866/2865 2863/4867/2863 2857/4850/2852
f 2859/4853/2858 2865/4868/2866 2864/4869/2865 2858/4854/2856
f 2860/4857/2860 2866/4870/2867 2865/4871/2866 2859/4858/2858
f 2861/4861/2862 2867/4872/2868 2866/4870/2867 2860/4857/2860
f 2862/4846/2853 2868/4865/2864 2867/4873/2868 2861/4862/2862
f 2863/4864/2863 2869/4874/2869 2874/4874/2870 2868/4865/2864
f 2864/4866/2865 2870/4875/2871 2869/4875/2869 2863/4867/2863
f 2865/4868/2866 2871/4876/2872 2870/4876/2871 2864/4869/2865
f 2866/4870/2867 2872/4877/2873 2871/4877/2872 2865/4871/2866
f 2867/4872/2868 2873/4877/2874 2872/4877/2873 2866/4870/2867
f 2868/4865/2864 2874/4874/2870 2873/4874/2874 2867/4873/2868
f 2875/4878/2875 2881/4879/2876 2886/4880/2877 2880/4881/2878
f 2876/4882/2879 2882/4883/2880 2881/4884/2876 2875/4885/2875
f 2877/4886/2881 2883/4887/2882 2882/4888/2880 2876/4889/2879
f 2878/4890/2883 2884/4891/2884 2883/4887/2882 2877/4886/2881
f 2879/4892/2885 2885/4893/2886 2884/4894/2884 2878/4895/2883
f 2880/4881/2878 2886/4880/2877 2885/4896/2886 2879/4897/2885
f 2881/4879/2876 2887/4898/2887 2892/4899/2888 2886/4880/2877
f 2882/4883/2880 2888/4900/2889 2887/4901/2887 2881/4884/2876
f 2883/4887/2882 2889/4902/2890 2888/4903/2889 2882/4888/2880
f 2884/4891/2884 2890/4904/2891 2889/4902/2890 2883/4887/2882
f 2885/4893/2886 2891/4905/2892 2890/4906/2891 2884/4894/2884
f 2886/4880/2877 2892/4899/2888 2891/4907/2892 2885/4896/2886
f 2887/4898/2887 2893/4908/2893 2898/4908/2894 2892/4899/2888
f 2888/4900/2889 2894/4909/2895 2893/4909/2893 2887/4901/2887
f 2889/4902/2890 2895/4910/2896 2894/4910/2895 2888/4903/2889
f 2890/4904/2891 2896/4910/2897 2895/4910/2896 2889/4902/2890
f 2891/4905/2892 2897/4911/2898 2896/4911/2897 2890/4906/2891
f 2892/4899/2888 2898/4908/2894 2897/4908/2898 2891/4907/2892
f 2899/4912/2899 2905/4913/2900 2910/4914/2901 2904/4915/2902
f 2900/4916/2903 2906/4917/2904 2905/4913/2900 2899/4912/2899
f 2901/4918/2905 2907/4919/2906 2906/4920/2904 2900/4921/2903
f 2902/4922/2907 2908/4923/2908 2907/4924/2906 2901/4925/2905
f 2903/4926/2909 2909/4927/2910 2908/4923/2908 2902/4922/2907
f 2904/4928/2902 2910/4929/2901 2909/4930/2910 2903/4931/2909
f 2905/4932/2900 2911/4933/2911 2916/4934/2912 2910/4929/2901
f 2906/4917/2904 2912/4935/2913 2911/4936/2911 2905/4913/2900
f 2907/4919/2906 2913/4937/2914 2912/4938/2913 2906/4920/2904
f 2908/4939/2908 2914/4940/2915 2913/4937/2914 2907/4919/2906
f 2909/4927/2910 2915/4941/2916 2914/4942/2915 2908/4923/2908
f 2910/4929/2901 2916/4934/2912 2915/4943/2916 2909/4930/2910
f 2911/4933/2911 2917/4944/2917 2922/4944/2918 2916/4934/2912
f 2912/4935/2913 2918/4945/2919 2917/4945/2917 2911/4936/2911
f 2913/4937/2914 2919/4946/2920 2918/4946/2919 2912/4938/2913
f 2914/4940/2915 2920/4946/2921 2919/4946/2920 2913/4937/2914
f 2915/4941/2916 2921/4947/2922 2920/4947/2921 2914/4942/2915
f 2916/4934/2912 2922/4944/2918 2921/4944/2922 2915/4943/2916
f 2923/4948/2923 2929/4949/2924 2934/4950/2925 2928/4951/2926
f 2924/4952/2927 2930/4953/2928 2929/4954/2924 2923/4955/2923
f 2925/4956/2929 2931/4957/2930 2930/4958/2928 2924/4959/2927
f 2926/4960/2931 2932/4961/2932 2931/4962/2930 2925/4963/2929
f 2927/4964/2933 2933/4965/2934 2932/4966/2932 2926/4967/2931
f 2928/4968/2926 2934/4969/2925 2933/4965/2934 2927/4964/2933
f 2929/4949/2924 2935/4970/2935 2940/4971/2936 2934/4950/2925
f 2930/4953/2928 2936/4972/2937 2935/4973/2935 2929/4954/2924
f 2931/4957/2930 2937/4974/2938 2936/4975/2937 2930/4958/2928
f 2932/4961/2932 2938/4976/2939 2937/4977/2938 2931/4962/2930
f 2933/4965/2934 2939/4978/2940 2938/4979/2939 2932/4966/2932
f 2934/4969/2925 2940/4980/2936 2939/4978/2940 2933/4965/2934
f 2935/4973/2935 2941/4981/2941 2946/4981/2942 2940/4982/2936
f 2936/4972/2937 2942/4981/2943 2941/4981/2941 2935/4973/2935
f 2937/4977/2938 2943/4983/2944 2942/4983/2943 2936/4984/2937
f 2938/4976/2939 2944/4983/2945 2943/4983/2944 2937/4977/2938
f 2939/4985/2940 2945/4986/2946 2944/4986/2945 2938/4987/2939
f 2940/4980/2936 2946/4988/2942 2945/4988/2946 2939/4978/2940
f 2947/4989/2947 2953/4990/2948 2958/4991/2949 2952/4992/2950
f 2948/4993/2951 2954/4994/2952 2953/4995/2948 2947/4996/2947
f 2949/4997/2953 2955/4998/2954 2954/4999/2952 2948/5000/2951
f 2950/5001/2955 2956/5002/2956 2955/4998/2954 2949/4997/2953
f 2951/5003/2957 2957/5004/2958 2956/5005/2956 2950/5006/2955
f 2952/4992/2950 2958/4991/2949 2957/5007/2958 2951/5008/2957
f 2953/4990/2948 2959/5009/2959 2964/5010/2960 2958/4991/2949
f 2954/4994/2952 2960/5011/2961 2959/5012/2959 2953/4995/2948
f 2955/4998/2954 2961/5013/2962 2960/5014/2961 2954/4999/2952
f 2956/5002/2956 2962/5015/2963 2961/5013/2962 2955/4998/2954
f 2957/5016/2958 2963/5017/2964 2962/5018/2963 2956/5019/2956
f 2958/4991/2949 2964/5010/2960 2963/5020/2964 2957/5007/2958
f 2959/5009/2959 2965/5021/2965 2970/5021/2966 2964/5010/2960
f 2960/5011/2961 2966/5022/2967 2965/5022/2965 2959/5012/2959
f 2961/5013/2962 2967/5023/2968 2966/5023/2967 2960/5014/2961
f 2962/5015/2963 2968/5023/2969 2967/5023/2968 2961/5013/2962
f 2963/5024/2964 2969/5025/2970 2968/5025/2969 2962/5026/2963
f 2964/5010/2960 2970/5021/2966 2969/5021/2970 2963/5020/2964
f 2971/5027/2971 2977/5028/2972 2982/5029/2973 2976/5030/2974
f 2972/5031/2975 2978/5032/2976 2977/5033/2972 2971/5034/2971
f 2973/5035/2977 2979/5036/2978 2978/5037/2976 2972/5038/2975
f 2974/5039/2979 2980/5040/2980 2979/5041/2978 2973/5042/2977
f 2975/5043/2981 2981/5044/2982 2980/5040/2980 2974/5039/2979
f 2976/5030/2974 2982/5029/2973 2981/5045/2982 2975/5046/2981
f 2977/5033/2972 2983/5047/2983 2988/5048/2984 2982/5049/2973
f 2978/5032/2976 2984/5050/2985 2983/5047/2983 2977/5033/2972
f 2979/5036/2978 2985/5051/2986 2984/5052/2985 2978/5037/2976
f 2980/5040/2980 2986/5053/2987 2985/5054/2986 2979/5041/2978
f 2981/5044/2982 2987/5055/2988 2986/5053/2987 2980/5040/2980
f 2982/5029/2973 2988/5056/2984 2987/5057/2988 2981/5045/2982
f 2983/5047/2983 2989/5058/2989 2994/5058/2990 2988/5048/2984
f 2984/5050/2985 2990/5058/2991 2989/5058/2989 2983/5047/2983
f 2985/5051/2986 2991/5059/2992 2990/5059/2991 2984/5052/2985
f 2986/5053/2987 2992/5060/2993 2991/5060/2992 2985/5054/2986
f 2987/5055/2988 2993/5060/2994 2992/5060/2993 2986/5053/2987
f 2988/5056/2984 2994/5061/2990 2993/5061/2994 2987/5057/2988
f 2995/5062/2995 3001/5063/2996 3006/5064/2997 3000/5065/2998
f 2996/5066/2999 3002/5067/3000 3001/5068/2996 2995/5069/2995
f 2997/5070/3001 3003/5071/3002 3002/5067/3000 2996/5066/2999
f 2998/5072/3003 3004/5073/3004 3003/5074/3002 2997/5075/3001
f 2999/5076/3005 3005/5077/3006 3004/5078/3004 2998/5079/3003
f 3000/5080/2998 3006/5081/2997 3005/5077/3006 2999/5076/3005
f 3001/5063/2996 3007/5082/3007 3012/5083/3008 3006/5064/2997
f 3002/5067/3000 3008/5084/3009 3007/5085/3007 3001/5068/2996
f 3003/5071/3002 3009/5086/3010 3008/5084/3009 3002/5067/3000
f 3004/5073/3004 3010/5087/3011 3009/5088/3010 3003/5074/3002
f 3005/5077/3006 3011/5089/3012 3010/5090/3011 3004/5078/3004
f 3006/5081/2997 3012/5091/3008 3011/5089/3012 3005/5077/3006
f 3007/5082/3007 3013/5092/3013 3018/5092/3014 3012/5083/3008
f 3008/5084/3009 3014/5093/3015 3013/5093/3013 3007/5085/3007
f 3009/5086/3010 3015/5093/3016 3014/5093/3015 3008/5084/3009
f 3010/5087/3011 3016/5094/3017 3015/5094/3016 3009/5088/3010
f 3011/5089/3012 3017/5095/3018 3016/5095/3017 3010/5090/3011
f 3012/5091/3008 3018/5095/3014 3017/5095/3018 3011/5089/3012
f 3019/5096/3019 3025/5097/3020 3030/5098/3021 3024/5099/3022
f 3020/5100/3023 3026/5101/3024 3025/5102/3020 3019/5103/3019
f 3021/5104/3025 3027/5105/3026 3026/5106/3024 3020/5107/3023
f 3022/5108/3027 3028/5109/3028 3027/5105/3026 3021/5104/3025
f 3023/5110/3029 3029/5111/3030 3028/5112/3028 3022/5113/3027
f 3024/5099/3022 3030/5098/3021 3029/5114/3030 3023/5115/3029
f 3025/5097/3020 3031/5116/3031 3036/5117/3032 3030/5098/3021
f 3026/5101/3024 3032/5118/3033 3031/5119/3031 3025/5102/3020
f 3027/5105/3026 3033/5120/3034 3032/5121/3033 3026/5106/3024
f 3028/5109/3028 3034/5122/3035 3033/5120/3034 3027/5105/3026
f 3029/5111/3030 3035/5123/3036 3034/5124/3035 3028/5112/3028
f 3030/5098/3021 3036/5117/3032 3035/5125/3036 3029/5114/3030
f 3031/5116/3031 3037/5126/3037 3042/5126/3038 3036/5117/3032
f 3032/5118/3033 3038/5127/3039 3037/5127/3037 3031/5119/3031
f 3033/5120/3034 3039/5128/3040 3038/5128/3039 3032/5121/3033
f 3034/5122/3035 3040/5128/3041 3039/5128/3040 3033/5120/3034
f 3035/5123/3036 3041/5129/3042 3040/5129/3041 3034/5124/3035
f 3036/5117/3032 3042/5126/3038 3041/5126/3042 3035/5125/3036
f 3043/5130/3043 3049/5131/3044 3054/5132/3045 3048/5133/3046
f 3044/5134/3047 3050/5135/3048 3049/5136/3044 3043/5137/3043
f 3045/5138/3049 3051/5139/3050 3050/5135/3048 3044/5134/3047
f 3046/5140/3051 3052/5141/3052 3051/5142/3050 3045/5143/3049
f 3047/5144/3053 3053/5145/3054 3052/5141/3052 3046/5140/3051
f 3048/5146/3046 3054/5147/3045 3053/5148/3054 3047/5149/3053
f 3049/5131/3044 3055/5150/3055 3060/5151/3056 3054/5132/3045
f 3050/5135/3048 3056/5152/3057 3055/5153/3055 3049/5136/3044
f 3051/5139/3050 3057/5154/3058 3056/5152/3057 3050/5135/3048
f 3052/5141/3052 3058/5155/3059 3057/5156/3058 3051/5142/3050
f 3053/5145/3054 3059/5157/3060 3058/5155/3059 3052/5141/3052
f 3054/5147/3045 3060/5158/3056 3059/5159/3060 3053/5148/3054
f 3055/5150/3055 3061/5160/3061 3066/5160/3062 3060/5151/3056
f 3056/5161/3057 3062/5162/3063 3061/5162/3061 3055/5163/3055
f 3057/5154/3058 3063/5164/3064 3062/5164/3063 3056/5152/3057
f 3058/5155/3059 3064/5165/3065 3063/5165/3064 3057/5156/3058
f 3059/5157/3060 3065/5165/3066 3064/5165/3065 3058/5155/3059
f 3060/5158/3056 3066/5166/3062 3065/5166/3066 3059/5159/3060
f 3067/5167/3067 3073/5168/3068 3078/5169/3069 3072/5170/3070
f 3068/5171/3071 3074/5172/3072 3073/5173/3068 3067/5174/3067
f 3069/5175/3073 3075/5176/3074 3074/5172/3072 3068/5171/3071
f 3070/5177/3075 3076/5178/3076 3075/5179/3074 3069/5180/3073
f 3071/5181/3077 3077/5182/3078 3076/5183/3076 3070/5184/3075
f 3072/5185/3070 3078/5186/3069 3077/5182/3078 3071/5181/3077
f 3073/5168/3068 3079/5187/3079 3084/5188/3080 3078/5169/3069
f 3074/5172/3072 3080/5189/3081 3079/5190/3079 3073/5173/3068
f 3075/5176/3074 3081/5191/3082 3080/5189/3081 3074/5172/3072
f 3076/5178/3076 3082/5192/3083 3081/5193/3082 3075/5179/3074
f 3077/5182/3078 3083/5194/3084 3082/5195/3083 3076/5183/3076
f 3078/5186/3069 3084/5196/3080 3083/5194/3084 3077/5182/3078
f 3079/5187/3079 3085/5197/3085 3090/5197/3086 3084/5188/3080
f 3080/5189/3081 3086/5198/3087 3085/5198/3085 3079/5190/3079
f 3081/5191/3082 3087/5198/3088 3086/5198/3087 3080/5189/3081
f 3082/5192/3083 3088/5199/3089 3087/5199/3088 3081/5193/3082
f 3083/5194/3084 3089/5200/3090 3088/5200/3089 3082/5195/3083
f 3084/5196/3080 3090/5200/3086 3089/5200/3090 3083/5194/3084
f 3091/5201/3091 3097/5202/3092 3102/5203/3093 3096/5204/3094
f 3092/5205/3095 3098/5206/3096 3097/5207/3092 3091/5208/3091
f 3093/5209/3097 3099/5210/3098 3098/5211/3096 3092/5212/3095
f 3094/5213/3099 3100/5214/3100 3099/5210/3098 3093/5209/3097
f 3095/5215/3101 3101/5216/3102 3100/5217/3100 3094/5218/3099
f 3096/5204/3094 3102/5203/3093 3101/5219/3102 3095/5220/3101
f 3097/5202/3092 3103/5221/3103 3108/5222/3104 3102/5203/3093
f 3098/5206/3096 3104/5223/3105 3103/5224/3103 3097/5207/3092
f 3099/5210/3098 3105/5225/3106 3104/5226/3105 3098/5211/3096
f 3100/5214/3100 3106/5227/3107 3105/5225/3106 3099/5210/3098
f 3101/5216/3102 3107/5228/3108 3106/5229/3107 3100/5217/3100
f 3102/5230/3093 3108/5231/3104 3107/5228/3108 3101/5216/3102
f 3103/5221/3103 3109/5232/3109 3114/5232/3110 3108/5222/3104
f 3104/5223/3105 3110/5233/3111 3109/5233/3109 3103/5224/3103
f 3105/5225/3106 3111/5234/3112 3110/5234/3111 3104/5226/3105
f 3106/5227/3107 3112/5234/3113 3111/5234/3112 3105/5225/3106
f 3107/5228/3108 3113/5235/3114 3112/5235/3113 3106/5229/3107
f 3108/5222/3104 3114/5232/3110 3113/5232/3114 3107/5236/3108
f 3115/5237/3115 3121/5238/3116 3126/5239/3117 3120/5240/3118
f 3116/5241/3119 3122/5242/3120 3121/5243/3116 3115/5244/3115
f 3117/5245/3121 3123/5246/3122 3122/5247/3120 3116/5248/3119
f 3118/5249/3123 3124/5250/3124 3123/5246/3122 3117/5245/3121
f 3119/5251/3125 3125/5252/3126 3124/5253/3124 3118/5254/3123
f 3120/5240/3118 3126/5239/3117 3125/5255/3126 3119/5256/3125
f 3121/5238/3116 3127/5257/3127 3132/5258/3128 3126/5239/3117
f 3122/5242/3120 3128/5259/3129 3127/5260/3127 3121/5243/3116
f 3123/5246/3122 3129/5261/3130 3128/5262/3129 3122/5247/3120
f 3124/5250/3124 3130/5263/3131 3129/5261/3130 3123/5246/3122
f 3125/5252/3126 3131/5264/3132 3130/5265/3131 3124/5253/3124
f 3126/5239/3117 3132/5258/3128 3131/5266/3132 3125/5255/3126
f 3127/5257/3127 3133/5267/3133 3138/5267/3134 3132/5258/3128
f 3128/5259/3129 3134/5268/3135 3133/5268/3133 3127/5260/3127
f 3129/5261/3130 3135/5269/3136 3134/5269/3135 3128/5262/3129
f 3130/5263/3131 3136/5269/3137 3135/5269/3136 3129/5261/3130
f 3131/5264/3132 3137/5270/3138 3136/5270/3137 3130/5265/3131
f 3132/5258/3128 3138/5267/3134 3137/5267/3138 3131/5266/3132
f 3139/5271/3139 3145/5272/3140 3150/5273/3141 3144/5274/3142
f 3140/5275/3143 3146/5276/3144 3145/5277/3140 3139/5278/3139
f 3141/5279/3145 3147/5280/3146 3146/5281/3144 3140/5282/3143
f 3142/5283/3147 3148/5284/3148 3147/5285/3146 3141/5286/3145
f 3143/5287/3149 3149/5288/3150 3148/5289/3148 3142/5290/3147
f 3144/5291/3142 3150/5292/3141 3149/5288/3150 3143/5287/3149
f 3145/5272/3140 3151/5293/3151 3156/5294/3152 3150/5273/3141
f 3146/5276/3144 3152/5295/3153 3151/5296/3151 3145/5277/3140
f 3147/5297/3146 3153/5298/3154 3152/5295/3153 3146/5276/3144
f 3148/5284/3148 3154/5299/3155 3153/5300/3154 3147/5285/3146
f 3149/5288/3150 3155/5301/3156 3154/5302/3155 3148/5289/3148
f 3150/5303/3141 3156/5304/3152 3155/5305/3156 3149/5306/3150
f 3151/5293/3151 3157/5307/3157 3162/5307/3158 3156/5294/3152
f 3152/5295/3153 3158/5308/3159 3157/5308/3157 3151/5296/3151
f 3153/5298/3154 3159/5308/3160 3158/5308/3159 3152/5295/3153
f 3154/5299/3155 3160/5309/3161 3159/5309/3160 3153/5300/3154
f 3155/5305/3156 3161/5310/3162 3160/5310/3161 3154/5311/3155
f 3156/5304/3152 3162/5310/3158 3161/5310/3162 3155/5305/3156
f 3163/5312/3163 3169/5313/3164 3174/5314/3165 3168/5315/3166
f 3164/5316/3167 3170/5317/3168 3169/5318/3164 3163/5319/3163
f 3165/5320/3169 3171/5321/3170 3170/5322/3168 3164/5323/3167
f 3166/5324/3171 3172/5325/3172 3171/5321/3170 3165/5320/3169
f 3167/5326/3173 3173/5327/3174 3172/5328/3172 3166/5329/3171
f 3168/5315/3166 3174/5314/3165 3173/5330/3174 3167/5331/3173
f 3169/5313/3164 3175/5332/3175 3180/5333/3176 3174/5314/3165
f 3170/5317/3168 3176/5334/3177 3175/5335/3175 3169/5318/3164
f 3171/5321/3170 3177/5336/3178 3176/5337/3177 3170/5322/3168
f 3172/5325/3172 3178/5338/3179 3177/5336/3178 3171/5321/3170
f 3173/5327/3174 3179/5339/3180 3178/5340/3179 3172/5328/3172
f 3174/5314/3165 3180/5333/3176 3179/5341/3180 3173/5330/3174
f 3175/5332/3175 3181/5342/3181 3186/5342/3182 3180/5333/3176
f 3176/5334/3177 3182/5343/3183 3181/5343/3181 3175/5335/3175
f 3177/5336/3178 3183/5344/3184 3182/5344/3183 3176/5337/3177
f 3178/5338/3179 3184/5344/3185 3183/5344/3184 3177/5336/3178
f 3179/5339/3180 3185/5345/3186 3184/5345/3185 3178/5340/3179
f 3180/5333/3176 3186/5342/3182 3185/5342/3186 3179/5341/3180
f 3187/5346/3187 3193/5347/3188 3198/5348/3189 3192/5349/3190
f 3188/5350/3191 3194/5351/3192 3193/5352/3188 3187/5353/3187
f 3189/5354/3193 3195/5355/3194 3194/5356/3192 3188/5357/3191
f 3190/5358/3195 3196/5359/3196 3195/5360/3194 3189/5361/3193
f 3191/5362/3197 3197/5363/3198 3196/5359/3196 3190/5358/3195
f 3192/5364/3190 3198/5365/3189 3197/5366/3198 3191/5367/3197
f 3193/5347/3188 3199/5368/3199 3204/5369/3200 3198/5348/3189
f 3194/5351/3192 3200/5370/3201 3199/5371/3199 3193/5352/3188
f 3195/5355/3194 3201/5372/3202 3200/5373/3201 3194/5356/3192
f 3196/5359/3196 3202/5374/3203 3201/5375/3202 3195/5360/3194
f 3197/5363/3198 3203/5376/3204 3202/5374/3203 3196/5359/3196
f 3198/5365/3189 3204/5377/3200 3203/5378/3204 3197/5366/3198
f 3199/5368/3199 3205/5379/3205 3210/5379/3206 3204/5369/3200
f 3200/5370/3201 3206/5380/3207 3205/5380/3205 3199/5371/3199
f 3201/5372/3202 3207/5381/3208 3206/5381/3207 3200/5373/3201
f 3202/5374/3203 3208/5382/3209 3207/5382/3208 3201/5375/3202
f 3203/5376/3204 3209/5382/3210 3208/5382/3209 3202/5374/3203
f 3204/5377/3200 3210/5383/3206 3209/5383/3210 3203/5378/3204
f 3211/5384/3211 3217/5385/3212 3222/5386/3213 3216/5387/3214
f 3212/5388/3215 3218/5389/3216 3217/5390/3212 3211/5391/3211
f 3213/5392/3217 3219/5393/3218 3218/5394/3216 3212/5395/3215
f 3214/5396/3219 3220/5397/3220 3219/5393/3218 3213/5392/3217
f 3215/5398/3221 3221/5399/3222 3220/5400/3220 3214/5401/3219
f 3216/5387/3214 3222/5386/3213 3221/5402/3222 3215/5403/3221
f 3217/5385/3212 3223/5404/3223 3228/5405/3224 3222/5386/3213
f 3218/5389/3216 3224/5406/3225 3223/5407/3223 3217/5390/3212
f 3219/5393/3218 3225/5408/3226 3224/5409/3225 3218/5394/3216
f 3220/5397/3220 3226/5410/3227 3225/5408/3226 3219/5393/3218
f 3221/5399/3222 3227/5411/3228 3226/5412/3227 3220/5400/3220
f 3222/5386/3213 3228/5405/3224 3227/5413/3228 3221/5402/3222
f 3223/5404/3223 3229/5414/3229 3234/5414/3230 3228/5405/3224
f 3224/5406/3225 3230/5415/3231 3229/5415/3229 3223/5407/3223
f 3225/5408/3226 3231/5416/3232 3230/5416/3231 3224/5409/3225
f 3226/5410/3227 3232/5416/3233 3231/5416/3232 3225/5408/3226
f 3227/5411/3228 3233/5417/3234 3232/5417/3233 3226/5412/3227
f 3228/5405/3224 3234/5414/3230 3233/5414/3234 3227/5413/3228
f 3235/5418/3235 3241/5419/3236 3246/5420/3237 3240/5421/3238
f 3236/5422/3239 3242/5423/3240 3241/5424/3236 3235/5425/3235
f 3237/5426/3241 3243/5427/3242 3242/5428/3240 3236/5429/3239
f 3238/5430/3243 3244/5431/3244 3243/5427/3242 3237/5426/3241
f 3239/5432/3245 3245/5433/3246 3244/5434/3244 3238/5435/3243
f 3240/5421/3238 3246/5420/3237 3245/5436/3246 3239/5437/3245
f 3241/5424/3236 3247/5438/3247 3252/5439/3248 3246/5440/3237
f 3242/5423/3240 3248/5441/3249 3247/5438/3247 3241/5424/3236
f 3243/5427/3242 3249/5442/3250 3248/5443/3249 3242/5428/3240
f 3244/5444/3244 3250/5445/3251 3249/5446/3250 3243/5447/3242
f 3245/5448/3246 3251/5449/3252 3250/5450/3251 3244/5451/3244
f 3246/5420/3237 3252/5452/3248 3251/5453/3252 3245/5436/3246
f 3247/5438/3247 3253/5454/3253 3258/5454/3254 3252/5439/3248
f 3248/5441/3249 3254/5454/3255 3253/5454/3253 3247/5438/3247
f 3249/5442/3250 3255/5455/3256 3254/5455/3255 3248/5443/3249
f 3250/5445/3251 3256/5456/3257 3255/5456/3256 3249/5446/3250
f 3251/5457/3252 3257/5456/3258 3256/5456/3257 3250/5445/3251
f 3252/5452/3248 3258/5458/3254 3257/5458/3258 3251/5453/3252
f 3259/5459/3259 3265/5460/3260 3270/5461/3261 3264/5462/3262
f 3260/5463/3263 3266/5464/3264 3265/5465/3260 3259/5466/3259
f 3261/5467/3265 3267/5468/3266 3266/5469/3264 3260/5470/3263
f 3262/5471/3267 3268/5472/3268 3267/5468/3266 3261/5467/3265
f 3263/5473/3269 3269/5474/3270 3268/5475/3268 3262/5476/3267
f 3264/5462/3262 3270/5461/3261 3269/5477/3270 3263/5478/3269
f 3265/5460/3260 3271/5479/3271 3276/5480/3272 3270/5461/3261
f 3266/5481/3264 3272/5482/3273 3271/5483/3271 3265/5484/3260
f 3267/5468/3266 3273/5485/3274 3272/5486/3273 3266/5469/3264
f 3268/5472/3268 3274/5487/3275 3273/5485/3274 3267/5468/3266
f 3269/5474/3270 3275/5488/3276 3274/5489/3275 3268/5475/3268
f 3270/5461/3261 3276/5480/3272 3275/5490/3276 3269/5477/3270
f 3271/5479/3271 3277/5491/3277 3282/5491/3278 3276/5480/3272
f 3272/5482/3273 3278/5492/3279 3277/5492/3277 3271/5483/3271
f 3273/5485/3274 3279/5493/3280 3278/5493/3279 3272/5486/3273
f 3274/5487/3275 3280/5493/3281 3279/5493/3280 3273/5485/3274
f 3275/5488/3276 3281/5494/3282 3280/5494/3281 3274/5489/3275
f 3276/5480/3272 3282/5491/3278 3281/5491/3282 3275/5490/3276
f 3283/5495/3283 3289/5496/3284 3294/5497/3285 3288/5498/3286
f 3284/5499/3287 3290/5500/3288 3289/5501/3284 3283/5502/3283
f 3285/5503/3289 3291/5504/3290 3290/5505/3288 3284/5506/3287
f 3286/5507/3291 3292/5508/3292 3291/5504/3290 3285/5503/3289
f 3287/5509/3293 3293/5510/3294 3292/5511/3292 3286/5512/3291
f 3288/5498/3286 3294/5497/3285 3293/5513/3294 3287/5514/3293
f 3289/5496/3284 3295/5515/3295 3300/5516/3296 3294/5497/3285
f 3290/5500/3288 3296/5517/3297 3295/5518/3295 3289/5501/3284
f 3291/5504/3290 3297/5519/3298 3296/5520/3297 3290/5505/3288
f 3292/5508/3292 3298/5521/3299 3297/5519/3298 3291/5504/3290
f 3293/5510/3294 3299/5522/3300 3298/5523/3299 3292/5511/3292
f 3294/5497/3285 3300/5516/3296 3299/5524/3300 3293/5513/3294
f 3295/5515/3295 3301/5525/3301 3306/5525/3302 3300/5516/3296
f 3296/5517/3297 3302/5526/3303 3301/5526/3301 3295/5518/3295
f 3297/5527/3298 3303/5528/3304 3302/5528/3303 3296/5529/3297
f 3298/5521/3299 3304/5530/3305 3303/5530/3304 3297/5519/3298
f 3299/5522/3300 3305/5531/3306 3304/5531/3305 3298/5523/3299
f 3300/5516/3296 3306/5525/3302 3305/5525/3306 3299/5524/3300
f 3307/5532/3307 3313/5533/3308 3318/5534/3309 3312/5535/3310
f 3308/5536/3311 3314/5537/3312 3313/5533/3308 3307/5532/3307
f 3309/5538/3313 3315/5539/3314 3314/5540/3312 3308/5541/3311
f 3310/5542/3315 3316/5543/3316 3315/5539/3314 3309/5538/3313
f 3311/5544/3317 3317/5545/3318 3316/5546/3316 3310/5547/3315
f 3312/5548/3310 3318/5549/3309 3317/5550/3318 3311/5551/3317
f 3313/5533/3308 3319/5552/3319 3324/5553/3320 3318/5534/3309
f 3314/5537/3312 3320/5554/3321 3319/5552/3319 3313/5533/3308
f 3315/5539/3314 3321/5555/3322 3320/5556/3321 3314/5540/3312
f 3316/5546/3316 3322/5557/3323 3321/5558/3322 3315/5559/3314
f 3317/5545/3318 3323/5560/3324 3322/5557/3323 3316/5546/3316
f 3318/5549/3309 3324/5561/3320 3323/5562/3324 3317/5550/3318
f 3319/5552/3319 3325/5563/3325 3330/5563/3326 3324/5553/3320
f 3320/5554/3321 3326/5563/3327 3325/5563/3325 3319/5552/3319
f 3321/5555/3322 3327/5564/3328 3326/5564/3327 3320/5556/3321
f 3322/5557/3323 3328/5565/3329 3327/5565/3328 3321/5558/3322
f 3323/5560/3324 3329/5565/3330 3328/5565/3329 3322/5557/3323
f 3324/5561/3320 3330/5566/3326 3329/5566/3330 3323/5562/3324
f 3331/5567/3331 3337/5568/3332 3342/5569/3333 3336/5570/3334
f 3332/5571/3335 3338/5572/3336 3337/5573/3332 3331/5574/3331
f 3333/5575/3337 3339/5576/3338 3338/5577/3336 3332/5578/3335
f 3334/5579/3339 3340/5580/3340 3339/5576/3338 3333/5575/3337
f 3335/5581/3341 3341/5582/3342 3340/5583/3340 3334/5584/3339
f 3336/5585/3334 3342/5586/3333 3341/5587/3342 3335/5588/3341
f 3337/5589/3332 3343/5590/3343 3348/5591/3344 3342/5586/3333
f 3338/5572/3336 3344/5592/3345 3343/5593/3343 3337/5573/3332
f 3339/5576/3338 3345/5594/3346 3344/5595/3345 3338/5577/3336
f 3340/5580/3340 3346/5596/3347 3345/5594/3346 3339/5576/3338
f 3341/5582/3342 3347/5597/3348 3346/5598/3347 3340/5583/3340
f 3342/5586/3333 3348/5591/3344 3347/5599/3348 3341/5587/3342
f 3343/5590/3343 3349/5600/3349 3354/5600/3350 3348/5591/3344
f 3344/5592/3345 3350/5601/3351 3349/5601/3349 3343/5593/3343
f 3345/5594/3346 3351/5602/3352 3350/5602/3351 3344/5595/3345
f 3346/5596/3347 3352/5602/3353 3351/5602/3352 3345/5594/3346
f 3347/5597/3348 3353/5603/3354 3352/5603/3353 3346/5598/3347
f 3348/5591/3344 3354/5600/3350 3353/5600/3354 3347/5599/3348
f 3355/5604/3355 3361/5605/3356 3366/5606/3357 3360/5607/3358
f 3356/5608/3359 3362/5609/3360 3361/5610/3356 3355/5611/3355
f 3357/5612/3361 3363/5613/3362 3362/5609/3360 3356/5608/3359
f 3358/5614/3363 3364/5615/3364 3363/5616/3362 3357/5617/3361
f 3359/5618/3365 3365/5619/3366 3364/5620/3364 3358/5621/3363
f 3360/5622/3358 3366/5623/3357 3365/5619/3366 3359/5618/3365
f 3361/5605/3356 3367/5624/3367 3372/5625/3368 3366/5606/3357
f 3362/5609/3360 3368/5626/3369 3367/5627/3367 3361/5610/3356
f 3363/5628/3362 3369/5629/3370 3368/5630/3369 3362/5631/3360
f 3364/5615/3364 3370/5632/3371 3369/5633/3370 3363/5616/3362
f 3365/5619/3366 3371/5634/3372 3370/5635/3371 3364/5620/3364
f 3366/5606/3357 3372/5625/3368 3371/5636/3372 3365/5637/3366
f 3367/5638/3367 3373/5639/3373 3378/5639/3374 3372/5640/3368
f 3368/5626/3369 3374/5641/3375 3373/5641/3373 3367/5627/3367
f 3369/5642/3370 3375/5641/3376 3374/5641/3375 3368/5626/3369
f 3370/5632/3371 3376/5643/3377 3375/5643/3376 3369/5633/3370
f 3371/5634/3372 3377/5644/3378 3376/5644/3377 3370/5635/3371
f 3372/5645/3368 3378/5644/3374 3377/5644/3378 3371/5634/3372
f 3379/5646/3379 3385/5647/3380 3390/5648/3381 3384/5649/3382
f 3380/5650/3383 3386/5651/3384 3385/5647/3380 3379/5646/3379
f 3381/5652/3385 3387/5653/3386 3386/5654/3384 3380/5655/3383
f 3382/5656/3387 3388/5657/3388 3387/5658/3386 3381/5659/3385
f 3383/5660/3389 3389/5661/3390 3388/5657/3388 3382/5656/3387
f 3384/5662/3382 3390/5663/3381 3389/5664/3390 3383/5665/3389
f 3385/5647/3380 3391/5666/3391 3396/5667/3392 3390/5648/3381
f 3386/5651/3384 3392/5668/3393 3391/5666/3391 3385/5647/3380
f 3387/5653/3386 3393/5669/3394 3392/5670/3393 3386/5654/3384
f 3388/5657/3388 3394/5671/3395 3393/5672/3394 3387/5658/3386
f 3389/5661/3390 3395/5673/3396 3394/5671/3395 3388/5657/3388
f 3390/5663/3381 3396/5674/3392 3395/5675/3396 3389/5664/3390
f 3391/5666/3391 3397/5676/3397 3402/5676/3398 3396/5667/3392
f 3392/5668/3393 3398/5676/3399 3397/5676/3397 3391/5666/3391
f 3393/5669/3394 3399/5677/3400 3398/5677/3399 3392/5670/3393
f 3394/5671/3395 3400/5678/3401 3399/5678/3400 3393/5672/3394
f 3395/5673/3396 3401/5678/3402 3400/5678/3401 3394/5671/3395
f 3396/5674/3392 3402/5679/3398 3401/5679/3402 3395/5675/3396
f 3403/5680/3403 3409/5681/3404 3414/5682/3405 3408/5683/3406
f 3404/5684/3407 3410/5685/3408 3409/5686/3404 3403/5687/3403
f 3405/5688/3409 3411/5689/3410 3410/5690/3408 3404/5691/3407
f 3406/5692/3411 3412/5693/3412 3411/5689/3410 3405/5688/3409
f 3407/5694/3413 3413/5695/3414 3412/5696/3412 3406/5697/3411
f 3408/5683/3406 3414/5682/3405 3413/5698/3414 3407/5699/3413
f 3409/5681/3404 3415/5700/3415 3420/5701/3416 3414/5682/3405
f 3410/5685/3408 3416/5702/3417 3415/5703/3415 3409/5686/3404
f 3411/5689/3410 3417/5704/3418 3416/5705/3417 3410/5690/3408
f 3412/5693/3412 3418/5706/3419 3417/5704/3418 3411/5689/3410
f 3413/5695/3414 3419/5707/3420 3418/5708/3419 3412/5696/3412
f 3414/5682/3405 3420/5701/3416 3419/5709/3420 3413/5698/3414
f 3415/5710/3415 3421/5711/3421 3426/5711/3422 3420/5712/3416
f 3416/5702/3417 3422/5713/3423 3421/5713/3421 3415/5703/3415
f 3417/5714/3418 3423/5713/3424 3422/5713/3423 3416/5702/3417
f 3418/5715/3419 3424/5716/3425 3423/5716/3424 3417/5717/3418
f 3419/5707/3420 3425/5718/3426 3424/5718/3425 3418/5708/3419
f 3420/5701/3416 3426/5719/3422 3425/5719/3426 3419/5709/3420
f 3427/5720/3427 3433/5721/3428 3438/5722/3429 3432/5723/3430
f 3428/5724/3431 3434/5725/3432 3433/5726/3428 3427/5727/3427
f 3429/5728/3433 3435/5729/3434 3434/5730/3432 3428/5731/3431
f 3430/5732/3435 3436/5733/3436 3435/5729/3434 3429/5728/3433
f 3431/5734/3437 3437/5735/3438 3436/5736/3436 3430/5737/3435
f 3432/5723/3430 3438/5722/3429 3437/5738/3438 3431/5739/3437
f 3433/5721/3428 3439/5740/3439 3444/5741/3440 3438/5722/3429
f 3434/5725/3432 3440/5742/3441 3439/5743/3439 3433/5726/3428
f 3435/5729/3434 3441/5744/3442 3440/5745/3441 3434/5730/3432
f 3436/5733/3436 3442/5746/3443 3441/5744/3442 3435/5729/3434
f 3437/5735/3438 3443/5747/3444 3442/5748/3443 3436/5736/3436
f 3438/5722/3429 3444/5741/3440 3443/5749/3444 3437/5738/3438
f 3439/5740/3439 3445/5750/3445 3450/5750/3446 3444/5741/3440
f 3440/5742/3441 3446/5751/3447 3445/5751/3445 3439/5743/3439
f 3441/5744/3442 3447/5752/3448 3446/5752/3447 3440/5745/3441
f 3442/5746/3443 3448/5752/3449 3447/5752/3448 3441/5744/3442
f 3443/5753/3444 3449/5754/3450 3448/5754/3449 3442/5755/3443
f 3444/5741/3440 3450/5750/3446 3449/5750/3450 3443/5749/3444
f 3451/5756/3451 3457/5757/3452 3462/5758/3453 3456/5759/3454
f 3452/5760/3455 3458/5761/3456 3457/5762/3452 3451/5763/3451
f 3453/5764/3457 3459/5765/3458 3458/5766/3456 3452/5767/3455
f 3454/5768/3459 3460/5769/3460 3459/5765/3458 3453/5764/3457
f 3455/5770/3461 3461/5771/3462 3460/5772/3460 3454/5773/3459
f 3456/5759/3454 3462/5758/3453 3461/5774/3462 3455/5775/3461
f 3457/5757/3452 3463/5776/3463 3468/5777/3464 3462/5758/3453
f 3458/5761/3456 3464/5778/3465 3463/5779/3463 3457/5762/3452
f 3459/5765/3458 3465/5780/3466 3464/5781/3465 3458/5766/3456
f 3460/5769/3460 3466/5782/3467 3465/5780/3466 3459/5765/3458
f 3461/5771/3462 3467/5783/3468 3466/5784/3467 3460/5772/3460
f 3462/5785/3453 3468/5786/3464 3467/5787/3468 3461/5788/3462
f 3463/5779/3463 3469/5789/3469 3474/5789/3470 3468/5790/3464
f 3464/5778/3465 3470/5789/3471 3469/5789/3469 3463/5779/3463
f 3465/5780/3466 3471/5791/3472 3470/5791/3471 3464/5781/3465
f 3466/5782/3467 3472/5791/3473 3471/5791/3472 3465/5780/3466
f 3467/5783/3468 3473/5792/3474 3472/5792/3473 3466/5784/3467
f 3468/5793/3464 3474/5794/3470 3473/5794/3474 3467/5795/3468
f 3475/5796/3475 3481/5797/3476 3486/5798/3477 3480/5799/3478
f 3476/5800/3479 3482/5801/3480 3481/5802/3476 3475/5803/3475
f 3477/5804/3481 3483/5805/3482 3482/5806/3480 3476/5807/3479
f 3478/5808/3483 3484/5809/3484 3483/5805/3482 3477/5804/3481
f 3479/5810/3485 3485/5811/3486 3484/5812/3484 3478/5813/3483
f 3480/5799/3478 3486/5798/3477 3485/5814/3486 3479/5815/3485
f 3481/5797/3476 3487/5816/3487 3492/5817/3488 3486/5798/3477
f 3482/5801/3480 3488/5818/3489 3487/5819/3487 3481/5802/3476
f 3483/5805/3482 3489/5820/3490 3488/5821/3489 3482/5806/3480
f 3484/5809/3484 3490/5822/3491 3489/5820/3490 3483/5805/3482
f 3485/5811/3486 3491/5823/3492 3490/5824/3491 3484/5812/3484
f 3486/5798/3477 3492/5817/3488 3491/5825/3492 3485/5814/3486
f 3487/5816/3487 3493/5826/3493 3498/5826/3494 3492/5817/3488
f 3488/5818/3489 3494/5827/3495 3493/5827/3493 3487/5819/3487
f 3489/5820/3490 3495/5828/3496 3494/5828/3495 3488/5821/3489
f 3490/5822/3491 3496/5828/3497 3495/5828/3496 3489/5820/3490
f 3491/5823/3492 3497/5829/3498 3496/5829/3497 3490/5824/3491
f 3492/5817/3488 3498/5826/3494 3497/5826/3498 3491/5825/3492
f 3499/5830/3499 3505/5831/3500 3510/5832/3501 3504/5833/3502
f 3500/5834/3503 3506/5835/3504 3505/5836/3500 3499/5837/3499
f 3501/5838/3505 3507/5839/3506 3506/5840/3504 3500/5841/3503
f 3502/5842/3507 3508/5843/3508 3507/5839/3506 3501/5838/3505
f 3503/5844/3509 3509/5845/3510 3508/5846/3508 3502/5847/3507
f 3504/5833/3502 3510/5832/3501 3509/5848/3510 3503/5849/3509
f 3505/5831/3500 3511/5850/3511 3516/5851/3512 3510/5832/3501
f 3506/5835/3504 3512/5852/3513 3511/5853/3511 3505/5836/3500
f 3507/5839/3506 3513/5854/3514 3512/5855/3513 3506/5840/3504
f 3508/5843/3508 3514/5856/3515 3513/5854/3514 3507/5839/3506
f 3509/5845/3510 3515/5857/3516 3514/5858/3515 3508/5846/3508
f 3510/5832/3501 3516/5851/3512 3515/5859/3516 3509/5848/3510
f 3511/5850/3511 3517/5860/3517 3522/5860/3518 3516/5851/3512
f 3512/5852/3513 3518/5861/3519 3517/5861/3517 3511/5853/3511
f 3513/5854/3514 3519/5862/3520 3518/5862/3519 3512/5855/3513
f 3514/5856/3515 3520/5862/3521 3519/5862/3520 3513/5854/3514
f 3515/5857/3516 3521/5863/3522 3520/5863/3521 3514/5858/3515
f 3516/5851/3512 3522/5860/3518 3521/5860/3522 3515/5859/3516
f 3523/5864/3523 3529/5865/3524 3534/5866/3525 3528/5867/3526
f 3524/5868/3527 3530/5869/3528 3529/5870/3524 3523/5871/3523
f 3525/5872/3529 3531/5873/3530 3530/5869/3528 3524/5868/3527
f 3526/5874/3531 3532/5875/3532 3531/5876/3530 3525/5877/3529
f 3527/5878/3533 3533/5879/3534 3532/5880/3532 3526/5881/3531
f 3528/5882/3526 3534/5883/3525 3533/5879/3534 3527/5878/3533
f 3529/5865/3524 3535/5884/3535 3540/5885/3536 3534/5866/3525
f 3530/5869/3528 3536/5886/3537 3535/5887/3535 3529/5870/3524
f 3531/5873/3530 3537/5888/3538 3536/5886/3537 3530/5869/3528
f 3532/5875/3532 3538/5889/3539 3537/5890/3538 3531/5876/3530
f 3533/5879/3534 3539/5891/3540 3538/5892/3539 3532/5880/3532
f 3534/5883/3525 3540/5893/3536 3539/5891/3540 3533/5879/3534
f 3535/5884/3535 3541/5894/3541 3546/5894/3542 3540/5885/3536
f 3536/5895/3537 3542/5896/3543 3541/5896/3541 3535/5897/3535
f 3537/5888/3538 3543/5898/3544 3542/5898/3543 3536/5886/3537
f 3538/5889/3539 3544/5899/3545 3543/5899/3544 3537/5890/3538
f 3539/5891/3540 3545/5900/3546 3544/5900/3545 3538/5892/3539
f 3540/5893/3536 3546/5900/3542 3545/5900/3546 3539/5891/3540
f 3547/5901/3547 3553/5902/3548 3558/5903/3549 3552/5904/3550
f 3548/5905/3551 3554/5906/3552 3553/5907/3548 3547/5908/3547
f 3549/5909/3553 3555/5910/3554 3554/5911/3552 3548/5912/3551
f 3550/5913/3555 3556/5914/3556 3555/5910/3554 3549/5909/3553
f 3551/5915/3557 3557/5916/3558 3556/5917/3556 3550/5918/3555
f 3552/5904/3550 3558/5903/3549 3557/5919/3558 3551/5920/3557
f 3553/5902/3548 3559/5921/3559 3564/5922/3560 3558/5903/3549
f 3554/5906/3552 3560/5923/3561 3559/5924/3559 3553/5907/3548
f 3555/5910/3554 3561/5925/3562 3560/5926/3561 3554/5911/3552
f 3556/5914/3556 3562/5927/3563 3561/5925/3562 3555/5910/3554
f 3557/5916/3558 3563/5928/3564 3562/5929/3563 3556/5917/3556
f 3558/5903/3549 3564/5922/3560 3563/5930/3564 3557/5919/3558
f 3559/5921/3559 3565/5931/3565 3570/5931/3566 3564/5922/3560
f 3560/5923/3561 3566/5932/3567 3565/5932/3565 3559/5924/3559
f 3561/5925/3562 3567/5933/3568 3566/5933/3567 3560/5926/3561
f 3562/5927/3563 3568/5933/3569 3567/5933/3568 3561/5925/3562
f 3563/5928/3564 3569/5934/3570 3568/5934/3569 3562/5929/3563
f 3564/5922/3560 3570/5931/3566 3569/5931/3570 3563/5930/3564
f 3571/5935/3571 3577/5936/3572 3582/5937/3573 3576/5938/3574
f 3572/5939/3575 3578/5940/3576 3577/5941/3572 3571/5942/3571
f 3573/5943/3577 3579/5944/3578 3578/5940/3576 3572/5939/3575
f 3574/5945/3579 3580/5946/3580 3579/5947/3578 3573/5948/3577
f 3575/5949/3581 3581/5950/3582 3580/5951/3580 3574/5952/3579
f 3576/5953/3574 3582/5954/3573 3581/5950/3582 3575/5949/3581
f 3577/5936/3572 3583/5955/3583 3588/5956/3584 3582/5937/3573
f 3578/5940/3576 3584/5957/3585 3583/5958/3583 3577/5941/3572
f 3579/5944/3578 3585/5959/3586 3584/5957/3585 3578/5940/3576
f 3580/5946/3580 3586/5960/3587 3585/5961/3586 3579/5947/3578
f 3581/5950/3582 3587/5962/3588 3586/5963/3587 3580/5951/3580
f 3582/5954/3573 3588/5964/3584 3587/5962/3588 3581/5950/3582
f 3583/5955/3583 3589/5965/3589 3594/5965/3590 3588/5956/3584
f 3584/5966/3585 3590/5967/3591 3589/5967/3589 3583/5968/3583
f 3585/5959/3586 3591/5969/3592 3590/5969/3591 3584/5957/3585
f 3586/5960/3587 3592/5970/3593 3591/5970/3592 3585/5961/3586
f 3587/5962/3588 3593/5971/3594 3592/5971/3593 3586/5963/3587
f 3588/5964/3584 3594/5971/3590 3593/5971/3594 3587/5962/3588
f 3595/5972/3595 3601/5973/3596 3606/5974/3597 3600/5975/3598
f 3596/5976/3599 3602/5977/3600 3601/5978/3596 3595/5979/3595
f 3597/5980/3601 3603/5981/3602 3602/5982/3600 3596/5983/3599
f 3598/5984/3603 3604/5985/3604 3603/5986/3602 3597/5987/3601
f 3599/5988/3605 3605/5989/3606 3604/5990/3604 3598/5991/3603
f 3600/5992/3598 3606/5993/3597 3605/5994/3606 3599/5995/3605
f 3601/5973/3596 3607/5996/3607 3612/5997/3608 3606/5974/3597
f 3602/5977/3600 3608/5998/3609 3607/5999/3607 3601/5978/3596
f 3603/6000/3602 3609/6001/3610 3608/5998/3609 3602/5977/3600
f 3604/5985/3604 3610/6002/3611 3609/6003/3610 3603/5986/3602
f 3605/5989/3606 3611/6004/3612 3610/6005/3611 3604/5990/3604
f 3606/6006/3597 3612/6007/3608 3611/6004/3612 3605/5989/3606
f 3607/5996/3607 3613/6008/3613 3618/6008/3614 3612/5997/3608
f 3608/5998/3609 3614/6009/3615 3613/6009/3613 3607/5999/3607
f 3609/6010/3610 3615/6011/3616 3614/6011/3615 3608/6012/3609
f 3610/6002/3611 3616/6013/3617 3615/6013/3616 3609/6003/3610
f 3611/6004/3612 3617/6014/3618 3616/6014/3617 3610/6005/3611
f 3612/6015/3608 3618/6016/3614 3617/6016/3618 3611/6017/3612
f 3619/6018/3619 3625/6019/3620 3630/6020/3621 3624/6021/3622
f 3620/6022/3623 3626/6023/3624 3625/6024/3620 3619/6025/3619
f 3621/6026/3625 3627/6027/3626 3626/6028/3624 3620/6029/3623
f 3622/6030/3627 3628/6031/3628 3627/6027/3626 3621/6026/3625
f 3623/6032/3629 3629/6033/3630 3628/6034/3628 3622/6035/3627
f 3624/6021/3622 3630/6020/3621 3629/6036/3630 3623/6037/3629
f 3625/6019/3620 3631/6038/3631 3636/6039/3632 3630/6020/3621
f 3626/6023/3624 3632/6040/3633 3631/6041/3631 3625/6024/3620
f 3627/6027/3626 3633/6042/3634 3632/6043/3633 3626/6028/3624
f 3628/6031/3628 3634/6044/3635 3633/6042/3634 3627/6027/3626
f 3629/6033/3630 3635/6045/3636 3634/6046/3635 3628/6034/3628
f 3630/6020/3621 3636/6039/3632 3635/6047/3636 3629/6036/3630
f 3631/6038/3631 3637/6048/3637 3642/6048/3638 3636/6039/3632
f 3632/6040/3633 3638/6049/3639 3637/6049/3637 3631/6041/3631
f 3633/6042/3634 3639/6050/3640 3638/6050/3639 3632/6043/3633
f 3634/6044/3635 3640/6050/3641 3639/6050/3640 3633/6042/3634
f 3635/6045/3636 3641/6051/3642 3640/6051/3641 3634/6046/3635
f 3636/6039/3632 3642/6048/3638 3641/6048/3642 3635/6047/3636
f 3643/6052/3643 3649/6053/3644 3654/6054/3645 3648/6055/3646
f 3644/6056/3647 3650/6057/3648 3649/6058/3644 3643/6059/3643
f 3645/6060/3649 3651/6061/3650 3650/6062/3648 3644/6063/3647
f 3646/6064/3651 3652/6065/3652 3651/6061/3650 3645/6060/3649
f 3647/6066/3653 3653/6067/3654 3652/6068/3652 3646/6069/3651
f 3648/6070/3646 3654/6071/3645 3653/6067/3654 3647/6066/3653
f 3649/6053/3644 3655/6072/3655 3660/6073/3656 3654/6054/3645
f 3650/6057/3648 3656/6074/3657 3655/6075/3655 3649/6058/3644
f 3651/6061/3650 3657/6076/3658 3656/6077/3657 3650/6062/3648
f 3652/6065/3652 3658/6078/3659 3657/6076/3658 3651/6061/3650
f 3653/6067/3654 3659/6079/3660 3658/6080/3659 3652/6068/3652
f 3654/6054/3645 3660/6073/3656 3659/6081/3660 3653/6082/3654
f 3655/6072/3655 3661/6083/3661 3666/6083/3662 3660/6073/3656
f 3656/6074/3657 3662/6084/3663 3661/6084/3661 3655/6075/3655
f 3657/6076/3658 3663/6085/3664 3662/6085/3663 3656/6077/3657
f 3658/6078/3659 3664/6085/3665 3663/6085/3664 3657/6076/3658
f 3659/6079/3660 3665/6086/3666 3664/6086/3665 3658/6080/3659
f 3660/6073/3656 3666/6083/3662 3665/6083/3666 3659/6081/3660
f 3667/6087/3667 3673/6088/3668 3678/6089/3669 3672/6090/3670
f 3668/6091/3671 3674/6092/3672 3673/6093/3668 3667/6094/3667
f 3669/6095/3673 3675/6096/3674 3674/6097/3672 3668/6098/3671
f 3670/6099/3675 3676/6100/3676 3675/6101/3674 3669/6102/3673
f 3671/6103/3677 3677/6104/3678 3676/6105/3676 3670/6106/3675
f 3672/6107/3670 3678/6108/3669 3677/6104/3678 3671/6103/3677
f 3673/6088/3668 3679/6109/3679 3684/6110/3680 3678/6089/3669
f 3674/6092/3672 3680/6111/3681 3679/6112/3679 3673/6093/3668
f 3675/6096/3674 3681/6113/3682 3680/6114/3681 3674/6097/3672
f 3676/6100/3676 3682/6115/3683 3681/6116/3682 3675/6101/3674
f 3677/6117/3678 3683/6118/3684 3682/6119/3683 3676/6120/3676
f 3678/6089/3669 3684/6110/3680 3683/6121/3684 3677/6122/3678
f 3679/6112/3679 3685/6123/3685 3690/6123/3686 3684/6124/3680
f 3680/6111/3681 3686/6123/3687 3685/6123/3685 3679/6112/3679
f 3681/6113/3682 3687/6125/3688 3686/6125/3687 3680/6114/3681
f 3682/6115/3683 3688/6126/3689 3687/6126/3688 3681/6116/3682
f 3683/6118/3684 3689/6127/3690 3688/6127/3689 3682/6119/3683
f 3684/6128/3680 3690/6129/3686 3689/6129/3690 3683/6130/3684
f 3691/6131/3691 3697/6132/3692 3702/6133/3693 3696/6134/3694
f 3692/6135/3695 3698/6136/3696 3697/6137/3692 3691/6138/3691
f 3693/6139/3697 3699/6140/3698 3698/6141/3696 3692/6142/3695
f 3694/6143/3699 3700/6144/3700 3699/6140/3698 3693/6139/3697
f 3695/6145/3701 3701/6146/3702 3700/6147/3700 3694/6148/3699
f 3696/6134/3694 3702/6133/3693 3701/6149/3702 3695/6150/3701
f 3697/6132/3692 3703/6151/3703 3708/6152/3704 3702/6133/3693
f 3698/6153/3696 3704/6154/3705 3703/6155/3703 3697/6156/3692
f 3699/6157/3698 3705/6158/3706 3704/6154/3705 3698/6153/3696
f 3700/6144/3700 3706/6159/3707 3705/6160/3706 3699/6140/3698
f 3701/6161/3702 3707/6162/3708 3706/6163/3707 3700/6164/3700
f 3702/6165/3693 3708/6166/3704 3707/6162/3708 3701/6161/3702
f 3703/6151/3703 3709/6167/3709 3714/6167/3710 3708/6152/3704
f 3704/6168/3705 3710/6169/3711 3709/6169/3709 3703/6170/3703
f 3705/6160/3706 3711/6171/3712 3710/6171/3711 3704/6172/3705
f 3706/6159/3707 3712/6171/3713 3711/6171/3712 3705/6160/3706
f 3707/6173/3708 3713/6174/3714 3712/6174/3713 3706/6175/3707
f 3708/6152/3704 3714/6167/3710 3713/6167/3714 3707/6176/3708
f 3715/6177/3715 3721/6178/3716 3726/6179/3717 3720/6180/3718
f 3716/6181/3719 3722/6182/3720 3721/6183/3716 3715/6184/3715
f 3717/6185/3721 3723/6186/3722 3722/6187/3720 3716/6188/3719
f 3718/6189/3723 3724/6190/3724 3723/6191/3722 3717/6192/3721
f 3719/6193/3725 3725/6194/3726 3724/6195/3724 3718/6196/3723
f 3720/6197/3718 3726/6198/3717 3725/6199/3726 3719/6200/3725
f 3721/6178/3716 3727/6201/3727 3732/6202/3728 3726/6179/3717
f 3722/6182/3720 3728/6203/3729 3727/6204/3727 3721/6183/3716
f 3723/6205/3722 3729/6206/3730 3728/6203/3729 3722/6182/3720
f 3724/6190/3724 3730/6207/3731 3729/6208/3730 3723/6191/3722
f 3725/6194/3726 3731/6209/3732 3730/6210/3731 3724/6195/3724
f 3726/6211/3717 3732/6212/3728 3731/6209/3732 3725/6194/3726
f 3727/6201/3727 3733/6213/3733 3738/6213/3734 3732/6202/3728
f 3728/6203/3729 3734/6214/3735 3733/6214/3733 3727/6204/3727
f 3729/6206/3730 3735/6214/3736 3734/6214/3735 3728/6203/3729
f 3730/6207/3731 3736/6215/3737 3735/6215/3736 3729/6208/3730
f 3731/6209/3732 3737/6216/3738 3736/6216/3737 3730/6210/3731
f 3732/6212/3728 3738/6216/3734 3737/6216/3738 3731/6209/3732
f 3739/6217/3739 3745/6218/3740 3750/6219/3741 3744/6220/3742
f 3740/6221/3743 3746/6222/3744 3745/6223/3740 3739/6224/3739
f 3741/6225/3745 3747/6226/3746 3746/6227/3744 3740/6228/3743
f 3742/6229/3747 3748/6230/3748 3747/6226/3746 3741/6225/3745
f 3743/6231/3749 3749/6232/3750 3748/6233/3748 3742/6234/3747
f 3744/6220/3742 3750/6219/3741 3749/6235/3750 3743/6236/3749
f 3745/6218/3740 3751/6237/3751 3756/6238/3752 3750/6219/3741
f 3746/6222/3744 3752/6239/3753 3751/6240/3751 3745/6223/3740
f 3747/6226/3746 3753/6241/3754 3752/6242/3753 3746/6227/3744
f 3748/6230/3748 3754/6243/3755 3753/6241/3754 3747/6226/3746
f 3749/6232/3750 3755/6244/3756 3754/6245/3755 3748/6233/3748
f 3750/6219/3741 3756/6238/3752 3755/6246/3756 3749/6235/3750
f 3751/6237/3751 3757/6247/3757 3762/6247/3758 3756/6238/3752
f 3752/6239/3753 3758/6248/3759 3757/6248/3757 3751/6240/3751
f 3753/6241/3754 3759/6249/3760 3758/6249/3759 3752/6242/3753
f 3754/6243/3755 3760/6249/3761 3759/6249/3760 3753/6241/3754
f 3755/6244/3756 3761/6250/3762 3760/6250/3761 3754/6245/3755
f 3756/6238/3752 3762/6247/3758 3761/6247/3762 3755/6246/3756
f 3763/6251/3763 3769/6252/3764 3774/6253/3765 3768/6254/3766
f 3764/6255/3767 3770/6256/3768 3769/6257/3764 3763/6258/3763
f 3765/6259/3769 3771/6260/3770 3770/6261/3768 3764/6262/3767
f 3766/6263/3771 3772/6264/3772 3771/6260/3770 3765/6259/3769
f 3767/6265/3773 3773/6266/3774 3772/6267/3772 3766/6268/3771
f 3768/6254/3766 3774/6253/3765 3773/6269/3774 3767/6270/3773
f 3769/6252/3764 3775/6271/3775 3780/6272/3776 3774/6253/3765
f 3770/6256/3768 3776/6273/3777 3775/6274/3775 3769/6257/3764
f 3771/6260/3770 3777/6275/3778 3776/6276/3777 3770/6261/3768
f 3772/6264/3772 3778/6277/3779 3777/6275/3778 3771/6260/3770
f 3773/6266/3774 3779/6278/3780 3778/6279/3779 3772/6267/3772
f 3774/6280/3765 3780/6281/3776 3779/6278/3780 3773/6266/3774
f 3775/6271/3775 3781/6282/3781 3786/6282/3782 3780/6272/3776
f 3776/6283/3777 3782/6284/3783 3781/6284/3781 3775/6285/3775
f 3777/6275/3778 3783/6286/3784 3782/6286/3783 3776/6276/3777
f 3778/6277/3779 3784/6286/3785 3783/6286/3784 3777/6275/3778
f 3779/6278/3780 3785/6287/3786 3784/6287/3785 3778/6279/3779
f 3780/6272/3776 3786/6282/3782 3785/6282/3786 3779/6288/3780
f 3787/6289/3787 3793/6290/3788 3798/6291/3789 3792/6292/3790
f 3788/6293/3791 3794/6294/3792 3793/6295/3788 3787/6296/3787
f 3789/6297/3793 3795/6298/3794 3794/6299/3792 3788/6300/3791
f 3790/6301/3795 3796/6302/3796 3795/6298/3794 3789/6297/3793
f 3791/6303/3797 3797/6304/3798 3796/6305/3796 3790/6306/3795
f 3792/6292/3790 3798/6291/3789 3797/6307/3798 3791/6308/3797
f 3793/6290/3788 3799/6309/3799 3804/6310/3800 3798/6291/3789
f 3794/6294/3792 3800/6311/3801 3799/6312/3799 3793/6295/3788
f 3795/6298/3794 3801/6313/3802 3800/6314/3801 3794/6299/3792
f 3796/6302/3796 3802/6315/3803 3801/6313/3802 3795/6298/3794
f 3797/6304/3798 3803/6316/3804 3802/6317/3803 3796/6305/3796
f 3798/6291/3789 3804/6310/3800 3803/6318/3804 3797/6307/3798
f 3799/6309/3799 3805/6319/3805 3810/6319/3806 3804/6310/3800
f 3800/6311/3801 3806/6320/3807 3805/6320/3805 3799/6312/3799
f 3801/6313/3802 3807/6321/3808 3806/6321/3807 3800/6314/3801
f 3802/6315/3803 3808/6321/3809 3807/6321/3808 3801/6313/3802
f 3803/6316/3804 3809/6322/3810 3808/6322/3809 3802/6317/3803
f 3804/6310/3800 3810/6319/3806 3809/6319/3810 3803/6318/3804
f 3811/6323/3811 3817/6324/3812 3822/6325/3813 3816/6326/3814
f 3812/6327/3815 3818/6328/3816 3817/6329/3812 3811/6330/3811
f 3813/6331/3817 3819/6332/3818 3818/6333/3816 3812/6334/3815
f 3814/6335/3819 3820/6336/3820 3819/6332/3818 3813/6331/3817
f 3815/6337/3821 3821/6338/3822 3820/6339/3820 3814/6340/3819
f 3816/6326/3814 3822/6325/3813 3821/6341/3822 3815/6342/3821
f 3817/6324/3812 3823/6343/3823 3828/6344/3824 3822/6325/3813
f 3818/6328/3816 3824/6345/3825 3823/6346/3823 3817/6329/3812
f 3819/6332/3818 3825/6347/3826 3824/6348/3825 3818/6333/3816
f 3820/6336/3820 3826/6349/3827 3825/6347/3826 3819/6332/3818
f 3821/6338/3822 3827/6350/3828 3826/6351/3827 3820/6339/3820
f 3822/6325/3813 3828/6344/3824 3827/6352/3828 3821/6341/3822
f 3823/6343/3823 3829/6353/3829 3834/6353/3830 3828/6344/3824
f 3824/6354/3825 3830/6355/3831 3829/6355/3829 3823/6356/3823
f 3825/6347/3826 3831/6357/3832 3830/6357/3831 3824/6348/3825
f 3826/6349/3827 3832/6357/3833 3831/6357/3832 3825/6347/3826
f 3827/6350/3828 3833/6358/3834 3832/6358/3833 3826/6351/3827
f 3828/6344/3824 3834/6353/3830 3833/6353/3834 3827/6352/3828
f 3835/6359/3835 3841/6360/3836 3846/6361/3837 3840/6362/3838
f 3836/6363/3839 3842/6364/3840 3841/6365/3836 3835/6366/3835
f 3837/6367/3841 3843/6368/3842 3842/6364/3840 3836/6363/3839
f 3838/6369/3843 3844/6370/3844 3843/6371/3842 3837/6372/3841
f 3839/6373/3845 3845/6374/3846 3844/6375/3844 3838/6376/3843
f 3840/6362/3838 3846/6361/3837 3845/6377/3846 3839/6378/3845
f 3841/6360/3836 3847/6379/3847 3852/6380/3848 3846/6361/3837
f 3842/6364/3840 3848/6381/3849 3847/6382/3847 3841/6365/3836
f 3843/6368/3842 3849/6383/3850 3848/6381/3849 3842/6364/3840
f 3844/6370/3844 3850/6384/3851 3849/6385/3850 3843/6371/3842
f 3845/6374/3846 3851/6386/3852 3850/6387/3851 3844/6375/3844
f 3846/6361/3837 3852/6380/3848 3851/6388/3852 3845/6377/3846
f 3847/6379/3847 3853/6389/3853 3858/6389/3854 3852/6380/3848
f 3848/6381/3849 3854/6390/3855 3853/6390/3853 3847/6382/3847
f 3849/6383/3850 3855/6390/3856 3854/6390/3855 3848/6381/3849
f 3850/6384/3851 3856/6391/3857 3855/6391/3856 3849/6385/3850
f 3851/6386/3852 3857/6392/3858 3856/6392/3857 3850/6387/3851
f 3852/6380/3848 3858/6389/3854 3857/6389/3858 3851/6388/3852
f 3859/6393/3859 3865/6394/3860 3870/6395/3861 3864/6396/3862
f 3860/6397/3863 3866/6398/3864 3865/6399/3860 3859/6400/3859
f 3861/6401/3865 3867/6402/3866 3866/6403/3864 3860/6404/3863
f 3862/6405/3867 3868/6406/3868 3867/6407/3866 3861/6408/3865
f 3863/6409/3869 3869/6410/3870 3868/6406/3868 3862/6405/3867
f 3864/6411/3862 3870/6412/3861 3869/6413/3870 3863/6414/3869
f 3865/6394/3860 3871/6415/3871 3876/6416/3872 3870/6395/3861
f 3866/6398/3864 3872/6417/3873 3871/6418/3871 3865/6399/3860
f 3867/6402/3866 3873/6419/3874 3872/6420/3873 3866/6403/3864
f 3868/6406/3868 3874/6421/3875 3873/6422/3874 3867/6407/3866
f 3869/6410/3870 3875/6423/3876 3874/6421/3875 3868/6406/3868
f 3870/6412/3861 3876/6424/3872 3875/6425/3876 3869/6413/3870
f 3871/6415/3871 3877/6426/3877 3882/6426/3878 3876/6416/3872
f 3872/6417/3873 3878/6427/3879 3877/6427/3877 3871/6418/3871
f 3873/6419/3874 3879/6428/3880 3878/6428/3879 3872/6420/3873
f 3874/6421/3875 3880/6429/3881 3879/6429/3880 3873/6422/3874
f 3875/6430/3876 3881/6431/3882 3880/6431/3881 3874/6432/3875
f 3876/6424/3872 3882/6433/3878 3881/6433/3882 3875/6425/3876
f 3883/6434/3883 3889/6435/3884 3894/6436/3885 3888/6437/3886
f 3884/6438/3887 3890/6439/3888 3889/6440/3884 3883/6441/3883
f 3885/6442/3889 3891/6443/3890 3890/6444/3888 3884/6445/3887
f 3886/6446/3891 3892/6447/3892 3891/6443/3890 3885/6442/3889
f 3887/6448/3893 3893/6449/3894 3892/6450/3892 3886/6451/3891
f 3888/6452/3886 3894/6453/3885 3893/6449/3894 3887/6448/3893
f 3889/6435/3884 3895/6454/3895 3900/6455/3896 3894/6436/3885
f 3890/6439/3888 3896/6456/3897 3895/6457/3895 3889/6440/3884
f 3891/6443/3890 3897/6458/3898 3896/6459/3897 3890/6444/3888
f 3892/6447/3892 3898/6460/3899 3897/6458/3898 3891/6443/3890
f 3893/6449/3894 3899/6461/3900 3898/6462/3899 3892/6450/3892
f 3894/6453/3885 3900/6463/3896 3899/6461/3900 3893/6449/3894
f 3895/6454/3895 3901/6464/3901 3906/6464/3902 3900/6455/3896
f 3896/6456/3897 3902/6465/3903 3901/6465/3901 3895/6457/3895
f 3897/6458/3898 3903/6466/3904 3902/6466/3903 3896/6459/3897
f 3898/6460/3899 3904/6466/3905 3903/6466/3904 3897/6458/3898
f 3899/6461/3900 3905/6467/3906 3904/6467/3905 3898/6462/3899
f 3900/6463/3896 3906/6467/3902 3905/6467/3906 3899/6461/3900
f 3907/6468/3907 3913/6469/3908 3918/6470/3909 3912/6471/3910
f 3908/6472/3911 3914/6473/3912 3913/6469/3908 3907/6468/3907
f 3909/6474/3913 3915/6475/3914 3914/6476/3912 3908/6477/3911
f 3910/6478/3915 3916/6479/3916 3915/6480/3914 3909/6481/3913
f 3911/6482/3917 3917/6483/3918 3916/6479/3916 3910/6478/3915
f 3912/6484/3910 3918/6485/3909 3917/6486/3918 3911/6487/3917
f 3913/6469/3908 3919/6488/3919 3924/6489/3920 3918/6470/3909
f 3914/6473/3912 3920/6490/3921 3919/6488/3919 3913/6469/3908
f 3915/6475/3914 3921/6491/3922 3920/6492/3921 3914/6476/3912
f 3916/6479/3916 3922/6493/3923 3921/6494/3922 3915/6480/3914
f 3917/6483/3918 3923/6495/3924 3922/6493/3923 3916/6479/3916
f 3918/6485/3909 3924/6496/3920 3923/6497/3924 3917/6486/3918
f 3919/6488/3919 3925/6498/3925 3930/6498/3926 3924/6489/3920
f 3920/6490/3921 3926/6498/3927 3925/6498/3925 3919/6488/3919
f 3921/6491/3922 3927/6499/3928 3926/6499/3927 3920/6492/3921
f 3922/6493/3923 3928/6500/3929 3927/6500/3928 3921/6494/3922
f 3923/6495/3924 3929/6500/3930 3928/6500/3929 3922/6493/3923
f 3924/6496/3920 3930/6501/3926 3929/6501/3930 3923/6497/3924
f 3931/6502/3931 3937/6503/3932 3942/6504/3933 3936/6505/3934
f 3932/6506/3935 3938/6507/3936 3937/6508/3932 3931/6509/3931
f 3933/6510/3937 3939/6511/3938 3938/6512/3936 3932/6513/3935
f 3934/6514/3939 3940/6515/3940 3939/6511/3938 3933/6510/3937
f 3935/6516/3941 3941/6517/3942 3940/6518/3940 3934/6519/3939
f 3936/6505/3934 3942/6504/3933 3941/6520/3942 3935/6521/3941
f 3937/6503/3932 3943/6522/3943 3948/6523/3944 3942/6504/3933
f 3938/6507/3936 3944/6524/3945 3943/6525/3943 3937/6508/3932
f 3939/6511/3938 3945/6526/3946 3944/6527/3945 3938/6512/3936
f 3940/6515/3940 3946/6528/3947 3945/6526/3946 3939/6511/3938
f 3941/6517/3942 3947/6529/3948 3946/6530/3947 3940/6518/3940
f 3942/6504/3933 3948/6523/3944 3947/6531/3948 3941/6520/3942
f 3943/6522/3943 3949/6532/3949 3954/6532/3950 3948/6523/3944
f 3944/6524/3945 3950/6533/3951 3949/6533/3949 3943/6525/3943
f 3945/6534/3946 3951/6535/3952 3950/6535/3951 3944/6536/3945
f 3946/6528/3947 3952/6537/3953 3951/6537/3952 3945/6526/3946
f 3947/6529/3948 3953/6538/3954 3952/6538/3953 3946/6530/3947
f 3948/6523/3944 3954/6532/3950 3953/6532/3954 3947/6531/3948
f 3955/6539/3955 3961/6540/3956 3966/6541/3957 3960/6542/3958
f 3956/6543/3959 3962/6544/3960 3961/6545/3956 3955/6546/3955
f 3957/6547/3961 3963/6548/3962 3962/6549/3960 3956/6550/3959
f 3958/6551/3963 3964/6552/3964 3963/6548/3962 3957/6547/3961
f 3959/6553/3965 3965/6554/3966 3964/6555/3964 3958/6556/3963
f 3960/6557/3958 3966/6558/3957 3965/6554/3966 3959/6553/3965
f 3961/6540/3956 3967/6559/3967 3972/6560/3968 3966/6541/3957
f 3962/6544/3960 3968/6561/3969 3967/6562/3967 3961/6545/3956
f 3963/6548/3962 3969/6563/3970 3968/6564/3969 3962/6549/3960
f 3964/6552/3964 3970/6565/3971 3969/6563/3970 3963/6548/3962
f 3965/6554/3966 3971/6566/3972 3970/6567/3971 3964/6555/3964
f 3966/6541/3957 3972/6560/3968 3971/6568/3972 3965/6569/3966
f 3967/6559/3967 3973/6570/3973 3978/6570/3974 3972/6560/3968
f 3968/6561/3969 3974/6571/3975 3973/6571/3973 3967/6562/3967
f 3969/6563/3970 3975/6572/3976 3974/6572/3975 3968/6564/3969
f 3970/6565/3971 3976/6572/3977 3975/6572/3976 3969/6563/3970
f 3971/6566/3972 3977/6573/3978 3976/6573/3977 3970/6567/3971
f 3972/6560/3968 3978/6570/3974 3977/6570/3978 3971/6568/3972
f 3979/6574/3979 3985/6575/3980 3990/6576/3981 3984/6577/3982
f 3980/6578/3983 3986/6579/3984 3985/6580/3980 3979/6581/3979
f 3981/6582/3985 3987/6583/3986 3986/6584/3984 3980/6585/3983
f 3982/6586/3987 3988/6587/3988 3987/6583/3986 3981/6582/3985
f 3983/6588/3989 3989/6589/3990 3988/6590/3988 3982/6591/3987
f 3984/6577/3982 3990/6576/3981 3989/6592/3990 3983/6593/3989
f 3985/6575/3980 3991/6594/3991 3996/6595/3992 3990/6576/3981
f 3986/6579/3984 3992/6596/3993 3991/6597/3991 3985/6580/3980
f 3987/6583/3986 3993/6598/3994 3992/6599/3993 3986/6584/3984
f 3988/6587/3988 3994/6600/3995 3993/6598/3994 3987/6583/3986
f 3989/6589/3990 3995/6601/3996 3994/6602/3995 3988/6590/3988
f 3990/6576/3981 3996/6595/3992 3995/6603/3996 3989/6592/3990
f 3991/6594/3991 3997/6604/3997 4002/6604/3998 3996/6595/3992
f 3992/6596/3993 3998/6605/3999 3997/6605/3997 3991/6597/3991
f 3993/6598/3994 3999/6606/4000 3998/6606/3999 3992/6599/3993
f 3994/6600/3995 4000/6606/4001 3999/6606/4000 3993/6598/3994
f 3995/6601/3996 4001/6607/4002 4000/6607/4001 3994/6602/3995
f 3996/6595/3992 4002/6604/3998 4001/6604/4002 3995/6603/3996
f 4003/6608/4003 4009/6609/4004 4014/6610/4005 4008/6611/4006
f 4004/6612/4007 4010/6613/4008 4009/6614/4004 4003/6615/4003
f 4005/6616/4009 4011/6617/4010 4010/6618/4008 4004/6619/4007
f 4006/6620/4011 4012/6621/4012 4011/6617/4010 4005/6616/4009
f 4007/6622/4013 4013/6623/4014 4012/6624/4012 4006/6625/4011
f 4008/6611/4006 4014/6610/4005 4013/6626/4014 4007/6627/4013
f 4009/6609/4004 4015/6628/4015 4020/6629/4016 4014/6610/4005
f 4010/6613/4008 4016/6630/4017 4015/6631/4015 4009/6614/4004
f 4011/6617/4010 4017/6632/4018 4016/6633/4017 4010/6618/4008
f 4012/6621/4012 4018/6634/4019 4017/6632/4018 4011/6617/4010
f 4013/6635/4014 4019/6636/4020 4018/6637/4019 4012/6638/4012
f 4014/6610/4005 4020/6629/4016 4019/6639/4020 4013/6626/4014
f 4015/6628/4015 4021/6640/4021 4026/6640/4022 4020/6629/4016
f 4016/6630/4017 4022/6641/4023 4021/6641/4021 4015/6631/4015
f 4017/6642/4018 4023/6641/4024 4022/6641/4023 4016/6630/4017
f 4018/6634/4019 4024/6643/4025 4023/6643/4024 4017/6632/4018
f 4019/6644/4020 4025/6645/4026 4024/6645/4025 4018/6646/4019
f 4020/6647/4016 4026/6645/4022 4025/6645/4026 4019/6644/4020
f 4027/6648/4027 4033/6649/4028 4038/6650/4029 4032/6651/4030
f 4028/6652/4031 4034/6653/4032 4033/6654/4028 4027/6655/4027
f 4029/6656/4033 4035/6657/4034 4034/6658/4032 4028/6659/4031
f 4030/6660/4035 4036/6661/4036 4035/6657/4034 4029/6656/4033
f 4031/6662/4037 4037/6663/4038 4036/6664/4036 4030/6665/4035
f 4032/6651/4030 4038/6650/4029 4037/6666/4038 4031/6667/4037
f 4033/6649/4028 4039/6668/4039 4044/6669/4040 4038/6650/4029
f 4034/6653/4032 4040/6670/4041 4039/6671/4039 4033/6654/4028
f 4035/6657/4034 4041/6672/4042 4040/6673/4041 4034/6658/4032
f 4036/6661/4036 4042/6674/4043 4041/6672/4042 4035/6657/4034
f 4037/6663/4038 4043/6675/4044 4042/6676/4043 4036/6664/4036
f 4038/6650/4029 4044/6669/4040 4043/6677/4044 4037/6666/4038
f 4039/6668/4039 4045/6678/4045 4050/6678/4046 4044/6669/4040
f 4040/6670/4041 4046/6679/4047 4045/6679/4045 4039/6671/4039
f 4041/6672/4042 4047/6680/4048 4046/6680/4047 4040/6673/4041
f 4042/6674/4043 4048/6680/4049 4047/6680/4048 4041/6672/4042
f 4043/6675/4044 4049/6681/4050 4048/6681/4049 4042/6676/4043
f 4044/6669/4040 4050/6678/4046 4049/6678/4050 4043/6677/4044
f 4051/6682/4051 4057/6683/4052 4062/6684/4053 4056/6685/4054
f 4052/6686/4055 4058/6687/4056 4057/6683/4052 4051/6682/4051
f 4053/6688/4057 4059/6689/4058 4058/6690/4056 4052/6691/4055
f 4054/6692/4059 4060/6693/4060 4059/6694/4058 4053/6695/4057
f 4055/6696/4061 4061/6697/4062 4060/6693/4060 4054/6692/4059
f 4056/6698/4054 4062/6699/4053 4061/6700/4062 4055/6701/4061
f 4057/6683/4052 4063/6702/4063 4068/6703/4064 4062/6684/4053
f 4058/6687/4056 4064/6704/4065 4063/6702/4063 4057/6683/4052
f 4059/6689/4058 4065/6705/4066 4064/6706/4065 4058/6690/4056
f 4060/6693/4060 4066/6707/4067 4065/6708/4066 4059/6694/4058
f 4061/6697/4062 4067/6709/4068 4066/6707/4067 4060/6693/4060
f 4062/6699/4053 4068/6710/4064 4067/6711/4068 4061/6700/4062
f 4063/6702/4063 4069/6712/4069 4074/6712/4070 4068/6703/4064
f 4064/6704/4065 4070/6712/4071 4069/6712/4069 4063/6702/4063
f 4065/6713/4066 4071/6714/4072 4070/6714/4071 4064/6715/4065
f 4066/6707/4067 4072/6716/4073 4071/6716/4072 4065/6708/4066
f 4067/6709/4068 4073/6716/4074 4072/6716/4073 4066/6707/4067
f 4068/6717/4064 4074/6718/4070 4073/6718/4074 4067/6719/4068
f 4075/6720/4075 4081/6721/4076 4086/6722/4077 4080/6723/4078
f 4076/6724/4079 4082/6725/4080 4081/6726/4076 4075/6727/4075
f 4077/6728/4081 4083/6729/4082 4082/6730/4080 4076/6731/4079
f 4078/6732/4083 4084/6733/4084 4083/6729/4082 4077/6728/4081
f 4079/6734/4085 4085/6735/4086 4084/6736/4084 4078/6737/4083
f 4080/6723/4078 4086/6722/4077 4085/6738/4086 4079/6739/4085
f 4081/6721/4076 4087/6740/4087 4092/6741/4088 4086/6722/4077
f 4082/6725/4080 4088/6742/4089 4087/6743/4087 4081/6726/4076
f 4083/6729/4082 4089/6744/4090 4088/6745/4089 4082/6730/4080
f 4084/6733/4084 4090/6746/4091 4089/6744/4090 4083/6729/4082
f 4085/6735/4086 4091/6747/4092 4090/6748/4091 4084/6736/4084
f 4086/6722/4077 4092/6741/4088 4091/6749/4092 4085/6738/4086
f 4087/6740/4087 4093/6750/4093 4098/6750/4094 4092/6741/4088
f 4088/6742/4089 4094/6751/4095 4093/6751/4093 4087/6743/4087
f 4089/6744/4090 4095/6752/4096 4094/6752/4095 4088/6745/4089
f 4090/6746/4091 4096/6752/4097 4095/6752/4096 4089/6744/4090
f 4091/6747/4092 4097/6753/4098 4096/6753/4097 4090/6748/4091
f 4092/6741/4088 4098/6750/4094 4097/6750/4098 4091/6749/4092
f 4099/6754/4099 4105/6755/4100 4110/6756/4101 4104/6757/4102
f 4100/6758/4103 4106/6759/4104 4105/6760/4100 4099/6761/4099
f 4101/6762/4105 4107/6763/4106 4106/6764/4104 4100/6765/4103
f 4102/6766/4107 4108/6767/4108 4107/6763/4106 4101/6762/4105
f 4103/6768/4109 4109/6769/4110 4108/6770/4108 4102/6771/4107
f 4104/6757/4102 4110/6756/4101 4109/6772/4110 4103/6773/4109
f 4105/6755/4100 4111/6774/4111 4116/6775/4112 4110/6756/4101
f 4106/6759/4104 4112/6776/4113 4111/6777/4111 4105/6760/4100
f 4107/6763/4106 4113/6778/4114 4112/6779/4113 4106/6764/4104
f 4108/6767/4108 4114/6780/4115 4113/6778/4114 4107/6763/4106
f 4109/6769/4110 4115/6781/4116 4114/6782/4115 4108/6770/4108
f 4110/6756/4101 4116/6775/4112 4115/6783/4116 4109/6772/4110
f 4111/6774/4111 4117/6784/4117 4122/6784/4118 4116/6775/4112
f 4112/6776/4113 4118/6785/4119 4117/6785/4117 4111/6777/4111
f 4113/6778/4114 4119/6786/4120 4118/6786/4119 4112/6779/4113
f 4114/6782/4115 4120/6787/4121 4119/6787/4120 4113/6788/4114
f 4115/6781/4116 4121/6787/4122 4120/6787/4121 4114/6782/4115
f 4116/6775/4112 4122/6784/4118 4121/6784/4122 4115/6783/4116
f 4123/6789/4123 4129/6790/4124 4134/6791/4125 4128/6792/4126
f 4124/6793/4127 4130/6794/4128 4129/6795/4124 4123/6796/4123
f 4125/6797/4129 4131/6798/4130 4130/6799/4128 4124/6800/4127
f 4126/6801/4131 4132/6802/4132 4131/6803/4130 4125/6804/4129
f 4127/6805/4133 4133/6806/4134 4132/6807/4132 4126/6808/4131
f 4128/6792/4126 4134/6791/4125 4133/6809/4134 4127/6810/4133
f 4129/6811/4124 4135/6812/4135 4140/6813/4136 4134/6814/4125
f 4130/6794/4128 4136/6815/4137 4135/6816/4135 4129/6795/4124
f 4131/6798/4130 4137/6817/4138 4136/6818/4137 4130/6799/4128
f 4132/6802/4132 4138/6819/4139 4137/6820/4138 4131/6803/4130
f 4133/6821/4134 4139/6822/4140 4138/6819/4139 4132/6802/4132
f 4134/6791/4125 4140/6823/4136 4139/6824/4140 4133/6809/4134
f 4135/6812/4135 4141/6825/4141 4146/6825/4142 4140/6813/4136
f 4136/6815/4137 4142/6826/4143 4141/6826/4141 4135/6816/4135
f 4137/6827/4138 4143/6826/4144 4142/6826/4143 4136/6815/4137
f 4138/6819/4139 4144/6828/4145 4143/6828/4144 4137/6820/4138
f 4139/6829/4140 4145/6830/4146 4144/6830/4145 4138/6831/4139
f 4140/6832/4136 4146/6830/4142 4145/6830/4146 4139/6829/4140
f 4147/6833/4147 4153/6834/4148 4158/6835/4149 4152/6836/4150
f 4148/6837/4151 4154/6838/4152 4153/6834/4148 4147/6833/4147
f 4149/6839/4153 4155/6840/4154 4154/6841/4152 4148/6842/4151
f 4150/6843/4155 4156/6844/4156 4155/6845/4154 4149/6846/4153
f 4151/6847/4157 4157/6848/4158 4156/6844/4156 4150/6843/4155
f 4152/6849/4150 4158/6850/4149 4157/6851/4158 4151/6852/4157
f 4153/6834/4148 4159/6853/4159 4164/6854/4160 4158/6835/4149
f 4154/6838/4152 4160/6855/4161 4159/6853/4159 4153/6834/4148
f 4155/6840/4154 4161/6856/4162 4160/6857/4161 4154/6841/4152
f 4156/6844/4156 4162/6858/4163 4161/6859/4162 4155/6845/4154
f 4157/6848/4158 4163/6860/4164 4162/6858/4163 4156/6844/4156
f 4158/6850/4149 4164/6861/4160 4163/6862/4164 4157/6851/4158
f 4159/6853/4159 4165/6863/4165 4170/6863/4166 4164/6854/4160
f 4160/6855/4161 4166/6863/4167 4165/6863/4165 4159/6853/4159
f 4161/6856/4162 4167/6864/4168 4166/6864/4167 4160/6857/4161
f 4162/6858/4163 4168/6865/4169 4167/6865/4168 4161/6859/4162
f 4163/6860/4164 4169/6865/4170 4168/6865/4169 4162/6858/4163
f 4164/6861/4160 4170/6866/4166 4169/6866/4170 4163/6862/4164
f 4171/6867/4171 4177/6868/4172 4182/6869/4173 4176/6870/4174
f 4172/6871/4175 4178/6872/4176 4177/6873/4172 4171/6874/4171
f 4173/6875/4177 4179/6876/4178 4178/6877/4176 4172/6878/4175
f 4174/6879/4179 4180/6880/4180 4179/6881/4178 4173/6882/4177
f 4175/6883/4181 4181/6884/4182 4180/6885/4180 4174/6886/4179
f 4176/6887/4174 4182/6888/4173 4181/6889/4182 4175/6890/4181
f 4177/6873/4172 4183/6891/4183 4188/6892/4184 4182/6893/4173
f 4178/6872/4176 4184/6894/4185 4183/6891/4183 4177/6873/4172
f 4179/6876/4178 4185/6895/4186 4184/6896/4185 4178/6877/4176
f 4180/6897/4180 4186/6898/4187 4185/6895/4186 4179/6876/4178
f 4181/6884/4182 4187/6899/4188 4186/6900/4187 4180/6885/4180
f 4182/6888/4173 4188/6901/4184 4187/6902/4188 4181/6889/4182
f 4183/6891/4183 4189/6903/4189 4194/6903/4190 4188/6892/4184
f 4184/6894/4185 4190/6903/4191 4189/6903/4189 4183/6891/4183
f 4185/6895/4186 4191/6904/4192 4190/6904/4191 4184/6896/4185
f 4186/6898/4187 4192/6904/4193 4191/6904/4192 4185/6895/4186
f 4187/6899/4188 4193/6905/4194 4192/6905/4193 4186/6900/4187
f 4188/6901/4184 4194/6906/4190 4193/6906/4194 4187/6902/4188
f 4195/6907/4195 4201/6908/4196 4206/6909/4197 4200/6910/4198
f 4196/6911/4199 4202/6912/4200 4201/6913/4196 4195/6914/4195
f 4197/6915/4201 4203/6916/4202 4202/6917/4200 4196/6918/4199
f 4198/6919/4203 4204/6920/4204 4203/6916/4202 4197/6915/4201
f 4199/6921/4205 4205/6922/4206 4204/6923/4204 4198/6924/4203
f 4200/6910/4198 4206/6909/4197 4205/6925/4206 4199/6926/4205
f 4201/6908/4196 4207/6927/4207 4212/6928/4208 4206/6909/4197
f 4202/6912/4200 4208/6929/4209 4207/6930/4207 4201/6913/4196
f 4203/6916/4202 4209/6931/4210 4208/6932/4209 4202/6917/4200
f 4204/6920/4204 4210/6933/4211 4209/6931/4210 4203/6916/4202
f 4205/6922/4206 4211/6934/4212 4210/6935/4211 4204/6923/4204
f 4206/6909/4197 4212/6928/4208 4211/6936/4212 4205/6925/4206
f 4207/6927/4207 4213/6937/4213 4218/6937/4214 4212/6928/4208
f 4208/6929/4209 4214/6938/4215 4213/6938/4213 4207/6930/4207
f 4209/6931/4210 4215/6939/4216 4214/6939/4215 4208/6932/4209
f 4210/6933/4211 4216/6939/4217 4215/6939/4216 4209/6931/4210
f 4211/6934/4212 4217/6940/4218 4216/6940/4217 4210/6935/4211
f 4212/6928/4208 4218/6937/4214 4217/6937/4218 4211/6936/4212
f 4219/6941/4219 4225/6942/4220 4230/6943/4221 4224/6944/4222
f 4220/6945/4223 4226/6946/4224 4225/6947/4220 4219/6948/4219
f 4221/6949/4225 4227/6950/4226 4226/6951/4224 4220/6952/4223
f 4222/6953/4227 4228/6954/4228 4227/6955/4226 4221/6956/4225
f 4223/6957/4229 4229/6958/4230 4228/6959/4228 4222/6960/4227
f 4224/6944/4222 4230/6943/4221 4229/6961/4230 4223/6962/4229
f 4225/6942/4220 4231/6963/4231 4236/6964/4232 4230/6943/4221
f 4226/6946/4224 4232/6965/4233 4231/6966/4231 4225/6947/4220
f 4227/6950/4226 4233/6967/4234 4232/6968/4233 4226/6951/4224
f 4228/6954/4228 4234/6969/4235 4233/6970/4234 4227/6955/4226
f 4229/6958/4230 4235/6971/4236 4234/6972/4235 4228/6959/4228
f 4230/6943/4221 4236/6964/4232 4235/6973/4236 4229/6961/4230
f 4231/6963/4231 4237/6974/4237 4242/6974/4238 4236/6964/4232
f 4232/6965/4233 4238/6975/4239 4237/6975/4237 4231/6966/4231
f 4233/6976/4234 4239/6975/4240 4238/6975/4239 4232/6965/4233
f 4234/6977/4235 4240/6978/4241 4239/6978/4240 4233/6979/4234
f 4235/6971/4236 4241/6980/4242 4240/6980/4241 4234/6972/4235
f 4236/6981/4232 4242/6980/4238 4241/6980/4242 4235/6971/4236
f 4243/6982/4243 4249/6983/4244 4254/6984/4245 4248/6985/4246
f 4244/6986/4247 4250/6987/4248 4249/6988/4244 4243/6989/4243
f 4245/6990/4249 4251/6991/4250 4250/6987/4248 4244/6986/4247
f 4246/6992/4251 4252/6993/4252 4251/6994/4250 4245/6995/4249
f 4247/6996/4253 4253/6997/4254 4252/6993/4252 4246/6992/4251
f 4248/6998/4246 4254/6999/4245 4253/7000/4254 4247/7001/4253
f 4249/6983/4244 4255/7002/4255 4260/7003/4256 4254/6984/4245
f 4250/6987/4248 4256/7004/4257 4255/7005/4255 4249/6988/4244
f 4251/6991/4250 4257/7006/4258 4256/7004/4257 4250/6987/4248
f 4252/6993/4252 4258/7007/4259 4257/7008/4258 4251/6994/4250
f 4253/6997/4254 4259/7009/4260 4258/7007/4259 4252/6993/4252
f 4254/6999/4245 4260/7010/4256 4259/7011/4260 4253/7000/4254
f 4255/7002/4255 4261/7012/4261 4266/7012/4262 4260/7003/4256
f 4256/7004/4257 4262/7013/4263 4261/7013/4261 4255/7005/4255
f 4257/7006/4258 4263/7013/4264 4262/7013/4263 4256/7004/4257
f 4258/7007/4259 4264/3866/4265 4263/3866/4264 4257/7008/4258
f 4259/7011/4260 4265/7014/4266 4264/7014/4265 4258/7015/4259
f 4260/7010/4256 4266/7014/4262 4265/7014/4266 4259/7011/4260
f 4267/7016/4267 4273/7017/4268 4278/7018/4269 4272/7019/4270
f 4268/7020/4271 4274/7021/4272 4273/7022/4268 4267/7023/4267
f 4269/7024/4273 4275/7025/4274 4274/7026/4272 4268/7027/4271
f 4270/7028/4275 4276/7029/4276 4275/7025/4274 4269/7024/4273
f 4271/7030/4277 4277/7031/4278 4276/7032/4276 4270/7033/4275
f 4272/7019/4270 4278/7018/4269 4277/7034/4278 4271/7035/4277
f 4273/7017/4268 4279/7036/4279 4284/7037/4280 4278/7018/4269
f 4274/7021/4272 4280/7038/4281 4279/7039/4279 4273/7022/4268
f 4275/7025/4274 4281/7040/4282 4280/7041/4281 4274/7026/4272
f 4276/7029/4276 4282/7042/4283 4281/7040/4282 4275/7025/4274
f 4277/7031/4278 4283/7043/4284 4282/7044/4283 4276/7032/4276
f 4278/7018/4269 4284/7037/4280 4283/7045/4284 4277/7034/4278
f 4279/7036/4279 4285/7046/4285 4290/7046/4286 4284/7037/4280
f 4280/7038/4281 4286/7047/4287 4285/7047/4285 4279/7039/4279
f 4281/7040/4282 4287/7048/4288 4286/7048/4287 4280/7041/4281
f 4282/7042/4283 4288/7048/4289 4287/7048/4288 4281/7040/4282
f 4283/7043/4284 4289/7049/4290 4288/7049/4289 4282/7044/4283
f 4284/7037/4280 4290/7046/4286 4289/7046/4290 4283/7045/4284
f 4291/7050/4291 4297/7051/4292 4302/7052/4293 4296/7053/4294
f 4292/7054/4295 4298/7055/4296 4297/7056/4292 4291/7057/4291
f 4293/7058/4297 4299/7059/4298 4298/7060/4296 4292/7061/4295
f 4294/7062/4299 4300/7063/4300 4299/7064/4298 4293/7065/4297
f 4295/7066/4301 4301/7067/4302 4300/7063/4300 4294/7062/4299
f 4296/7068/4294 4302/7069/4293 4301/7070/4302 4295/7071/4301
f 4297/7051/4292 4303/7072/4303 4308/7073/4304 4302/7052/4293
f 4298/7055/4296 4304/7074/4305 4303/7075/4303 4297/7056/4292
f 4299/7076/4298 4305/7077/4306 4304/7074/4305 4298/7055/4296
f 4300/7063/4300 4306/7078/4307 4305/7079/4306 4299/7064/4298
f 4301/7067/4302 4307/7080/4308 4306/7078/4307 4300/7063/4300
f 4302/7081/4293 4308/7082/4304 4307/7083/4308 4301/7084/4302
f 4303/7072/4303 4309/7085/4309 4314/7085/4310 4308/7073/4304
f 4304/7074/4305 4310/7086/4311 4309/7086/4309 4303/7075/4303
f 4305/7077/4306 4311/7086/4312 4310/7086/4311 4304/7074/4305
f 4306/7078/4307 4312/7087/4313 4311/7087/4312 4305/7079/4306
f 4307/7083/4308 4313/7088/4314 4312/7088/4313 4306/7089/4307
f 4308/7082/4304 4314/7088/4310 4313/7088/4314 4307/7083/4308
f 4315/7090/4315 4321/7091/4316 4326/7092/4317 4320/7093/4318
f 4316/7094/4319 4322/7095/4320 4321/7096/4316 4315/7097/4315
f 4317/7098/4321 4323/7099/4322 4322/7100/4320 4316/7101/4319
f 4318/7102/4323 4324/7103/4324 4323/7099/4322 4317/7098/4321
f 4319/7104/4325 4325/7105/4326 4324/7106/4324 4318/7107/4323
f 4320/7093/4318 4326/7092/4317 4325/7108/4326 4319/7109/4325
f 4321/7091/4316 4327/7110/4327 4332/7111/4328 4326/7092/4317
f 4322/7095/4320 4328/7112/4329 4327/7113/4327 4321/7096/4316
f 4323/7099/4322 4329/7114/4330 4328/7115/4329 4322/7100/4320
f 4324/7103/4324 4330/7116/4331 4329/7114/4330 4323/7099/4322
f 4325/7105/4326 4331/7117/4332 4330/7118/4331 4324/7106/4324
f 4326/7119/4317 4332/7120/4328 4331/7117/4332 4325/7105/4326
f 4327/7110/4327 4333/7121/4333 4338/7121/4334 4332/7111/4328
f 4328/7112/4329 4334/7122/4335 4333/7122/4333 4327/7113/4327
f 4329/7114/4330 4335/7123/4336 4334/7123/4335 4328/7115/4329
f 4330/7116/4331 4336/7123/4337 4335/7123/4336 4329/7114/4330
f 4331/7117/4332 4337/7124/4338 4336/7124/4337 4330/7118/4331
f 4332/7111/4328 4338/7121/4334 4337/7121/4338 4331/7125/4332
f 4339/7126/4339 4345/7127/4340 4350/7128/4341 4344/7129/4342
f 4340/7130/4343 4346/7131/4344 4345/7132/4340 4339/7133/4339
f 4341/7134/4345 4347/7135/4346 4346/7136/4344 4340/7137/4343
f 4342/7138/4347 4348/7139/4348 4347/7135/4346 4341/7134/4345
f 4343/7140/4349 4349/7141/4350 4348/7142/4348 4342/7143/4347
f 4344/7129/4342 4350/7128/4341 4349/7144/4350 4343/7145/4349
f 4345/7127/4340 4351/7146/4351 4356/7147/4352 4350/7128/4341
f 4346/7131/4344 4352/7148/4353 4351/7149/4351 4345/7132/4340
f 4347/7135/4346 4353/7150/4354 4352/7151/4353 4346/7136/4344
f 4348/7139/4348 4354/7152/4355 4353/7150/4354 4347/7135/4346
f 4349/7141/4350 4355/7153/4356 4354/7154/4355 4348/7142/4348
f 4350/7128/4341 4356/7147/4352 4355/7155/4356 4349/7144/4350
f 4351/7146/4351 4357/7156/4357 4362/7156/4358 4356/7147/4352
f 4352/7148/4353 4358/7157/4359 4357/7157/4357 4351/7149/4351
f 4353/7150/4354 4359/7158/4360 4358/7158/4359 4352/7151/4353
f 4354/7152/4355 4360/7158/4361 4359/7158/4360 4353/7150/4354
f 4355/7153/4356 4361/7159/4362 4360/7159/4361 4354/7154/4355
f 4356/7147/4352 4362/7156/4358 4361/7156/4362 4355/7155/4356
f 4363/7160/4363 4369/7161/4364 4374/7162/4365 4368/7163/4366
f 4364/7164/4367 4370/7165/4368 4369/7166/4364 4363/7167/4363
f 4365/7168/4369 4371/7169/4370 4370/7170/4368 4364/7171/4367
f 4366/7172/4371 4372/7173/4372 4371/7174/4370 4365/7175/4369
f 4367/7176/4373 4373/7177/4374 4372/7178/4372 4366/7179/4371
f 4368/7180/4366 4374/7181/4365 4373/7177/4374 4367/7176/4373
f 4369/7161/4364 4375/7182/4375 4380/7183/4376 4374/7162/4365
f 4370/7170/4368 4376/7184/4377 4375/7185/4375 4369/7186/4364
f 4371/7169/4370 4377/7187/4378 4376/7184/4377 4370/7170/4368
f 4372/7173/4372 4378/7188/4379 4377/7189/4378 4371/7174/4370
f 4373/7177/4374 4379/7190/4380 4378/7191/4379 4372/7178/4372
f 4374/7181/4365 4380/7192/4376 4379/7190/4380 4373/7177/4374
f 4375/7182/4375 4381/7193/4381 4386/7193/4382 4380/7183/4376
f 4376/7194/4377 4382/7195/4383 4381/7195/4381 4375/7196/4375
f 4377/7187/4378 4383/7197/4384 4382/7197/4383 4376/7184/4377
f 4378/7188/4379 4384/7198/4385 4383/7198/4384 4377/7189/4378
f 4379/7190/4380 4385/7199/4386 4384/7199/4385 4378/7191/4379
f 4380/7192/4376 4386/7199/4382 4385/7199/4386 4379/7190/4380
f 4387/7200/4387 4393/7201/4388 4398/7202/4389 4392/7203/4390
f 4388/7204/4391 4394/7205/4392 4393/7206/4388 4387/7207/4387
f 4389/7208/4393 4395/7209/4394 4394/7210/4392 4388/7211/4391
f 4390/7212/4395 4396/7213/4396 4395/7214/4394 4389/7215/4393
f 4391/4427/4397 4397/7216/4398 4396/7217/4396 4390/7218/4395
f 4392/7219/4390 4398/7220/4389 4397/7221/4398 4391/7222/4397
f 4393/7201/4388 4399/7223/4399 4404/7224/4400 4398/7202/4389
f 4394/7205/4392 4400/7225/4401 4399/7226/4399 4393/7206/4388
f 4395/7227/4394 4401/7228/4402 4400/7225/4401 4394/7205/4392
f 4396/7213/4396 4402/7229/4403 4401/7230/4402 4395/7214/4394
f 4397/7216/4398 4403/7231/4404 4402/7232/4403 4396/7217/4396
f 4398/7220/4389 4404/7233/4400 4403/7234/4404 4397/7221/4398
f 4399/7223/4399 4405/7235/4405 4410/7235/4406 4404/7224/4400
f 4400/7236/4401 4406/7235/4407 4405/7235/4405 4399/7223/4399
f 4401/7237/4402 4407/7238/4408 4406/7238/4407 4400/7239/4401
f 4402/7240/4403 4408/7238/4409 4407/7238/4408 4401/7237/4402
f 4403/7241/4404 4409/7242/4410 4408/7242/4409 4402/7243/4403
f 4404/7233/4400 4410/7244/4406 4409/7244/4410 4403/7234/4404
f 4411/7245/4411 4417/7246/4412 4422/7247/4413 4416/7248/4414
f 4412/7249/4415 4418/7250/4416 4417/7246/4412 4411/7245/4411
f 4413/7251/4417 4419/7252/4418 4418/7253/4416 4412/7254/4415
f 4414/7255/4419 4420/7256/4420 4419/7257/4418 4413/7258/4417
f 4415/7259/4421 4421/7260/4422 4420/7256/4420 4414/7255/4419
f 4416/7261/4414 4422/7262/4413 4421/7263/4422 4415/7264/4421
f 4417/7246/4412 4423/7265/4423 4428/7266/4424 4422/7247/4413
f 4418/7250/4416 4424/7267/4425 4423/7265/4423 4417/7246/4412
f 4419/7252/4418 4425/7268/4426 4424/7269/4425 4418/7253/4416
f 4420/7256/4420 4426/7270/4427 4425/7271/4426 4419/7257/4418
f 4421/7260/4422 4427/7272/4428 4426/7270/4427 4420/7256/4420
f 4422/7262/4413 4428/7273/4424 4427/7274/4428 4421/7263/4422
f 4423/7265/4423 4429/7275/4429 4434/7275/4430 4428/7266/4424
f 4424/7267/4425 4430/7275/4431 4429/7275/4429 4423/7265/4423
f 4425/7268/4426 4431/7276/4432 4430/7276/4431 4424/7269/4425
f 4426/7270/4427 4432/7277/4433 4431/7277/4432 4425/7271/4426
f 4427/7272/4428 4433/7277/4434 4432/7277/4433 4426/7270/4427
f 4428/7273/4424 4434/7278/4430 4433/7278/4434 4427/7274/4428
f 4435/7279/4435 4441/7280/4436 4446/7281/4437 4440/7282/4438
f 4436/7283/4439 4442/7284/4440 4441/7285/4436 4435/7286/4435
f 4437/7287/4441 4443/7288/4442 4442/7289/4440 4436/7290/4439
f 4438/7291/4443 4444/7292/4444 4443/7288/4442 4437/7287/4441
f 4439/7293/4445 4445/7294/4446 4444/7295/4444 4438/7296/4443
f 4440/7297/4438 4446/7298/4437 4445/7299/4446 4439/7300/4445
f 4441/7280/4436 4447/7301/4447 4452/7302/4448 4446/7281/4437
f 4442/7284/4440 4448/7303/4449 4447/7304/4447 4441/7285/4436
f 4443/7305/4442 4449/7306/4450 4448/7303/4449 4442/7284/4440
f 4444/7307/4444 4450/7308/4451 4449/7309/4450 4443/7310/4442
f 4445/7294/4446 4451/7311/4452 4450/7312/4451 4444/7295/4444
f 4446/7298/4437 4452/7313/4448 4451/7314/4452 4445/7299/4446
f 4447/7301/4447 4453/7315/4453 4458/7315/4454 4452/7302/4448
f 4448/7303/4449 4454/7316/4455 4453/7316/4453 4447/7304/4447
f 4449/7317/4450 4455/7318/4456 4454/7318/4455 4448/7319/4449
f 4450/7308/4451 4456/7320/4457 4455/7320/4456 4449/7309/4450
f 4451/7311/4452 4457/7321/4458 4456/7321/4457 4450/7312/4451
f 4452/7313/4448 4458/7322/4454 4457/7322/4458 4451/7314/4452
f 4459/7323/4459 4465/7324/4460 4470/7325/4461 4464/7326/4462
f 4460/7327/4463 4466/7328/4464 4465/7329/4460 4459/7330/4459
f 4461/7331/4465 4467/7332/4466 4466/7333/4464 4460/7334/4463
f 4462/7335/4467 4468/7336/4468 4467/7332/4466 4461/7331/4465
f 4463/7337/4469 4469/7338/4470 4468/7339/4468 4462/7340/4467
f 4464/7341/4462 4470/7342/4461 4469/7343/4470 4463/7344/4469
f 4465/7324/4460 4471/7345/4471 4476/7346/4472 4470/7325/4461
f 4466/7328/4464 4472/7347/4473 4471/7348/4471 4465/7329/4460
f 4467/7349/4466 4473/7350/4474 4472/7351/4473 4466/7352/4464
f 4468/7336/4468 4474/7353/4475 4473/7354/4474 4467/7332/4466
f 4469/7338/4470 4475/7355/4476 4474/7356/4475 4468/7339/4468
f 4470/7342/4461 4476/7357/4472 4475/7358/4476 4469/7343/4470
f 4471/7348/4471 4477/7359/4477 4482/7359/4478 4476/7360/4472
f 4472/7347/4473 4478/7359/4479 4477/7359/4477 4471/7348/4471
f 4473/7361/4474 4479/7362/4480 4478/7362/4479 4472/7363/4473
f 4474/7356/4475 4480/7364/4481 4479/7364/4480 4473/7365/4474
f 4475/7355/4476 4481/7364/4482 4480/7364/4481 4474/7356/4475
f 4476/7357/4472 4482/7366/4478 4481/7366/4482 4475/7358/4476
f 4483/7367/4483 4489/7368/4484 4494/7369/4485 4488/7370/4486
f 4484/7371/4487 4490/7372/4488 4489/7373/4484 4483/7374/4483
f 4485/7375/4489 4491/7376/4490 4490/7377/4488 4484/7378/4487
f 4486/7379/4491 4492/7380/4492 4491/7381/4490 4485/7382/4489
f 4487/7383/4493 4493/7384/4494 4492/7385/4492 4486/7386/4491
f 4488/7387/4486 4494/7388/4485 4493/7384/4494 4487/7383/4493
f 4489/7368/4484 4495/7389/4495 4500/7390/4496 4494/7369/4485
f 4490/7372/4488 4496/7391/4497 4495/7392/4495 4489/7373/4484
f 4491/7376/4490 4497/7393/4498 4496/7394/4497 4490/7377/4488
f 4492/7380/4492 4498/7395/4499 4497/7396/4498 4491/7381/4490
f 4493/7384/4494 4499/7397/4500 4498/7398/4499 4492/7385/4492
f 4494/7399/4485 4500/7400/4496 4499/7401/4500 4493/7402/4494
f 4495/7389/4495 4501/7403/4501 4506/7403/4502 4500/7390/4496
f 4496/7391/4497 4502/7404/4503 4501/7404/4501 4495/7392/4495
f 4497/7405/4498 4503/7404/4504 4502/7404/4503 4496/7391/4497
f 4498/7395/4499 4504/7406/4505 4503/7406/4504 4497/7396/4498
f 4499/7397/4500 4505/7407/4506 4504/7407/4505 4498/7398/4499
f 4500/7408/4496 4506/7407/4502 4505/7407/4506 4499/7397/4500
f 4507/7409/4507 4513/7410/4508 4518/7411/4509 4512/7412/4510
f 4508/7413/4511 4514/7414/4512 4513/7415/4508 4507/7416/4507
f 4509/7417/4513 4515/7418/4514 4514/7419/4512 4508/7420/4511
f 4510/7421/4515 4516/7422/4516 4515/7423/4514 4509/7424/4513
f 4511/7425/4517 4517/7426/4518 4516/7427/4516 4510/7428/4515
f 4512/7429/4510 4518/7430/4509 4517/7431/4518 4511/7432/4517
f 4513/7410/4508 4519/7433/4519 4524/7434/4520 4518/7411/4509
f 4514/7414/4512 4520/7435/4521 4519/7436/4519 4513/7415/4508
f 4515/7418/4514 4521/7437/4522 4520/7438/4521 4514/7419/4512
f 4516/7422/4516 4522/7439/4523 4521/7440/4522 4515/7423/4514
f 4517/7426/4518 4523/7441/4524 4522/7442/4523 4516/7427/4516
f 4518/7430/4509 4524/7443/4520 4523/7444/4524 4517/7431/4518
f 4519/7433/4519 4525/7445/4525 4530/7445/4526 4524/7434/4520
f 4520/7435/4521 4526/7446/4527 4525/7446/4525 4519/7436/4519
f 4521/7437/4522 4527/7447/4528 4526/7447/4527 4520/7438/4521
f 4522/7439/4523 4528/7448/4529 4527/7448/4528 4521/7440/4522
f 4523/7441/4524 4529/4355/4530 4528/4355/4529 4522/7442/4523
f 4524/7443/4520 4530/7449/4526 4529/7449/4530 4523/7444/4524
f 4531/7450/4531 4537/7451/4532 4542/7452/4533 4536/7453/4534
f 4532/7454/4535 4538/7455/4536 4537/7456/4532 4531/7457/4531
f 4533/7458/4537 4539/7459/4538 4538/7460/4536 4532/7461/4535
f 4534/7462/4539 4540/7463/4540 4539/7459/4538 4533/7458/4537
f 4535/7464/4541 4541/7465/4542 4540/7466/4540 4534/7467/4539
f 4536/7453/4534 4542/7452/4533 4541/7468/4542 4535/7469/4541
f 4537/7451/4532 4543/7470/4543 4548/7471/4544 4542/7452/4533
f 4538/7455/4536 4544/7472/4545 4543/7473/4543 4537/7456/4532
f 4539/7459/4538 4545/7474/4546 4544/7475/4545 4538/7460/4536
f 4540/7463/4540 4546/7476/4547 4545/7474/4546 4539/7459/4538
f 4541/7465/4542 4547/7477/4548 4546/7478/4547 4540/7466/4540
f 4542/7452/4533 4548/7471/4544 4547/7479/4548 4541/7468/4542
f 4543/7470/4543 4549/7480/4549 4554/7480/4550 4548/7471/4544
f 4544/7472/4545 4550/7481/4551 4549/7481/4549 4543/7473/4543
f 4545/7474/4546 4551/7482/4552 4550/7482/4551 4544/7475/4545
f 4546/7476/4547 4552/7482/4553 4551/7482/4552 4545/7474/4546
f 4547/7477/4548 4553/7483/4554 4552/7483/4553 4546/7478/4547
f 4548/7471/4544 4554/7480/4550 4553/7480/4554 4547/7479/4548
f 4555/7484/4555 4561/7485/4556 4566/7486/4557 4560/7487/4558
f 4556/7488/4559 4562/7489/4560 4561/7490/4556 4555/7491/4555
f 4557/7492/4561 4563/7493/4562 4562/7494/4560 4556/7495/4559
f 4558/7496/4563 4564/7497/4564 4563/7498/4562 4557/7499/4561
f 4559/7500/4565 4565/7501/4566 4564/7502/4564 4558/7503/4563
f 4560/7504/4558 4566/7505/4557 4565/7506/4566 4559/7507/4565
f 4561/7508/4556 4567/7509/4567 4572/7510/4568 4566/7505/4557
f 4562/7489/4560 4568/7511/4569 4567/7512/4567 4561/7490/4556
f 4563/7493/4562 4569/7513/4570 4568/7514/4569 4562/7494/4560
f 4564/7497/4564 4570/7515/4571 4569/7516/4570 4563/7498/4562
f 4565/7501/4566 4571/7517/4572 4570/7518/4571 4564/7502/4564
f 4566/7505/4557 4572/7510/4568 4571/7519/4572 4565/7506/4566
f 4567/7509/4567 4573/7520/4573 4578/7520/4574 4572/7510/4568
f 4568/7511/4569 4574/7521/4575 4573/7521/4573 4567/7512/4567
f 4569/7522/4570 4575/7521/4576 4574/7521/4575 4568/7511/4569
f 4570/7515/4571 4576/7523/4577 4575/7523/4576 4569/7516/4570
f 4571/7517/4572 4577/7524/4578 4576/7524/4577 4570/7518/4571
f 4572/7525/4568 4578/7524/4574 4577/7524/4578 4571/7517/4572
f 4579/7526/4579 4585/7527/4580 4590/7528/4581 4584/7529/4582
f 4580/7530/4583 4586/7531/4584 4585/7532/4580 4579/7533/4579
f 4581/7534/4585 4587/7535/4586 4586/7536/4584 4580/7537/4583
f 4582/7538/4587 4588/7539/4588 4587/7535/4586 4581/7534/4585
f 4583/7540/4589 4589/7541/4590 4588/7542/4588 4582/7543/4587
f 4584/7529/4582 4590/7528/4581 4589/7544/4590 4583/7545/4589
f 4585/7527/4580 4591/7546/4591 4596/7547/4592 4590/7528/4581
f 4586/7531/4584 4592/7548/4593 4591/7549/4591 4585/7532/4580
f 4587/7535/4586 4593/7550/4594 4592/7551/4593 4586/7536/4584
f 4588/7539/4588 4594/7552/4595 4593/7550/4594 4587/7535/4586
f 4589/7541/4590 4595/7553/4596 4594/7554/4595 4588/7542/4588
f 4590/7528/4581 4596/7547/4592 4595/7555/4596 4589/7544/4590
f 4591/7546/4591 4597/7556/4597 4602/7556/4598 4596/7547/4592
f 4592/7557/4593 4598/7558/4599 4597/7558/4597 4591/7559/4591
f 4593/7550/4594 4599/7560/4600 4598/7560/4599 4592/7551/4593
f 4594/7552/4595 4600/7560/4601 4599/7560/4600 4593/7550/4594
f 4595/7553/4596 4601/7561/4602 4600/7561/4601 4594/7554/4595
f 4596/7547/4592 4602/7556/4598 4601/7556/4602 4595/7555/4596
f 4603/7562/4603 4609/7563/4604 4614/7564/4605 4608/7565/4606
f 4604/7566/4607 4610/7567/4608 4609/7568/4604 4603/7569/4603
f 4605/7570/4609 4611/7571/4610 4610/7572/4608 4604/7573/4607
f 4606/7574/4611 4612/7575/4612 4611/7576/4610 4605/7577/4609
f 4607/7578/4613 4613/7579/4614 4612/7580/4612 4606/7581/4611
f 4608/7582/4606 4614/7583/4605 4613/7579/4614 4607/7578/4613
f 4609/7584/4604 4615/7585/4615 4620/7586/4616 4614/7587/4605
f 4610/7567/4608 4616/7588/4617 4615/7589/4615 4609/7568/4604
f 4611/7590/4610 4617/7591/4618 4616/7588/4617 4610/7567/4608
f 4612/7592/4612 4618/7593/4619 4617/7594/4618 4611/7595/4610
f 4613/7579/4614 4619/7596/4620 4618/7597/4619 4612/7580/4612
f 4614/7598/4605 4620/7599/4616 4619/7600/4620 4613/7601/4614
f 4615/7585/4615 4621/7602/4621 4626/7602/4622 4620/7586/4616
f 4616/7588/4617 4622/7603/4623 4621/7603/4621 4615/7589/4615
f 4617/7594/4618 4623/7604/4624 4622/7604/4623 4616/7605/4617
f 4618/7593/4619 4624/7604/4625 4623/7604/4624 4617/7594/4618
f 4619/7596/4620 4625/7606/4626 4624/7606/4625 4618/7597/4619
f 4620/7586/4616 4626/7602/4622 4625/7602/4626 4619/7607/4620
f 4627/7608/4627 4633/7609/4628 4638/7610/4629 4632/7611/4630
f 4628/7612/4631 4634/7613/4632 4633/7614/4628 4627/7615/4627
f 4629/7616/4633 4635/7617/4634 4634/7618/4632 4628/7619/4631
f 4630/7620/4635 4636/7621/4636 4635/7617/4634 4629/7616/4633
f 4631/7622/4637 4637/7623/4638 4636/7624/4636 4630/7625/4635
f 4632/7611/4630 4638/7610/4629 4637/7626/4638 4631/7627/4637
f 4633/7609/4628 4639/7628/4639 4644/7629/4640 4638/7610/4629
f 4634/7630/4632 4640/7631/4641 4639/7632/4639 4633/7633/4628
f 4635/7617/4634 4641/7634/4642 4640/7635/4641 4634/7618/4632
f 4636/7621/4636 4642/7636/4643 4641/7634/4642 4635/7617/4634
f 4637/7623/4638 4643/7637/4644 4642/7638/4643 4636/7624/4636
f 4638/7610/4629 4644/7629/4640 4643/7639/4644 4637/7626/4638
f 4639/7628/4639 4645/7640/4645 4650/7640/4646 4644/7629/4640
f 4640/7641/4641 4646/7642/4647 4645/7642/4645 4639/7643/4639
f 4641/7634/4642 4647/7644/4648 4646/7644/4647 4640/7635/4641
f 4642/7636/4643 4648/7644/4649 4647/7644/4648 4641/7634/4642
f 4643/7637/4644 4649/7645/4650 4648/7645/4649 4642/7638/4643
f 4644/7629/4640 4650/7640/4646 4649/7640/4650 4643/7639/4644
f 4651/7646/4651 4657/7647/4652 4662/7648/4653 4656/7649/4654
f 4652/7650/4655 4658/7651/4656 4657/7652/4652 4651/7653/4651
f 4653/7654/4657 4659/7655/4658 4658/7656/4656 4652/7657/4655
f 4654/7658/4659 4660/7659/4660 4659/7655/4658 4653/7654/4657
f 4655/7660/4661 4661/7661/4662 4660/7662/4660 4654/7663/4659
f 4656/7649/4654 4662/7648/4653 4661/7664/4662 4655/7665/4661
f 4657/7652/4652 4663/7666/4663 4668/7667/4664 4662/7668/4653
f 4658/7651/4656 4664/7669/4665 4663/7666/4663 4657/7652/4652
f 4659/7655/4658 4665/7670/4666 4664/7671/4665 4658/7656/4656
f 4660/7662/4660 4666/7672/4667 4665/7673/4666 4659/7674/4658
f 4661/7661/4662 4667/7675/4668 4666/7672/4667 4660/7662/4660
f 4662/7648/4653 4668/7676/4664 4667/7677/4668 4661/7664/4662
f 4663/7666/4663 4669/7678/4669 4674/7678/4670 4668/7667/4664
f 4664/7669/4665 4670/7678/4671 4669/7678/4669 4663/7666/4663
f 4665/7670/4666 4671/7679/4672 4670/7679/4671 4664/7671/4665
f 4666/7672/4667 4672/7680/4673 4671/7680/4672 4665/7673/4666
f 4667/7675/4668 4673/7680/4674 4672/7680/4673 4666/7672/4667
f 4668/7676/4664 4674/7681/4670 4673/7681/4674 4667/7677/4668
f 4675/7682/4675 4681/7683/4676 4686/7684/4677 4680/7685/4678
f 4676/7686/4679 4682/7687/4680 4681/7688/4676 4675/7689/4675
f 4677/7690/4681 4683/7691/4682 4682/7692/4680 4676/7693/4679
f 4678/7694/4683 4684/7695/4684 4683/7691/4682 4677/7690/4681
f 4679/7696/4685 4685/7697/4686 4684/7698/4684 4678/7699/4683
f 4680/7685/4678 4686/7684/4677 4685/7700/4686 4679/7701/4685
f 4681/7683/4676 4687/7702/4687 4692/7703/4688 4686/7684/4677
f 4682/7687/4680 4688/7704/4689 4687/7705/4687 4681/7688/4676
f 4683/7691/4682 4689/7706/4690 4688/7707/4689 4682/7692/4680
f 4684/7695/4684 4690/7708/4691 4689/7706/4690 4683/7691/4682
f 4685/7697/4686 4691/7709/4692 4690/7710/4691 4684/7698/4684
f 4686/7684/4677 4692/7703/4688 4691/7711/4692 4685/7700/4686
f 4687/7702/4687 4693/7712/4693 4698/7712/4694 4692/7703/4688
f 4688/7704/4689 4694/7713/4695 4693/7713/4693 4687/7705/4687
f 4689/7706/4690 4695/7714/4696 4694/7714/4695 4688/7707/4689
f 4690/7708/4691 4696/7714/4697 4695/7714/4696 4689/7706/4690
f 4691/7709/4692 4697/7715/4698 4696/7715/4697 4690/7710/4691
f 4692/7703/4688 4698/7712/4694 4697/7712/4698 4691/7711/4692
f 4699/7716/4699 4705/7717/4700 4710/7718/4701 4704/7719/4702
f 4700/7720/4703 4706/7721/4704 4705/7722/4700 4699/7723/4699
f 4701/7724/4705 4707/7725/4706 4706/7726/4704 4700/7727/4703
f 4702/7728/4707 4708/7729/4708 4707/7730/4706 4701/7731/4705
f 4703/7732/4709 4709/7733/4710 4708/7734/4708 4702/7735/4707
f 4704/7736/4702 4710/7737/4701 4709/7733/4710 4703/7732/4709
f 4705/7717/4700 4711/7738/4711 4716/7739/4712 4710/7718/4701
f 4706/7726/4704 4712/7740/4713 4711/7741/4711 4705/7742/4700
f 4707/7725/4706 4713/7743/4714 4712/7740/4713 4706/7726/4704
f 4708/7729/4708 4714/7744/4715 4713/7745/4714 4707/7730/4706
f 4709/7733/4710 4715/7746/4716 4714/7747/4715 4708/7734/4708
f 4710/7737/4701 4716/7748/4712 4715/7746/4716 4709/7733/4710
f 4711/7738/4711 4717/7749/4717 4722/7749/4718 4716/7739/4712
f 4712/7750/4713 4718/7751/4719 4717/7751/4717 4711/7752/4711
f 4713/7745/4714 4719/7753/4720 4718/7753/4719 4712/7754/4713
f 4714/7744/4715 4720/7753/4721 4719/7753/4720 4713/7745/4714
f 4715/7755/4716 4721/7756/4722 4720/7756/4721 4714/7757/4715
f 4716/7739/4712 4722/7749/4718 4721/7749/4722 4715/7758/4716
f 4723/7759/4723 4729/7760/4724 4734/7761/4725 4728/7762/4726
f 4724/7763/4727 4730/7764/4728 4729/7765/4724 4723/7766/4723
f 4725/7767/4729 4731/7768/4730 4730/7769/4728 4724/7770/4727
f 4726/7771/4731 4732/7772/4732 4731/7768/4730 4725/7767/4729
f 4727/7773/4733 4733/7774/4734 4732/7775/4732 4726/7776/4731
f 4728/7762/4726 4734/7761/4725 4733/7777/4734 4727/7778/4733
f 4729/7760/4724 4735/7779/4735 4740/7780/4736 4734/7761/4725
f 4730/7764/4728 4736/7781/4737 4735/7782/4735 4729/7765/4724
f 4731/7768/4730 4737/7783/4738 4736/7784/4737 4730/7769/4728
f 4732/7772/4732 4738/7785/4739 4737/7783/4738 4731/7768/4730
f 4733/7774/4734 4739/7786/4740 4738/7787/4739 4732/7775/4732
f 4734/7761/4725 4740/7780/4736 4739/7788/4740 4733/7777/4734
f 4735/7779/4735 4741/7789/4741 4746/7789/4742 4740/7780/4736
f 4736/7781/4737 4742/7790/4743 4741/7790/4741 4735/7782/4735
f 4737/7791/4738 4743/7790/4744 4742/7790/4743 4736/7781/4737
f 4738/7785/4739 4744/7792/4745 4743/7792/4744 4737/7783/4738
f 4739/7786/4740 4745/7793/4746 4744/7793/4745 4738/7787/4739
f 4740/7794/4736 4746/7793/4742 4745/7793/4746 4739/7786/4740
f 4747/7795/4747 4753/7796/4748 4758/7797/4749 4752/7798/4750
f 4748/7799/4751 4754/7800/4752 4753/7801/4748 4747/7802/4747
f 4749/7803/4753 4755/7804/4754 4754/7805/4752 4748/7806/4751
f 4750/7807/4755 4756/7808/4756 4755/7804/4754 4749/7803/4753
f 4751/7809/4757 4757/7810/4758 4756/7811/4756 4750/7812/4755
f 4752/7798/4750 4758/7797/4749 4757/7813/4758 4751/7814/4757
f 4753/7796/4748 4759/7815/4759 4764/7816/4760 4758/7797/4749
f 4754/7800/4752 4760/7817/4761 4759/7818/4759 4753/7801/4748
f 4755/7804/4754 4761/7819/4762 4760/7820/4761 4754/7805/4752
f 4756/7808/4756 4762/7821/4763 4761/7819/4762 4755/7804/4754
f 4757/7810/4758 4763/7822/4764 4762/7823/4763 4756/7811/4756
f 4758/7797/4749 4764/7816/4760 4763/7824/4764 4757/7813/4758
f 4759/7815/4759 4765/7825/4765 4770/7825/4766 4764/7816/4760
f 4760/7817/4761 4766/7826/4767 4765/7826/4765 4759/7818/4759
f 4761/7819/4762 4767/7827/4768 4766/7827/4767 4760/7820/4761
f 4762/7821/4763 4768/7827/4769 4767/7827/4768 4761/7819/4762
f 4763/7822/4764 4769/7828/4770 4768/7828/4769 4762/7823/4763
f 4764/7816/4760 4770/7825/4766 4769/7825/4770 4763/7824/4764
f 4771/7829/4771 4777/7830/4772 4782/7831/4773 4776/7832/4774
f 4772/7833/4775 4778/7834/4776 4777/7835/4772 4771/7836/4771
f 4773/7837/4777 4779/7838/4778 4778/7839/4776 4772/7840/4775
f 4774/7841/4779 4780/7842/4780 4779/7838/4778 4773/7837/4777
f 4775/7843/4781 4781/7844/4782 4780/7845/4780 4774/7846/4779
f 4776/7832/4774 4782/7831/4773 4781/7847/4782 4775/7848/4781
f 4777/7830/4772 4783/7849/4783 4788/7850/4784 4782/7831/4773
f 4778/7834/4776 4784/7851/4785 4783/7852/4783 4777/7835/4772
f 4779/7838/4778 4785/7853/4786 4784/7854/4785 4778/7839/4776
f 4780/7842/4780 4786/7855/4787 4785/7853/4786 4779/7838/4778
f 4781/7844/4782 4787/7856/4788 4786/7857/4787 4780/7845/4780
f 4782/7831/4773 4788/7850/4784 4787/7858/4788 4781/7847/4782
f 4783/7849/4783 4789/7859/4789 4794/7859/4790 4788/7850/4784
f 4784/7851/4785 4790/7860/4791 4789/7860/4789 4783/7852/4783
f 4785/7861/4786 4791/7860/4792 4790/7860/4791 4784/7851/4785
f 4786/7855/4787 4792/7862/4793 4791/7862/4792 4785/7853/4786
f 4787/7863/4788 4793/7864/4794 4792/7864/4793 4786/7865/4787
f 4788/7850/4784 4794/7859/4790 4793/7859/4794 4787/7858/4788
f 4795/7866/4795 4801/7867/4796 4806/7868/4797 4800/7869/4798
f 4796/7870/4799 4802/7871/4800 4801/7872/4796 4795/7873/4795
f 4797/7874/4801 4803/7875/4802 4802/7876/4800 4796/7877/4799
f 4798/7878/4803 4804/7879/4804 4803/7880/4802 4797/7881/4801
f 4799/7882/4805 4805/7883/4806 4804/7884/4804 4798/7885/4803
f 4800/7869/4798 4806/7868/4797 4805/7886/4806 4799/7887/4805
f 4801/7867/4796 4807/7888/4807 4812/7889/4808 4806/7868/4797
f 4802/7871/4800 4808/7890/4809 4807/7891/4807 4801/7872/4796
f 4803/7880/4802 4809/7892/4810 4808/7893/4809 4802/7894/4800
f 4804/7879/4804 4810/7895/4811 4809/7892/4810 4803/7880/4802
f 4805/7883/4806 4811/7896/4812 4810/7897/4811 4804/7884/4804
f 4806/7868/4797 4812/7889/4808 4811/7898/4812 4805/7886/4806
f 4807/7888/4807 4813/7899/4813 4818/7899/4814 4812/7889/4808
f 4808/7890/4809 4814/7900/4815 4813/7900/4813 4807/7891/4807
f 4809/7901/4810 4815/7902/4816 4814/7902/4815 4808/7903/4809
f 4810/7895/4811 4816/7904/4817 4815/7904/4816 4809/7892/4810
f 4811/7896/4812 4817/7905/4818 4816/7905/4817 4810/7897/4811
f 4812/7906/4808 4818/7907/4814 4817/7907/4818 4811/7908/4812
f 4819/7909/4819 4825/7910/4820 4830/7911/4821 4824/7912/4822
f 4820/7913/4823 4826/7914/4824 4825/7915/4820 4819/7916/4819
f 4821/7917/4825 4827/7918/4826 4826/7919/4824 4820/7920/4823
f 4822/7921/4827 4828/7922/4828 4827/7918/4826 4821/7917/4825
f 4823/7923/4829 4829/7924/4830 4828/7925/4828 4822/7926/4827
f 4824/7912/4822 4830/7911/4821 4829/7927/4830 4823/7928/4829
f 4825/7910/4820 4831/7929/4831 4836/7930/4832 4830/7911/4821
f 4826/7914/4824 4832/7931/4833 4831/7932/4831 4825/7915/4820
f 4827/7918/4826 4833/7933/4834 4832/7934/4833 4826/7919/4824
f 4828/7922/4828 4834/7935/4835 4833/7933/4834 4827/7918/4826
f 4829/7924/4830 4835/7936/4836 4834/7937/4835 4828/7925/4828
f 4830/7911/4821 4836/7930/4832 4835/7938/4836 4829/7927/4830
f 4831/7929/4831 4837/7939/4837 4842/7939/4838 4836/7930/4832
f 4832/7931/4833 4838/7940/4839 4837/7940/4837 4831/7932/4831
f 4833/7933/4834 4839/7941/4840 4838/7941/4839 4832/7934/4833
f 4834/7935/4835 4840/7941/4841 4839/7941/4840 4833/7933/4834
f 4835/7936/4836 4841/7942/4842 4840/7942/4841 4834/7937/4835
f 4836/7930/4832 4842/7939/4838 4841/7939/4842 4835/7938/4836
f 4843/7943/4843 4849/7944/4844 4854/7945/4845 4848/7946/4846
f 4844/7947/4847 4850/7948/4848 4849/7949/4844 4843/7950/4843
f 4845/7951/4849 4851/7952/4850 4850/7953/4848 4844/7954/4847
f 4846/7955/4851 4852/7956/4852 4851/7952/4850 4845/7951/4849
f 4847/7957/4853 4853/7958/4854 4852/7959/4852 4846/7960/4851
f 4848/7946/4846 4854/7945/4845 4853/7961/4854 4847/7962/4853
f 4849/7944/4844 4855/7963/4855 4860/7964/4856 4854/7945/4845
f 4850/7948/4848 4856/7965/4857 4855/7966/4855 4849/7949/4844
f 4851/7952/4850 4857/7967/4858 4856/7968/4857 4850/7953/4848
f 4852/7956/4852 4858/7969/4859 4857/7967/4858 4851/7952/4850
f 4853/7958/4854 4859/7970/4860 4858/7971/4859 4852/7959/4852
f 4854/7945/4845 4860/7964/4856 4859/7972/4860 4853/7961/4854
f 4855/7963/4855 4861/7973/4861 4866/7973/4862 4860/7964/4856
f 4856/7965/4857 4862/7974/4863 4861/7974/4861 4855/7966/4855
f 4857/7967/4858 4863/7975/4864 4862/7975/4863 4856/7968/4857
f 4858/7969/4859 4864/7975/4865 4863/7975/4864 4857/7967/4858
f 4859/7970/4860 4865/7976/4866 4864/7976/4865 4858/7971/4859
f 4860/7964/4856 4866/7973/4862 4865/7973/4866 4859/7972/4860
f 4867/7977/4867 4873/7978/4868 4878/7979/4869 4872/7980/4870
f 4868/7981/4871 4874/7982/4872 4873/7983/4868 4867/7984/4867
f 4869/7985/4873 4875/7986/4874 4874/7987/4872 4868/7988/4871
f 4870/7989/4875 4876/7990/4876 4875/7986/4874 4869/7985/4873
f 4871/7991/4877 4877/7992/4878 4876/7993/4876 4870/7994/4875
f 4872/7995/4870 4878/7996/4869 4877/7997/4878 4871/7998/4877
f 4873/7978/4868 4879/7999/4879 4884/8000/4880 4878/7979/4869
f 4874/7982/4872 4880/8001/4881 4879/8002/4879 4873/7983/4868
f 4875/8003/4874 4881/8004/4882 4880/8005/4881 4874/8006/4872
f 4876/7990/4876 4882/8007/4883 4881/8008/4882 4875/7986/4874
f 4877/7997/4878 4883/8009/4884 4882/8010/4883 4876/8011/4876
f 4878/7996/4869 4884/8012/4880 4883/8009/4884 4877/7997/4878
f 4879/7999/4879 4885/8013/4885 4890/8013/4886 4884/8000/4880
f 4880/8001/4881 4886/8014/4887 4885/8014/4885 4879/8002/4879
f 4881/8008/4882 4887/8015/4888 4886/8015/4887 4880/8016/4881
f 4882/8007/4883 4888/8015/4889 4887/8015/4888 4881/8008/4882
f 4883/8017/4884 4889/8018/4890 4888/8018/4889 4882/8019/4883
f 4884/8000/4880 4890/8013/4886 4889/8013/4890 4883/8020/4884
f 4891/8021/4891 4897/8022/4892 4902/8023/4893 4896/8024/4894
f 4892/8025/4895 4898/8026/4896 4897/8027/4892 4891/8028/4891
f 4893/8029/4897 4899/8030/4898 4898/8031/4896 4892/8032/4895
f 4894/8033/4899 4900/8034/4900 4899/8030/4898 4893/8029/4897
f 4895/8035/4901 4901/8036/4902 4900/8037/4900 4894/8038/4899
f 4896/8024/4894 4902/8023/4893 4901/8039/4902 4895/8040/4901
f 4897/8022/4892 4903/8041/4903 4908/8042/4904 4902/8023/4893
f 4898/8026/4896 4904/8043/4905 4903/8044/4903 4897/8027/4892
f 4899/8030/4898 4905/8045/4906 4904/8046/4905 4898/8031/4896
f 4900/8034/4900 4906/8047/4907 4905/8045/4906 4899/8030/4898
f 4901/8036/4902 4907/8048/4908 4906/8049/4907 4900/8037/4900
f 4902/8023/4893 4908/8042/4904 4907/8050/4908 4901/8039/4902
f 4903/8041/4903 4909/8051/4909 4914/8051/4910 4908/8042/4904
f 4904/8052/4905 4910/8053/4911 4909/8053/4909 4903/8054/4903
f 4905/8045/4906 4911/8055/4912 4910/8055/4911 4904/8046/4905
f 4906/8047/4907 4912/8055/4913 4911/8055/4912 4905/8045/4906
f 4907/8056/4908 4913/8057/4914 4912/8057/4913 4906/8058/4907
f 4908/8042/4904 4914/8051/4910 4913/8051/4914 4907/8050/4908
f 4915/8059/4915 4921/8060/4916 4926/8061/4917 4920/8062/4918
f 4916/8063/4919 4922/8064/4920 4921/8065/4916 4915/8066/4915
f 4917/8067/4921 4923/8068/4922 4922/8069/4920 4916/8070/4919
f 4918/8071/4923 4924/8072/4924 4923/8073/4922 4917/8074/4921
f 4919/8075/4925 4925/8076/4926 4924/8077/4924 4918/8078/4923
f 4920/8079/4918 4926/8080/4917 4925/8081/4926 4919/8082/4925
f 4921/8060/4916 4927/8083/4927 4932/8084/4928 4926/8061/4917
f 4922/8064/4920 4928/8085/4929 4927/8086/4927 4921/8065/4916
f 4923/8068/4922 4929/8087/4930 4928/8088/4929 4922/8069/4920
f 4924/8072/4924 4930/8089/4931 4929/8090/4930 4923/8073/4922
f 4925/8076/4926 4931/8091/4932 4930/8092/4931 4924/8077/4924
f 4926/8080/4917 4932/8093/4928 4931/8094/4932 4925/8081/4926
f 4927/8095/4927 4933/8096/4933 4938/8096/4934 4932/8093/4928
f 4928/8085/4929 4934/8097/4935 4933/8097/4933 4927/8086/4927
f 4929/8087/4930 4935/8098/4936 4934/8098/4935 4928/8088/4929
f 4930/8099/4931 4936/8098/4937 4935/8098/4936 4929/8087/4930
f 4931/8091/4932 4937/8100/4938 4936/8100/4937 4930/8092/4931
f 4932/8093/4928 4938/8096/4934 4937/8096/4938 4931/8094/4932
f 4939/8101/4939 4945/8102/4940 4950/8103/4941 4944/8104/4942
f 4940/8105/4943 4946/8106/4944 4945/8107/4940 4939/8108/4939
f 4941/8109/4945 4947/8110/4946 4946/8111/4944 4940/8112/4943
f 4942/8113/4947 4948/8114/4948 4947/8115/4946 4941/8116/4945
f 4943/8117/4949 4949/8118/4950 4948/8119/4948 4942/8120/4947
f 4944/8104/4942 4950/8103/4941 4949/8121/4950 4943/8122/4949
f 4945/8102/4940 4951/8123/4951 4956/8124/4952 4950/8103/4941
f 4946/8106/4944 4952/8125/4953 4951/8126/4951 4945/8107/4940
f 4947/8110/4946 4953/8127/4954 4952/8128/4953 4946/8111/4944
f 4948/8129/4948 4954/8130/4955 4953/8127/4954 4947/8110/4946
f 4949/8131/4950 4955/8132/4956 4954/8133/4955 4948/8134/4948
f 4950/8103/4941 4956/8124/4952 4955/8135/4956 4949/8121/4950
f 4951/8123/4951 4957/8136/4957 4962/8136/4958 4956/8124/4952
f 4952/8125/4953 4958/8137/4959 4957/8137/4957 4951/8126/4951
f 4953/8138/4954 4959/8137/4960 4958/8137/4959 4952/8125/4953
f 4954/8130/4955 4960/8139/4961 4959/8139/4960 4953/8127/4954
f 4955/8140/4956 4961/8141/4962 4960/8141/4961 4954/8142/4955
f 4956/8143/4952 4962/8141/4958 4961/8141/4962 4955/8140/4956
f 4963/8144/4963 4969/8145/4964 4974/8146/4965 4968/8147/4966
f 4964/8148/4967 4970/8149/4968 4969/8150/4964 4963/8151/4963
f 4965/8152/4969 4971/8153/4970 4970/8154/4968 4964/8155/4967
f 4966/8156/4971 4972/8157/4972 4971/8153/4970 4965/8152/4969
f 4967/8158/4973 4973/8159/4974 4972/8160/4972 4966/8161/4971
f 4968/8147/4966 4974/8146/4965 4973/8162/4974 4967/8163/4973
f 4969/8145/4964 4975/8164/4975 4980/8165/4976 4974/8146/4965
f 4970/8149/4968 4976/8166/4977 4975/8167/4975 4969/8150/4964
f 4971/8153/4970 4977/8168/4978 4976/8169/4977 4970/8154/4968
f 4972/8157/4972 4978/8170/4979 4977/8168/4978 4971/8153/4970
f 4973/8159/4974 4979/8171/4980 4978/8172/4979 4972/8160/4972
f 4974/8146/4965 4980/8165/4976 4979/8173/4980 4973/8162/4974
f 4975/8164/4975 4981/8174/4981 4986/8174/4982 4980/8165/4976
f 4976/8166/4977 4982/8175/4983 4981/8175/4981 4975/8167/4975
f 4977/8176/4978 4983/8177/4984 4982/8177/4983 4976/8178/4977
f 4978/8170/4979 4984/8179/4985 4983/8179/4984 4977/8168/4978
f 4979/8171/4980 4985/8180/4986 4984/8180/4985 4978/8172/4979
f 4980/8165/4976 4986/8174/4982 4985/8174/4986 4979/8173/4980
f 4987/8181/4987 4993/8182/4988 4998/8183/4989 4992/8184/4990
f 4988/8185/4991 4994/8186/4992 4993/8182/4988 4987/8181/4987
f 4989/8187/4993 4995/8188/4994 4994/8189/4992 4988/8190/4991
f 4990/8191/4995 4996/8192/4996 4995/8193/4994 4989/8194/4993
f 4991/8195/4997 4997/8196/4998 4996/8197/4996 4990/8198/4995
f 4992/8199/4990 4998/8200/4989 4997/8196/4998 4991/8195/4997
f 4993/8182/4988 4999/8201/4999 5004/8202/5000 4998/8183/4989
f 4994/8189/4992 5000/8203/5001 4999/8204/4999 4993/8205/4988
f 4995/8188/4994 5001/8206/5002 5000/8203/5001 4994/8189/4992
f 4996/8192/4996 5002/8207/5003 5001/8208/5002 4995/8193/4994
f 4997/8196/4998 5003/8209/5004 5002/8210/5003 4996/8197/4996
f 4998/8200/4989 5004/8211/5000 5003/8209/5004 4997/8196/4998
f 4999/8201/4999 5005/8212/5005 5010/8212/5006 5004/8202/5000
f 5000/8213/5001 5006/8214/5007 5005/8214/5005 4999/8215/4999
f 5001/8216/5002 5007/8214/5008 5006/8214/5007 5000/8213/5001
f 5002/8207/5003 5008/8217/5009 5007/8217/5008 5001/8208/5002
f 5003/8209/5004 5009/8218/5010 5008/8218/5009 5002/8210/5003
f 5004/8211/5000 5010/8218/5006 5009/8218/5010 5003/8209/5004
f 5011/8219/5011 5017/8220/5012 5022/8221/5013 5016/8222/5014
f 5012/8223/5015 5018/8224/5016 5017/8225/5012 5011/8226/5011
f 5013/8227/5017 5019/8228/5018 5018/8229/5016 5012/8230/5015
f 5014/8231/5019 5020/8232/5020 5019/8228/5018 5013/8227/5017
f 5015/8233/5021 5021/8234/5022 5020/8235/5020 5014/8236/5019
f 5016/8222/5014 5022/8221/5013 5021/8237/5022 5015/8238/5021
f 5017/8220/5012 5023/8239/5023 5028/8240/5024 5022/8221/5013
f 5018/8224/5016 5024/8241/5025 5023/8242/5023 5017/8225/5012
f 5019/8228/5018 5025/8243/5026 5024/8244/5025 5018/8229/5016
f 5020/8232/5020 5026/8245/5027 5025/8243/5026 5019/8228/5018
f 5021/8234/5022 5027/8246/5028 5026/8247/5027 5020/8235/5020
f 5022/8221/5013 5028/8240/5024 5027/8248/5028 5021/8237/5022
f 5023/8239/5023 5029/8249/5029 5034/8249/5030 5028/8240/5024
f 5024/8241/5025 5030/8250/5031 5029/8250/5029 5023/8242/5023
f 5025/8243/5026 5031/8251/5032 5030/8251/5031 5024/8244/5025
f 5026/8245/5027 5032/8251/5033 5031/8251/5032 5025/8243/5026
f 5027/8246/5028 5033/8252/5034 5032/8252/5033 5026/8247/5027
f 5028/8240/5024 5034/8249/5030 5033/8249/5034 5027/8248/5028
f 5035/8253/5035 5041/8254/5036 5046/8255/5037 5040/8256/5038
f 5036/8257/5039 5042/8258/5040 5041/8259/5036 5035/8260/5035
f 5037/8261/5041 5043/8262/5042 5042/8263/5040 5036/8264/5039
f 5038/8265/5043 5044/8266/5044 5043/8267/5042 5037/8268/5041
f 5039/8269/5045 5045/8270/5046 5044/8266/5044 5038/8265/5043
f 5040/8271/5038 5046/8272/5037 5045/8273/5046 5039/8274/5045
f 5041/8275/5036 5047/8276/5047 5052/8277/5048 5046/8278/5037
f 5042/8279/5040 5048/8280/5049 5047/8281/5047 5041/8282/5036
f 5043/8262/5042 5049/8283/5050 5048/8284/5049 5042/8263/5040
f 5044/8266/5044 5050/8285/5051 5049/8286/5050 5043/8267/5042
f 5045/8270/5046 5051/8287/5052 5050/8285/5051 5044/8266/5044
f 5046/8272/5037 5052/8288/5048 5051/8289/5052 5045/8273/5046
f 5047/8290/5047 5053/8291/5053 5058/8291/5054 5052/8292/5048
f 5048/8293/5049 5054/8294/5055 5053/8294/5053 5047/8295/5047
f 5049/8283/5050 5055/8296/5056 5054/8296/5055 5048/8284/5049
f 5050/8285/5051 5056/8297/5057 5055/8297/5056 5049/8286/5050
f 5051/8287/5052 5057/8297/5058 5056/8297/5057 5050/8285/5051
f 5052/8288/5048 5058/8298/5054 5057/8298/5058 5051/8289/5052
f 5059/8299/5059 5065/8300/5060 5070/8301/5061 5064/8302/5062
f 5060/8303/5063 5066/8304/5064 5065/8305/5060 5059/8306/5059
f 5061/8307/5065 5067/8308/5066 5066/8309/5064 5060/8310/5063
f 5062/8311/5067 5068/8312/5068 5067/8308/5066 5061/8307/5065
f 5063/8313/5069 5069/8314/5070 5068/8315/5068 5062/8316/5067
f 5064/8302/5062 5070/8301/5061 5069/8317/5070 5063/8318/5069
f 5065/8300/5060 5071/8319/5071 5076/8320/5072 5070/8301/5061
f 5066/8304/5064 5072/8321/5073 5071/8322/5071 5065/8305/5060
f 5067/8308/5066 5073/8323/5074 5072/8324/5073 5066/8309/5064
f 5068/8312/5068 5074/8325/5075 5073/8323/5074 5067/8308/5066
f 5069/8314/5070 5075/8326/5076 5074/8327/5075 5068/8315/5068
f 5070/8301/5061 5076/8320/5072 5075/8328/5076 5069/8317/5070
f 5071/8329/5071 5077/8330/5077 5082/8330/5078 5076/8331/5072
f 5072/8332/5073 5078/8330/5079 5077/8330/5077 5071/8329/5071
f 5073/8323/5074 5079/8333/5080 5078/8333/5079 5072/8324/5073
f 5074/8325/5075 5080/8333/5081 5079/8333/5080 5073/8323/5074
f 5075/8326/5076 5081/8334/5082 5080/8334/5081 5074/8327/5075
f 5076/8320/5072 5082/8335/5078 5081/8335/5082 5075/8328/5076
f 5083/8336/5083 5089/8337/5084 5094/8338/5085 5088/8339/5086
f 5084/8340/5087 5090/8341/5088 5089/8342/5084 5083/8343/5083
f 5085/8344/5089 5091/8345/5090 5090/8346/5088 5084/8347/5087
f 5086/8348/5091 5092/8349/5092 5091/8345/5090 5085/8344/5089
f 5087/8350/5093 5093/8351/5094 5092/8352/5092 5086/8353/5091
f 5088/8339/5086 5094/8338/5085 5093/8354/5094 5087/8355/5093
f 5089/8337/5084 5095/8356/5095 5100/8357/5096 5094/8338/5085
f 5090/8341/5088 5096/8358/5097 5095/8359/5095 5089/8342/5084
f 5091/8345/5090 5097/8360/5098 5096/8361/5097 5090/8346/5088
f 5092/8349/5092 5098/8362/5099 5097/8360/5098 5091/8345/5090
f 5093/8351/5094 5099/8363/5100 5098/8364/5099 5092/8352/5092
f 5094/8338/5085 5100/8357/5096 5099/8365/5100 5093/8354/5094
f 5095/8356/5095 5101/8366/5101 5106/8366/5102 5100/8357/5096
f 5096/8358/5097 5102/8367/5103 5101/8367/5101 5095/8359/5095
f 5097/8360/5098 5103/8368/5104 5102/8368/5103 5096/8361/5097
f 5098/8362/5099 5104/8368/5105 5103/8368/5104 5097/8360/5098
f 5099/8363/5100 5105/8369/5106 5104/8369/5105 5098/8364/5099
f 5100/8357/5096 5106/8366/5102 5105/8366/5106 5099/8365/5100
f 5107/8370/5107 5113/8371/5108 5118/8372/5109 5112/8373/5110
f 5108/8374/5111 5114/8375/5112 5113/8376/5108 5107/8377/5107
f 5109/8378/5113 5115/8379/5114 5114/8375/5112 5108/8374/5111
f 5110/8380/5115 5116/8381/5116 5115/8382/5114 5109/8383/5113
f 5111/8384/5117 5117/8385/5118 5116/8386/5116 5110/8387/5115
f 5112/8388/5110 5118/8389/5109 5117/8385/5118 5111/8384/5117
f 5113/8371/5108 5119/8390/5119 5124/8391/5120 5118/8372/5109
f 5114/8375/5112 5120/8392/5121 5119/8393/5119 5113/8376/5108
f 5115/8379/5114 5121/8394/5122 5120/8392/5121 5114/8375/5112
f 5116/8381/5116 5122/8395/5123 5121/8396/5122 5115/8382/5114
f 5117/8385/5118 5123/8397/5124 5122/8398/5123 5116/8386/5116
f 5118/8389/5109 5124/8399/5120 5123/8397/5124 5117/8385/5118
f 5119/8390/5119 5125/8400/5125 5130/8400/5126 5124/8391/5120
f 5120/8392/5121 5126/8401/5127 5125/8401/5125 5119/8393/5119
f 5121/8394/5122 5127/8401/5128 5126/8401/5127 5120/8392/5121
f 5122/8395/5123 5128/8402/5129 5127/8402/5128 5121/8396/5122
f 5123/8397/5124 5129/8403/5130 5128/8403/5129 5122/8398/5123
f 5124/8399/5120 5130/8403/5126 5129/8403/5130 5123/8397/5124
f 5131/8404/5131 5137/8405/5132 5142/8406/5133 5136/8407/5134
f 5132/8408/5135 5138/8409/5136 5137/8410/5132 5131/8411/5131
f 5133/8412/5137 5139/8413/5138 5138/8414/5136 5132/8415/5135
f 5134/8416/5139 5140/8417/5140 5139/8413/5138 5133/8412/5137
f 5135/8418/5141 5141/8419/5142 5140/8420/5140 5134/8421/5139
f 5136/8407/5134 5142/8406/5133 5141/8422/5142 5135/8423/5141
f 5137/8405/5132 5143/8424/5143 5148/8425/5144 5142/8406/5133
f 5138/8409/5136 5144/8426/5145 5143/8427/5143 5137/8410/5132
f 5139/8413/5138 5145/8428/5146 5144/8429/5145 5138/8414/5136
f 5140/8417/5140 5146/8430/5147 5145/8428/5146 5139/8413/5138
f 5141/8419/5142 5147/8431/5148 5146/8432/5147 5140/8420/5140
f 5142/8433/5133 5148/8434/5144 5147/8435/5148 5141/8436/5142
f 5143/8424/5143 5149/8437/5149 5154/8437/5150 5148/8425/5144
f 5144/8426/5145 5150/8438/5151 5149/8438/5149 5143/8427/5143
f 5145/8439/5146 5151/8438/5152 5150/8438/5151 5144/8426/5145
f 5146/8430/5147 5152/8440/5153 5151/8440/5152 5145/8428/5146
f 5147/8431/5148 5153/8441/5154 5152/8441/5153 5146/8432/5147
f 5148/8425/5144 5154/8437/5150 5153/8437/5154 5147/8442/5148
f 5155/8443/5155 5161/8444/5156 5166/8445/5157 5160/8446/5158
f 5156/8447/5159 5162/8448/5160 5161/8449/5156 5155/8450/5155
f 5157/8451/5161 5163/8452/5162 5162/8453/5160 5156/8454/5159
f 5158/8455/5163 5164/8456/5164 5163/8452/5162 5157/8451/5161
f 5159/8457/5165 5165/8458/5166 5164/8459/5164 5158/8460/5163
f 5160/8446/5158 5166/8445/5157 5165/8461/5166 5159/8462/5165
f 5161/8444/5156 5167/8463/5167 5172/8464/5168 5166/8445/5157
f 5162/8448/5160 5168/8465/5169 5167/8466/5167 5161/8449/5156
f 5163/8467/5162 5169/8468/5170 5168/8469/5169 5162/8470/5160
f 5164/8456/5164 5170/8471/5171 5169/8472/5170 5163/8452/5162
f 5165/8458/5166 5171/8473/5172 5170/8474/5171 5164/8459/5164
f 5166/8475/5157 5172/8476/5168 5171/8477/5172 5165/8478/5166
f 5167/8463/5167 5173/8479/5173 5178/8479/5174 5172/8464/5168
f 5168/8465/5169 5174/8480/5175 5173/8480/5173 5167/8466/5167
f 5169/8472/5170 5175/8481/5176 5174/8481/5175 5168/8482/5169
f 5170/8471/5171 5176/8481/5177 5175/8481/5176 5169/8472/5170
f 5171/8473/5172 5177/8483/5178 5176/8483/5177 5170/8474/5171
f 5172/8476/5168 5178/8484/5174 5177/8484/5178 5171/8477/5172
f 5179/8485/5179 5185/8486/5180 5190/8487/5181 5184/8488/5182
f 5180/8489/5183 5186/8490/5184 5185/8491/5180 5179/8492/5179
f 5181/8493/5185 5187/8494/5186 5186/8495/5184 5180/8496/5183
f 5182/8497/5187 5188/8498/5188 5187/8494/5186 5181/8493/5185
f 5183/8499/5189 5189/8500/5190 5188/8501/5188 5182/8502/5187
f 5184/8488/5182 5190/8487/5181 5189/8503/5190 5183/8504/5189
f 5185/8486/5180 5191/8505/5191 5196/8506/5192 5190/8487/5181
f 5186/8490/5184 5192/8507/5193 5191/8508/5191 5185/8491/5180
f 5187/8494/5186 5193/8509/5194 5192/8510/5193 5186/8495/5184
f 5188/8498/5188 5194/8511/5195 5193/8509/5194 5187/8494/5186
f 5189/8500/5190 5195/8512/5196 5194/8513/5195 5188/8501/5188
f 5190/8487/5181 5196/8506/5192 5195/8514/5196 5189/8503/5190
f 5191/8505/5191 5197/8515/5197 5202/8515/5198 5196/8506/5192
f 5192/8507/5193 5198/8516/5199 5197/8516/5197 5191/8508/5191
f 5193/8517/5194 5199/8518/5200 5198/8518/5199 5192/8519/5193
f 5194/8511/5195 5200/8520/5201 5199/8520/5200 5193/8509/5194
f 5195/8512/5196 5201/8521/5202 5200/8521/5201 5194/8513/5195
f 5196/8506/5192 5202/8515/5198 5201/8515/5202 5195/8514/5196
f 5203/8522/5203 5209/8523/5204 5214/8524/5205 5208/8525/5206
f 5204/8526/5207 5210/8527/5208 5209/8528/5204 5203/8529/5203
f 5205/8530/5209 5211/8531/5210 5210/8527/5208 5204/8526/5207
f 5206/8532/5211 5212/8533/5212 5211/8534/5210 5205/8535/5209
f 5207/8536/5213 5213/8537/5214 5212/8538/5212 5206/8539/5211
f 5208/8525/5206 5214/8524/5205 5213/8540/5214 5207/8541/5213
f 5209/8523/5204 5215/8542/5215 5220/8543/5216 5214/8524/5205
f 5210/8527/5208 5216/8544/5217 5215/8545/5215 5209/8528/5204
f 5211/8531/5210 5217/8546/5218 5216/8544/5217 5210/8527/5208
f 5212/8533/5212 5218/8547/5219 5217/8548/5218 5211/8534/5210
f 5213/8537/5214 5219/8549/5220 5218/8550/5219 5212/8538/5212
f 5214/8524/5205 5220/8543/5216 5219/8551/5220 5213/8540/5214
f 5215/8542/5215 5221/8552/5221 5226/8552/5222 5220/8543/5216
f 5216/8544/5217 5222/8553/5223 5221/8553/5221 5215/8545/5215
f 5217/8548/5218 5223/8554/5224 5222/8554/5223 5216/8555/5217
f 5218/8547/5219 5224/8554/5225 5223/8554/5224 5217/8548/5218
f 5219/8549/5220 5225/8556/5226 5224/8556/5225 5218/8550/5219
f 5220/8543/5216 5226/8552/5222 5225/8552/5226 5219/8551/5220
f 5227/8557/5227 5233/8558/5228 5238/8559/5229 5232/8560/5230
f 5228/8561/5231 5234/8562/5232 5233/8563/5228 5227/8564/5227
f 5229/8565/5233 5235/8566/5234 5234/8567/5232 5228/8568/5231
f 5230/8569/5235 5236/8570/5236 5235/8566/5234 5229/8565/5233
f 5231/8571/5237 5237/8572/5238 5236/8573/5236 5230/8574/5235
f 5232/8560/5230 5238/8559/5229 5237/8575/5238 5231/8576/5237
f 5233/8563/5228 5239/8577/5239 5244/8578/5240 5238/8579/5229
f 5234/8562/5232 5240/8580/5241 5239/8577/5239 5233/8563/5228
f 5235/8566/5234 5241/8581/5242 5240/8582/5241 5234/8567/5232
f 5236/8573/5236 5242/8583/5243 5241/8584/5242 5235/8585/5234
f 5237/8572/5238 5243/8586/5244 5242/8583/5243 5236/8573/5236
f 5238/8559/5229 5244/8587/5240 5243/8588/5244 5237/8575/5238
f 5239/8577/5239 5245/8589/5245 5250/8589/5246 5244/8578/5240
f 5240/8580/5241 5246/8589/5247 5245/8589/5245 5239/8577/5239
f 5241/8581/5242 5247/8590/5248 5246/8590/5247 5240/8582/5241
f 5242/8583/5243 5248/8591/5249 5247/8591/5248 5241/8584/5242
f 5243/8586/5244 5249/8591/5250 5248/8591/5249 5242/8583/5243
f 5244/8587/5240 5250/8592/5246 5249/8592/5250 5243/8588/5244
f 5251/8593/5251 5257/8594/5252 5262/8595/5253 5256/8596/5254
f 5252/8597/5255 5258/8598/5256 5257/8599/5252 5251/8600/5251
f 5253/8601/5257 5259/8602/5258 5258/8603/5256 5252/8604/5255
f 5254/8605/5259 5260/8606/5260 5259/8602/5258 5253/8601/5257
f 5255/8607/5261 5261/8608/5262 5260/8609/5260 5254/8610/5259
f 5256/8611/5254 5262/8612/5253 5261/8608/5262 5255/8607/5261
f 5257/8594/5252 5263/8613/5263 5268/8614/5264 5262/8595/5253
f 5258/8598/5256 5264/8615/5265 5263/8616/5263 5257/8599/5252
f 5259/8602/5258 5265/8617/5266 5264/8618/5265 5258/8603/5256
f 5260/8606/5260 5266/8619/5267 5265/8617/5266 5259/8602/5258
f 5261/8608/5262 5267/8620/5268 5266/8621/5267 5260/8609/5260
f 5262/8595/5253 5268/8614/5264 5267/8622/5268 5261/8623/5262
f 5263/8613/5263 5269/8624/5269 5274/8624/5270 5268/8614/5264
f 5264/8615/5265 5270/8625/5271 5269/8625/5269 5263/8616/5263
f 5265/8617/5266 5271/8626/5272 5270/8626/5271 5264/8618/5265
f 5266/8619/5267 5272/8626/5273 5271/8626/5272 5265/8617/5266
f 5267/8620/5268 5273/8627/5274 5272/8627/5273 5266/8621/5267
f 5268/8628/5264 5274/8627/5270 5273/8627/5274 5267/8620/5268
f 5275/8629/5275 5281/8630/5276 5286/8631/5277 5280/8632/5278
f 5276/8633/5279 5282/8634/5280 5281/8635/5276 5275/8636/5275
f 5277/8637/5281 5283/8638/5282 5282/8639/5280 5276/8640/5279
f 5278/8641/5283 5284/8642/5284 5283/8638/5282 5277/8637/5281
f 5279/8643/5285 5285/8644/5286 5284/8645/5284 5278/8646/5283
f 5280/8647/5278 5286/8648/5277 5285/8649/5286 5279/8650/5285
f 5281/8630/5276 5287/8651/5287 5292/8652/5288 5286/8631/5277
f 5282/8634/5280 5288/8653/5289 5287/8654/5287 5281/8635/5276
f 5283/8655/5282 5289/8656/5290 5288/8657/5289 5282/8658/5280
f 5284/8642/5284 5290/8659/5291 5289/8660/5290 5283/8638/5282
f 5285/8644/5286 5291/8661/5292 5290/8662/5291 5284/8645/5284
f 5286/8648/5277 5292/8663/5288 5291/8664/5292 5285/8649/5286
f 5287/8651/5287 5293/8665/5293 5298/8665/5294 5292/8652/5288
f 5288/8653/5289 5294/8666/5295 5293/8666/5293 5287/8654/5287
f 5289/8660/5290 5295/8667/5296 5294/8667/5295 5288/8668/5289
f 5290/8659/5291 5296/8667/5297 5295/8667/5296 5289/8660/5290
f 5291/8661/5292 5297/8669/5298 5296/8669/5297 5290/8662/5291
f 5292/8652/5288 5298/8665/5294 5297/8665/5298 5291/8670/5292
f 5299/8671/5299 5305/8672/5300 5310/8673/5301 5304/8674/5302
f 5300/8675/5303 5306/8676/5304 5305/8677/5300 5299/8678/5299
f 5301/8679/5305 5307/8680/5306 5306/8681/5304 5300/8682/5303
f 5302/8683/5307 5308/8684/5308 5307/8685/5306 5301/8686/5305
f 5303/8687/5309 5309/8688/5310 5308/8689/5308 5302/8690/5307
f 5304/8691/5302 5310/8692/5301 5309/8688/5310 5303/8687/5309
f 5305/8672/5300 5311/8693/5311 5316/8694/5312 5310/8673/5301
f 5306/8695/5304 5312/8696/5313 5311/8693/5311 5305/8672/5300
f 5307/8680/5306 5313/8697/5314 5312/8698/5313 5306/8681/5304
f 5308/8684/5308 5314/8699/5315 5313/8700/5314 5307/8685/5306
f 5309/8688/5310 5315/8701/5316 5314/8702/5315 5308/8689/5308
f 5310/8692/5301 5316/8703/5312 5315/8701/5316 5309/8688/5310
f 5311/8693/5311 5317/8704/5317 5322/8704/5318 5316/8694/5312
f 5312/8705/5313 5318/8706/5319 5317/8706/5317 5311/8707/5311
f 5313/8697/5314 5319/8708/5320 5318/8708/5319 5312/8698/5313
f 5314/8699/5315 5320/8709/5321 5319/8709/5320 5313/8700/5314
f 5315/8701/5316 5321/8710/5322 5320/8710/5321 5314/8702/5315
f 5316/8703/5312 5322/8710/5318 5321/8710/5322 5315/8701/5316
f 5323/8711/5323 5329/8712/5324 5334/8713/5325 5328/8714/5326
f 5324/8715/5327 5330/8716/5328 5329/8717/5324 5323/8718/5323
f 5325/8719/5329 5331/8720/5330 5330/8721/5328 5324/8722/5327
f 5326/8723/5331 5332/8724/5332 5331/8720/5330 5325/8719/5329
f 5327/8725/5333 5333/8726/5334 5332/8727/5332 5326/8728/5331
f 5328/8714/5326 5334/8713/5325 5333/8729/5334 5327/8730/5333
f 5329/8712/5324 5335/8731/5335 5340/8732/5336 5334/8713/5325
f 5330/8716/5328 5336/8733/5337 5335/8734/5335 5329/8717/5324
f 5331/8720/5330 5337/8735/5338 5336/8736/5337 5330/8721/5328
f 5332/8724/5332 5338/8737/5339 5337/8735/5338 5331/8720/5330
f 5333/8726/5334 5339/8738/5340 5338/8739/5339 5332/8727/5332
f 5334/8713/5325 5340/8732/5336 5339/8740/5340 5333/8729/5334
f 5335/8731/5335 5341/8741/5341 5346/8741/5342 5340/8732/5336
f 5336/8733/5337 5342/8742/5343 5341/8742/5341 5335/8734/5335
f 5337/8735/5338 5343/8743/5344 5342/8743/5343 5336/8736/5337
f 5338/8737/5339 5344/8743/5345 5343/8743/5344 5337/8735/5338
f 5339/8738/5340 5345/8744/5346 5344/8744/5345 5338/8739/5339
f 5340/8732/5336 5346/8741/5342 5345/8741/5346 5339/8740/5340
f 5347/8745/5347 5353/8746/5348 5358/8747/5349 5352/8748/5350
f 5348/8749/5351 5354/8750/5352 5353/8746/5348 5347/8745/5347
f 5349/8751/5353 5355/8752/5354 5354/8750/5352 5348/8749/5351
f 5350/8753/5355 5356/8754/5356 5355/8755/5354 5349/8756/5353
f 5351/8757/5357 5357/8758/5358 5356/8759/5356 5350/8760/5355
f 5352/8761/5350 5358/8762/5349 5357/8758/5358 5351/8757/5357
f 5353/8746/5348 5359/8763/5359 5364/8764/5360 5358/8747/5349
f 5354/8750/5352 5360/8765/5361 5359/8763/5359 5353/8746/5348
f 5355/8752/5354 5361/8766/5362 5360/8765/5361 5354/8750/5352
f 5356/8754/5356 5362/8767/5363 5361/8768/5362 5355/8755/5354
f 5357/8758/5358 5363/8769/5364 5362/8770/5363 5356/8759/5356
f 5358/8762/5349 5364/8771/5360 5363/8769/5364 5357/8758/5358
f 5359/8772/5359 5365/8773/5365 5370/8773/5366 5364/8771/5360
f 5360/8765/5361 5366/8774/5367 5365/8774/5365 5359/8763/5359
f 5361/8766/5362 5367/8774/5368 5366/8774/5367 5360/8765/5361
f 5362/8770/5363 5368/8773/5369 5367/8773/5368 5361/8775/5362
f 5363/8769/5364 5369/8773/5370 5368/8773/5369 5362/8770/5363
f 5364/8771/5360 5370/8773/5366 5369/8773/5370 5363/8769/5364
f 5371/8776/5371 5377/8777/5372 5382/8778/5373 5376/8779/5374
f 5372/8780/5375 5378/8781/5376 5377/8782/5372 5371/8783/5371
f 5373/8784/5377 5379/8785/5378 5378/8786/5376 5372/8787/5375
f 5374/8788/5379 5380/8789/5380 5379/8785/5378 5373/8784/5377
f 5375/8790/5381 5381/8791/5382 5380/8789/5380 5374/8788/5379
f 5376/8779/5374 5382/8778/5373 5381/8792/5382 5375/8793/5381
f 5377/8777/5372 5383/8794/5383 5388/8795/5384 5382/8778/5373
f 5378/8781/5376 5384/8796/5385 5383/8797/5383 5377/8782/5372
f 5379/8785/5378 5385/8798/5386 5384/8799/5385 5378/8786/5376
f 5380/8789/5380 5386/8800/5387 5385/8798/5386 5379/8785/5378
f 5381/8791/5382 5387/8801/5388 5386/8800/5387 5380/8789/5380
f 5382/8778/5373 5388/8795/5384 5387/8802/5388 5381/8792/5382
f 5383/8794/5383 5389/8803/5389 5394/8803/5390 5388/8795/5384
f 5384/8796/5385 5390/8804/5391 5389/8804/5389 5383/8797/5383
f 5385/8798/5386 5391/8805/5392 5390/8805/5391 5384/8799/5385
f 5386/8800/5387 5392/8805/5393 5391/8805/5392 5385/8798/5386
f 5387/8801/5388 5393/8805/5394 5392/8805/5393 5386/8800/5387
f 5388/8795/5384 5394/8803/5390 5393/8803/5394 5387/8802/5388
f 5395/8806/5395 5401/8807/5396 5406/8808/5397 5400/8809/5398
f 5396/8810/5399 5402/8811/5400 5401/8812/5396 5395/8813/5395
f 5397/8814/5401 5403/8815/5402 5402/8816/5400 5396/8817/5399
f 5398/8818/5403 5404/8819/5404 5403/8815/5402 5397/8814/5401
f 5399/8820/5405 5405/8821/5406 5404/8822/5404 5398/8823/5403
f 5400/8824/5398 5406/8825/5397 5405/8821/5406 5399/8820/5405
f 5401/8807/5396 5407/8826/5407 5412/8827/5408 5406/8808/5397
f 5402/8811/5400 5408/8828/5409 5407/8829/5407 5401/8812/5396
f 5403/8815/5402 5409/8830/5410 5408/8831/5409 5402/8816/5400
f 5404/8819/5404 5410/8832/5411 5409/8830/5410 5403/8815/5402
f 5405/8821/5406 5411/8833/5412 5410/8834/5411 5404/8822/5404
f 5406/8825/5397 5412/8835/5408 5411/8833/5412 5405/8821/5406
f 5407/8826/5407 5413/8836/5413 5418/8836/5414 5412/8827/5408
f 5408/8831/5409 5414/8837/5415 5413/8837/5413 5407/8838/5407
f 5409/8830/5410 5415/8837/5416 5414/8837/5415 5408/8831/5409
f 5410/8832/5411 5416/8837/5417 5415/8837/5416 5409/8830/5410
f 5411/8833/5412 5417/8839/5418 5416/8839/5417 5410/8834/5411
f 5412/8835/5408 5418/8839/5414 5417/8839/5418 5411/8833/5412
f 5419/8840/5419 5425/8841/5420 5430/8842/5421 5424/8843/5422
f 5420/8844/5423 5426/8845/5424 5425/8846/5420 5419/8847/5419
f 5421/8848/5425 5427/8849/5426 5426/8845/5424 5420/8844/5423
f 5422/8850/5427 5428/8851/5428 5427/8852/5426 5421/8853/5425
f 5423/8854/5429 5429/8855/5430 5428/8856/5428 5422/8857/5427
f 5424/8858/5422 5430/8859/5421 5429/8855/5430 5423/8854/5429
f 5425/8841/5420 5431/8860/5431 5436/8861/5432 5430/8842/5421
f 5426/8845/5424 5432/8862/5433 5431/8863/5431 5425/8846/5420
f 5427/8849/5426 5433/8864/5434 5432/8862/5433 5426/8845/5424
f 5428/8851/5428 5434/8865/5435 5433/8866/5434 5427/8852/5426
f 5429/8855/5430 5435/8867/5436 5434/8868/5435 5428/8856/5428
f 5430/8859/5421 5436/8869/5432 5435/8867/5436 5429/8855/5430
f 5431/8863/5431 5437/8870/5437 5442/8870/5438 5436/8871/5432
f 5432/8862/5433 5438/8870/5439 5437/8870/5437 5431/8863/5431
f 5433/8864/5434 5439/8870/5440 5438/8870/5439 5432/8862/5433
f 5434/8865/5435 5440/8872/5441 5439/8872/5440 5433/8866/5434
f 5435/8867/5436 5441/8873/5442 5440/8873/5441 5434/8868/5435
f 5436/8871/5432 5442/8870/5438 5441/8870/5442 5435/8874/5436
f 5443/8875/5443 5449/8876/5444 5454/8877/5445 5448/8878/5446
f 5444/8879/5447 5450/8880/5448 5449/8881/5444 5443/8882/5443
f 5445/8883/5449 5451/8884/5450 5450/8880/5448 5444/8879/5447
f 5446/8885/5451 5452/8886/5452 5451/8887/5450 5445/8888/5449
f 5447/8889/5453 5453/8890/5454 5452/8891/5452 5446/8892/5451
f 5448/8893/5446 5454/8894/5445 5453/8890/5454 5447/8889/5453
f 5449/8876/5444 5455/8895/5455 5460/8896/5456 5454/8877/5445
f 5450/8880/5448 5456/8897/5457 5455/8898/5455 5449/8881/5444
f 5451/8884/5450 5457/8899/5458 5456/8897/5457 5450/8880/5448
f 5452/8886/5452 5458/8900/5459 5457/8901/5458 5451/8887/5450
f 5453/8890/5454 5459/8902/5460 5458/8903/5459 5452/8891/5452
f 5454/8894/5445 5460/8904/5456 5459/8902/5460 5453/8890/5454
f 5455/8895/5455 5461/8905/5461 5466/8905/5462 5460/8896/5456
f 5456/8897/5457 5462/8906/5463 5461/8906/5461 5455/8898/5455
f 5457/8899/5458 5463/8906/5464 5462/8906/5463 5456/8897/5457
f 5458/8903/5459 5464/8907/5465 5463/8907/5464 5457/8908/5458
f 5459/8902/5460 5465/8907/5466 5464/8907/5465 5458/8903/5459
f 5460/8904/5456 5466/8907/5462 5465/8907/5466 5459/8902/5460
f 5467/8909/5467 5473/8910/5467 5478/8910/5468 5472/8911/5468
f 5468/8912/5469 5474/8913/5469 5473/8913/5467 5467/8914/5467
f 5469/8915/5470 5475/8916/5470 5474/8916/5469 5468/8917/5469
f 5470/8918/5471 5476/8916/5471 5475/8916/5470 5469/8915/5470
f 5471/8919/5472 5477/8920/5472 5476/8920/5471 5470/8921/5471
f 5472/8911/5468 5478/8910/5468 5477/8910/5472 5471/8922/5472
f 5479/8923/5473 5485/8924/5474 5490/8925/5475 5484/8926/5476
f 5480/8927/5477 5486/8928/5478 5485/8929/5474 5479/8930/5473
f 5481/8931/5479 5487/8932/5480 5486/8933/5478 5480/8934/5477
f 5482/8935/5481 5488/8936/5482 5487/8932/5480 5481/8931/5479
f 5483/8937/5483 5489/8938/5484 5488/8939/5482 5482/8940/5481
f 5484/8926/5476 5490/8925/5475 5489/8941/5484 5483/8942/5483
f 5485/8924/5474 5491/8943/5485 5496/8944/5486 5490/8925/5475
f 5486/8928/5478 5492/8945/5487 5491/8946/5485 5485/8929/5474
f 5487/8932/5480 5493/8947/5488 5492/8948/5487 5486/8933/5478
f 5488/8936/5482 5494/8949/5489 5493/8947/5488 5487/8932/5480
f 5489/8938/5484 5495/8950/5490 5494/8951/5489 5488/8939/5482
f 5490/8925/5475 5496/8944/5486 5495/8952/5490 5489/8941/5484
f 5491/8943/5485 5497/8953/5491 5502/8953/5492 5496/8944/5486
f 5492/8945/5487 5498/8954/5493 5497/8954/5491 5491/8946/5485
f 5493/8947/5488 5499/8955/5494 5498/8955/5493 5492/8948/5487
f 5494/8951/5489 5500/8956/5495 5499/8956/5494 5493/8957/5488
f 5495/8950/5490 5501/8956/5496 5500/8956/5495 5494/8951/5489
f 5496/8944/5486 5502/8953/5492 5501/8953/5496 5495/8952/5490
f 5503/8958/5497 5509/8959/5498 5514/8960/5499 5508/8961/5500
f 5504/8962/5501 5510/8963/5502 5509/8964/5498 5503/8965/5497
f 5505/8966/5503 5511/8967/5504 5510/8968/5502 5504/8969/5501
f 5506/8970/5505 5512/8971/5506 5511/8967/5504 5505/8966/5503
f 5507/8972/5507 5513/8973/5508 5512/8974/5506 5506/8975/5505
f 5508/8961/5500 5514/8960/5499 5513/8976/5508 5507/8977/5507
f 5509/8959/5498 5515/8978/5509 5520/8979/5510 5514/8960/5499
f 5510/8963/5502 5516/8980/5511 5515/8981/5509 5509/8964/5498
f 5511/8967/5504 5517/8982/5512 5516/8983/5511 5510/8968/5502
f 5512/8971/5506 5518/8984/5513 5517/8982/5512 5511/8967/5504
f 5513/8973/5508 5519/8985/5514 5518/8986/5513 5512/8974/5506
f 5514/8960/5499 5520/8979/5510 5519/8987/5514 5513/8976/5508
f 5515/8978/5509 5521/8988/5515 5526/8988/5516 5520/8979/5510
f 5516/8980/5511 5522/8989/5517 5521/8989/5515 5515/8981/5509
f 5517/8982/5512 5523/8990/5518 5522/8990/5517 5516/8983/5511
f 5518/8984/5513 5524/8990/5519 5523/8990/5518 5517/8982/5512
f 5519/8985/5514 5525/8991/5520 5524/8991/5519 5518/8986/5513
f 5520/8979/5510 5526/8988/5516 5525/8988/5520 5519/8987/5514
f 5527/8992/5521 5533/8993/5522 5538/8994/5523 5532/8995/5524
f 5528/8996/5525 5534/8997/5526 5533/8998/5522 5527/8999/5521
f 5529/9000/5527 5535/9001/5528 5534/9002/5526 5528/9003/5525
f 5530/9004/5529 5536/9005/5530 5535/9006/5528 5529/9007/5527
f 5531/9008/5531 5537/9009/5532 5536/9005/5530 5530/9004/5529
f 5532/8995/5524 5538/8994/5523 5537/9010/5532 5531/9011/5531
f 5533/8993/5522 5539/9012/5533 5544/9013/5534 5538/8994/5523
f 5534/8997/5526 5540/9014/5535 5539/9015/5533 5533/8998/5522
f 5535/9001/5528 5541/9016/5536 5540/9017/5535 5534/9002/5526
f 5536/9005/5530 5542/9018/5537 5541/9019/5536 5535/9006/5528
f 5537/9009/5532 5543/9020/5538 5542/9018/5537 5536/9005/5530
f 5538/8994/5523 5544/9013/5534 5543/9021/5538 5537/9010/5532
f 5539/9012/5533 5545/9022/5539 5550/9022/5540 5544/9013/5534
f 5540/9014/5535 5546/9023/5541 5545/9023/5539 5539/9015/5533
f 5541/9016/5536 5547/9024/5542 5546/9024/5541 5540/9017/5535
f 5542/9025/5537 5548/9024/5543 5547/9024/5542 5541/9016/5536
f 5543/9020/5538 5549/9026/5544 5548/9026/5543 5542/9018/5537
f 5544/9013/5534 5550/9022/5540 5549/9022/5544 5543/9021/5538
f 5551/9027/5545 5557/9028/5546 5562/9029/5547 5556/9030/5548
f 5552/9031/5549 5558/9032/5550 5557/9033/5546 5551/9034/5545
f 5553/9035/5551 5559/9036/5552 5558/9037/5550 5552/9038/5549
f 5554/9039/5553 5560/9040/5554 5559/9036/5552 5553/9035/5551
f 5555/9041/5555 5561/9042/5556 5560/9043/5554 5554/9044/5553
f 5556/9045/5548 5562/9046/5547 5561/9047/5556 5555/9048/5555
f 5557/9028/5546 5563/9049/5557 5568/9050/5558 5562/9029/5547
f 5558/9032/5550 5564/9051/5559 5563/9052/5557 5557/9033/5546
f 5559/9036/5552 5565/9053/5560 5564/9054/5559 5558/9037/5550
f 5560/9040/5554 5566/9055/5561 5565/9053/5560 5559/9036/5552
f 5561/9042/5556 5567/9056/5562 5566/9057/5561 5560/9043/5554
f 5562/9029/5547 5568/9050/5558 5567/9058/5562 5561/9059/5556
f 5563/9052/5557 5569/9060/5563 5574/9060/5564 5568/9061/5558
f 5564/9051/5559 5570/9060/5565 5569/9060/5563 5563/9052/5557
f 5565/9062/5560 5571/9063/5566 5570/9063/5565 5564/9064/5559
f 5566/9057/5561 5572/9065/5567 5571/9065/5566 5565/9066/5560
f 5567/9056/5562 5573/9065/5568 5572/9065/5567 5566/9057/5561
f 5568/9067/5558 5574/8014/5564 5573/8014/5568 5567/9068/5562
f 5575/9069/5569 5581/9070/5569 5586/9070/5570 5580/9071/5570
f 5576/9072/5571 5582/9073/5571 5581/9073/5569 5575/9074/5569
f 5577/9075/5572 5583/9076/5572 5582/9076/5571 5576/9077/5571
f 5578/9078/5573 5584/9076/5573 5583/9076/5572 5577/9075/5572
f 5579/9079/5574 5585/9080/5574 5584/9080/5573 5578/9081/5573
f 5580/9071/5570 5586/9070/5570 5585/9070/5574 5579/9082/5574
f 5587/9083/5575 5593/9084/5576 5598/9085/5577 5592/9086/5578
f 5588/9087/5579 5594/9088/5580 5593/9089/5576 5587/9090/5575
f 5589/9091/5581 5595/9092/5582 5594/9093/5580 5588/9094/5579
f 5590/9095/5583 5596/9096/5584 5595/9097/5582 5589/9098/5581
f 5591/9099/5585 5597/9100/5586 5596/9096/5584 5590/9095/5583
f 5592/9101/5578 5598/9102/5577 5597/9103/5586 5591/9104/5585
f 5593/9084/5576 5599/9105/5587 5604/9106/5588 5598/9085/5577
f 5594/9088/5580 5600/9107/5589 5599/9108/5587 5593/9089/5576
f 5595/9109/5582 5601/9110/5590 5600/9111/5589 5594/9112/5580
f 5596/9096/5584 5602/9113/5591 5601/9114/5590 5595/9097/5582
f 5597/9100/5586 5603/9115/5592 5602/9113/5591 5596/9096/5584
f 5598/9085/5577 5604/9106/5588 5603/9116/5592 5597/9117/5586
f 5599/9105/5587 5605/9118/5593 5610/9118/5594 5604/9106/5588
f 5600/9107/5589 5606/9119/5595 5605/9119/5593 5599/9108/5587
f 5601/9120/5590 5607/9121/5596 5606/9121/5595 5600/9122/5589
f 5602/9113/5591 5608/9123/5597 5607/9123/5596 5601/9114/5590
f 5603/9115/5592 5609/9123/5598 5608/9123/5597 5602/9113/5591
f 5604/9124/5588 5610/9125/5594 5609/9125/5598 5603/9126/5592
f 5611/9127/5599 5617/9128/5599 5622/9128/5600 5616/9129/5600
f 5612/9130/5601 5618/9131/5601 5617/9131/5599 5611/9132/5599
f 5613/9133/5602 5619/9134/5602 5618/9134/5601 5612/9135/5601
f 5614/9136/5603 5620/9137/5603 5619/9137/5602 5613/9138/5602
f 5615/9139/5604 5621/9137/5604 5620/9137/5603 5614/9136/5603
f 5616/9129/5600 5622/9128/5600 5621/9128/5604 5615/9140/5604
f 5623/9141/5605 5629/9142/5606 5634/9143/5607 5628/9144/5608
f 5624/9145/5609 5630/9146/5610 5629/9147/5606 5623/9148/5605
f 5625/9149/5611 5631/9150/5612 5630/9151/5610 5624/9152/5609
f 5626/9153/5613 5632/9154/5614 5631/9150/5612 5625/9149/5611
f 5627/9155/5615 5633/9156/5616 5632/9157/5614 5626/9158/5613
f 5628/9144/5608 5634/9143/5607 5633/9159/5616 5627/9160/5615
f 5629/9142/5606 5635/9161/5617 5640/9162/5618 5634/9143/5607
f 5630/9146/5610 5636/9163/5619 5635/9164/5617 5629/9147/5606
f 5631/9150/5612 5637/9165/5620 5636/9166/5619 5630/9151/5610
f 5632/9154/5614 5638/9167/5621 5637/9165/5620 5631/9150/5612
f 5633/9156/5616 5639/9168/5622 5638/9169/5621 5632/9157/5614
f 5634/9143/5607 5640/9162/5618 5639/9170/5622 5633/9159/5616
f 5635/9161/5617 5641/9171/5623 5646/9171/5624 5640/9162/5618
f 5636/9163/5619 5642/9172/5625 5641/9172/5623 5635/9164/5617
f 5637/9165/5620 5643/9173/5626 5642/9173/5625 5636/9166/5619
f 5638/9167/5621 5644/9173/5627 5643/9173/5626 5637/9165/5620
f 5639/9168/5622 5645/9174/5628 5644/9174/5627 5638/9169/5621
f 5640/9162/5618 5646/9171/5624 5645/9171/5628 5639/9170/5622
f 5647/9175/5629 5653/9176/5629 5658/9176/5630 5652/9177/5630
f 5648/9178/5631 5654/9179/5631 5653/9179/5629 5647/9180/5629
f 5649/9181/5632 5655/9182/5632 5654/9182/5631 5648/9183/5631
f 5650/9184/5633 5656/9182/5633 5655/9182/5632 5649/9181/5632
f 5651/9185/5634 5657/9186/5634 5656/9186/5633 5650/9187/5633
f 5652/9177/5630 5658/9176/5630 5657/9176/5634 5651/9188/5634
f 5659/9189/5635 5665/9190/5636 5670/9191/5637 5664/9192/5638
f 5660/9193/5639 5666/9194/5640 5665/9195/5636 5659/9196/5635
f 5661/9197/5641 5667/9198/5642 5666/9199/5640 5660/9200/5639
f 5662/9201/5643 5668/9202/5644 5667/9203/5642 5661/9204/5641
f 5663/9205/5645 5669/9206/5646 5668/9202/5644 5662/9201/5643
f 5664/9192/5638 5670/9191/5637 5669/9207/5646 5663/9208/5645
f 5665/9190/5636 5671/9209/5647 5676/9210/5648 5670/9191/5637
f 5666/9194/5640 5672/9211/5649 5671/9212/5647 5665/9195/5636
f 5667/9198/5642 5673/9213/5650 5672/9214/5649 5666/9199/5640
f 5668/9202/5644 5674/9215/5651 5673/9216/5650 5667/9203/5642
f 5669/9206/5646 5675/9217/5652 5674/9215/5651 5668/9202/5644
f 5670/9191/5637 5676/9210/5648 5675/9218/5652 5669/9207/5646
f 5671/9209/5647 5677/9219/5653 5682/9219/5654 5676/9210/5648
f 5672/9211/5649 5678/9220/5655 5677/9220/5653 5671/9212/5647
f 5673/9221/5650 5679/9222/5656 5678/9222/5655 5672/9223/5649
f 5674/9215/5651 5680/9224/5657 5679/9224/5656 5673/9216/5650
f 5675/9217/5652 5681/9224/5658 5680/9224/5657 5674/9215/5651
f 5676/9225/5648 5682/9226/5654 5681/9226/5658 5675/9227/5652
f 5683/9228/5659 5689/9229/5660 5694/9230/5661 5688/9231/5662
f 5684/9232/5663 5690/9233/5664 5689/9234/5660 5683/9235/5659
f 5685/9236/5665 5691/9237/5666 5690/9238/5664 5684/9239/5663
f 5686/9240/5667 5692/9241/5668 5691/9237/5666 5685/9236/5665
f 5687/9242/5669 5693/9243/5670 5692/9244/5668 5686/9245/5667
f 5688/9231/5662 5694/9230/5661 5693/9246/5670 5687/9247/5669
f 5689/9229/5660 5695/9248/5671 5700/9249/5672 5694/9230/5661
f 5690/9233/5664 5696/9250/5673 5695/9251/5671 5689/9234/5660
f 5691/9237/5666 5697/9252/5674 5696/9253/5673 5690/9238/5664
f 5692/9241/5668 5698/9254/5675 5697/9252/5674 5691/9237/5666
f 5693/9255/5670 5699/9256/5676 5698/9257/5675 5692/9258/5668
f 5694/9230/5661 5700/9249/5672 5699/9259/5676 5693/9246/5670
f 5695/9248/5671 5701/9260/5677 5706/9260/5678 5700/9249/5672
f 5696/9250/5673 5702/9261/5679 5701/9261/5677 5695/9251/5671
f 5697/9262/5674 5703/9261/5680 5702/9261/5679 5696/9250/5673
f 5698/9254/5675 5704/9263/5681 5703/9263/5680 5697/9252/5674
f 5699/9264/5676 5705/9265/5682 5704/9265/5681 5698/9266/5675
f 5700/9249/5672 5706/9260/5678 5705/9260/5682 5699/9259/5676
f 5707/9267/5683 5713/9268/5683 5718/9268/5684 5712/9269/5684
f 5708/9270/5685 5714/9268/5685 5713/9268/5683 5707/9267/5683
f 5709/9271/5686 5715/9272/5686 5714/9272/5685 5708/9273/5685
f 5710/9274/5687 5716/9272/5687 5715/9272/5686 5709/9271/5686
f 5711/9275/5688 5717/9276/5688 5716/9276/5687 5710/9277/5687
f 5712/9278/5684 5718/9279/5684 5717/9279/5688 5711/9280/5688
f 5719/9281/5689 5725/9282/5689 5730/9282/5690 5724/9283/5690
f 5720/9284/5691 5726/9285/5691 5725/9285/5689 5719/9286/5689
f 5721/9287/5692 5727/9285/5692 5726/9285/5691 5720/9284/5691
f 5722/9288/5693 5728/9289/5693 5727/9289/5692 5721/9290/5692
f 5723/9291/5694 5729/9292/5694 5728/9292/5693 5722/9293/5693
f 5724/9294/5690 5730/9292/5690 5729/9292/5694 5723/9291/5694
f 5731/9295/5695 5737/9296/5695 5742/9296/5696 5736/9297/5696
f 5732/9298/5697 5738/9299/5697 5737/9299/5695 5731/9300/5695
f 5733/9301/5698 5739/9302/5698 5738/9302/5697 5732/9303/5697
f 5734/9304/5699 5740/9302/5699 5739/9302/5698 5733/9301/5698
f 5735/9305/5700 5741/9306/5700 5740/9306/5699 5734/9307/5699
f 5736/9297/5696 5742/9296/5696 5741/9296/5700 5735/9308/5700
f 5743/9309/5701 5749/9310/5702 5754/9311/5703 5748/9312/5704
f 5744/9313/5705 5750/9314/5706 5749/9315/5702 5743/9316/5701
f 5745/9317/5707 5751/9318/5708 5750/9319/5706 5744/9320/5705
f 5746/9321/5709 5752/9322/5710 5751/9318/5708 5745/9317/5707
f 5747/9323/5711 5753/9324/5712 5752/9325/5710 5746/9326/5709
f 5748/9312/5704 5754/9311/5703 5753/9327/5712 5747/9328/5711
f 5749/9329/5702 5755/9330/5713 5760/9330/5714 5754/9331/5703
f 5750/9314/5706 5756/9332/5715 5755/9332/5713 5749/9315/5702
f 5751/9333/5708 5757/9334/5716 5756/9334/5715 5750/9335/5706
f 5752/9322/5710 5758/9336/5717 5757/9336/5716 5751/9318/5708
f 5753/9324/5712 5759/9337/5718 5758/9337/5717 5752/9325/5710
f 5754/9311/5703 5760/9338/5714 5759/9338/5718 5753/9327/5712
f 5761/9339/5719 5767/9340/5720 5772/9341/5721 5766/9342/5722
f 5762/9343/5723 5768/9344/5724 5767/9345/5720 5761/9346/5719
f 5763/9347/5725 5769/9348/5726 5768/9344/5724 5762/9343/5723
f 5764/9349/5727 5770/9350/5728 5769/9351/5726 5763/9352/5725
f 5765/9353/5729 5771/9354/5730 5770/9355/5728 5764/9356/5727
f 5766/9357/5722 5772/9358/5721 5771/9354/5730 5765/9353/5729
f 5767/9340/5720 5773/9359/5731 5778/9359/5732 5772/9341/5721
f 5768/9344/5724 5774/9360/5733 5773/9360/5731 5767/9345/5720
f 5769/9361/5726 5775/9362/5734 5774/9362/5733 5768/9363/5724
f 5770/9350/5728 5776/9364/5735 5775/9364/5734 5769/9351/5726
f 5771/9354/5730 5777/9365/5736 5776/9365/5735 5770/9355/5728
f 5772/9358/5721 5778/9365/5732 5777/9365/5736 5771/9354/5730
f 5779/9366/5737 5785/9367/5737 5790/9367/5738 5784/9368/5738
f 5780/9369/5739 5786/9370/5739 5785/9370/5737 5779/9371/5737
f 5781/9372/5740 5787/9373/5740 5786/9373/5739 5780/9374/5739
f 5782/9375/5741 5788/9373/5741 5787/9373/5740 5781/9372/5740
f 5783/9376/5742 5789/9377/5742 5788/9377/5741 5782/9378/5741
f 5784/9368/5738 5790/9367/5738 5789/9367/5742 5783/9379/5742
f 5791/9380/5743 5797/9381/5743 5802/9381/5744 5796/9382/5744
f 5792/9383/5745 5798/9384/5745 5797/9384/5743 5791/9385/5743
f 5793/9386/5746 5799/9387/5746 5798/9387/5745 5792/9388/5745
f 5794/9389/5747 5800/9387/5747 5799/9387/5746 5793/9386/5746
f 5795/9390/5748 5801/9391/5748 5800/9391/5747 5794/9392/5747
f 5796/9382/5744 5802/9381/5744 5801/9381/5748 5795/9393/5748
f 5803/9394/5749 5809/9395/5749 5814/9395/5750 5808/9396/5750
f 5804/9397/5751 5810/9398/5751 5809/9398/5749 5803/9399/5749
f 5805/9400/5752 5811/9401/5752 5810/9401/5751 5804/9402/5751
f 5806/9403/5753 5812/9404/5753 5811/9404/5752 5805/9405/5752
f 5807/9406/5754 5813/9407/5754 5812/9407/5753 5806/9408/5753
f 5808/9409/5750 5814/9410/5750 5813/9410/5754 5807/9411/5754
f 5815/9412/5755 5821/9413/5756 5826/9414/5757 5820/9415/5758
f 5816/9416/5759 5822/9417/5760 5821/9418/5756 5815/9419/5755
f 5817/9420/5761 5823/9421/5762 5822/9422/5760 5816/9423/5759
f 5818/9424/5763 5824/9425/5764 5823/9426/5762 5817/9427/5761
f 5819/9428/5765 5825/9429/5766 5824/9430/5764 5818/9431/5763
f 5820/9432/5758 5826/9433/5757 5825/9434/5766 5819/9435/5765
f 5821/9413/5756 5827/9436/5767 5832/9436/5768 5826/9414/5757
f 5822/9417/5760 5828/9437/5769 5827/9437/5767 5821/9418/5756
f 5823/9426/5762 5829/9438/5770 5828/9438/5769 5822/9439/5760
f 5824/9425/5764 5830/9438/5771 5829/9438/5770 5823/9426/5762
f 5825/9429/5766 5831/9440/5772 5830/9440/5771 5824/9430/5764
f 5826/9414/5757 5832/9436/5768 5831/9436/5772 5825/9441/5766
f 5833/9442/5773 5839/9443/5774 5844/9444/5775 5838/9445/5776
f 5834/9446/5777 5840/9447/5778 5839/9448/5774 5833/9449/5773
f 5835/9450/5779 5841/9451/5780 5840/9452/5778 5834/9453/5777
f 5836/9454/5781 5842/9455/5782 5841/9451/5780 5835/9450/5779
f 5837/9456/5783 5843/9457/5784 5842/9458/5782 5836/9459/5781
f 5838/9445/5776 5844/9444/5775 5843/9460/5784 5837/9461/5783
f 5839/9443/5774 5845/9462/5785 5850/9463/5786 5844/9444/5775
f 5840/9447/5778 5846/9464/5787 5845/9465/5785 5839/9448/5774
f 5841/9451/5780 5847/9466/5788 5846/9467/5787 5840/9452/5778
f 5842/9458/5782 5848/9468/5789 5847/9469/5788 5841/9470/5780
f 5843/9457/5784 5849/9471/5790 5848/9468/5789 5842/9458/5782
f 5844/9444/5775 5850/9463/5786 5849/9472/5790 5843/9460/5784
f 5845/9465/5785 5851/9473/5791 5856/9473/5792 5850/9474/5786
f 5846/9464/5787 5852/9473/5793 5851/9473/5791 5845/9465/5785
f 5847/9466/5788 5853/9475/5794 5852/9475/5793 5846/9467/5787
f 5848/9468/5789 5854/9476/5795 5853/9476/5794 5847/9469/5788
f 5849/9471/5790 5855/9476/5796 5854/9476/5795 5848/9468/5789
f 5850/9463/5786 5856/9477/5792 5855/9477/5796 5849/9472/5790
f 5857/9478/5797 5863/9479/5798 5868/9480/5799 5862/9481/5800
f 5858/9482/5801 5864/9483/5802 5863/9484/5798 5857/9485/5797
f 5859/9486/5803 5865/9487/5804 5864/9488/5802 5858/9489/5801
f 5860/9490/5805 5866/9491/5806 5865/9492/5804 5859/9493/5803
f 5861/9494/5807 5867/9495/5808 5866/9491/5806 5860/9490/5805
f 5862/9481/5800 5868/9480/5799 5867/9496/5808 5861/9497/5807
f 5863/9479/5798 5869/9498/5809 5874/9498/5810 5868/9480/5799
f 5864/9483/5802 5870/9499/5811 5869/9499/5809 5863/9484/5798
f 5865/9487/5804 5871/9500/5812 5870/9500/5811 5864/9488/5802
f 5866/9491/5806 5872/9501/5813 5871/9501/5812 5865/9492/5804
f 5867/9495/5808 5873/9501/5814 5872/9501/5813 5866/9491/5806
f 5868/9480/5799 5874/9498/5810 5873/9498/5814 5867/9496/5808
f 5875/9502/5815 5881/9503/5816 5886/9504/5817 5880/9505/5818
f 5876/9506/5819 5882/9507/5820 5881/9508/5816 5875/9509/5815
f 5877/9510/5821 5883/9511/5822 5882/9512/5820 5876/9513/5819
f 5878/9514/5823 5884/9515/5824 5883/9516/5822 5877/9517/5821
f 5879/9518/5825 5885/9519/5826 5884/9515/5824 5878/9514/5823
f 5880/9520/5818 5886/9521/5817 5885/9522/5826 5879/9523/5825
f 5881/9503/5816 5887/9524/5827 5892/9524/5828 5886/9504/5817
f 5882/9507/5820 5888/9525/5829 5887/9525/5827 5881/9508/5816
f 5883/9511/5822 5889/9526/5830 5888/9526/5829 5882/9512/5820
f 5884/9515/5824 5890/9527/5831 5889/9527/5830 5883/9516/5822
f 5885/9519/5826 5891/9527/5832 5890/9527/5831 5884/9515/5824
f 5886/9521/5817 5892/9528/5828 5891/9528/5832 5885/9522/5826
f 5893/9529/5833 5899/9530/5834 5904/9531/5835 5898/9532/5836
f 5894/9533/5837 5900/9534/5838 5899/9530/5834 5893/9529/5833
f 5895/9535/5839 5901/9536/5840 5900/9537/5838 5894/9538/5837
f 5896/9539/5841 5902/9540/5842 5901/9536/5840 5895/9535/5839
f 5897/9541/5843 5903/9542/5844 5902/9543/5842 5896/9544/5841
f 5898/9545/5836 5904/9546/5835 5903/9547/5844 5897/9548/5843
f 5899/9549/5834 5905/9550/5845 5910/9551/5846 5904/9552/5835
f 5900/9534/5838 5906/9553/5847 5905/9554/5845 5899/9530/5834
f 5901/9555/5840 5907/9556/5848 5906/9557/5847 5900/9558/5838
f 5902/9559/5842 5908/9560/5849 5907/9556/5848 5901/9555/5840
f 5903/9542/5844 5909/9561/5850 5908/9562/5849 5902/9543/5842
f 5904/9552/5835 5910/9551/5846 5909/9563/5850 5903/9564/5844
f 5905/9550/5845 5911/9565/5851 5916/9565/5852 5910/9551/5846
f 5906/9553/5847 5912/9566/5853 5911/9566/5851 5905/9554/5845
f 5907/9556/5848 5913/9567/5854 5912/9567/5853 5906/9557/5847
f 5908/9560/5849 5914/9567/5855 5913/9567/5854 5907/9556/5848
f 5909/9561/5850 5915/9568/5856 5914/9568/5855 5908/9562/5849
f 5910/9569/5846 5916/9570/5852 5915/9570/5856 5909/9571/5850
f 5917/9572/5857 5923/9573/5858 5928/9574/5859 5922/9575/5860
f 5918/9576/5861 5924/9577/5862 5923/9578/5858 5917/9579/5857
f 5919/9580/5863 5925/9581/5864 5924/9582/5862 5918/9583/5861
f 5920/9584/5865 5926/9585/5866 5925/9581/5864 5919/9580/5863
f 5921/9586/5867 5927/9587/5868 5926/9588/5866 5920/9589/5865
f 5922/9575/5860 5928/9574/5859 5927/9590/5868 5921/9591/5867
f 5923/9573/5858 5929/9592/5869 5934/9592/5870 5928/9574/5859
f 5924/9577/5862 5930/3653/5871 5929/3653/5869 5923/9578/5858
f 5925/9581/5864 5931/9593/5872 5930/9593/5871 5924/9582/5862
f 5926/9585/5866 5932/9593/5873 5931/9593/5872 5925/9581/5864
f 5927/9587/5868 5933/9594/5874 5932/9594/5873 5926/9588/5866
f 5928/9574/5859 5934/9592/5870 5933/9592/5874 5927/9590/5868
f 5935/9595/5875 5941/9596/5875 5946/9596/5876 5940/9597/5876
f 5936/9598/5877 5942/9599/5877 5941/9599/5875 5935/9600/5875
f 5937/9601/5878 5943/9602/5878 5942/9602/5877 5936/9603/5877
f 5938/9604/5879 5944/9602/5879 5943/9602/5878 5937/9601/5878
f 5939/9605/5880 5945/9606/5880 5944/9606/5879 5938/9607/5879
f 5940/9597/5876 5946/9596/5876 5945/9596/5880 5939/9608/5880
f 5947/9609/5881 5953/9610/5882 5958/9611/5883 5952/9612/5884
f 5948/9613/5885 5954/9614/5886 5953/9610/5882 5947/9609/5881
f 5949/9615/5887 5955/9616/5888 5954/9617/5886 5948/9618/5885
f 5950/9619/5889 5956/9620/5890 5955/9621/5888 5949/9622/5887
f 5951/9623/5891 5957/9624/5892 5956/9620/5890 5950/9619/5889
f 5952/9625/5884 5958/9626/5883 5957/9627/5892 5951/9628/5891
f 5953/9610/5882 5959/9629/5893 5964/9630/5894 5958/9611/5883
f 5954/9614/5886 5960/9631/5895 5959/9629/5893 5953/9610/5882
f 5955/9632/5888 5961/9633/5896 5960/9634/5895 5954/9635/5886
f 5956/9636/5890 5962/9637/5897 5961/9633/5896 5955/9632/5888
f 5957/9624/5892 5963/9638/5898 5962/9639/5897 5956/9620/5890
f 5958/9640/5883 5964/9641/5894 5963/9642/5898 5957/9643/5892
f 5959/9629/5893 5965/9644/5899 5970/9644/5900 5964/9630/5894
f 5960/9631/5895 5966/9644/5901 5965/9644/5899 5959/9629/5893
f 5961/9645/5896 5967/9646/5902 5966/9646/5901 5960/9647/5895
f 5962/9637/5897 5968/9648/5903 5967/9648/5902 5961/9633/5896
f 5963/9638/5898 5969/9649/5904 5968/9649/5903 5962/9639/5897
f 5964/9650/5894 5970/9651/5900 5969/9651/5904 5963/9652/5898
f 5971/9653/5905 5977/9654/5906 5982/9655/5907 5976/9656/5908
f 5972/9657/5909 5978/9658/5910 5977/9659/5906 5971/9660/5905
f 5973/9661/5911 5979/9662/5912 5978/9663/5910 5972/9664/5909
f 5974/9665/5913 5980/9666/5914 5979/9662/5912 5973/9661/5911
f 5975/9667/5915 5981/9668/5916 5980/9669/5914 5974/9670/5913
f 5976/9656/5908 5982/9655/5907 5981/9671/5916 5975/9672/5915
f 5977/9654/5906 5983/9673/5917 5988/9674/5918 5982/9655/5907
f 5978/9675/5910 5984/9676/5919 5983/9677/5917 5977/9678/5906
f 5979/9662/5912 5985/9679/5920 5984/9680/5919 5978/9663/5910
f 5980/9666/5914 5986/9681/5921 5985/9679/5920 5979/9662/5912
f 5981/9668/5916 5987/9682/5922 5986/9683/5921 5980/9669/5914
f 5982/9655/5907 5988/9674/5918 5987/9684/5922 5981/9671/5916
f 5983/9673/5917 5989/9685/5923 5994/9685/5924 5988/9674/5918
f 5984/9686/5919 5990/9687/5925 5989/9687/5923 5983/9688/5917
f 5985/9679/5920 5991/9689/5926 5990/9689/5925 5984/9680/5919
f 5986/9681/5921 5992/9689/5927 5991/9689/5926 5985/9679/5920
f 5987/9682/5922 5993/9690/5928 5992/9690/5927 5986/9683/5921
f 5988/9674/5918 5994/9685/5924 5993/9685/5928 5987/9684/5922
f 5995/9691/5929 6001/9692/5930 6006/9693/5931 6000/9694/5932
f 5996/9695/5933 6002/9696/5934 6001/9697/5930 5995/9698/5929
f 5997/9699/5935 6003/9700/5936 6002/9696/5934 5996/9695/5933
f 5998/9701/5937 6004/9702/5938 6003/9703/5936 5997/9704/5935
f 5999/9705/5939 6005/9706/5940 6004/9707/5938 5998/9708/5937
f 6000/9694/5932 6006/9693/5931 6005/9709/5940 5999/9710/5939
f 6001/9692/5930 6007/9711/5941 6012/9711/5942 6006/9693/5931
f 6002/9712/5934 6008/9713/5943 6007/9713/5941 6001/9714/5930
f 6003/9703/5936 6009/9715/5944 6008/9715/5943 6002/9716/5934
f 6004/9702/5938 6010/9715/5945 6009/9715/5944 6003/9703/5936
f 6005/9717/5940 6011/9718/5946 6010/9718/5945 6004/9719/5938
f 6006/9693/5931 6012/9711/5942 6011/9711/5946 6005/9709/5940
f 6013/9720/5947 6019/9721/5948 6024/9722/5949 6018/9723/5950
f 6014/9724/5951 6020/9725/5952 6019/9726/5948 6013/9727/5947
f 6015/9728/5953 6021/9729/5954 6020/9730/5952 6014/9731/5951
f 6016/9732/5955 6022/9733/5956 6021/9729/5954 6015/9728/5953
f 6017/9734/5957 6023/9735/5958 6022/9736/5956 6016/9737/5955
f 6018/9723/5950 6024/9722/5949 6023/9738/5958 6017/9739/5957
f 6019/9721/5948 6025/9740/5959 6030/9741/5960 6024/9722/5949
f 6020/9742/5952 6026/9743/5961 6025/9744/5959 6019/9745/5948
f 6021/9729/5954 6027/9746/5962 6026/9747/5961 6020/9730/5952
f 6022/9733/5956 6028/9748/5963 6027/9746/5962 6021/9729/5954
f 6023/9735/5958 6029/9749/5964 6028/9750/5963 6022/9736/5956
f 6024/9722/5949 6030/9741/5960 6029/9751/5964 6023/9738/5958
f 6025/9740/5959 6031/9752/5965 6036/9752/5966 6030/9741/5960
f 6026/9743/5961 6032/9753/5967 6031/9753/5965 6025/9744/5959
f 6027/9746/5962 6033/9754/5968 6032/9754/5967 6026/9747/5961
f 6028/9748/5963 6034/9754/5969 6033/9754/5968 6027/9746/5962
f 6029/9749/5964 6035/9755/5970 6034/9755/5969 6028/9750/5963
f 6030/9741/5960 6036/9752/5966 6035/9752/5970 6029/9751/5964
f 6037/9756/5971 6043/9757/5971 6048/9757/5972 6042/9758/5972
f 6038/9759/5973 6044/9760/5973 6043/9760/5971 6037/9761/5971
f 6039/9762/5974 6045/9763/5974 6044/9763/5973 6038/9764/5973
f 6040/9765/5975 6046/9763/5975 6045/9763/5974 6039/9762/5974
f 6041/9766/5976 6047/9767/5976 6046/9767/5975 6040/9768/5975
f 6042/9758/5972 6048/9757/5972 6047/9757/5976 6041/9769/5976
f 6049/9770/5977 6055/9771/5978 6060/9772/5979 6054/9773/5980
f 6050/9774/5981 6056/9775/5982 6055/9776/5978 6049/9777/5977
f 6051/9778/5983 6057/9779/5984 6056/9775/5982 6050/9774/5981
f 6052/9780/5985 6058/9781/5986 6057/9782/5984 6051/9783/5983
f 6053/9784/5987 6059/9785/5988 6058/9786/5986 6052/9787/5985
f 6054/9788/5980 6060/9789/5979 6059/9785/5988 6053/9784/5987
f 6055/9771/5978 6061/9790/5989 6066/9790/5990 6060/9772/5979
f 6056/9775/5982 6062/9791/5991 6061/9791/5989 6055/9776/5978
f 6057/9779/5984 6063/9791/5992 6062/9791/5991 6056/9775/5982
f 6058/9781/5986 6064/9792/5993 6063/9792/5992 6057/9782/5984
f 6059/9785/5988 6065/9793/5994 6064/9793/5993 6058/9786/5986
f 6060/9772/5979 6066/9790/5990 6065/9790/5994 6059/9794/5988
f 6067/9795/5995 6073/9796/5995 6078/9796/5996 6072/9797/5996
f 6068/9798/5997 6074/9799/5997 6073/9799/5995 6067/9800/5995
f 6069/9801/5998 6075/9802/5998 6074/9802/5997 6068/9803/5997
f 6070/9804/5999 6076/9802/5999 6075/9802/5998 6069/9801/5998
f 6071/9805/6000 6077/9806/6000 6076/9806/5999 6070/9369/5999
f 6072/9797/5996 6078/9796/5996 6077/9796/6000 6071/9807/6000
f 6079/9808/6001 6085/9809/6001 6090/9809/6002 6084/9810/6002
f 6080/9811/6003 6086/8403/6004 6085/8403/6001 6079/9812/6001
f 6081/9813/6005 6087/9814/6005 6086/9814/6004 6080/9815/6003
f 6082/9816/6006 6088/9814/6007 6087/9814/6005 6081/9813/6005
f 6083/9817/6008 6089/9818/6008 6088/9818/6007 6082/9819/6006
f 6084/9820/6002 6090/9818/6002 6089/9818/6008 6083/9817/6008
f 6091/9821/6009 6097/9822/6010 6102/9823/6011 6096/9824/6012
f 6092/9825/6013 6098/9826/6014 6097/9827/6010 6091/9828/6009
f 6093/9829/6015 6099/9830/6016 6098/9831/6014 6092/9832/6013
f 6094/9833/6017 6100/9834/6018 6099/9830/6016 6093/9829/6015
f 6095/9835/6019 6101/9836/6020 6100/9837/6018 6094/9838/6017
f 6096/9824/6012 6102/9823/6011 6101/9839/6020 6095/9840/6019
f 6097/9822/6010 6103/9841/6021 6108/9841/6022 6102/9823/6011
f 6098/9826/6014 6104/9842/6023 6103/9842/6021 6097/9827/6010
f 6099/9830/6016 6105/9843/6024 6104/9843/6023 6098/9831/6014
f 6100/9834/6018 6106/9843/6025 6105/9843/6024 6099/9830/6016
f 6101/9836/6020 6107/9844/6026 6106/9844/6025 6100/9837/6018
f 6102/9823/6011 6108/9841/6022 6107/9841/6026 6101/9839/6020
f 6109/9845/6027 6115/9846/6027 6120/9846/6028 6114/9847/6028
f 6110/9848/6029 6116/9849/6029 6115/9849/6027 6109/9850/6027
f 6111/9851/6030 6117/9852/6030 6116/9852/6029 6110/9853/6029
f 6112/9854/6031 6118/9852/6031 6117/9852/6030 6111/9851/6030
f 6113/9855/6032 6119/9856/6032 6118/9856/6031 6112/9857/6031
f 6114/9847/6028 6120/9846/6028 6119/9846/6032 6113/9858/6032
f 6121/9859/6033 6127/9860/6033 6132/9860/6034 6126/9861/6034
f 6122/9862/6035 6128/9863/6035 6127/9863/6033 6121/9864/6033
f 6123/9865/6036 6129/9866/6036 6128/9866/6035 6122/9867/6035
f 6124/9868/6037 6130/9866/6037 6129/9866/6036 6123/9865/6036
f 6125/9869/6038 6131/9870/6038 6130/9870/6037 6124/9871/6037
f 6126/9872/6034 6132/9870/6034 6131/9870/6038 6125/9869/6038
f 6133/9873/6039 6139/9874/6040 6144/9875/6041 6138/9876/6042
f 6134/9877/6043 6140/9878/6044 6139/9879/6040 6133/9880/6039
f 6135/9881/6045 6141/9882/6046 6140/9878/6044 6134/9877/6043
f 6136/9883/6047 6142/9884/6048 6141/9885/6046 6135/9886/6045
f 6137/9887/6049 6143/9888/6050 6142/9889/6048 6136/9890/6047
f 6138/9891/6042 6144/9892/6041 6143/9888/6050 6137/9887/6049
f 6139/9874/6040 6145/9893/6051 6150/9893/6052 6144/9875/6041
f 6140/9894/6044 6146/9893/6053 6145/9893/6051 6139/9874/6040
f 6141/9882/6046 6147/9895/6054 6146/9895/6053 6140/9878/6044
f 6142/9884/6048 6148/9896/6055 6147/9896/6054 6141/9885/6046
f 6143/9888/6050 6149/9897/6056 6148/9897/6055 6142/9889/6048
f 6144/9892/6041 6150/9897/6052 6149/9897/6056 6143/9888/6050
f 6151/9898/6057 6157/9899/6058 6162/9900/6059 6156/9901/6060
f 6152/9902/6061 6158/9903/6062 6157/9899/6058 6151/9898/6057
f 6153/9904/6063 6159/9905/6064 6158/9906/6062 6152/9907/6061
f 6154/9908/6065 6160/9909/6066 6159/9905/6064 6153/9904/6063
f 6155/9910/6067 6161/9911/6068 6160/9912/6066 6154/9913/6065
f 6156/9914/6060 6162/9915/6059 6161/9916/6068 6155/9917/6067
f 6157/9899/6058 6163/9918/6069 6168/9918/6070 6162/9900/6059
f 6158/9903/6062 6164/9918/6071 6163/9918/6069 6157/9899/6058
f 6159/9905/6064 6165/9919/6072 6164/9919/6071 6158/9906/6062
f 6160/9909/6066 6166/9919/6073 6165/9919/6072 6159/9905/6064
f 6161/9911/6068 6167/9920/6074 6166/9920/6073 6160/9912/6066
f 6162/9915/6059 6168/5021/6070 6167/5021/6074 6161/9916/6068
f 6169/9921/6075 6175/9922/6075 6180/9922/6076 6174/9923/6076
f 6170/9924/6077 6176/9925/6077 6175/9925/6075 6169/9926/6075
f 6171/9927/6078 6177/9928/6079 6176/9928/6077 6170/9929/6077
f 6172/9930/6080 6178/9931/6080 6177/9931/6079 6171/9932/6078
f 6173/9933/6081 6179/9931/6081 6178/9931/6080 6172/9930/6080
f 6174/9934/6076 6180/9935/6076 6179/9935/6081 6173/9936/6081
f 6181/9937/6082 6187/9938/6083 6192/9939/6084 6186/9940/6085
f 6182/9941/6086 6188/9942/6087 6187/9943/6083 6181/9944/6082
f 6183/9945/6088 6189/9946/6089 6188/9947/6087 6182/9948/6086
f 6184/9949/6090 6190/9950/6091 6189/9946/6089 6183/9945/6088
f 6185/9951/6092 6191/9952/6093 6190/9953/6091 6184/9954/6090
f 6186/9940/6085 6192/9939/6084 6191/9955/6093 6185/9956/6092
f 6187/9943/6083 6193/9957/6094 6198/9958/6095 6192/9959/6084
f 6188/9942/6087 6194/9960/6096 6193/9957/6094 6187/9943/6083
f 6189/9946/6089 6195/9961/6097 6194/9962/6096 6188/9947/6087
f 6190/9953/6091 6196/9963/6098 6195/9964/6097 6189/9965/6089
f 6191/9952/6093 6197/9966/6099 6196/9963/6098 6190/9953/6091
f 6192/9939/6084 6198/9967/6095 6197/9968/6099 6191/9955/6093
f 6193/9957/6094 6199/9969/6100 6204/9969/6101 6198/9958/6095
f 6194/9960/6096 6200/9969/6102 6199/9969/6100 6193/9957/6094
f 6195/9961/6097 6201/9970/6103 6200/9970/6102 6194/9962/6096
f 6196/9963/6098 6202/9971/6104 6201/9971/6103 6195/9964/6097
f 6197/9966/6099 6203/9971/6105 6202/9971/6104 6196/9963/6098
f 6198/9967/6095 6204/9972/6101 6203/9972/6105 6197/9968/6099
f 6205/9973/6106 6211/9974/6107 6216/9975/6108 6210/9976/6109
f 6206/9977/6110 6212/9978/6111 6211/9979/6107 6205/9980/6106
f 6207/9981/6112 6213/9982/6113 6212/9978/6111 6206/9977/6110
f 6208/9983/6114 6214/9984/6115 6213/9985/6113 6207/9986/6112
f 6209/9987/6116 6215/9988/6117 6214/9984/6115 6208/9983/6114
f 6210/9989/6109 6216/9990/6108 6215/9991/6117 6209/9992/6116
f 6211/9974/6107 6217/9993/6118 6222/9993/6119 6216/9975/6108
f 6212/9994/6111 6218/9995/6120 6217/9995/6118 6211/9996/6107
f 6213/9982/6113 6219/9997/6121 6218/9997/6120 6212/9978/6111
f 6214/9984/6115 6220/9998/6122 6219/9998/6121 6213/9985/6113
f 6215/9988/6117 6221/9998/6123 6220/9998/6122 6214/9984/6115
f 6216/9990/6108 6222/9999/6119 6221/9999/6123 6215/9991/6117
f 6223/10000/6124 6229/10001/6124 6234/10001/6125 6228/10002/6125
f 6224/10003/6126 6230/10004/6126 6229/10004/6124 6223/10005/6124
f 6225/10006/6127 6231/10007/6127 6230/10007/6126 6224/10008/6126
f 6226/10009/6128 6232/10010/6128 6231/10010/6127 6225/10011/6127
f 6227/10012/6129 6233/10010/6129 6232/10010/6128 6226/10009/6128
f 6228/10002/6125 6234/10001/6125 6233/10001/6129 6227/10013/6129
f 6235/10014/6130 6241/10015/6131 6246/10016/6132 6240/10017/6133
f 6236/10018/6134 6242/10019/6135 6241/10020/6131 6235/10021/6130
f 6237/10022/6136 6243/10023/6137 6242/10024/6135 6236/10025/6134
f 6238/10026/6138 6244/10027/6139 6243/10023/6137 6237/10022/6136
f 6239/10028/6140 6245/10029/6141 6244/10030/6139 6238/10031/6138
f 6240/10017/6133 6246/10016/6132 6245/10032/6141 6239/10033/6140
f 6241/10015/6131 6247/10034/6142 6252/10035/6143 6246/10016/6132
f 6242/10019/6135 6248/10036/6144 6247/10037/6142 6241/10020/6131
f 6243/10023/6137 6249/10038/6145 6248/10039/6144 6242/10024/6135
f 6244/10027/6139 6250/10040/6146 6249/10038/6145 6243/10023/6137
f 6245/10029/6141 6251/10041/6147 6250/10042/6146 6244/10030/6139
f 6246/10016/6132 6252/10035/6143 6251/10043/6147 6245/10032/6141
f 6247/10034/6142 6253/10044/6148 6258/10044/6149 6252/10035/6143
f 6248/10036/6144 6254/10045/6150 6253/10045/6148 6247/10037/6142
f 6249/10038/6145 6255/10046/6151 6254/10046/6150 6248/10039/6144
f 6250/10040/6146 6256/10046/6152 6255/10046/6151 6249/10038/6145
f 6251/10041/6147 6257/10047/6153 6256/10047/6152 6250/10042/6146
f 6252/10035/6143 6258/10044/6149 6257/10044/6153 6251/10043/6147
f 6259/10048/6154 6265/10049/6155 6270/10050/6156 6264/10051/6157
f 6260/10052/6158 6266/10053/6159 6265/10054/6155 6259/10055/6154
f 6261/10056/6160 6267/10057/6161 6266/10058/6159 6260/10059/6158
f 6262/10060/6162 6268/10061/6163 6267/10062/6161 6261/10063/6160
f 6263/10064/6164 6269/10065/6165 6268/10061/6163 6262/10060/6162
f 6264/10051/6157 6270/10050/6156 6269/10066/6165 6263/10067/6164
f 6265/10049/6155 6271/10068/6166 6276/10069/6167 6270/10050/6156
f 6266/10053/6159 6272/10070/6168 6271/10071/6166 6265/10054/6155
f 6267/10057/6161 6273/10072/6169 6272/10073/6168 6266/10058/6159
f 6268/10061/6163 6274/10074/6170 6273/10075/6169 6267/10062/6161
f 6269/10065/6165 6275/10076/6171 6274/10074/6170 6268/10061/6163
f 6270/10050/6156 6276/10069/6167 6275/10077/6171 6269/10066/6165
f 6271/10068/6166 6277/10078/6172 6282/10078/6173 6276/10069/6167
f 6272/10070/6168 6278/10079/6174 6277/10079/6172 6271/10071/6166
f 6273/10072/6169 6279/10080/6175 6278/10080/6174 6272/10073/6168
f 6274/10074/6170 6280/10081/6176 6279/10081/6175 6273/10075/6169
f 6275/10076/6171 6281/10081/6177 6280/10081/6176 6274/10074/6170
f 6276/10069/6167 6282/10078/6173 6281/10078/6177 6275/10077/6171
f 6283/10082/6178 6289/10083/6179 6294/10084/6180 6288/10085/6181
f 6284/10086/6182 6290/10087/6183 6289/10088/6179 6283/10089/6178
f 6285/10090/6184 6291/10091/6185 6290/10092/6183 6284/10093/6182
f 6286/10094/6186 6292/10095/6187 6291/10091/6185 6285/10090/6184
f 6287/10096/6188 6293/10097/6189 6292/10098/6187 6286/10099/6186
f 6288/10085/6181 6294/10084/6180 6293/10100/6189 6287/10101/6188
f 6289/10083/6179 6295/10102/6190 6300/10102/6191 6294/10084/6180
f 6290/10087/6183 6296/10103/6192 6295/10103/6190 6289/10088/6179
f 6291/10091/6185 6297/10104/6193 6296/10104/6192 6290/10092/6183
f 6292/10098/6187 6298/10105/6194 6297/10105/6193 6291/10106/6185
f 6293/10097/6189 6299/10105/6195 6298/10105/6194 6292/10098/6187
f 6294/10084/6180 6300/10102/6191 6299/10102/6195 6293/10100/6189
f 6301/10107/6196 6307/10108/6197 6312/10109/6198 6306/10110/6199
f 6302/10111/6200 6308/10112/6201 6307/10113/6197 6301/10114/6196
f 6303/10115/6202 6309/10116/6203 6308/10112/6201 6302/10111/6200
f 6304/10117/6204 6310/10118/6205 6309/10119/6203 6303/10120/6202
f 6305/10121/6206 6311/10122/6207 6310/10123/6205 6304/10124/6204
f 6306/10125/6199 6312/10126/6198 6311/10122/6207 6305/10121/6206
f 6307/10108/6197 6313/10127/6208 6318/10128/6209 6312/10109/6198
f 6308/10112/6201 6314/10129/6210 6313/10130/6208 6307/10113/6197
f 6309/10116/6203 6315/10131/6211 6314/10129/6210 6308/10112/6201
f 6310/10118/6205 6316/10132/6212 6315/10133/6211 6309/10119/6203
f 6311/10122/6207 6317/10134/6213 6316/10135/6212 6310/10123/6205
f 6312/10126/6198 6318/10136/6209 6317/10134/6213 6311/10122/6207
f 6313/10127/6208 6319/10137/6214 6324/10137/6215 6318/10128/6209
f 6314/10129/6210 6320/10138/6216 6319/10138/6214 6313/10130/6208
f 6315/10131/6211 6321/10138/6217 6320/10138/6216 6314/10129/6210
f 6316/10132/6212 6322/10139/6218 6321/10139/6217 6315/10133/6211
f 6317/10134/6213 6323/10140/6219 6322/10140/6218 6316/10135/6212
f 6318/10136/6209 6324/10140/6215 6323/10140/6219 6317/10134/6213
f 6325/10141/6220 6331/10142/6220 6336/10142/6221 6330/10143/6221
f 6326/10144/6222 6332/10145/6222 6331/10145/6220 6325/10146/6220
f 6327/10147/6223 6333/10148/6223 6332/10148/6222 6326/10149/6222
f 6328/10150/6224 6334/10148/6224 6333/10148/6223 6327/10147/6223
f 6329/10151/6225 6335/10152/6225 6334/10152/6224 6328/10153/6224
f 6330/10143/6221 6336/10142/6221 6335/10142/6225 6329/10154/6225
f 6337/10155/6226 6343/10156/6227 6348/10157/6228 6342/10158/6229
f 6338/10159/6230 6344/10160/6231 6343/10161/6227 6337/10162/6226
f 6339/10163/6232 6345/10164/6233 6344/10165/6231 6338/10166/6230
f 6340/10167/6234 6346/10168/6235 6345/10164/6233 6339/10163/6232
f 6341/10169/6236 6347/10170/6237 6346/10171/6235 6340/10172/6234
f 6342/10158/6229 6348/10157/6228 6347/10173/6237 6341/10174/6236
f 6343/10156/6227 6349/10175/6238 6354/10175/6239 6348/10157/6228
f 6344/10160/6231 6350/10176/6240 6349/10176/6238 6343/10161/6227
f 6345/10177/6233 6351/10176/6241 6350/10176/6240 6344/10160/6231
f 6346/10168/6235 6352/10178/6242 6351/10178/6241 6345/10164/6233
f 6347/10170/6237 6353/10179/6243 6352/10179/6242 6346/10171/6235
f 6348/10180/6228 6354/10179/6239 6353/10179/6243 6347/10170/6237
f 6355/10181/6244 6361/10182/6245 6366/10183/6246 6360/10184/6247
f 6356/10185/6248 6362/10186/6249 6361/10187/6245 6355/10188/6244
f 6357/10189/6250 6363/10190/6251 6362/10191/6249 6356/10192/6248
f 6358/10193/6252 6364/10194/6253 6363/10190/6251 6357/10189/6250
f 6359/10195/6254 6365/10196/6255 6364/10197/6253 6358/10198/6252
f 6360/10184/6247 6366/10183/6246 6365/10199/6255 6359/10200/6254
f 6361/10182/6245 6367/10201/6256 6372/10201/6257 6366/10183/6246
f 6362/10186/6249 6368/10202/6258 6367/10202/6256 6361/10187/6245
f 6363/10203/6251 6369/10204/6259 6368/10204/6258 6362/8675/6249
f 6364/10194/6253 6370/10205/6260 6369/10205/6259 6363/10190/6251
f 6365/10196/6255 6371/10206/6261 6370/10206/6260 6364/10197/6253
f 6366/10207/6246 6372/10208/6257 6371/10208/6261 6365/10209/6255
f 6373/10210/6262 6379/10211/6263 6384/10212/6264 6378/10213/6265
f 6374/10214/6266 6380/10215/6267 6379/10216/6263 6373/10217/6262
f 6375/10218/6268 6381/10219/6269 6380/10220/6267 6374/10221/6266
f 6376/10222/6270 6382/10223/6271 6381/10219/6269 6375/10218/6268
f 6377/10224/6272 6383/10225/6273 6382/10226/6271 6376/10227/6270
f 6378/10213/6265 6384/10212/6264 6383/10228/6273 6377/10229/6272
f 6379/10211/6263 6385/10230/6274 6390/10230/6275 6384/10212/6264
f 6380/10215/6267 6386/10231/6276 6385/10231/6274 6379/10216/6263
f 6381/10219/6269 6387/10232/6277 6386/10232/6276 6380/10220/6267
f 6382/10223/6271 6388/10232/6278 6387/10232/6277 6381/10219/6269
f 6383/10225/6273 6389/10233/6279 6388/10233/6278 6382/10226/6271
f 6384/10212/6264 6390/10230/6275 6389/10230/6279 6383/10228/6273
f 6391/10234/6280 6397/10235/6281 6402/10236/6282 6396/10237/6283
f 6392/10238/6284 6398/10239/6285 6397/10240/6281 6391/10241/6280
f 6393/10242/6286 6399/10243/6287 6398/10244/6285 6392/10245/6284
f 6394/10246/6288 6400/10247/6289 6399/10243/6287 6393/10242/6286
f 6395/10248/6290 6401/10249/6291 6400/10250/6289 6394/10251/6288
f 6396/10237/6283 6402/10236/6282 6401/10252/6291 6395/10253/6290
f 6397/10235/6281 6403/10254/6292 6408/10254/6293 6402/10236/6282
f 6398/10255/6285 6404/10256/6294 6403/10256/6292 6397/10257/6281
f 6399/10243/6287 6405/10258/6295 6404/10258/6294 6398/10244/6285
f 6400/10247/6289 6406/10258/6296 6405/10258/6295 6399/10243/6287
f 6401/10249/6291 6407/10259/6297 6406/10259/6296 6400/10250/6289
f 6402/10236/6282 6408/10254/6293 6407/10254/6297 6401/10252/6291
f 6409/10260/6298 6415/10261/6298 6420/10261/6299 6414/10262/6299
f 6410/10263/6300 6416/10264/6300 6415/10264/6298 6409/10265/6298
f 6411/10266/6301 6417/10267/6301 6416/10267/6300 6410/10268/6300
f 6412/10269/6302 6418/10267/6302 6417/10267/6301 6411/10266/6301
f 6413/10270/6303 6419/10271/6303 6418/10271/6302 6412/10272/6302
f 6414/10262/6299 6420/10261/6299 6419/10261/6303 6413/10273/6303
f 6421/10274/6304 6427/10275/6305 6432/10276/6306 6426/10277/6307
f 6422/10278/6308 6428/10279/6309 6427/10275/6305 6421/10274/6304
f 6423/10280/6310 6429/10281/6311 6428/10282/6309 6422/10283/6308
f 6424/10284/6312 6430/10285/6313 6429/10286/6311 6423/10287/6310
f 6425/10288/6314 6431/10289/6315 6430/10290/6313 6424/10291/6312
f 6426/10292/6307 6432/10293/6306 6431/10294/6315 6425/10295/6314
f 6427/10275/6305 6433/10296/6316 6438/10296/6317 6432/10276/6306
f 6428/10279/6309 6434/10296/6318 6433/10296/6316 6427/10275/6305
f 6429/10281/6311 6435/10297/6319 6434/10297/6318 6428/10282/6309
f 6430/10285/6313 6436/10298/6320 6435/10298/6319 6429/10286/6311
f 6431/10289/6315 6437/10299/6321 6436/10299/6320 6430/10290/6313
f 6432/10293/6306 6438/10300/6317 6437/10300/6321 6431/10294/6315
f 6439/10301/6322 6445/10302/6322 6450/10302/6323 6444/10303/6324
f 6440/10304/6325 6446/10305/6325 6445/10305/6322 6439/10306/6322
f 6441/10307/6326 6447/10308/6326 6446/10308/6325 6440/10309/6325
f 6442/10310/6327 6448/10308/6327 6447/10308/6326 6441/10307/6326
f 6443/10311/6328 6449/10312/6328 6448/10312/6327 6442/10313/6327
f 6444/10314/6324 6450/10315/6323 6449/10315/6328 6443/10316/6328
f 6451/10317/6329 6457/10318/6329 6462/10318/6330 6456/10319/6330
f 6452/10320/6331 6458/10321/6331 6457/10321/6329 6451/10322/6329
f 6453/10323/6332 6459/10321/6332 6458/10321/6331 6452/10320/6331
f 6454/10324/6333 6460/10325/6333 6459/10325/6332 6453/10326/6332
f 6455/10327/6334 6461/10328/6334 6460/10328/6333 6454/10329/6333
f 6456/10330/6330 6462/10328/6330 6461/10328/6334 6455/10327/6334
f 6463/10331/6335 6469/10332/6335 6474/10332/6336 6468/10333/6337
f 6464/10334/6338 6470/10335/6338 6469/10335/6335 6463/10336/6335
f 6465/10337/6339 6471/10338/6340 6470/10338/6338 6464/10339/6338
f 6466/10340/6341 6472/10341/6341 6471/10341/6340 6465/10342/6339
f 6467/10343/6342 6473/10344/6342 6472/10344/6341 6466/10345/6341
f 6468/10333/6337 6474/10332/6336 6473/10332/6342 6467/10346/6342
f 6475/10347/6343 6481/10348/6344 6486/10349/6345 6480/10350/6346
f 6476/10351/6347 6482/10352/6348 6481/10353/6344 6475/10354/6343
f 6477/10355/6349 6483/10356/6350 6482/10357/6348 6476/10358/6347
f 6478/10359/6351 6484/10360/6352 6483/10356/6350 6477/10355/6349
f 6479/10361/6353 6485/10362/6354 6484/10363/6352 6478/10364/6351
f 6480/10350/6346 6486/10349/6345 6485/10365/6354 6479/10366/6353
f 6481/10348/6344 6487/10367/6355 6492/10368/6356 6486/10349/6345
f 6482/10352/6348 6488/10369/6357 6487/10370/6355 6481/10353/6344
f 6483/10356/6350 6489/10371/6358 6488/10372/6357 6482/10357/6348
f 6484/10360/6352 6490/10373/6359 6489/10371/6358 6483/10356/6350
f 6485/10362/6354 6491/10374/6360 6490/10375/6359 6484/10363/6352
f 6486/10349/6345 6492/10368/6356 6491/10376/6360 6485/10365/6354
f 6487/10367/6355 6493/10377/6361 6498/10377/6362 6492/10368/6356
f 6488/10369/6357 6494/10378/6363 6493/10378/6361 6487/10370/6355
f 6489/10371/6358 6495/10379/6364 6494/10379/6363 6488/10372/6357
f 6490/10373/6359 6496/10379/6365 6495/10379/6364 6489/10371/6358
f 6491/10374/6360 6497/10380/6366 6496/10380/6365 6490/10375/6359
f 6492/10368/6356 6498/10377/6362 6497/10377/6366 6491/10376/6360
f 6499/10381/6367 6505/10382/6368 6510/10383/6369 6504/10384/6370
f 6500/10385/6371 6506/10386/6372 6505/10387/6368 6499/10388/6367
f 6501/10389/6373 6507/10390/6374 6506/10391/6372 6500/10392/6371
f 6502/10393/6375 6508/10394/6376 6507/10390/6374 6501/10389/6373
f 6503/10395/6377 6509/10396/6378 6508/10397/6376 6502/10398/6375
f 6504/10384/6370 6510/10383/6369 6509/10399/6378 6503/10400/6377
f 6505/10382/6368 6511/10401/6379 6516/10402/6380 6510/10383/6369
f 6506/10386/6372 6512/10403/6381 6511/10404/6379 6505/10387/6368
f 6507/10390/6374 6513/10405/6382 6512/10406/6381 6506/10391/6372
f 6508/10394/6376 6514/10407/6383 6513/10405/6382 6507/10390/6374
f 6509/10396/6378 6515/10408/6384 6514/10409/6383 6508/10397/6376
f 6510/10383/6369 6516/10402/6380 6515/10410/6384 6509/10399/6378
f 6511/10401/6379 6517/10411/6385 6522/10411/6386 6516/10402/6380
f 6512/10403/6381 6518/10412/6387 6517/10412/6385 6511/10404/6379
f 6513/10405/6382 6519/10413/6388 6518/10413/6387 6512/10406/6381
f 6514/10407/6383 6520/10413/6389 6519/10413/6388 6513/10405/6382
f 6515/10408/6384 6521/10414/6390 6520/10414/6389 6514/10409/6383
f 6516/10402/6380 6522/10411/6386 6521/10411/6390 6515/10410/6384
f 6523/10415/6391 6529/10416/6391 6534/10416/6392 6528/10417/6392
f 6524/10418/6393 6530/10419/6393 6529/10419/6391 6523/10420/6391
f 6525/10421/6394 6531/10422/6394 6530/10422/6393 6524/10423/6393
f 6526/10424/6395 6532/10422/6395 6531/10422/6394 6525/10421/6394
f 6527/10425/6396 6533/10426/6396 6532/10426/6395 6526/10427/6395
f 6528/10417/6392 6534/10416/6392 6533/10416/6396 6527/10428/6396
f 6535/10429/6397 6541/10430/6398 6546/10431/6399 6540/10432/6400
f 6536/10433/6401 6542/10434/6402 6541/10435/6398 6535/10436/6397
f 6537/10437/6403 6543/10438/6404 6542/10439/6402 6536/10440/6401
f 6538/10441/6405 6544/10442/6406 6543/10438/6404 6537/10437/6403
f 6539/10443/6407 6545/10444/6408 6544/10445/6406 6538/10446/6405
f 6540/10432/6400 6546/10431/6399 6545/10447/6408 6539/10448/6407
f 6541/10430/6398 6547/10449/6409 6552/10450/6410 6546/10431/6399
f 6542/10434/6402 6548/10451/6411 6547/10452/6409 6541/10435/6398
f 6543/10438/6404 6549/10453/6412 6548/10454/6411 6542/10439/6402
f 6544/10442/6406 6550/10455/6413 6549/10453/6412 6543/10438/6404
f 6545/10444/6408 6551/10456/6414 6550/10457/6413 6544/10445/6406
f 6546/10431/6399 6552/10450/6410 6551/10458/6414 6545/10447/6408
f 6547/10449/6409 6553/10459/6415 6558/10459/6416 6552/10450/6410
f 6548/10451/6411 6554/10460/6417 6553/10460/6415 6547/10452/6409
f 6549/10453/6412 6555/10461/6418 6554/10461/6417 6548/10454/6411
f 6550/10455/6413 6556/10461/6419 6555/10461/6418 6549/10453/6412
f 6551/10456/6414 6557/10462/6420 6556/10462/6419 6550/10457/6413
f 6552/10450/6410 6558/10459/6416 6557/10459/6420 6551/10458/6414
f 6559/10463/6421 6565/10464/6422 6570/10465/6423 6564/10466/6424
f 6560/10467/6425 6566/10468/6426 6565/10469/6422 6559/10470/6421
f 6561/10471/6427 6567/10472/6428 6566/10473/6426 6560/10474/6425
f 6562/10475/6429 6568/10476/6430 6567/10472/6428 6561/10471/6427
f 6563/10477/6431 6569/10478/6432 6568/10479/6430 6562/10480/6429
f 6564/10466/6424 6570/10465/6423 6569/10481/6432 6563/10482/6431
f 6565/10464/6422 6571/10483/6433 6576/10484/6434 6570/10465/6423
f 6566/10468/6426 6572/10485/6435 6571/10486/6433 6565/10469/6422
f 6567/10472/6428 6573/10487/6436 6572/10488/6435 6566/10473/6426
f 6568/10476/6430 6574/10489/6437 6573/10487/6436 6567/10472/6428
f 6569/10478/6432 6575/10490/6438 6574/10491/6437 6568/10479/6430
f 6570/10465/6423 6576/10484/6434 6575/10492/6438 6569/10481/6432
f 6571/10483/6433 6577/10493/6439 6582/10493/6440 6576/10484/6434
f 6572/10485/6435 6578/10494/6441 6577/10494/6439 6571/10486/6433
f 6573/10487/6436 6579/10495/6442 6578/10495/6441 6572/10488/6435
f 6574/10489/6437 6580/10495/6443 6579/10495/6442 6573/10487/6436
f 6575/10490/6438 6581/10496/6444 6580/10496/6443 6574/10491/6437
f 6576/10484/6434 6582/10493/6440 6581/10493/6444 6575/10492/6438
f 6583/10497/6445 6589/10498/6446 6594/10499/6447 6588/10500/6448
f 6584/10501/6449 6590/10502/6450 6589/10503/6446 6583/10504/6445
f 6585/10505/6451 6591/10506/6452 6590/10502/6450 6584/10501/6449
f 6586/10507/6453 6592/10508/6454 6591/10509/6452 6585/10510/6451
f 6587/10511/6455 6593/10512/6456 6592/10513/6454 6586/10514/6453
f 6588/10515/6448 6594/10516/6447 6593/10512/6456 6587/10511/6455
f 6589/10498/6446 6595/10517/6457 6600/10517/6458 6594/10499/6447
f 6590/10502/6450 6596/10518/6459 6595/10518/6457 6589/10503/6446
f 6591/10506/6452 6597/10518/6460 6596/10518/6459 6590/10502/6450
f 6592/10508/6454 6598/10519/6461 6597/10519/6460 6591/10509/6452
f 6593/10512/6456 6599/10520/6462 6598/10520/6461 6592/10513/6454
f 6594/10516/6447 6600/10520/6458 6599/10520/6462 6593/10512/6456
f 6601/10521/6463 6607/10522/6464 6612/10522/6465 6606/10523/6465
f 6602/10524/6466 6608/10525/6466 6607/10525/6464 6601/10526/6463
f 6603/10527/6467 6609/10528/6467 6608/10528/6466 6602/10529/6466
f 6604/10530/6468 6610/10531/6468 6609/10531/6467 6603/10532/6467
f 6605/10533/6469 6611/10534/6469 6610/10534/6468 6604/10535/6468
f 6606/10536/6465 6612/10537/6465 6611/10537/6469 6605/10538/6469
f 6613/10539/6470 6619/10540/6471 6624/10541/6472 6618/10542/6473
f 6614/10543/6474 6620/10544/6475 6619/10545/6471 6613/10546/6470
f 6615/10547/6476 6621/10548/6477 6620/10549/6475 6614/10550/6474
f 6616/10551/6478 6622/10552/6479 6621/10548/6477 6615/10547/6476
f 6617/10553/6480 6623/10554/6481 6622/10555/6479 6616/10556/6478
f 6618/10542/6473 6624/10541/6472 6623/10557/6481 6617/10558/6480
f 6619/10540/6471 6625/10559/6482 6630/10560/6483 6624/10541/6472
f 6620/10544/6475 6626/10561/6484 6625/10562/6482 6619/10545/6471
f 6621/10548/6477 6627/10563/6485 6626/10564/6484 6620/10549/6475
f 6622/10552/6479 6628/10565/6486 6627/10563/6485 6621/10548/6477
f 6623/10554/6481 6629/10566/6487 6628/10567/6486 6622/10555/6479
f 6624/10541/6472 6630/10560/6483 6629/10568/6487 6623/10557/6481
f 6625/10569/6482 6631/10570/6488 6636/10570/6489 6630/10571/6483
f 6626/10561/6484 6632/10572/6490 6631/10572/6488 6625/10562/6482
f 6627/10573/6485 6633/10572/6491 6632/10572/6490 6626/10561/6484
f 6628/10574/6486 6634/10575/6492 6633/10575/6491 6627/10576/6485
f 6629/10566/6487 6635/10577/6493 6634/10577/6492 6628/10567/6486
f 6630/10578/6483 6636/10577/6489 6635/10577/6493 6629/10566/6487
f 6637/10579/6494 6643/10580/6495 6648/10581/6496 6642/10582/6497
f 6638/10583/6498 6644/10584/6499 6643/10585/6495 6637/10586/6494
f 6639/10587/6500 6645/10588/6501 6644/10584/6499 6638/10583/6498
f 6640/10589/6502 6646/10590/6503 6645/10591/6501 6639/10592/6500
f 6641/10593/6504 6647/10594/6505 6646/10595/6503 6640/10596/6502
f 6642/10597/6497 6648/10598/6496 6647/10599/6505 6641/10600/6504
f 6643/10580/6495 6649/10601/6506 6654/10602/6507 6648/10581/6496
f 6644/10584/6499 6650/10603/6508 6649/10604/6506 6643/10585/6495
f 6645/10605/6501 6651/10606/6509 6650/10607/6508 6644/10608/6499
f 6646/10590/6503 6652/10609/6510 6651/10610/6509 6645/10591/6501
f 6647/10594/6505 6653/10611/6511 6652/10612/6510 6646/10595/6503
f 6648/10598/6496 6654/10613/6507 6653/10614/6511 6647/10599/6505
f 6649/10601/6506 6655/10615/6512 6660/10615/6513 6654/10602/6507
f 6650/10603/6508 6656/10616/6514 6655/10616/6512 6649/10604/6506
f 6651/10617/6509 6657/10616/6515 6656/10616/6514 6650/10603/6508
f 6652/10609/6510 6658/10618/6516 6657/10618/6515 6651/10610/6509
f 6653/10611/6511 6659/10619/6517 6658/10619/6516 6652/10612/6510
f 6654/10613/6507 6660/10620/6513 6659/10620/6517 6653/10614/6511
f 6661/10621/6518 6667/10622/6518 6672/10622/6519 6666/10623/6519
f 6662/10624/6520 6668/10625/6520 6667/10625/6518 6661/10626/6518
f 6663/10627/6521 6669/10628/6521 6668/10628/6520 6662/10629/6520
f 6664/10630/6522 6670/10628/6523 6669/10628/6521 6663/10627/6521
f 6665/10631/6524 6671/10632/6525 6670/10632/6523 6664/10633/6522
f 6666/10623/6519 6672/10622/6519 6671/10622/6525 6665/10634/6524
f 6673/10635/6526 6679/10636/6527 6684/10637/6528 6678/10638/6529
f 6674/10639/6530 6680/10640/6531 6679/10641/6527 6673/10642/6526
f 6675/10643/6532 6681/10644/6533 6680/10645/6531 6674/10646/6530
f 6676/10647/6534 6682/10648/6535 6681/10644/6533 6675/10643/6532
f 6677/10649/6536 6683/10650/6537 6682/10651/6535 6676/10652/6534
f 6678/10638/6529 6684/10637/6528 6683/10653/6537 6677/10654/6536
f 6679/10636/6527 6685/10655/6538 6690/10655/6539 6684/10637/6528
f 6680/10656/6531 6686/10657/6540 6685/10657/6538 6679/10658/6527
f 6681/10644/6533 6687/10659/6541 6686/10659/6540 6680/10645/6531
f 6682/10648/6535 6688/10659/6542 6687/10659/6541 6681/10644/6533
f 6683/10650/6537 6689/10660/6543 6688/10660/6542 6682/10651/6535
f 6684/10637/6528 6690/10655/6539 6689/10655/6543 6683/10653/6537
f 6691/10661/6544 6697/10662/6545 6702/10663/6546 6696/10664/6547
f 6692/10665/6548 6698/10666/6549 6697/10667/6545 6691/10668/6544
f 6693/10669/6550 6699/10670/6551 6698/10666/6549 6692/10665/6548
f 6694/10671/6552 6700/10672/6553 6699/10673/6551 6693/10674/6550
f 6695/10675/6554 6701/10676/6555 6700/10677/6553 6694/10678/6552
f 6696/10679/6547 6702/10680/6546 6701/10676/6555 6695/10675/6554
f 6697/10662/6545 6703/10681/6556 6708/10681/6557 6702/10663/6546
f 6698/10682/6549 6704/10683/6558 6703/10683/6556 6697/10684/6545
f 6699/10685/6551 6705/10683/6559 6704/10683/6558 6698/10682/6549
f 6700/10672/6553 6706/10686/6560 6705/10686/6559 6699/10673/6551
f 6701/10676/6555 6707/10687/6561 6706/10687/6560 6700/10677/6553
f 6702/10680/6546 6708/10687/6557 6707/10687/6561 6701/10676/6555
f 6709/10688/6562 6715/10689/6563 6720/10690/6564 6714/10691/6565
f 6710/10692/6566 6716/10693/6567 6715/10694/6563 6709/10695/6562
f 6711/10696/6568 6717/10697/6569 6716/10698/6567 6710/10699/6566
f 6712/10700/6570 6718/10701/6571 6717/10702/6569 6711/10703/6568
f 6713/10704/6572 6719/10705/6573 6718/10706/6571 6712/10707/6570
f 6714/10708/6565 6720/10709/6564 6719/10710/6573 6713/10711/6572
f 6715/10689/6563 6721/10712/6574 6726/10713/6575 6720/10690/6564
f 6716/10693/6567 6722/10714/6576 6721/10715/6574 6715/10694/6563
f 6717/10697/6569 6723/10716/6577 6722/10717/6576 6716/10698/6567
f 6718/10701/6571 6724/10718/6578 6723/10719/6577 6717/10702/6569
f 6719/10705/6573 6725/10720/6579 6724/10721/6578 6718/10706/6571
f 6720/10709/6564 6726/10722/6575 6725/10723/6579 6719/10710/6573
f 6721/10712/6574 6727/10724/6580 6732/10724/6581 6726/10713/6575
f 6722/10714/6576 6728/10725/6582 6727/10725/6580 6721/10715/6574
f 6723/10716/6577 6729/10726/6583 6728/10726/6582 6722/10717/6576
f 6724/10718/6578 6730/10727/6584 6729/10727/6583 6723/10719/6577
f 6725/10720/6579 6731/10728/6585 6730/10728/6584 6724/10721/6578
f 6726/10722/6575 6732/10729/6581 6731/10729/6585 6725/10723/6579
f 6733/10730/6586 6739/10731/6586 6744/10731/6587 6738/10732/6587
f 6734/10733/6588 6740/10734/6588 6739/10734/6586 6733/10735/6586
f 6735/10736/6589 6741/10737/6589 6740/10737/6588 6734/10738/6588
f 6736/10739/6590 6742/10737/6590 6741/10737/6589 6735/10736/6589
f 6737/10740/6591 6743/10741/6591 6742/10741/6590 6736/10742/6590
f 6738/10732/6587 6744/10731/6587 6743/10731/6591 6737/10743/6591
f 6745/10744/6592 6751/10745/6593 6756/10746/6594 6750/10747/6595
f 6746/10748/6596 6752/10749/6597 6751/10750/6593 6745/10751/6592
f 6747/10752/6598 6753/10753/6599 6752/10749/6597 6746/10748/6596
f 6748/10754/6600 6754/10755/6601 6753/10756/6599 6747/10757/6598
f 6749/10758/6602 6755/10759/6603 6754/10760/6601 6748/10761/6600
f 6750/10762/6595 6756/10763/6594 6755/10764/6603 6749/10765/6602
f 6751/10745/6593 6757/10766/6604 6762/10767/6605 6756/10746/6594
f 6752/10749/6597 6758/10768/6606 6757/10769/6604 6751/10750/6593
f 6753/10753/6599 6759/10770/6607 6758/10768/6606 6752/10749/6597
f 6754/10755/6601 6760/10771/6608 6759/10772/6607 6753/10756/6599
f 6755/10759/6603 6761/10773/6609 6760/10774/6608 6754/10760/6601
f 6756/10775/6594 6762/10776/6605 6761/10773/6609 6755/10759/6603
f 6757/10766/6604 6763/10777/6610 6768/10777/6611 6762/10767/6605
f 6758/10768/6606 6764/10778/6612 6763/10778/6610 6757/10769/6604
f 6759/10779/6607 6765/10780/6613 6764/10780/6612 6758/10781/6606
f 6760/10771/6608 6766/10782/6614 6765/10782/6613 6759/10772/6607
f 6761/10773/6609 6767/10783/6615 6766/10783/6614 6760/10774/6608
f 6762/10784/6605 6768/10785/6611 6767/10785/6615 6761/10786/6609
f 6769/10787/6616 6775/10788/6617 6780/10789/6618 6774/10790/6619
f 6770/10791/6620 6776/10792/6621 6775/10788/6617 6769/10787/6616
f 6771/10793/6622 6777/10794/6623 6776/10795/6621 6770/10796/6620
f 6772/10797/6624 6778/10798/6625 6777/10799/6623 6771/10800/6622
f 6773/10801/6626 6779/10802/6627 6778/10798/6625 6772/10797/6624
f 6774/10803/6619 6780/10804/6618 6779/10805/6627 6773/10806/6626
f 6775/10788/6617 6781/10807/6628 6786/10808/6629 6780/10789/6618
f 6776/10792/6621 6782/10809/6630 6781/10807/6628 6775/10788/6617
f 6777/10794/6623 6783/10810/6631 6782/10811/6630 6776/10795/6621
f 6778/10798/6625 6784/10812/6632 6783/10813/6631 6777/10799/6623
f 6779/10802/6627 6785/10814/6633 6784/10812/6632 6778/10798/6625
f 6780/10804/6618 6786/10815/6629 6785/10816/6633 6779/10805/6627
f 6781/10807/6628 6787/10817/6634 6792/10817/6635 6786/10808/6629
f 6782/10809/6630 6788/10817/6636 6787/10817/6634 6781/10807/6628
f 6783/10810/6631 6789/10818/6637 6788/10818/6636 6782/10811/6630
f 6784/10812/6632 6790/10819/6638 6789/10819/6637 6783/10813/6631
f 6785/10814/6633 6791/10819/6639 6790/10819/6638 6784/10812/6632
f 6786/10815/6629 6792/10820/6635 6791/10820/6639 6785/10816/6633
f 6793/10821/6640 6799/10822/6640 6804/10822/6641 6798/10823/6641
f 6794/10824/6642 6800/10825/6642 6799/10825/6640 6793/10826/6640
f 6795/10827/6643 6801/10825/6643 6800/10825/6642 6794/10824/6642
f 6796/10828/6644 6802/10829/6644 6801/10829/6643 6795/10830/6643
f 6797/10831/6645 6803/10832/6645 6802/10832/6644 6796/10833/6644
f 6798/10834/6641 6804/10835/6641 6803/10835/6645 6797/10836/6645
f 6805/10837/6646 6811/10838/6647 6816/10839/6648 6810/10840/6649
f 6806/10841/6650 6812/10842/6651 6811/10843/6647 6805/10844/6646
f 6807/10845/6652 6813/10846/6653 6812/10847/6651 6806/10848/6650
f 6808/10849/6654 6814/10850/6655 6813/10846/6653 6807/10845/6652
f 6809/10851/6656 6815/10852/6657 6814/10853/6655 6808/10854/6654
f 6810/10855/6649 6816/10856/6648 6815/10857/6657 6809/10858/6656
f 6811/10838/6647 6817/10859/6658 6822/10860/6659 6816/10839/6648
f 6812/10842/6651 6818/10861/6660 6817/10862/6658 6811/10843/6647
f 6813/10846/6653 6819/10863/6661 6818/10864/6660 6812/10847/6651
f 6814/10865/6655 6820/10866/6662 6819/10867/6661 6813/10868/6653
f 6815/10852/6657 6821/10869/6663 6820/10870/6662 6814/10853/6655
f 6816/10856/6648 6822/10871/6659 6821/10872/6663 6815/10857/6657
f 6817/10873/6658 6823/10874/6664 6828/10874/6665 6822/10871/6659
f 6818/10861/6660 6824/10875/6666 6823/10875/6664 6817/10862/6658
f 6819/10863/6661 6825/10876/6667 6824/10876/6666 6818/10864/6660
f 6820/10877/6662 6826/10876/6668 6825/10876/6667 6819/10863/6661
f 6821/10869/6663 6827/10878/6669 6826/10878/6668 6820/10870/6662
f 6822/10871/6659 6828/10874/6665 6827/10874/6669 6821/10872/6663
f 6829/10879/6670 6835/10880/6671 6840/10881/6672 6834/10882/6673
f 6830/10883/6674 6836/10884/6675 6835/10885/6671 6829/10886/6670
f 6831/10887/6676 6837/10888/6677 6836/10889/6675 6830/10890/6674
f 6832/10891/6678 6838/10892/6679 6837/10888/6677 6831/10887/6676
f 6833/10893/6680 6839/10894/6681 6838/10895/6679 6832/10896/6678
f 6834/10882/6673 6840/10881/6672 6839/10897/6681 6833/10898/6680
f 6835/10880/6671 6841/10899/6682 6846/10900/6683 6840/10881/6672
f 6836/10884/6675 6842/10901/6684 6841/10902/6682 6835/10885/6671
f 6837/10888/6677 6843/10903/6685 6842/10904/6684 6836/10889/6675
f 6838/10892/6679 6844/10905/6686 6843/10903/6685 6837/10888/6677
f 6839/10894/6681 6845/10906/6687 6844/10907/6686 6838/10895/6679
f 6840/10881/6672 6846/10900/6683 6845/10908/6687 6839/10897/6681
f 6841/10899/6682 6847/10909/6688 6852/10909/6689 6846/10900/6683
f 6842/10901/6684 6848/10910/6690 6847/10910/6688 6841/10902/6682
f 6843/10903/6685 6849/10911/6691 6848/10911/6690 6842/10904/6684
f 6844/10905/6686 6850/10911/6692 6849/10911/6691 6843/10903/6685
f 6845/10906/6687 6851/10912/6693 6850/10912/6692 6844/10907/6686
f 6846/10900/6683 6852/10909/6689 6851/10909/6693 6845/10908/6687
f 6853/10913/6694 6859/10914/6694 6864/10914/6695 6858/10915/6695
f 6854/10916/6696 6860/10917/6696 6859/10917/6694 6853/10918/6694
f 6855/10919/6697 6861/10920/6697 6860/10920/6696 6854/10921/6696
f 6856/10922/6698 6862/10923/6698 6861/10923/6697 6855/10924/6697
f 6857/10925/6699 6863/10926/6699 6862/10926/6698 6856/10927/6698
f 6858/10928/6695 6864/10929/6695 6863/10929/6699 6857/10930/6699
f 6865/10931/6700 6871/10932/6701 6876/10933/6702 6870/10934/6703
f 6866/10935/6704 6872/10936/6705 6871/10937/6701 6865/10938/6700
f 6867/10939/6706 6873/10940/6707 6872/10941/6705 6866/10942/6704
f 6868/10943/6708 6874/10944/6709 6873/10945/6707 6867/10946/6706
f 6869/10947/6710 6875/10948/6711 6874/10949/6709 6868/10950/6708
f 6870/10951/6703 6876/10952/6702 6875/10953/6711 6869/10954/6710
f 6871/10932/6701 6877/10955/6712 6882/10956/6713 6876/10933/6702
f 6872/10936/6705 6878/10957/6714 6877/10958/6712 6871/10937/6701
f 6873/10940/6707 6879/10959/6715 6878/10960/6714 6872/10941/6705
f 6874/10944/6709 6880/10961/6716 6879/10962/6715 6873/10945/6707
f 6875/10948/6711 6881/10963/6717 6880/10964/6716 6874/10949/6709
f 6876/10952/6702 6882/10965/6713 6881/10966/6717 6875/10953/6711
f 6877/10955/6712 6883/10967/6718 6888/10967/6719 6882/10956/6713
f 6878/10957/6714 6884/10968/6720 6883/10968/6718 6877/10958/6712
f 6879/10969/6715 6885/10968/6721 6884/10968/6720 6878/10957/6714
f 6880/10961/6716 6886/10970/6722 6885/10970/6721 6879/10962/6715
f 6881/10963/6717 6887/10971/6723 6886/10971/6722 6880/10964/6716
f 6882/10972/6713 6888/10971/6719 6887/10971/6723 6881/10963/6717
f 6889/10973/6724 6895/10974/6725 6900/10975/6726 6894/10976/6727
f 6890/10977/6728 6896/10978/6729 6895/10979/6725 6889/10980/6724
f 6891/10981/6730 6897/10982/6731 6896/10983/6729 6890/10984/6728
f 6892/10985/6732 6898/10986/6733 6897/10982/6731 6891/10981/6730
f 6893/10987/6734 6899/10988/6735 6898/10989/6733 6892/10990/6732
f 6894/10976/6727 6900/10975/6726 6899/10991/6735 6893/10992/6734
f 6895/10974/6725 6901/10993/6736 6906/10994/6737 6900/10975/6726
f 6896/10978/6729 6902/10995/6738 6901/10996/6736 6895/10979/6725
f 6897/10982/6731 6903/10997/6739 6902/10998/6738 6896/10983/6729
f 6898/10986/6733 6904/10999/6740 6903/10997/6739 6897/10982/6731
f 6899/10988/6735 6905/11000/6741 6904/11001/6740 6898/10989/6733
f 6900/10975/6726 6906/10994/6737 6905/11002/6741 6899/10991/6735
f 6901/11003/6736 6907/11004/6742 6912/11004/6743 6906/11005/6737
f 6902/10995/6738 6908/11006/6744 6907/11006/6742 6901/10996/6736
f 6903/11007/6739 6909/11008/6745 6908/11008/6744 6902/11009/6738
f 6904/11010/6740 6910/11008/6746 6909/11008/6745 6903/11007/6739
f 6905/11000/6741 6911/7480/6747 6910/7480/6746 6904/11001/6740
f 6906/11005/6737 6912/11004/6743 6911/11004/6747 6905/11011/6741
f 6913/11012/6748 6919/11013/6748 6924/11013/6749 6918/11014/6749
f 6914/11015/6750 6920/11016/6750 6919/11016/6748 6913/11017/6748
f 6915/11018/6751 6921/11019/6751 6920/11019/6750 6914/11020/6750
f 6916/11021/6752 6922/11019/6752 6921/11019/6751 6915/11018/6751
f 6917/11022/6753 6923/11023/6753 6922/11023/6752 6916/11024/6752
f 6918/11014/6749 6924/11013/6749 6923/11013/6753 6917/11025/6753
f 6925/11026/6754 6931/11027/6755 6936/11028/6756 6930/11029/6757
f 6926/11030/6758 6932/11031/6759 6931/11027/6755 6925/11026/6754
f 6927/11032/6760 6933/11033/6761 6932/11034/6759 6926/11035/6758
f 6928/11036/6762 6934/11037/6763 6933/11038/6761 6927/11039/6760
f 6929/11040/6764 6935/11041/6765 6934/11042/6763 6928/11043/6762
f 6930/11044/6757 6936/11045/6756 6935/11046/6765 6929/11047/6764
f 6931/11048/6755 6937/11049/6766 6942/11049/6767 6936/11050/6756
f 6932/11031/6759 6938/11051/6768 6937/11051/6766 6931/11027/6755
f 6933/11033/6761 6939/11052/6769 6938/11052/6768 6932/11034/6759
f 6934/11037/6763 6940/11053/6770 6939/11053/6769 6933/11038/6761
f 6935/11041/6765 6941/11054/6771 6940/11054/6770 6934/11042/6763
f 6936/11045/6756 6942/11055/6767 6941/11055/6771 6935/11046/6765
f 6943/11056/6772 6949/11057/6772 6954/11057/6773 6948/11058/6773
f 6944/11059/6774 6950/11060/6774 6949/11060/6772 6943/11061/6772
f 6945/11062/6775 6951/11063/6775 6950/11063/6774 6944/11064/6774
f 6946/11065/6776 6952/11063/6776 6951/11063/6775 6945/11062/6775
f 6947/11066/6777 6953/11067/6777 6952/11067/6776 6946/11068/6776
f 6948/11069/6773 6954/11070/6773 6953/11070/6777 6947/11071/6777
f 6955/11072/6778 6961/11073/6779 6966/11074/6780 6960/11075/6781
f 6956/11076/6782 6962/11077/6783 6961/11078/6779 6955/11079/6778
f 6957/11080/6784 6963/11081/6785 6962/11082/6783 6956/11083/6782
f 6958/11084/6786 6964/11085/6787 6963/11081/6785 6957/11080/6784
f 6959/11086/6788 6965/11087/6789 6964/11088/6787 6958/11089/6786
f 6960/11075/6781 6966/11074/6780 6965/11090/6789 6959/11091/6788
f 6961/11073/6779 6967/11092/6790 6972/11093/6791 6966/11074/6780
f 6962/11077/6783 6968/11094/6792 6967/11095/6790 6961/11078/6779
f 6963/11081/6785 6969/11096/6793 6968/11097/6792 6962/11082/6783
f 6964/11085/6787 6970/11098/6794 6969/11096/6793 6963/11081/6785
f 6965/11099/6789 6971/11100/6795 6970/11101/6794 6964/11102/6787
f 6966/11074/6780 6972/11093/6791 6971/11103/6795 6965/11090/6789
f 6967/11092/6790 6973/11104/6796 6978/11104/6797 6972/11093/6791
f 6968/11094/6792 6974/11105/6798 6973/11105/6796 6967/11095/6790
f 6969/11096/6793 6975/11106/6799 6974/11106/6798 6968/11097/6792
f 6970/11098/6794 6976/11106/6800 6975/11106/6799 6969/11096/6793
f 6971/11107/6795 6977/11108/6801 6976/11108/6800 6970/11109/6794
f 6972/11093/6791 6978/11104/6797 6977/11104/6801 6971/11103/6795
f 6979/11110/6802 6985/11111/6803 6990/11112/6804 6984/11113/6805
f 6980/11114/6806 6986/11115/6807 6985/11116/6803 6979/11117/6802
f 6981/11118/6808 6987/11119/6809 6986/11120/6807 6980/11121/6806
f 6982/11122/6810 6988/11123/6811 6987/11124/6809 6981/11125/6808
f 6983/11126/6812 6989/11127/6813 6988/11128/6811 6982/11129/6810
f 6984/11130/6805 6990/11131/6804 6989/11132/6813 6983/11133/6812
f 6985/11111/6803 6991/11134/6814 6996/11135/6815 6990/11112/6804
f 6986/11115/6807 6992/11136/6816 6991/11137/6814 6985/11116/6803
f 6987/11119/6809 6993/11138/6817 6992/11139/6816 6986/11120/6807
f 6988/11123/6811 6994/11140/6818 6993/11141/6817 6987/11124/6809
f 6989/11127/6813 6995/11142/6819 6994/11143/6818 6988/11128/6811
f 6990/11131/6804 6996/11144/6815 6995/11145/6819 6989/11132/6813
f 6991/11134/6814 6997/11146/6820 7002/11146/6821 6996/11135/6815
f 6992/11136/6816 6998/11147/6822 6997/11147/6820 6991/11137/6814
f 6993/11138/6817 6999/11148/6823 6998/11148/6822 6992/11139/6816
f 6994/11149/6818 7000/11148/6824 6999/11148/6823 6993/11138/6817
f 6995/11142/6819 7001/11150/6825 7000/11150/6824 6994/11143/6818
f 6996/11144/6815 7002/11151/6821 7001/11151/6825 6995/11145/6819
f 7003/11152/6826 7009/11153/6827 7014/11154/6828 7008/11155/6829
f 7004/11156/6830 7010/11157/6831 7009/11158/6827 7003/11159/6826
f 7005/11160/6832 7011/11161/6833 7010/11162/6831 7004/11163/6830
f 7006/11164/6834 7012/11165/6835 7011/11166/6833 7005/11167/6832
f 7007/11168/6836 7013/11169/6837 7012/11165/6835 7006/11164/6834
f 7008/11155/6829 7014/11154/6828 7013/11170/6837 7007/11171/6836
f 7009/11153/6827 7015/11172/6838 7020/11173/6839 7014/11154/6828
f 7010/11157/6831 7016/11174/6840 7015/11175/6838 7009/11158/6827
f 7011/11161/6833 7017/11176/6841 7016/11177/6840 7010/11162/6831
f 7012/11178/6835 7018/11179/6842 7017/11176/6841 7011/11161/6833
f 7013/11169/6837 7019/11180/6843 7018/11181/6842 7012/11165/6835
f 7014/11154/6828 7020/11173/6839 7019/11182/6843 7013/11170/6837
f 7015/11172/6838 7021/11183/6844 7026/11183/6845 7020/11173/6839
f 7016/11174/6840 7022/11184/6846 7021/11184/6844 7015/11175/6838
f 7017/11176/6841 7023/11185/6847 7022/11185/6846 7016/11177/6840
f 7018/11179/6842 7024/11185/6848 7023/11185/6847 7017/11176/6841
f 7019/11186/6843 7025/11187/6849 7024/11187/6848 7018/11188/6842
f 7020/11173/6839 7026/11183/6845 7025/11183/6849 7019/11182/6843
f 7027/11189/6850 7033/11190/6851 7038/11191/6852 7032/11192/6853
f 7028/11193/6854 7034/11194/6855 7033/11190/6851 7027/11189/6850
f 7029/11195/6856 7035/11196/6857 7034/11197/6855 7028/11198/6854
f 7030/11199/6858 7036/11200/6859 7035/11201/6857 7029/11202/6856
f 7031/11203/6860 7037/11204/6861 7036/11200/6859 7030/11199/6858
f 7032/11205/6853 7038/11206/6852 7037/11207/6861 7031/11208/6860
f 7033/11190/6851 7039/11209/6862 7044/11210/6863 7038/11191/6852
f 7034/11194/6855 7040/11211/6864 7039/11209/6862 7033/11190/6851
f 7035/11196/6857 7041/11212/6865 7040/11213/6864 7034/11197/6855
f 7036/11200/6859 7042/11214/6866 7041/11215/6865 7035/11201/6857
f 7037/11204/6861 7043/11216/6867 7042/11214/6866 7036/11200/6859
f 7038/11206/6852 7044/11217/6863 7043/11218/6867 7037/11207/6861
f 7039/11209/6862 7045/11219/6868 7050/11219/6869 7044/11210/6863
f 7040/11211/6864 7046/11219/6870 7045/11219/6868 7039/11209/6862
f 7041/11212/6865 7047/11220/6871 7046/11220/6870 7040/11213/6864
f 7042/11214/6866 7048/11221/6872 7047/11221/6871 7041/11215/6865
f 7043/11216/6867 7049/11221/6873 7048/11221/6872 7042/11214/6866
f 7044/11217/6863 7050/11222/6869 7049/11222/6873 7043/11218/6867
f 7051/11223/6874 7057/11224/6874 7062/11224/6875 7056/11225/6875
f 7052/11226/6876 7058/11227/6876 7057/11227/6874 7051/11228/6874
f 7053/11229/6877 7059/11230/6877 7058/11230/6876 7052/11231/6876
f 7054/11232/6878 7060/11230/6878 7059/11230/6877 7053/11229/6877
f 7055/11233/6879 7061/11234/6879 7060/11234/6878 7054/11235/6878
f 7056/11225/6875 7062/11224/6875 7061/11224/6879 7055/11236/6879
f 7063/11237/6880 7069/11238/6881 7074/11239/6882 7068/11240/6883
f 7064/11241/6884 7070/11242/6885 7069/11243/6881 7063/11244/6880
f 7065/11245/6886 7071/11246/6887 7070/11247/6885 7064/11248/6884
f 7066/11249/6888 7072/11250/6889 7071/11246/6887 7065/11245/6886
f 7067/11251/6890 7073/11252/6891 7072/11253/6889 7066/11254/6888
f 7068/11240/6883 7074/11239/6882 7073/11255/6891 7067/11256/6890
f 7069/11238/6881 7075/11257/6892 7080/11257/6893 7074/11239/6882
f 7070/11242/6885 7076/11258/6894 7075/11258/6892 7069/11243/6881
f 7071/11246/6887 7077/11259/6895 7076/11259/6894 7070/11247/6885
f 7072/11250/6889 7078/11259/6896 7077/11259/6895 7071/11246/6887
f 7073/11252/6891 7079/11260/6897 7078/11260/6896 7072/11253/6889
f 7074/11239/6882 7080/11257/6893 7079/11257/6897 7073/11255/6891
f 7081/11261/6898 7087/11262/6899 7092/11263/6900 7086/11264/6901
f 7082/11265/6902 7088/11266/6903 7087/11267/6899 7081/11268/6898
f 7083/11269/6904 7089/11270/6905 7088/11271/6903 7082/11272/6902
f 7084/11273/6906 7090/11274/6907 7089/11270/6905 7083/11269/6904
f 7085/11275/6908 7091/11276/6909 7090/11277/6907 7084/11278/6906
f 7086/11264/6901 7092/11263/6900 7091/11279/6909 7085/11280/6908
f 7087/11262/6899 7093/11281/6910 7098/11282/6911 7092/11263/6900
f 7088/11266/6903 7094/11283/6912 7093/11284/6910 7087/11267/6899
f 7089/11270/6905 7095/11285/6913 7094/11286/6912 7088/11271/6903
f 7090/11274/6907 7096/11287/6914 7095/11285/6913 7089/11270/6905
f 7091/11276/6909 7097/11288/6915 7096/11289/6914 7090/11277/6907
f 7092/11263/6900 7098/11282/6911 7097/11290/6915 7091/11279/6909
f 7093/11281/6910 7099/11291/6916 7104/11291/6917 7098/11282/6911
f 7094/11283/6912 7100/11292/6918 7099/11292/6916 7093/11284/6910
f 7095/11285/6913 7101/11293/6919 7100/11293/6918 7094/11286/6912
f 7096/11287/6914 7102/11293/6920 7101/11293/6919 7095/11285/6913
f 7097/11288/6915 7103/11294/6921 7102/11294/6920 7096/11289/6914
f 7098/11282/6911 7104/11291/6917 7103/11291/6921 7097/11290/6915
