# Blender 3.6.0
# www.blender.org
mtllib drzewo_7.mtl
o tree
v 0.000000 0.000000 0.100601
v 0.100601 0.000000 -0.000000
v -0.000000 0.000000 -0.100601
v -0.100601 0.000000 0.000000
v 0.001173 0.466464 0.087661
v 0.086764 0.495568 0.001173
v -0.001173 0.490189 -0.087661
v -0.086764 0.461085 -0.001173
v -0.177894 0.884984 0.198717
v -0.109414 0.929026 0.127829
v -0.184401 0.921251 0.050560
v -0.252880 0.877209 0.121447
v -0.272815 1.181324 0.254547
v -0.212971 1.211644 0.193365
v -0.276350 1.206035 0.128593
v -0.336194 1.175716 0.189775
v -0.370724 1.539861 0.306498
v -0.323632 1.568661 0.257761
v -0.373833 1.560607 0.204495
v -0.420925 1.531807 0.253231
v -0.552123 1.894065 0.384186
v -0.516825 1.918099 0.347223
v -0.554416 1.909762 0.305905
v -0.589714 1.885728 0.342868
v -0.656255 2.154498 0.417551
v -0.630405 2.168053 0.391206
v -0.657138 2.163651 0.362711
v -0.682988 2.150096 0.389056
v -0.755973 2.491991 0.462541
v -0.740962 2.498215 0.447473
v -0.756180 2.496218 0.431488
v -0.771191 2.489994 0.446556
v -0.854638 2.878672 0.491599
v -0.851206 2.879915 0.488178
v -0.854631 2.879424 0.484565
v -0.858062 2.878181 0.487986
v 0.043751 0.518792 0.065383
v 0.073525 0.478327 -0.049200
v -0.043751 0.437861 -0.065383
v -0.073525 0.478327 0.049200
v -0.082959 0.934992 -0.123974
v -0.058229 0.903663 -0.224278
v -0.160392 0.872374 -0.239694
v -0.185122 0.903703 -0.139389
v -0.151122 1.218244 -0.226170
v -0.131416 1.196758 -0.312158
v -0.218378 1.175058 -0.326665
v -0.238084 1.196544 -0.240678
v -0.224581 1.575520 -0.332943
v -0.209836 1.562773 -0.403953
v -0.278396 1.537735 -0.413695
v -0.293141 1.550482 -0.342685
v -0.404891 1.929505 -0.423058
v -0.394656 1.922555 -0.478164
v -0.445659 1.899190 -0.484690
v -0.455894 1.906140 -0.429584
v -0.516125 2.201404 -0.484483
v -0.509427 2.197679 -0.523049
v -0.546127 2.184525 -0.528153
v -0.552826 2.188250 -0.489587
v -0.624686 2.543037 -0.536584
v -0.620512 2.539836 -0.558112
v -0.640819 2.531374 -0.560791
v -0.644992 2.534575 -0.539263
v -0.802986 2.890422 -0.663902
v -0.801895 2.889359 -0.668666
v -0.806301 2.887040 -0.669157
v -0.807392 2.888103 -0.664393
v -0.065383 0.518792 0.043751
v 0.049200 0.478327 0.073525
v 0.065383 0.437861 -0.043751
v -0.049200 0.478327 -0.073525
v 0.124078 0.935281 -0.083038
v 0.224155 0.903358 -0.058147
v 0.239590 0.872085 -0.160313
v 0.139513 0.904008 -0.185204
v 0.229760 1.217393 -0.150199
v 0.315660 1.195641 -0.130403
v 0.330213 1.173972 -0.217365
v 0.244313 1.195724 -0.237161
v 0.334763 1.574672 -0.223949
v 0.402391 1.551284 -0.206574
v 0.412500 1.528933 -0.276005
v 0.344872 1.552322 -0.293380
v 0.542352 1.908633 -0.348329
v 0.592935 1.887856 -0.334206
v 0.599759 1.868663 -0.386882
v 0.549176 1.889440 -0.401005
v 0.630367 2.095835 -0.403542
v 0.666704 2.083937 -0.394371
v 0.672737 2.073511 -0.431800
v 0.636401 2.085409 -0.440971
v 0.748903 2.399025 -0.465065
v 0.768573 2.390443 -0.459537
v 0.772238 2.385180 -0.480750
v 0.752568 2.393763 -0.486278
v 0.954622 2.708958 -0.517847
v 0.958801 2.706547 -0.516525
v 0.959613 2.705332 -0.521309
v 0.955435 2.707743 -0.522631
v -0.043751 0.518792 -0.065383
v -0.073525 0.478327 0.049200
v 0.043751 0.437861 0.065383
v 0.073525 0.478327 -0.049200
v 0.083118 0.935630 0.124217
v 0.058260 0.903779 0.224325
v 0.160233 0.871735 0.239451
v 0.185091 0.903586 0.139343
v 0.155059 1.216497 0.230166
v 0.135319 1.194747 0.316079
v 0.222178 1.172523 0.330410
v 0.241918 1.194273 0.244497
v 0.225114 1.556939 0.330278
v 0.208837 1.536081 0.398997
v 0.280603 1.533950 0.415350
v 0.296881 1.554809 0.346630
v 0.132389 1.926274 0.461868
v 0.120197 1.908220 0.513975
v 0.173742 1.917110 0.529584
v 0.185934 1.935165 0.477477
v 0.058060 2.267717 0.557961
v 0.049176 2.256855 0.594692
v 0.086627 2.262298 0.605360
v 0.095512 2.273160 0.568629
v -0.009863 2.647596 0.658741
v -0.015011 2.642174 0.679602
v 0.006172 2.644867 0.685529
v 0.011320 2.650289 0.664668
v -0.075441 3.046874 0.745368
v -0.076624 3.045760 0.750099
v -0.071841 3.046363 0.751436
v -0.070659 3.047477 0.746705
v -0.412895 1.554528 0.238745
v -0.389109 1.550234 0.296307
v -0.331661 1.545940 0.272247
v -0.355448 1.550234 0.214686
v -0.366940 1.957415 0.257697
v -0.348713 1.953944 0.301839
v -0.304688 1.950270 0.283371
v -0.322915 1.953740 0.239229
v -0.306842 2.424509 0.279403
v -0.294120 2.422430 0.310145
v -0.263468 2.419894 0.297289
v -0.276190 2.421973 0.266547
v -0.259447 2.890770 0.292144
v -0.252278 2.889582 0.309470
v -0.235008 2.888099 0.302223
v -0.242176 2.889287 0.284896
v -0.196304 3.359708 0.313645
v -0.194692 3.359378 0.317554
v -0.190799 3.358994 0.315916
v -0.192410 3.359325 0.312007
v -0.283817 1.570263 -0.346485
v -0.223277 1.556627 -0.339330
v -0.219160 1.542991 -0.400153
v -0.279700 1.556627 -0.407307
v -0.180057 1.952386 -0.432617
v -0.133596 1.942040 -0.427151
v -0.130142 1.932783 -0.474033
v -0.176603 1.943129 -0.479499
v -0.079573 2.339866 -0.498250
v -0.047029 2.333534 -0.494586
v -0.044383 2.328153 -0.527399
v -0.076926 2.334486 -0.531062
v 0.004139 2.749062 -0.563061
v 0.022578 2.745988 -0.561062
v 0.024168 2.743460 -0.579623
v 0.005729 2.746533 -0.581622
v 0.087372 3.178435 -0.612557
v 0.091536 3.177752 -0.612107
v 0.091910 3.177267 -0.616307
v 0.087746 3.177951 -0.616757
v 0.414826 1.563041 -0.262103
v 0.361097 1.551803 -0.292559
v 0.332437 1.540565 -0.237851
v 0.386166 1.551803 -0.207395
v 0.306329 1.954329 -0.230170
v 0.264866 1.946765 -0.253446
v 0.242860 1.938248 -0.211478
v 0.284323 1.945812 -0.188201
v 0.208912 2.374665 -0.188578
v 0.181225 2.365455 -0.205075
v 0.166350 2.358034 -0.175967
v 0.194037 2.367244 -0.159470
v -0.015320 2.758628 -0.172089
v -0.030247 2.751847 -0.181476
v -0.038408 2.747142 -0.165100
v -0.023481 2.753923 -0.155713
v -0.135791 3.022480 -0.154151
v -0.139255 3.021160 -0.156259
v -0.141130 3.020170 -0.152558
v -0.137666 3.021491 -0.150450
v 0.213885 1.566742 0.371405
v 0.251253 1.545445 0.417220
v 0.291833 1.524148 0.374223
v 0.254464 1.545445 0.328407
v 0.417706 1.918537 0.378766
v 0.447006 1.903445 0.413935
v 0.479038 1.888880 0.380998
v 0.449739 1.903972 0.345830
v 0.542585 2.187584 0.388442
v 0.562669 2.176440 0.412904
v 0.584931 2.166220 0.389971
v 0.564847 2.177364 0.365509
v 0.735228 2.494214 0.404869
v 0.746430 2.487703 0.418644
v 0.758990 2.481969 0.405720
v 0.747787 2.488480 0.391944
v 0.853711 2.736782 0.419652
v 0.856306 2.735453 0.422770
v 0.859225 2.734333 0.419862
v 0.856629 2.735662 0.416745
v 0.169580 2.372436 -0.193107
v 0.176353 2.366350 -0.163482
v 0.205683 2.360264 -0.171438
v 0.198910 2.366350 -0.201063
v 0.282730 2.794520 -0.125193
v 0.286549 2.791098 -0.108494
v 0.303144 2.787933 -0.112938
v 0.299325 2.791356 -0.129636
v 0.378078 3.198636 -0.057285
v 0.378940 3.197865 -0.053516
v 0.382700 3.197211 -0.054510
v 0.381837 3.197982 -0.058279
v 0.566304 2.177970 0.371486
v 0.546006 2.176902 0.386657
v 0.561213 2.175834 0.406927
v 0.581510 2.176902 0.391756
v 0.562132 2.538555 0.400542
v 0.550692 2.538015 0.409096
v 0.559262 2.537056 0.420497
v 0.570702 2.537597 0.411942
v 0.574518 3.011469 0.452835
v 0.571936 3.011361 0.454768
v 0.573869 3.011065 0.457334
v 0.576451 3.011173 0.455402
v -0.639841 2.540372 -0.559595
v -0.643978 2.537205 -0.541392
v -0.625664 2.534039 -0.537781
v -0.621527 2.537205 -0.555984
v -0.581674 2.934983 -0.470099
v -0.582608 2.934269 -0.465990
v -0.578474 2.933554 -0.465175
v -0.577540 2.934269 -0.469284
v 0.768655 2.394239 -0.463941
v 0.769677 2.392103 -0.481117
v 0.752487 2.389966 -0.481874
v 0.751464 2.392103 -0.464698
v 0.718726 2.761106 -0.519321
v 0.718957 2.760623 -0.523199
v 0.715076 2.760141 -0.523370
v 0.714845 2.760623 -0.519492
v 0.246979 1.120329 -0.148745
v 0.276317 1.118300 -0.159016
v 0.265921 1.116270 -0.188310
v 0.236583 1.118300 -0.178039
v 0.259050 1.375284 -0.173980
v 0.282937 1.376563 -0.182352
v 0.274498 1.378065 -0.206202
v 0.250610 1.376785 -0.197830
v 0.236256 1.626017 -0.119070
v 0.254605 1.628301 -0.125385
v 0.248049 1.630420 -0.143668
v 0.229700 1.628136 -0.137354
v 0.224199 1.885368 -0.108548
v 0.236930 1.888210 -0.112842
v 0.232481 1.888512 -0.125831
v 0.219750 1.885671 -0.121537
v 0.142640 2.130591 -0.081412
v 0.150132 2.131152 -0.083939
v 0.147612 2.130971 -0.091452
v 0.140119 2.130410 -0.088925
v 0.191279 2.384317 -0.116737
v 0.191279 2.384317 -0.116737
v 0.191279 2.384317 -0.116737
v 0.191279 2.384317 -0.116737
v -0.280421 1.344065 0.228359
v -0.302467 1.343220 0.186470
v -0.344348 1.342376 0.208529
v -0.322303 1.343220 0.250418
v -0.295590 1.678844 0.224194
v -0.313084 1.680973 0.190191
v -0.345653 1.691147 0.207584
v -0.328159 1.689019 0.241587
v -0.123995 1.963991 0.176461
v -0.135691 1.970069 0.150345
v -0.159274 1.981298 0.163519
v -0.147578 1.975220 0.189636
v -0.013995 2.288150 0.230251
v -0.022054 2.292429 0.212218
v -0.040542 2.291947 0.220366
v -0.032484 2.287668 0.238399
v -0.092172 2.614405 0.306397
v -0.096666 2.615794 0.296270
v -0.106885 2.615424 0.300754
v -0.102391 2.614034 0.310881
v -0.014119 2.945905 0.309477
v -0.014119 2.945905 0.309477
v -0.014119 2.945905 0.309477
v -0.014119 2.945905 0.309477
v 0.275761 1.549397 0.410882
v 0.291613 1.544162 0.349425
v 0.230051 1.538927 0.333991
v 0.214198 1.544162 0.395447
v 0.243235 2.012364 0.356247
v 0.255978 2.014415 0.306524
v 0.206267 2.017340 0.293904
v 0.193524 2.015289 0.343628
v 0.309153 2.471516 0.445278
v 0.318874 2.475057 0.407614
v 0.281048 2.475407 0.397885
v 0.271327 2.471865 0.435549
v 0.221154 2.942465 0.424907
v 0.228075 2.940678 0.399133
v 0.202409 2.937146 0.392487
v 0.195489 2.938933 0.418260
v 0.195800 3.407445 0.337658
v 0.199559 3.406105 0.323787
v 0.185626 3.405478 0.320071
v 0.181867 3.406818 0.333942
v 0.194945 3.880089 0.313255
v 0.194945 3.880089 0.313255
v 0.194945 3.880089 0.313255
v 0.194945 3.880089 0.313255
v -0.175894 1.749957 -0.439168
v -0.227219 1.749432 -0.442029
v -0.230074 1.748907 -0.390703
v -0.178749 1.749432 -0.387842
v -0.185757 2.147753 -0.430448
v -0.226855 2.153314 -0.432985
v -0.228891 2.157121 -0.391659
v -0.187792 2.151560 -0.389123
v -0.076442 2.529065 -0.496473
v -0.108042 2.530851 -0.498114
v -0.109391 2.535740 -0.466830
v -0.077791 2.533953 -0.465188
v -0.145954 2.925699 -0.540275
v -0.167751 2.926458 -0.541343
v -0.168726 2.928943 -0.519671
v -0.146930 2.928185 -0.518603
v -0.055037 3.316103 -0.575853
v -0.066986 3.316681 -0.576452
v -0.067557 3.317272 -0.564501
v -0.055607 3.316694 -0.563903
v -0.117333 3.715808 -0.567092
v -0.117333 3.715808 -0.567092
v -0.117333 3.715808 -0.567092
v -0.117333 3.715808 -0.567092
v -0.362117 1.951504 0.250146
v -0.356453 1.950069 0.296346
v -0.310259 1.948634 0.290638
v -0.315923 1.950069 0.244439
v -0.344218 2.318709 0.264224
v -0.339805 2.323365 0.301352
v -0.302548 2.326292 0.296557
v -0.306962 2.321636 0.259429
v -0.419782 2.672854 0.175130
v -0.416241 2.674324 0.203663
v -0.387739 2.676122 0.200033
v -0.391279 2.674653 0.171500
v -0.383730 3.040079 0.240885
v -0.381245 3.040483 0.260625
v -0.361528 3.041470 0.258123
v -0.364012 3.041067 0.238383
v -0.447433 3.398930 0.172721
v -0.446015 3.398823 0.183639
v -0.435332 3.401111 0.182274
v -0.436749 3.401218 0.171356
v -0.521286 3.750623 0.275795
v -0.521286 3.750623 0.275795
v -0.521286 3.750623 0.275795
v -0.521286 3.750623 0.275795
v 0.572813 1.974931 -0.389970
v 0.607600 1.968665 -0.355375
v 0.641623 1.962398 -0.390721
v 0.606836 1.968665 -0.425316
v 0.652204 2.372147 -0.391038
v 0.680410 2.367764 -0.363029
v 0.708695 2.369439 -0.391251
v 0.680489 2.373822 -0.419260
v 0.624325 2.767703 -0.304225
v 0.645857 2.766691 -0.282614
v 0.667449 2.769623 -0.303990
v 0.645916 2.770635 -0.325601
v 0.629309 3.175757 -0.317363
v 0.644089 3.176094 -0.302370
v 0.658948 3.178626 -0.317073
v 0.644168 3.178289 -0.332067
v 0.559367 3.571573 -0.244978
v 0.567521 3.571525 -0.236743
v 0.575717 3.572690 -0.244852
v 0.567563 3.572739 -0.253087
v 0.588795 3.980121 -0.257714
v 0.588795 3.980121 -0.257714
v 0.588795 3.980121 -0.257714
v 0.588795 3.980121 -0.257714
v -0.478230 2.128508 -0.489933
v -0.502665 2.125628 -0.525343
v -0.537965 2.122748 -0.500750
v -0.513530 2.125628 -0.465340
v -0.518520 2.497129 -0.497100
v -0.538302 2.494624 -0.525767
v -0.567067 2.497283 -0.506148
v -0.547285 2.499788 -0.477482
v -0.473163 2.859401 -0.567333
v -0.488232 2.859035 -0.589395
v -0.510229 2.861392 -0.574410
v -0.495160 2.861758 -0.552348
v -0.481954 3.231043 -0.544215
v -0.492241 3.232287 -0.559565
v -0.507410 3.234655 -0.549207
v -0.497123 3.233411 -0.533857
v -0.378996 3.587403 -0.581276
v -0.384838 3.587286 -0.589784
v -0.393253 3.588892 -0.584028
v -0.387411 3.589009 -0.575521
v -0.405004 3.959212 -0.618258
v -0.405004 3.959212 -0.618258
v -0.405004 3.959212 -0.618258
v -0.405004 3.959212 -0.618258
v 0.075512 2.312814 0.615676
v 0.086188 2.309513 0.579854
v 0.050284 2.306212 0.569458
v 0.039608 2.309513 0.605280
v 0.051209 2.669209 0.571524
v 0.059984 2.670439 0.542399
v 0.031052 2.674537 0.533855
v 0.022277 2.673307 0.562981
v 0.153269 3.004776 0.661300
v 0.160235 3.007145 0.639126
v 0.138431 3.012742 0.632874
v 0.131465 3.010373 0.655049
v 0.191557 3.371318 0.683003
v 0.196204 3.370754 0.667408
v 0.180601 3.370313 0.662774
v 0.175954 3.370878 0.678369
v 0.137391 3.728755 0.623306
v 0.140029 3.728008 0.614522
v 0.131222 3.727394 0.611929
v 0.128583 3.728141 0.620713
v 0.156483 4.092291 0.602672
v 0.156483 4.092291 0.602672
v 0.156483 4.092291 0.602672
v 0.156483 4.092291 0.602672
v 0.126334 2.534589 -0.172536
v 0.112670 2.524409 -0.194498
v 0.093090 2.514228 -0.177596
v 0.106755 2.524409 -0.155635
v -0.029371 2.786834 -0.196121
v -0.041619 2.781015 -0.214279
v -0.059487 2.776986 -0.200936
v -0.047240 2.782805 -0.182778
v -0.049764 3.080241 -0.235252
v -0.059989 3.080268 -0.249488
v -0.074214 3.079594 -0.239272
v -0.063990 3.079567 -0.225036
v -0.053872 3.375181 -0.183115
v -0.061025 3.377131 -0.193043
v -0.071055 3.377366 -0.185770
v -0.063902 3.375416 -0.175842
v 0.007316 3.669938 -0.166872
v 0.003080 3.669852 -0.172763
v -0.002807 3.669631 -0.168527
v 0.001429 3.669716 -0.162636
v -0.080921 3.958847 -0.179608
v -0.080921 3.958847 -0.179608
v -0.080921 3.958847 -0.179608
v -0.080921 3.958847 -0.179608
v -0.705952 2.369454 0.415738
v -0.733981 2.369392 0.411809
v -0.737910 2.369329 0.439838
v -0.709881 2.369391 0.443767
v -0.709757 2.681376 0.418707
v -0.732569 2.682354 0.415435
v -0.735670 2.685677 0.438049
v -0.712858 2.684699 0.441321
v -0.673389 2.981965 0.335335
v -0.691052 2.982004 0.332906
v -0.693452 2.984506 0.350396
v -0.675789 2.984468 0.352825
v -0.702518 3.294945 0.337228
v -0.714876 3.296483 0.335352
v -0.716621 3.297618 0.347773
v -0.704263 3.296081 0.349649
v -0.597387 3.587345 0.296009
v -0.604582 3.588415 0.294905
v -0.605651 3.588734 0.302178
v -0.598456 3.587665 0.303282
v -0.617814 3.900284 0.329424
v -0.617814 3.900284 0.329424
v -0.617814 3.900284 0.329424
v -0.617814 3.900284 0.329424
v 0.706447 2.443072 0.404018
v 0.722154 2.439113 0.417310
v 0.734855 2.435153 0.401122
v 0.719148 2.439113 0.387830
v 0.781085 2.703001 0.396411
v 0.794348 2.701773 0.407272
v 0.805137 2.700500 0.393954
v 0.791874 2.701727 0.383093
v 0.766158 2.974406 0.396891
v 0.776560 2.973990 0.405360
v 0.784991 2.973063 0.394959
v 0.774588 2.973480 0.386490
v 0.822850 3.240777 0.377511
v 0.830248 3.239445 0.383569
v 0.836380 3.239600 0.376114
v 0.828982 3.240932 0.370056
v 0.822976 3.502956 0.449730
v 0.827499 3.502321 0.453445
v 0.831266 3.502843 0.448950
v 0.826743 3.503479 0.445234
v 0.843859 3.774931 0.450880
v 0.843859 3.774931 0.450880
v 0.843859 3.774931 0.450880
v 0.843859 3.774931 0.450880
v -0.021333 2.769281 -0.168940
v -0.035121 2.767938 -0.180681
v -0.046787 2.766595 -0.166828
v -0.032998 2.767938 -0.155087
v -0.053565 3.052196 -0.166195
v -0.064889 3.053079 -0.175920
v -0.074447 3.055127 -0.164605
v -0.063123 3.054244 -0.154880
v 0.048506 3.316636 -0.205192
v 0.039663 3.317622 -0.212857
v 0.032325 3.320208 -0.204059
v 0.041168 3.319222 -0.196394
v 0.059077 3.604569 -0.230014
v 0.052651 3.605312 -0.235585
v 0.047035 3.604134 -0.229264
v 0.053461 3.603391 -0.223693
v 0.029924 3.866679 -0.115345
v 0.025920 3.866952 -0.118851
v 0.022413 3.866253 -0.114900
v 0.026417 3.865980 -0.111394
v 0.026340 4.150749 -0.156644
v 0.026340 4.150749 -0.156644
v 0.026340 4.150749 -0.156644
v 0.026340 4.150749 -0.156644
v -0.006504 2.740599 0.687311
v -0.022559 2.737923 0.678518
v -0.031006 2.735247 0.694757
v -0.014951 2.737923 0.703550
v -0.059582 2.994521 0.703486
v -0.072833 2.992561 0.696252
v -0.080091 2.992257 0.709631
v -0.066840 2.994217 0.716865
v -0.074137 3.251288 0.665854
v -0.084626 3.251067 0.660135
v -0.090348 3.251208 0.670623
v -0.079859 3.251429 0.676342
v -0.069453 3.511001 0.694872
v -0.077058 3.510626 0.690720
v -0.081192 3.510189 0.698332
v -0.073587 3.510565 0.702483
v -0.110744 3.768167 0.679338
v -0.115481 3.768041 0.676754
v -0.118066 3.768093 0.681491
v -0.113329 3.768219 0.684075
v -0.083550 4.027214 0.686492
v -0.083550 4.027214 0.686492
v -0.083550 4.027214 0.686492
v -0.083550 4.027214 0.686492
v 0.751213 2.517625 -0.482345
v 0.752758 2.517268 -0.494838
v 0.740264 2.516912 -0.496373
v 0.738719 2.517268 -0.483880
v 0.744093 2.769227 -0.491516
v 0.745366 2.770332 -0.501879
v 0.734944 2.770495 -0.503141
v 0.733671 2.769391 -0.492778
v 0.750777 3.014511 -0.431478
v 0.751795 3.015309 -0.439783
v 0.743453 3.015527 -0.440785
v 0.742435 3.014730 -0.432480
v 0.749429 3.267345 -0.445130
v 0.750182 3.268211 -0.451335
v 0.743951 3.267663 -0.452167
v 0.743198 3.266797 -0.445962
v 0.697638 3.503964 -0.371819
v 0.698213 3.503902 -0.375995
v 0.694067 3.503386 -0.376558
v 0.693492 3.503448 -0.372382
v 0.689917 3.740101 -0.463479
v 0.689917 3.740101 -0.463479
v 0.689917 3.740101 -0.463479
v 0.689917 3.740101 -0.463479
v -0.610181 2.717399 -0.520377
v -0.617297 2.716940 -0.510723
v -0.607633 2.716482 -0.503621
v -0.600517 2.716940 -0.513275
v -0.607893 2.974454 -0.505192
v -0.613804 2.975232 -0.497132
v -0.605721 2.975190 -0.491201
v -0.599811 2.974412 -0.499261
v -0.584542 3.227981 -0.548422
v -0.589299 3.228249 -0.541934
v -0.582806 3.228312 -0.537177
v -0.578049 3.228045 -0.543665
v -0.600674 3.484288 -0.518496
v -0.604157 3.485327 -0.513630
v -0.599392 3.484314 -0.510002
v -0.595909 3.483275 -0.514868
v -0.469257 3.700739 -0.564369
v -0.471514 3.701982 -0.561183
v -0.468115 3.702371 -0.558927
v -0.465859 3.701128 -0.562113
v -0.556611 3.925448 -0.655665
v -0.556611 3.925448 -0.655665
v -0.556611 3.925448 -0.655665
v -0.556611 3.925448 -0.655665
v 0.566790 2.807654 0.440324
v 0.572883 2.806696 0.435320
v 0.567790 2.805738 0.429301
v 0.561696 2.806696 0.434305
v 0.570577 3.044630 0.398572
v 0.575784 3.044613 0.394231
v 0.571443 3.044591 0.389024
v 0.566236 3.044608 0.393365
v 0.566821 3.282450 0.436795
v 0.571131 3.282853 0.433220
v 0.567534 3.283252 0.428928
v 0.563224 3.282849 0.432503
v 0.566058 3.524648 0.445360
v 0.569502 3.524539 0.442544
v 0.566732 3.523589 0.439194
v 0.563288 3.523698 0.442010
v 0.512336 3.740472 0.350647
v 0.514900 3.739990 0.348649
v 0.512845 3.739461 0.346140
v 0.510281 3.739942 0.348138
v 0.572736 3.973723 0.342125
v 0.572736 3.973723 0.342125
v 0.572736 3.973723 0.342125
v 0.572736 3.973723 0.342125
v 0.068521 3.026196 -0.603518
v 0.059573 3.025202 -0.605457
v 0.057739 3.024209 -0.596487
v 0.066688 3.025202 -0.594548
v 0.037055 3.262478 -0.583006
v 0.029430 3.262645 -0.584601
v 0.027834 3.262638 -0.576974
v 0.035459 3.262470 -0.575379
v 0.076772 3.498462 -0.599966
v 0.070537 3.498688 -0.601271
v 0.069234 3.498790 -0.595032
v 0.075470 3.498564 -0.593727
v 0.053371 3.737478 -0.585912
v 0.048531 3.737840 -0.586915
v 0.047488 3.737219 -0.582109
v 0.052329 3.736857 -0.581106
v 0.096680 3.967843 -0.533577
v 0.093222 3.967769 -0.534328
v 0.092479 3.967502 -0.530878
v 0.095936 3.967576 -0.530127
v 0.033656 4.199149 -0.551895
v 0.033656 4.199149 -0.551895
v 0.033656 4.199149 -0.551895
v 0.033656 4.199149 -0.551895
v -0.212744 3.225909 0.304857
v -0.214049 3.225063 0.312882
v -0.206010 3.224218 0.314100
v -0.204705 3.225063 0.306075
v -0.192288 3.454500 0.332942
v -0.193366 3.454701 0.339819
v -0.186487 3.454827 0.340894
v -0.185409 3.454626 0.334017
v -0.217855 3.681217 0.291873
v -0.218748 3.681473 0.297551
v -0.213069 3.681738 0.298432
v -0.212176 3.681482 0.292754
v -0.208995 3.912238 0.310914
v -0.209710 3.913064 0.315323
v -0.205224 3.913160 0.316033
v -0.204509 3.912334 0.311623
v -0.213289 4.121541 0.211321
v -0.213810 4.122052 0.214572
v -0.210527 4.122369 0.215048
v -0.210006 4.121858 0.211797
v -0.238736 4.350984 0.239542
v -0.238736 4.350984 0.239542
v -0.238736 4.350984 0.239542
v -0.238736 4.350984 0.239542
v 0.364754 3.105390 -0.067837
v 0.363239 3.105013 -0.074464
v 0.356617 3.104637 -0.072929
v 0.358131 3.105013 -0.066302
v 0.348475 3.340796 -0.078034
v 0.347171 3.341288 -0.083737
v 0.341462 3.341599 -0.082405
v 0.342766 3.341107 -0.076702
v 0.396469 3.568433 -0.036076
v 0.395422 3.569261 -0.040826
v 0.390670 3.569905 -0.039667
v 0.391717 3.569077 -0.034917
v 0.425426 3.803407 -0.015389
v 0.424550 3.803502 -0.019287
v 0.420661 3.803197 -0.018421
v 0.421536 3.803103 -0.014523
v 0.363248 4.032394 -0.018245
v 0.362620 4.032043 -0.021218
v 0.359653 4.031711 -0.020552
v 0.360281 4.032062 -0.017579
v 0.361971 4.265708 -0.058531
v 0.361971 4.265708 -0.058531
v 0.361971 4.265708 -0.058531
v 0.361971 4.265708 -0.058531
v -0.770446 2.827919 -0.639905
v -0.768229 2.826128 -0.647182
v -0.775618 2.824337 -0.648992
v -0.777835 2.826128 -0.641715
v -0.807615 3.044574 -0.705268
v -0.805892 3.044281 -0.711712
v -0.812303 3.043464 -0.713389
v -0.814026 3.043757 -0.706945
v -0.819201 3.271255 -0.674269
v -0.817807 3.272047 -0.679570
v -0.823161 3.272488 -0.680913
v -0.824556 3.271696 -0.675613
v -0.789326 3.496083 -0.634115
v -0.788248 3.496342 -0.638371
v -0.792480 3.496952 -0.639406
v -0.793557 3.496694 -0.635149
v -0.764763 3.725144 -0.634137
v -0.763949 3.725497 -0.637274
v -0.767097 3.725825 -0.638054
v -0.767912 3.725472 -0.634917
v -0.758580 3.948128 -0.577568
v -0.758580 3.948128 -0.577568
v -0.758580 3.948128 -0.577568
v -0.758580 3.948128 -0.577568
v -0.066454 2.991384 0.742135
v -0.059468 2.990869 0.740706
v -0.060932 2.990353 0.733728
v -0.067918 2.990869 0.735156
v -0.052879 3.225131 0.721467
v -0.046870 3.225454 0.720230
v -0.048123 3.225770 0.714224
v -0.054132 3.225447 0.715461
v -0.084802 3.453664 0.769320
v -0.079790 3.454139 0.768296
v -0.080828 3.454248 0.763265
v -0.085840 3.453773 0.764289
v -0.092239 3.688126 0.738482
v -0.088186 3.687951 0.737695
v -0.088990 3.687261 0.733701
v -0.093044 3.687436 0.734487
v -0.079730 3.918054 0.687181
v -0.076681 3.917637 0.686631
v -0.077280 3.917282 0.683583
v -0.080329 3.917698 0.684133
v -0.039034 4.149770 0.672094
v -0.039034 4.149770 0.672094
v -0.039034 4.149770 0.672094
v -0.039034 4.149770 0.672094
v 0.724106 2.721539 -0.513535
v 0.724218 2.721113 -0.518693
v 0.719060 2.720688 -0.518769
v 0.718948 2.721113 -0.513612
v 0.705588 2.945513 -0.532764
v 0.705660 2.945901 -0.537312
v 0.701096 2.945963 -0.537379
v 0.701024 2.945574 -0.532831
v 0.728895 3.163074 -0.476273
v 0.728959 3.163469 -0.480207
v 0.725010 3.163657 -0.480253
v 0.724945 3.163262 -0.476319
v 0.725561 3.389194 -0.488506
v 0.725615 3.389542 -0.491831
v 0.722293 3.389178 -0.491923
v 0.722239 3.388830 -0.488598
v 0.678795 3.603120 -0.431685
v 0.678857 3.603250 -0.434413
v 0.676146 3.602920 -0.434491
v 0.676084 3.602791 -0.431762
v 0.670312 3.825908 -0.470722
v 0.670312 3.825908 -0.470722
v 0.670312 3.825908 -0.470722
v 0.670312 3.825908 -0.470722
v -0.850979 2.848852 0.486453
v -0.845336 2.848641 0.488995
v -0.842800 2.848430 0.483348
v -0.848444 2.848641 0.480806
v -0.840411 3.069234 0.482460
v -0.835578 3.070056 0.484673
v -0.833424 3.070586 0.479772
v -0.838258 3.069764 0.477559
v -0.927298 3.271909 0.497814
v -0.923276 3.272943 0.499709
v -0.921532 3.273746 0.495568
v -0.925554 3.272712 0.493673
v -0.961895 3.490828 0.512112
v -0.958548 3.491482 0.513673
v -0.956943 3.491349 0.510286
v -0.960289 3.490695 0.508725
v -0.988642 3.702261 0.451009
v -0.986001 3.702579 0.452251
v -0.984736 3.702396 0.449608
v -0.987377 3.702079 0.448366
v -0.990373 3.923228 0.466542
v -0.990373 3.923228 0.466542
v -0.990373 3.923228 0.466542
v -0.990373 3.923228 0.466542
v 0.847766 2.721601 0.416377
v 0.847651 2.721278 0.421370
v 0.852645 2.720955 0.421464
v 0.852760 2.721278 0.416471
v 0.861479 2.932613 0.430665
v 0.861374 2.932816 0.435088
v 0.865789 2.933162 0.435177
v 0.865893 2.932960 0.430754
v 0.816079 3.137227 0.397158
v 0.815973 3.137553 0.400995
v 0.819791 3.138052 0.401058
v 0.819898 3.137726 0.397222
v 0.808200 3.349424 0.394391
v 0.808094 3.349791 0.397643
v 0.811293 3.350489 0.397669
v 0.811400 3.350122 0.394416
v 0.728848 3.541421 0.349243
v 0.728752 3.541790 0.351914
v 0.731445 3.541932 0.351992
v 0.731541 3.541564 0.349321
v 0.790432 3.745209 0.340846
v 0.790432 3.745209 0.340846
v 0.790432 3.745209 0.340846
v 0.790432 3.745209 0.340846
v -0.130535 3.010445 -0.154321
v -0.134236 3.010291 -0.157352
v -0.137262 3.010137 -0.153648
v -0.133562 3.010291 -0.150618
v -0.140685 3.224815 -0.153311
v -0.143940 3.225324 -0.156001
v -0.146601 3.225714 -0.152708
v -0.143347 3.225205 -0.150018
v -0.067696 3.426928 -0.152310
v -0.070516 3.427505 -0.154666
v -0.072780 3.428175 -0.151791
v -0.069959 3.427598 -0.149436
v -0.041400 3.640281 -0.171191
v -0.043839 3.640591 -0.173219
v -0.045890 3.640231 -0.170807
v -0.043452 3.639920 -0.168779
v -0.067710 3.838323 -0.090206
v -0.069716 3.838300 -0.091943
v -0.071393 3.837632 -0.089997
v -0.069387 3.837655 -0.088260
v -0.115730 4.048141 -0.093014
v -0.115730 4.048141 -0.093014
v -0.115730 4.048141 -0.093014
v -0.115730 4.048141 -0.093014
v -0.192102 3.346370 0.315505
v -0.193847 3.345966 0.311269
v -0.198069 3.345563 0.313048
v -0.196324 3.345966 0.317283
v -0.219040 3.576230 0.304425
v -0.220607 3.576255 0.300633
v -0.224391 3.576528 0.302198
v -0.222823 3.576504 0.305990
v -0.163540 3.801785 0.306106
v -0.164923 3.801676 0.302775
v -0.168255 3.801753 0.304156
v -0.166872 3.801862 0.307487
v -0.215967 4.027543 0.287890
v -0.217153 4.027078 0.285050
v -0.220027 4.027122 0.286244
v -0.218841 4.027587 0.289083
v -0.184432 4.252215 0.240446
v -0.185410 4.252223 0.238019
v -0.187810 4.252611 0.238987
v -0.186831 4.252604 0.241415
v -0.154316 4.481264 0.262859
v -0.154316 4.481264 0.262859
v -0.154316 4.481264 0.262859
v -0.154316 4.481264 0.262859
v 0.949834 2.702396 -0.518841
v 0.953177 2.701116 -0.514953
v 0.956849 2.699835 -0.518532
v 0.953506 2.701116 -0.522420
v 1.034022 2.932055 -0.515128
v 1.037125 2.931452 -0.511714
v 1.040408 2.930492 -0.514868
v 1.037305 2.931095 -0.518281
v 1.066889 3.172712 -0.541213
v 1.069640 3.172744 -0.538282
v 1.072571 3.172666 -0.541031
v 1.069820 3.172634 -0.543962
v 1.039086 3.415079 -0.524337
v 1.041392 3.415254 -0.521863
v 1.043812 3.415837 -0.524160
v 1.041506 3.415662 -0.526634
v 0.989185 3.653830 -0.501898
v 0.991023 3.654190 -0.499879
v 0.993017 3.654510 -0.501752
v 0.991179 3.654150 -0.503771
v 0.956747 3.894779 -0.532620
v 0.956747 3.894779 -0.532620
v 0.956747 3.894779 -0.532620
v 0.956747 3.894779 -0.532620
v -0.580695 2.929690 -0.471757
v -0.583862 2.929325 -0.468681
v -0.580764 2.928961 -0.465535
v -0.577597 2.929325 -0.468611
v -0.581023 3.176873 -0.442381
v -0.583859 3.177186 -0.439622
v -0.581082 3.177471 -0.436801
v -0.578247 3.177159 -0.439559
v -0.577821 3.412750 -0.522949
v -0.580327 3.413174 -0.520533
v -0.577874 3.413669 -0.518076
v -0.575368 3.413244 -0.520492
v -0.587066 3.662578 -0.533255
v -0.589260 3.662697 -0.531147
v -0.587203 3.662132 -0.528974
v -0.585009 3.662014 -0.531082
v -0.502254 3.888734 -0.470332
v -0.504131 3.888714 -0.468557
v -0.502372 3.888345 -0.466701
v -0.500495 3.888364 -0.468476
v -0.542771 4.134554 -0.479091
v -0.542771 4.134554 -0.479091
v -0.542771 4.134554 -0.479091
v -0.542771 4.134554 -0.479091
v 0.573004 3.007799 0.456797
v 0.576153 3.007606 0.455828
v 0.575174 3.007413 0.452683
v 0.572025 3.007606 0.453651
v 0.581247 3.217990 0.441181
v 0.584163 3.218265 0.440282
v 0.583249 3.218406 0.437360
v 0.580333 3.218131 0.438260
v 0.543239 3.421126 0.485813
v 0.545936 3.421055 0.484963
v 0.545091 3.421226 0.482269
v 0.542395 3.421298 0.483119
v 0.598613 3.623926 0.461245
v 0.601067 3.623601 0.460473
v 0.600269 3.623413 0.458014
v 0.597815 3.623737 0.458786
v 0.583778 3.833585 0.440754
v 0.586013 3.833672 0.440010
v 0.585285 3.833363 0.437789
v 0.583051 3.833276 0.438534
v 0.567278 4.042295 0.411872
v 0.567278 4.042295 0.411872
v 0.567278 4.042295 0.411872
v 0.567278 4.042295 0.411872
v 0.086299 3.176033 -0.613745
v 0.089787 3.175879 -0.611234
v 0.092293 3.175724 -0.614725
v 0.088805 3.175879 -0.617236
v 0.097856 3.398604 -0.615646
v 0.100979 3.398818 -0.613380
v 0.103212 3.399277 -0.616500
v 0.100089 3.399063 -0.618767
v 0.036676 3.611130 -0.585799
v 0.039429 3.611450 -0.583779
v 0.041389 3.612002 -0.586537
v 0.038637 3.611682 -0.588557
v 0.023143 3.834596 -0.582005
v 0.025575 3.834151 -0.580318
v 0.027299 3.834321 -0.582759
v 0.024867 3.834767 -0.584445
v 0.076367 4.044705 -0.527913
v 0.078463 4.044553 -0.526456
v 0.079918 4.044468 -0.528557
v 0.077822 4.044621 -0.530014
v 0.054135 4.260663 -0.579431
v 0.054135 4.260663 -0.579431
v 0.054135 4.260663 -0.579431
v 0.054135 4.260663 -0.579431
v -0.856787 2.878198 0.490606
v -0.851754 2.878071 0.490382
v -0.851981 2.877944 0.485349
v -0.857014 2.878071 0.485573
v -0.850558 3.124027 0.483783
v -0.846121 3.124408 0.483608
v -0.846340 3.124928 0.479188
v -0.850776 3.124547 0.479363
v -0.895132 3.357305 0.548370
v -0.891341 3.358093 0.548291
v -0.891569 3.358809 0.544493
v -0.895359 3.358021 0.544571
v -0.946378 3.597180 0.578135
v -0.943100 3.597426 0.578024
v -0.943214 3.597458 0.574737
v -0.946492 3.597213 0.574848
v -0.930738 3.842358 0.553877
v -0.928034 3.842387 0.553793
v -0.928115 3.842112 0.551104
v -0.930818 3.842083 0.551187
v -0.951543 4.086441 0.526650
v -0.951543 4.086441 0.526650
v -0.951543 4.086441 0.526650
v -0.951543 4.086441 0.526650
v 0.853322 2.735585 0.419542
v 0.856128 2.735235 0.422762
v 0.859329 2.734886 0.419934
v 0.856522 2.735235 0.416715
v 0.880246 2.964745 0.421301
v 0.882781 2.964962 0.424194
v 0.885669 2.965136 0.421650
v 0.883134 2.964919 0.418757
v 0.821651 3.188127 0.413849
v 0.823893 3.188396 0.416417
v 0.826438 3.188745 0.414159
v 0.824195 3.188476 0.411591
v 0.821963 3.419099 0.425198
v 0.823888 3.419582 0.427431
v 0.826134 3.419717 0.425466
v 0.824209 3.419234 0.423233
v 0.758682 3.635126 0.372016
v 0.760330 3.635524 0.373927
v 0.762270 3.635458 0.372267
v 0.760622 3.635061 0.370357
v 0.787081 3.864882 0.364564
v 0.787081 3.864882 0.364564
v 0.787081 3.864882 0.364564
v 0.787081 3.864882 0.364564
v -0.135374 3.021251 -0.153440
v -0.138469 3.021163 -0.156383
v -0.141411 3.021075 -0.153287
v -0.138317 3.021163 -0.150344
v -0.142391 3.249135 -0.153264
v -0.145146 3.249537 -0.155911
v -0.147765 3.249924 -0.153127
v -0.145010 3.249521 -0.150479
v -0.070591 3.466143 -0.153720
v -0.073065 3.466255 -0.156067
v -0.075401 3.466505 -0.153593
v -0.072927 3.466392 -0.151246
v -0.110075 3.690960 -0.166707
v -0.112236 3.691073 -0.168759
v -0.114288 3.691095 -0.166595
v -0.112127 3.690982 -0.164544
v -0.056697 3.911841 -0.144451
v -0.058537 3.912104 -0.146199
v -0.060293 3.912112 -0.144348
v -0.058453 3.911849 -0.142601
v -0.077376 4.139492 -0.135671
v -0.077376 4.139492 -0.135671
v -0.077376 4.139492 -0.135671
v -0.077376 4.139492 -0.135671
v -0.075416 3.046841 0.751420
v -0.070575 3.046521 0.750183
v -0.071832 3.046202 0.745348
v -0.076672 3.046521 0.746584
v -0.064859 3.271061 0.733541
v -0.060582 3.271409 0.732446
v -0.061698 3.271666 0.728168
v -0.065975 3.271318 0.729263
v -0.102311 3.487497 0.784333
v -0.098588 3.487736 0.783371
v -0.099578 3.488499 0.779728
v -0.103301 3.488261 0.780689
v -0.068479 3.707398 0.825354
v -0.065321 3.707258 0.824496
v -0.066174 3.707374 0.821336
v -0.069332 3.707514 0.822194
v -0.079413 3.930987 0.793871
v -0.076820 3.930724 0.793172
v -0.077545 3.930442 0.790588
v -0.080138 3.930705 0.791287
v -0.037704 4.151274 0.766557
v -0.037704 4.151274 0.766557
v -0.037704 4.151274 0.766557
v -0.037704 4.151274 0.766557
v 0.715091 2.760721 -0.523430
v 0.714814 2.760594 -0.519527
v 0.718718 2.760466 -0.519254
v 0.718995 2.760594 -0.523157
v 0.722392 2.995641 -0.515039
v 0.722126 2.995827 -0.511498
v 0.725646 2.996270 -0.511257
v 0.725912 2.996084 -0.514799
v 0.659628 3.219491 -0.551360
v 0.659350 3.219892 -0.548200
v 0.662466 3.220583 -0.548014
v 0.662744 3.220182 -0.551174
v 0.625610 3.451307 -0.580900
v 0.625434 3.451110 -0.578073
v 0.628265 3.451225 -0.577889
v 0.628441 3.451422 -0.580716
v 0.639271 3.678747 -0.520304
v 0.639118 3.678607 -0.517833
v 0.641589 3.678463 -0.517687
v 0.641743 3.678603 -0.520159
v 0.652193 3.911620 -0.551838
v 0.652193 3.911620 -0.551838
v 0.652193 3.911620 -0.551838
v 0.652193 3.911620 -0.551838
v -0.851374 2.879109 0.489456
v -0.853258 2.879041 0.484822
v -0.857891 2.878973 0.486706
v -0.856008 2.879041 0.491340
v -0.855883 3.110850 0.487542
v -0.857536 3.111344 0.483465
v -0.861631 3.111466 0.485141
v -0.859978 3.110972 0.489217
v -0.821004 3.335932 0.531895
v -0.822437 3.336424 0.528355
v -0.825993 3.336602 0.529820
v -0.824561 3.336110 0.533359
v -0.814502 3.568407 0.533740
v -0.815781 3.567884 0.530772
v -0.818793 3.568229 0.532008
v -0.817514 3.568753 0.534976
v -0.805690 3.783010 0.445877
v -0.806727 3.782977 0.443387
v -0.809214 3.783130 0.444420
v -0.808177 3.783163 0.446911
v -0.795994 4.003039 0.518505
v -0.795994 4.003039 0.518505
v -0.795994 4.003039 0.518505
v -0.795994 4.003039 0.518505
v 0.574032 3.011687 0.457321
v 0.576469 3.011266 0.455249
v 0.574356 3.010844 0.452848
v 0.571918 3.011266 0.454920
v 0.577342 3.255315 0.411485
v 0.579620 3.255170 0.409529
v 0.577663 3.255199 0.407248
v 0.575385 3.255344 0.409204
v 0.595126 3.500599 0.445182
v 0.597238 3.500529 0.443369
v 0.595424 3.500511 0.441257
v 0.593312 3.500581 0.443070
v 0.584606 3.744622 0.400669
v 0.586540 3.744784 0.398994
v 0.584879 3.744564 0.397054
v 0.582945 3.744401 0.398729
v 0.544135 3.987318 0.433267
v 0.545909 3.987362 0.431738
v 0.544380 3.987341 0.429963
v 0.542606 3.987297 0.431493
v 0.574870 4.231849 0.401511
v 0.574870 4.231849 0.401511
v 0.574870 4.231849 0.401511
v 0.574870 4.231849 0.401511
v 0.089728 3.178528 -0.617354
v 0.086642 3.177851 -0.614521
v 0.089554 3.177175 -0.611510
v 0.092641 3.177851 -0.614342
v 0.088035 3.421071 -0.560879
v 0.085265 3.421114 -0.558250
v 0.087892 3.420985 -0.555481
v 0.090662 3.420942 -0.558110
v 0.105081 3.665179 -0.608717
v 0.102623 3.665374 -0.606384
v 0.104963 3.665521 -0.603930
v 0.107422 3.665326 -0.606263
v 0.093897 3.915043 -0.595280
v 0.091710 3.914592 -0.593322
v 0.093697 3.913678 -0.591313
v 0.095884 3.914129 -0.593271
v 0.152436 4.110707 -0.452537
v 0.150673 4.111036 -0.450729
v 0.152439 4.110647 -0.448937
v 0.154201 4.110317 -0.450744
v 0.176300 4.318701 -0.586598
v 0.176300 4.318701 -0.586598
v 0.176300 4.318701 -0.586598
v 0.176300 4.318701 -0.586598
v -0.857896 2.879205 0.489441
v -0.853274 2.879048 0.491347
v -0.851372 2.878891 0.486723
v -0.855995 2.879048 0.484817
v -0.848665 3.095181 0.485584
v -0.844575 3.095224 0.487276
v -0.842893 3.095608 0.483200
v -0.846983 3.095565 0.481508
v -0.875199 3.307003 0.521982
v -0.871641 3.307023 0.523452
v -0.870175 3.307284 0.519902
v -0.873734 3.307264 0.518432
v -0.860976 3.523470 0.511229
v -0.857982 3.523058 0.512488
v -0.856791 3.522535 0.509483
v -0.859785 3.522947 0.508224
v -0.798378 3.727982 0.478581
v -0.795889 3.727818 0.479609
v -0.794865 3.727727 0.477115
v -0.797354 3.727891 0.476087
v -0.830039 3.939819 0.507041
v -0.830039 3.939819 0.507041
v -0.830039 3.939819 0.507041
v -0.830039 3.939819 0.507041
v -0.801809 2.889570 -0.664586
v -0.802643 2.888731 -0.669447
v -0.807478 2.887892 -0.668472
v -0.806644 2.888731 -0.663612
v -0.848424 3.119220 -0.696539
v -0.849219 3.118926 -0.700883
v -0.853566 3.118722 -0.700073
v -0.852770 3.119016 -0.695729
v -0.829273 3.355158 -0.691725
v -0.829983 3.355268 -0.695507
v -0.833763 3.355072 -0.694803
v -0.833053 3.354962 -0.691020
v -0.870162 3.588149 -0.679481
v -0.870767 3.588296 -0.682695
v -0.873981 3.588422 -0.682085
v -0.873376 3.588274 -0.678871
v -0.808640 3.816808 -0.674991
v -0.809137 3.816944 -0.677639
v -0.811770 3.817229 -0.677130
v -0.811273 3.817093 -0.674482
v -0.819129 4.053673 -0.666914
v -0.819129 4.053673 -0.666914
v -0.819129 4.053673 -0.666914
v -0.819129 4.053673 -0.666914
v 0.953811 2.708125 -0.518793
v 0.957935 2.707145 -0.516137
v 0.960425 2.706165 -0.520363
v 0.956301 2.707145 -0.523020
v 1.019816 2.941947 -0.534475
v 1.023494 2.941203 -0.532128
v 1.025807 2.940800 -0.535880
v 1.022128 2.941544 -0.538227
v 1.046901 3.182718 -0.513047
v 1.050156 3.182616 -0.510993
v 1.052212 3.182702 -0.514247
v 1.048957 3.182803 -0.516301
v 1.025624 3.425053 -0.518779
v 1.028386 3.425060 -0.517021
v 1.030092 3.425835 -0.519705
v 1.027330 3.425827 -0.521463
v 0.986462 3.644361 -0.418941
v 0.988748 3.644027 -0.417547
v 0.990167 3.644190 -0.419835
v 0.987881 3.644523 -0.421229
v 1.061142 3.872003 -0.466911
v 1.061142 3.872003 -0.466911
v 1.061142 3.872003 -0.466911
v 1.061142 3.872003 -0.466911
v -0.076062 3.046829 0.750973
v -0.071066 3.046618 0.750827
v -0.071221 3.046408 0.745831
v -0.076217 3.046618 0.745978
v -0.065726 3.291693 0.740005
v -0.061329 3.292186 0.739887
v -0.061484 3.292513 0.735476
v -0.065881 3.292020 0.735594
v -0.128088 3.524532 0.787645
v -0.124273 3.525043 0.787551
v -0.124431 3.525517 0.783734
v -0.128246 3.525006 0.783828
v -0.127820 3.770817 0.801388
v -0.124547 3.770772 0.801314
v -0.124627 3.770271 0.798080
v -0.127899 3.770315 0.798154
v -0.122802 4.000417 0.713245
v -0.120113 4.000204 0.713207
v -0.120171 3.999961 0.710521
v -0.122860 4.000174 0.710559
v -0.089579 4.239921 0.756467
v -0.089579 4.239921 0.756467
v -0.089579 4.239921 0.756467
v -0.089579 4.239921 0.756467
v -0.190763 3.359973 0.315694
v -0.192617 3.359351 0.311931
v -0.196339 3.358729 0.313867
v -0.194485 3.359351 0.317630
v -0.239788 3.601523 0.299653
v -0.241485 3.601425 0.296235
v -0.244893 3.601779 0.297918
v -0.243196 3.601878 0.301336
v -0.157030 3.834001 0.284887
v -0.158485 3.834261 0.281832
v -0.161445 3.835021 0.283307
v -0.159990 3.834760 0.286361
v -0.124731 4.080103 0.285182
v -0.126068 4.079817 0.282546
v -0.128719 4.079992 0.283872
v -0.127382 4.080278 0.286508
v -0.152889 4.319937 0.229610
v -0.154037 4.319781 0.227343
v -0.156305 4.319705 0.228497
v -0.155157 4.319861 0.230764
v -0.153188 4.564955 0.264446
v -0.153188 4.564955 0.264446
v -0.153188 4.564955 0.264446
v -0.153188 4.564955 0.264446
v 0.092228 3.178212 -0.615909
v 0.088154 3.177851 -0.617038
v 0.087054 3.177490 -0.612955
v 0.091129 3.177851 -0.611826
v 0.068824 3.397970 -0.602551
v 0.065144 3.398138 -0.603558
v 0.064142 3.398270 -0.599874
v 0.067822 3.398101 -0.598868
v 0.114251 3.613775 -0.625047
v 0.110979 3.613917 -0.625941
v 0.110107 3.614334 -0.622687
v 0.113379 3.614192 -0.621792
v 0.100135 3.834124 -0.649504
v 0.097277 3.834318 -0.650288
v 0.096481 3.834129 -0.647432
v 0.099340 3.833935 -0.646649
v 0.133671 4.045474 -0.590630
v 0.131224 4.045290 -0.591309
v 0.130540 4.045336 -0.588857
v 0.132987 4.045520 -0.588178
v 0.071520 4.245611 -0.663745
v 0.071520 4.245611 -0.663745
v 0.071520 4.245611 -0.663745
v 0.071520 4.245611 -0.663745
v -0.135483 3.021583 -0.153761
v -0.138868 3.021325 -0.156342
v -0.141437 3.021067 -0.152948
v -0.138052 3.021325 -0.150367
v -0.157066 3.271297 -0.150799
v -0.160113 3.271142 -0.153124
v -0.162442 3.271478 -0.150094
v -0.159395 3.271633 -0.147769
v -0.125617 3.515233 -0.200424
v -0.128320 3.515205 -0.202498
v -0.130390 3.515470 -0.199804
v -0.127687 3.515497 -0.197730
v -0.137420 3.765244 -0.183741
v -0.139740 3.765690 -0.185555
v -0.141560 3.765795 -0.183200
v -0.139240 3.765349 -0.181386
v -0.057154 4.002567 -0.168718
v -0.059168 4.002722 -0.170274
v -0.060712 4.002936 -0.168256
v -0.058698 4.002782 -0.166699
v -0.091181 4.249901 -0.197993
v -0.091181 4.249901 -0.197993
v -0.091181 4.249901 -0.197993
v -0.091181 4.249901 -0.197993
v 0.853493 2.735887 0.419364
v 0.856072 2.735558 0.422750
v 0.859442 2.735228 0.420151
v 0.856863 2.735558 0.416765
v 0.879851 2.974887 0.422848
v 0.882181 2.975039 0.425896
v 0.885223 2.975230 0.423562
v 0.882894 2.975078 0.420514
v 0.823901 3.209091 0.418914
v 0.825970 3.209222 0.421621
v 0.828662 3.209519 0.419549
v 0.826593 3.209388 0.416842
v 0.836316 3.449204 0.433706
v 0.838098 3.449555 0.436069
v 0.840456 3.449773 0.434258
v 0.838673 3.449422 0.431895
v 0.763547 3.675799 0.395769
v 0.765075 3.676080 0.397793
v 0.767113 3.676051 0.396259
v 0.765586 3.675770 0.394235
v 0.811711 3.912280 0.389914
v 0.811711 3.912280 0.389914
v 0.811711 3.912280 0.389914
v 0.811711 3.912280 0.389914
v 0.382645 3.198080 -0.054267
v 0.382021 3.197924 -0.058158
v 0.378132 3.197767 -0.057528
v 0.378756 3.197924 -0.053637
v 0.372173 3.423117 -0.061838
v 0.371620 3.423507 -0.065352
v 0.368101 3.423791 -0.064767
v 0.368654 3.423400 -0.061253
v 0.424603 3.637253 -0.012397
v 0.424070 3.637269 -0.015567
v 0.420923 3.637652 -0.015036
v 0.421456 3.637636 -0.011866
v 0.423404 3.856359 -0.068633
v 0.422927 3.856267 -0.071441
v 0.420119 3.856167 -0.070961
v 0.420596 3.856259 -0.068153
v 0.406524 4.077103 -0.024152
v 0.406096 4.077241 -0.026596
v 0.403655 4.077029 -0.026180
v 0.404083 4.076891 -0.023736
v 0.388276 4.301909 -0.038827
v 0.388276 4.301909 -0.038827
v 0.388276 4.301909 -0.038827
v 0.388276 4.301909 -0.038827
v 0.574837 3.011796 0.457209
v 0.576377 3.011267 0.454423
v 0.573550 3.010738 0.452960
v 0.572010 3.011267 0.455746
v 0.559122 3.238723 0.405317
v 0.560541 3.238585 0.402671
v 0.557892 3.238429 0.401259
v 0.556473 3.238567 0.403906
v 0.563559 3.471236 0.427065
v 0.564873 3.471130 0.424612
v 0.562418 3.471100 0.423298
v 0.561104 3.471206 0.425751
v 0.562941 3.701521 0.387207
v 0.564137 3.701650 0.384943
v 0.561894 3.701343 0.383741
v 0.560698 3.701213 0.386005
v 0.504147 3.924903 0.421416
v 0.505221 3.925176 0.419352
v 0.503156 3.925014 0.418257
v 0.502083 3.924742 0.420321
v 0.509314 4.158547 0.418183
v 0.509314 4.158547 0.418183
v 0.509314 4.158547 0.418183
v 0.509314 4.158547 0.418183
v -0.578432 2.934503 -0.465110
v -0.577540 2.934269 -0.469284
v -0.581716 2.934035 -0.470163
v -0.582608 2.934269 -0.465990
v -0.588799 3.174916 -0.481050
v -0.587992 3.175085 -0.484804
v -0.591739 3.175399 -0.485596
v -0.592547 3.175230 -0.481842
v -0.545039 3.408305 -0.437036
v -0.544323 3.408440 -0.440370
v -0.547638 3.408861 -0.441065
v -0.548354 3.408726 -0.437731
v -0.535336 3.649205 -0.450820
v -0.534677 3.649640 -0.453696
v -0.537571 3.650028 -0.454301
v -0.538230 3.649593 -0.451425
v -0.500430 3.869318 -0.357523
v -0.499862 3.869928 -0.359934
v -0.502344 3.869909 -0.360524
v -0.502912 3.869298 -0.358112
v -0.565611 4.102105 -0.344873
v -0.565611 4.102105 -0.344873
v -0.565611 4.102105 -0.344873
v -0.565611 4.102105 -0.344873
v 0.715068 2.761027 -0.523379
v 0.714845 2.760623 -0.519492
v 0.718734 2.760220 -0.519312
v 0.718957 2.760623 -0.523199
v 0.736803 2.979386 -0.499282
v 0.736606 2.979150 -0.495740
v 0.740156 2.979192 -0.495540
v 0.740352 2.979428 -0.499082
v 0.708575 3.198520 -0.494284
v 0.708399 3.198276 -0.491101
v 0.711590 3.198345 -0.490920
v 0.711766 3.198589 -0.494102
v 0.725829 3.416915 -0.466027
v 0.725680 3.416627 -0.463207
v 0.728473 3.417092 -0.463012
v 0.728622 3.417380 -0.465832
v 0.636278 3.618472 -0.454817
v 0.636100 3.618504 -0.452344
v 0.638540 3.618913 -0.452173
v 0.638718 3.618881 -0.454647
v 0.657349 3.837767 -0.474990
v 0.657349 3.837767 -0.474990
v 0.657349 3.837767 -0.474990
v 0.657349 3.837767 -0.474990
v 0.236321 1.630881 -0.119131
v 0.254625 1.628218 -0.125427
v 0.247984 1.625556 -0.143608
v 0.229680 1.628218 -0.137312
v 0.261877 1.911748 -0.172734
v 0.274803 1.911098 -0.177329
v 0.270167 1.909872 -0.190197
v 0.257242 1.910522 -0.185603
v 0.248093 2.197490 -0.183646
v 0.255525 2.198296 -0.186282
v 0.252814 2.199085 -0.193689
v 0.245381 2.198280 -0.191053
v 0.230828 2.474196 -0.108499
v 0.230828 2.474196 -0.108499
v 0.230828 2.474196 -0.108499
v 0.230828 2.474196 -0.108499
v 0.149639 2.132615 -0.083667
v 0.148052 2.130781 -0.091209
v 0.140612 2.128947 -0.089197
v 0.142199 2.130781 -0.081655
v 0.067546 2.393320 -0.133961
v 0.067546 2.393320 -0.133961
v 0.067546 2.393320 -0.133961
v 0.067546 2.393320 -0.133961
v 0.251740 2.201662 -0.192955
v 0.245085 2.198288 -0.190280
v 0.249166 2.194914 -0.184380
v 0.255822 2.198288 -0.187055
v 0.201880 2.422368 -0.026913
v 0.201880 2.422368 -0.026913
v 0.201880 2.422368 -0.026913
v 0.201880 2.422368 -0.026913
v -0.338642 1.691272 0.196673
v -0.340375 1.684996 0.234414
v -0.302601 1.678719 0.235105
v -0.300868 1.684996 0.197364
v -0.272054 2.071723 0.267705
v -0.273036 2.069613 0.296867
v -0.243922 2.066861 0.297648
v -0.242940 2.068971 0.268486
v -0.258539 2.463056 0.264521
v -0.258723 2.466979 0.284346
v -0.238594 2.465249 0.284875
v -0.238410 2.461326 0.265050
v -0.194353 2.827668 0.127510
v -0.194507 2.828319 0.138656
v -0.183345 2.828554 0.138797
v -0.183190 2.827904 0.127651
v -0.263620 3.203390 0.231348
v -0.263620 3.203390 0.231348
v -0.263620 3.203390 0.231348
v -0.263620 3.203390 0.231348
v -0.025227 2.292072 0.238039
v -0.014382 2.290049 0.223241
v -0.029311 2.288025 0.212578
v -0.040155 2.290049 0.227375
v -0.034386 2.622454 0.181006
v -0.028397 2.621114 0.172862
v -0.036633 2.620805 0.166857
v -0.042622 2.622145 0.175001
v 0.008306 2.952896 0.142379
v 0.008306 2.952896 0.142379
v 0.008306 2.952896 0.142379
v 0.008306 2.952896 0.142379
v -0.254575 2.470937 0.285113
v -0.236607 2.464153 0.281597
v -0.242558 2.457368 0.264283
v -0.260526 2.464153 0.267799
v -0.165090 2.773886 0.130198
v -0.154714 2.773820 0.127246
v -0.157661 2.772873 0.116912
v -0.168036 2.772939 0.119864
v -0.260223 3.100569 0.219701
v -0.260223 3.100569 0.219701
v -0.260223 3.100569 0.219701
v -0.260223 3.100569 0.219701
v -0.096004 2.615943 0.296586
v -0.106578 2.614914 0.300020
v -0.103054 2.613885 0.310565
v -0.092479 2.614914 0.307131
v -0.122410 3.001528 0.348944
v -0.122410 3.001528 0.348944
v -0.122410 3.001528 0.348944
v -0.122410 3.001528 0.348944
v 0.272119 2.479634 0.434573
v 0.308442 2.473461 0.445182
v 0.318082 2.467289 0.408590
v 0.281759 2.473461 0.397981
v 0.366271 2.904563 0.381320
v 0.391226 2.900779 0.388549
v 0.398180 2.898476 0.363338
v 0.373226 2.902260 0.356108
v 0.428911 3.336896 0.386863
v 0.442506 3.338160 0.390646
v 0.446307 3.338131 0.376996
v 0.432711 3.336867 0.373213
v 0.308895 3.756645 0.350116
v 0.308895 3.756645 0.350116
v 0.308895 3.756645 0.350116
v 0.308895 3.756645 0.350116
v 0.392105 2.907362 0.386921
v 0.397599 2.901520 0.361921
v 0.372347 2.895678 0.357737
v 0.366853 2.901520 0.382736
v 0.302992 3.359177 0.255346
v 0.305825 3.357098 0.241621
v 0.291969 3.355809 0.238956
v 0.289136 3.357888 0.252681
v 0.324778 3.836263 0.218907
v 0.324778 3.836263 0.218907
v 0.324778 3.836263 0.218907
v 0.324778 3.836263 0.218907
v -0.112233 2.534928 -0.472130
v -0.083330 2.532402 -0.462202
v -0.073599 2.529876 -0.491172
v -0.102503 2.532402 -0.501101
v -0.062519 2.948751 -0.496640
v -0.042517 2.948654 -0.489837
v -0.035713 2.948760 -0.509839
v -0.055716 2.948857 -0.516642
v -0.098000 3.364428 -0.472884
v -0.087027 3.364345 -0.469154
v -0.083312 3.365650 -0.480054
v -0.094285 3.365733 -0.483784
v -0.073779 3.778953 -0.412239
v -0.073779 3.778953 -0.412239
v -0.073779 3.778953 -0.412239
v -0.073779 3.778953 -0.412239
v -0.162268 2.933866 -0.543061
v -0.171791 2.927321 -0.524533
v -0.152413 2.920777 -0.516885
v -0.142890 2.927321 -0.535413
v -0.090787 3.349787 -0.353202
v -0.095749 3.348956 -0.342330
v -0.084852 3.348161 -0.337418
v -0.079891 3.348992 -0.348290
v -0.129477 3.800562 -0.450465
v -0.129477 3.800562 -0.450465
v -0.129477 3.800562 -0.450465
v -0.129477 3.800562 -0.450465
v -0.095076 3.369936 -0.481332
v -0.096721 3.365039 -0.470957
v -0.086236 3.360143 -0.471606
v -0.084591 3.365039 -0.481981
v 0.098942 3.743364 -0.267864
v 0.098942 3.743364 -0.267864
v 0.098942 3.743364 -0.267864
v 0.098942 3.743364 -0.267864
v -0.388017 2.678765 0.199758
v -0.391306 2.674488 0.171479
v -0.419503 2.670211 0.175405
v -0.416215 2.674488 0.203684
v -0.463244 3.090506 0.141585
v -0.465733 3.089678 0.121859
v -0.485465 3.089091 0.124374
v -0.482976 3.089919 0.144100
v -0.426594 3.511165 0.160889
v -0.427957 3.510953 0.149965
v -0.438756 3.512650 0.151279
v -0.437393 3.512862 0.162203
v -0.347136 3.924318 0.100876
v -0.347136 3.924318 0.100876
v -0.347136 3.924318 0.100876
v -0.347136 3.924318 0.100876
v -0.379672 3.044863 0.259460
v -0.362128 3.040775 0.256932
v -0.365586 3.036687 0.239548
v -0.383129 3.040775 0.242076
v -0.308645 3.393343 0.159008
v -0.298776 3.392177 0.157418
v -0.300446 3.391554 0.147512
v -0.310315 3.392720 0.149103
v -0.296870 3.761308 0.191412
v -0.296870 3.761308 0.191412
v -0.296870 3.761308 0.191412
v -0.296870 3.761308 0.191412
v -0.441478 3.400680 0.169740
v -0.449167 3.400020 0.177594
v -0.441286 3.399361 0.185254
v -0.433597 3.400020 0.177401
v -0.440941 3.818389 0.213073
v -0.440941 3.818389 0.213073
v -0.440941 3.818389 0.213073
v -0.440941 3.818389 0.213073
v 0.704204 2.380369 -0.379158
v 0.693189 2.370793 -0.416391
v 0.656696 2.361216 -0.403131
v 0.667711 2.370793 -0.365898
v 0.582781 2.737839 -0.440417
v 0.573682 2.733284 -0.469195
v 0.545066 2.729012 -0.459471
v 0.554164 2.733567 -0.430693
v 0.556788 3.117060 -0.459524
v 0.550070 3.119225 -0.479362
v 0.530116 3.118839 -0.472648
v 0.536834 3.116673 -0.452809
v 0.583063 3.489828 -0.367710
v 0.579354 3.490364 -0.378676
v 0.568378 3.490434 -0.374960
v 0.572087 3.489897 -0.363994
v 0.558886 3.869949 -0.434526
v 0.558886 3.869949 -0.434526
v 0.558886 3.869949 -0.434526
v 0.558886 3.869949 -0.434526
v 0.648599 3.182797 -0.328702
v 0.631513 3.177192 -0.322130
v 0.639658 3.171586 -0.305735
v 0.656744 3.177192 -0.312307
v 0.594653 3.494231 -0.190252
v 0.585065 3.493165 -0.186015
v 0.589428 3.491389 -0.176589
v 0.599016 3.492455 -0.180827
v 0.628837 3.837586 -0.185737
v 0.628837 3.837586 -0.185737
v 0.628837 3.837586 -0.185737
v 0.628837 3.837586 -0.185737
v 0.550294 3.122669 -0.477132
v 0.531700 3.117949 -0.473365
v 0.536610 3.113230 -0.455040
v 0.555204 3.117949 -0.458806
v 0.483797 3.451606 -0.369741
v 0.473354 3.450560 -0.367368
v 0.475798 3.449878 -0.356912
v 0.486241 3.450924 -0.359284
v 0.488033 3.801816 -0.408515
v 0.488033 3.801816 -0.408515
v 0.488033 3.801816 -0.408515
v 0.488033 3.801816 -0.408515
v 0.586162 3.495252 -0.179549
v 0.596139 3.492810 -0.177198
v 0.597920 3.490368 -0.187292
v 0.587943 3.492810 -0.189643
v 0.705835 3.885535 -0.258360
v 0.705835 3.885535 -0.258360
v 0.705835 3.885535 -0.258360
v 0.705835 3.885535 -0.258360
v -0.560047 2.509939 -0.513867
v -0.557083 2.497206 -0.481487
v -0.525540 2.484473 -0.489382
v -0.528504 2.497206 -0.521762
v -0.401468 2.821553 -0.401271
v -0.397929 2.814690 -0.375691
v -0.373254 2.806167 -0.381391
v -0.376793 2.813030 -0.406971
v -0.289483 3.168249 -0.366066
v -0.286238 3.166233 -0.347944
v -0.268335 3.163097 -0.351498
v -0.271580 3.165113 -0.369621
v -0.256281 3.534083 -0.339952
v -0.254450 3.533144 -0.329838
v -0.244306 3.532784 -0.331708
v -0.246137 3.533723 -0.341822
v -0.241457 3.900902 -0.297325
v -0.241457 3.900902 -0.297325
v -0.241457 3.900902 -0.297325
v -0.241457 3.900902 -0.297325
v -0.506056 3.239338 -0.546910
v -0.494911 3.232849 -0.533617
v -0.483308 3.226360 -0.546512
v -0.494453 3.232849 -0.559805
v -0.307299 3.574990 -0.543339
v -0.300035 3.574548 -0.536020
v -0.292812 3.573213 -0.543270
v -0.300076 3.573656 -0.550589
v -0.406583 3.949254 -0.590818
v -0.406583 3.949254 -0.590818
v -0.406583 3.949254 -0.590818
v -0.406583 3.949254 -0.590818
v -0.379858 3.589711 -0.585564
v -0.389110 3.588147 -0.589077
v -0.392391 3.586583 -0.579741
v -0.383139 3.588147 -0.576227
v -0.456029 3.928725 -0.550170
v -0.456029 3.928725 -0.550170
v -0.456029 3.928725 -0.550170
v -0.456029 3.928725 -0.550170
v -0.301440 3.576119 -0.537102
v -0.293548 3.574102 -0.541852
v -0.298671 3.572085 -0.549507
v -0.306563 3.574102 -0.544757
v -0.278395 3.887338 -0.640338
v -0.278395 3.887338 -0.640338
v -0.278395 3.887338 -0.640338
v -0.278395 3.887338 -0.640338
v 0.046244 2.673682 0.533387
v 0.021749 2.671873 0.547555
v 0.036017 2.670064 0.571992
v 0.060512 2.671873 0.557824
v 0.037619 2.985698 0.565605
v 0.018950 2.988592 0.576405
v 0.029983 2.989958 0.595111
v 0.048652 2.987064 0.584311
v 0.095108 3.280832 0.467567
v 0.082106 3.282948 0.475082
v 0.089780 3.283722 0.488140
v 0.102782 3.281606 0.480625
v 0.093830 3.596963 0.504024
v 0.086461 3.597791 0.508321
v 0.090834 3.598859 0.515614
v 0.098203 3.598031 0.511317
v 0.104567 3.887973 0.381909
v 0.104567 3.887973 0.381909
v 0.104567 3.887973 0.381909
v 0.104567 3.887973 0.381909
v 0.047491 2.989002 0.585933
v 0.039393 2.987828 0.566625
v 0.020112 2.986654 0.574783
v 0.028209 2.987828 0.594091
v 0.019263 3.314018 0.574403
v 0.013624 3.315382 0.560990
v 0.000189 3.316031 0.566704
v 0.005828 3.314666 0.580118
v 0.089102 3.629830 0.626937
v 0.085882 3.630118 0.619337
v 0.078292 3.630534 0.622568
v 0.081512 3.630246 0.630168
v 0.048068 3.953176 0.578503
v 0.048068 3.953176 0.578503
v 0.048068 3.953176 0.578503
v 0.048068 3.953176 0.578503
v 0.004281 3.318872 0.578449
v 0.018233 3.315024 0.576421
v 0.015171 3.311177 0.562658
v 0.001219 3.315024 0.564687
v 0.084889 3.660699 0.461460
v 0.092855 3.658895 0.460236
v 0.091496 3.658411 0.452104
v 0.083529 3.660214 0.453328
v 0.159233 4.020907 0.503472
v 0.159233 4.020907 0.503472
v 0.159233 4.020907 0.503472
v 0.159233 4.020907 0.503472
v 0.093143 3.598316 0.515432
v 0.097959 3.597911 0.509005
v 0.091520 3.597506 0.504206
v 0.086704 3.597911 0.510633
v 0.089076 3.916674 0.487302
v 0.089076 3.916674 0.487302
v 0.089076 3.916674 0.487302
v 0.089076 3.916674 0.487302
v -0.029759 2.788161 -0.196949
v -0.042714 2.781910 -0.214461
v -0.059099 2.775659 -0.200107
v -0.046144 2.781910 -0.182596
v -0.165522 3.100802 -0.211573
v -0.176177 3.097849 -0.225172
v -0.189386 3.094604 -0.214118
v -0.178731 3.097557 -0.200519
v -0.205256 3.438019 -0.207447
v -0.213065 3.438987 -0.217020
v -0.222644 3.439363 -0.209169
v -0.214835 3.438396 -0.199596
v -0.123139 3.769827 -0.184507
v -0.127729 3.770029 -0.190124
v -0.133347 3.770089 -0.185531
v -0.128756 3.769887 -0.179914
v -0.197945 4.105537 -0.197424
v -0.197945 4.105537 -0.197424
v -0.197945 4.105537 -0.197424
v -0.197945 4.105537 -0.197424
v 0.000861 3.670577 -0.162825
v 0.007188 3.669784 -0.166289
v 0.003648 3.668992 -0.172574
v -0.002679 3.669784 -0.169110
v 0.017257 4.018929 -0.220178
v 0.017257 4.018929 -0.220178
v 0.017257 4.018929 -0.220178
v 0.017257 4.018929 -0.220178
v -0.736339 2.691261 0.432909
v -0.717566 2.683527 0.443855
v -0.709087 2.675792 0.423846
v -0.727860 2.683527 0.412901
v -0.589827 2.969853 0.384145
v -0.574830 2.964992 0.392474
v -0.567338 2.961169 0.376752
v -0.582335 2.966031 0.368423
v -0.515376 3.278955 0.389426
v -0.504294 3.277455 0.395217
v -0.498606 3.276316 0.384039
v -0.509689 3.277816 0.378248
v -0.489538 3.596963 0.365595
v -0.482998 3.596620 0.368948
v -0.479706 3.595708 0.362431
v -0.486247 3.596051 0.359079
v -0.444383 3.912210 0.329510
v -0.444383 3.912210 0.329510
v -0.444383 3.912210 0.329510
v -0.444383 3.912210 0.329510
v -0.506046 3.279329 0.394853
v -0.498698 3.277635 0.385767
v -0.507937 3.275942 0.378612
v -0.515284 3.277635 0.387698
v -0.513240 3.561951 0.333165
v -0.508946 3.561214 0.327817
v -0.514340 3.560929 0.323526
v -0.518634 3.561666 0.328874
v -0.487130 3.850003 0.323770
v -0.487130 3.850003 0.323770
v -0.487130 3.850003 0.323770
v -0.487130 3.850003 0.323770
v -0.599388 3.589960 0.294753
v -0.606189 3.588040 0.296800
v -0.603650 3.586120 0.303434
v -0.596849 3.588040 0.301387
v -0.653939 3.887560 0.405848
v -0.653939 3.887560 0.405848
v -0.653939 3.887560 0.405848
v -0.653939 3.887560 0.405848
v -0.483149 3.596701 0.359037
v -0.489611 3.596335 0.362536
v -0.486095 3.595969 0.368989
v -0.479634 3.596335 0.365490
v -0.491387 3.934235 0.386863
v -0.491387 3.934235 0.386863
v -0.491387 3.934235 0.386863
v -0.491387 3.934235 0.386863
v 0.835297 3.242441 0.379853
v 0.832836 3.240189 0.370793
v 0.823933 3.237936 0.373772
v 0.826394 3.240189 0.382831
v 0.746041 3.523625 0.332124
v 0.744422 3.522868 0.326514
v 0.738780 3.522602 0.328178
v 0.740400 3.523358 0.333788
v 0.783184 3.819491 0.312103
v 0.783184 3.819491 0.312103
v 0.783184 3.819491 0.312103
v 0.783184 3.819491 0.312103
v -0.070542 3.056479 -0.173218
v -0.072118 3.053661 -0.158618
v -0.057470 3.050844 -0.157581
v -0.055894 3.053661 -0.172181
v -0.020207 3.331661 -0.112978
v -0.021249 3.330803 -0.101311
v -0.009624 3.329418 -0.100375
v -0.008582 3.330277 -0.112041
v -0.004539 3.617924 -0.122863
v -0.005302 3.617234 -0.114389
v 0.003174 3.616506 -0.113684
v 0.003938 3.617196 -0.122158
v 0.027071 3.896549 -0.059497
v 0.026585 3.895946 -0.054225
v 0.031891 3.895769 -0.053757
v 0.032376 3.896373 -0.059029
v 0.012321 4.182876 -0.052270
v 0.012321 4.182876 -0.052270
v 0.012321 4.182876 -0.052270
v 0.012321 4.182876 -0.052270
v 0.052752 3.606070 -0.235200
v 0.047237 3.604352 -0.229320
v 0.053361 3.602633 -0.224078
v 0.058875 3.604352 -0.229958
v 0.057312 3.867796 -0.152194
v 0.053863 3.867353 -0.148402
v 0.057677 3.867197 -0.144952
v 0.061126 3.867640 -0.148744
v 0.034011 4.139532 -0.184382
v 0.034011 4.139532 -0.184382
v 0.034011 4.139532 -0.184382
v 0.034011 4.139532 -0.184382
v 0.001150 3.620394 -0.123067
v -0.006321 3.617215 -0.120429
v -0.002515 3.614037 -0.113480
v 0.004956 3.617215 -0.116118
v -0.056407 3.876369 0.027548
v -0.061119 3.874597 0.029296
v -0.058904 3.873321 0.033972
v -0.054192 3.875093 0.032225
v -0.128388 4.163245 0.091194
v -0.128388 4.163245 0.091194
v -0.128388 4.163245 0.091194
v -0.128388 4.163245 0.091194
v -0.079916 2.996212 0.709072
v -0.067232 2.993389 0.717003
v -0.059757 2.990567 0.704045
v -0.072441 2.993389 0.696113
v -0.007033 3.263636 0.690911
v 0.003154 3.262573 0.697063
v 0.009171 3.261101 0.686846
v -0.001016 3.262164 0.680694
v 0.001499 3.540133 0.674864
v 0.008908 3.541932 0.678998
v 0.013276 3.541037 0.671560
v 0.005868 3.539239 0.667426
v -0.072811 3.793072 0.584810
v -0.068137 3.793545 0.587466
v -0.065462 3.793425 0.582781
v -0.070136 3.792952 0.580124
v -0.026797 4.062879 0.640337
v -0.026797 4.062879 0.640337
v -0.026797 4.062879 0.640337
v -0.026797 4.062879 0.640337
v -0.075613 3.512933 0.701645
v -0.069765 3.510595 0.696922
v -0.075031 3.508258 0.691558
v -0.080879 3.510595 0.696281
v -0.069464 3.738203 0.595126
v -0.065809 3.737682 0.591906
v -0.069070 3.737154 0.588289
v -0.072725 3.737674 0.591509
v -0.071705 3.985795 0.623927
v -0.071705 3.985795 0.623927
v -0.071705 3.985795 0.623927
v -0.071705 3.985795 0.623927
v -0.067287 3.794585 0.581206
v -0.071945 3.793248 0.581789
v -0.070986 3.791912 0.586385
v -0.066328 3.793248 0.585801
v -0.125237 4.023119 0.662342
v -0.125237 4.023119 0.662342
v -0.125237 4.023119 0.662342
v -0.125237 4.023119 0.662342
v 0.735617 2.773388 -0.502569
v 0.733564 2.769861 -0.492895
v 0.743420 2.766334 -0.492088
v 0.745473 2.769861 -0.501762
v 0.819405 3.030113 -0.389953
v 0.818169 3.028628 -0.381773
v 0.826163 3.026146 -0.381016
v 0.827399 3.027631 -0.389196
v 0.893556 3.312484 -0.378700
v 0.892777 3.312205 -0.372445
v 0.899022 3.311704 -0.371689
v 0.899801 3.311984 -0.377945
v 0.863293 3.603475 -0.356871
v 0.862762 3.603074 -0.352708
v 0.866944 3.602937 -0.352188
v 0.867474 3.603338 -0.356351
v 0.908041 3.891237 -0.317914
v 0.908041 3.891237 -0.317914
v 0.908041 3.891237 -0.317914
v 0.908041 3.891237 -0.317914
v 0.693026 3.503809 -0.374246
v 0.695795 3.503675 -0.371359
v 0.698679 3.503540 -0.374132
v 0.695909 3.503675 -0.377018
v 0.707942 3.757306 -0.373946
v 0.707942 3.757306 -0.373946
v 0.707942 3.757306 -0.373946
v 0.707942 3.757306 -0.373946
v 0.867612 3.604110 -0.353170
v 0.866545 3.603206 -0.357147
v 0.862624 3.602301 -0.355889
v 0.863691 3.603206 -0.351912
v 0.792138 3.864199 -0.394320
v 0.792138 3.864199 -0.394320
v 0.792138 3.864199 -0.394320
v 0.792138 3.864199 -0.394320
v -0.605337 2.978302 -0.492268
v -0.599984 2.974822 -0.499888
v -0.608277 2.971342 -0.504125
v -0.613631 2.974822 -0.496505
v -0.636306 3.201431 -0.617262
v -0.632166 3.199628 -0.623844
v -0.638860 3.197052 -0.627348
v -0.642999 3.198856 -0.620765
v -0.691044 3.445044 -0.676542
v -0.688088 3.445086 -0.681790
v -0.693322 3.444682 -0.684741
v -0.696278 3.444640 -0.679494
v -0.667778 3.697746 -0.632952
v -0.665788 3.698109 -0.636476
v -0.669328 3.698480 -0.638436
v -0.671317 3.698117 -0.634912
v -0.673575 3.955720 -0.617591
v -0.673575 3.955720 -0.617591
v -0.673575 3.955720 -0.617591
v -0.673575 3.955720 -0.617591
v -0.601681 3.485026 -0.518048
v -0.603890 3.484301 -0.512576
v -0.598385 3.483576 -0.510450
v -0.596176 3.484301 -0.515922
v -0.583653 3.735865 -0.476484
v -0.585132 3.735547 -0.472768
v -0.581414 3.735109 -0.471327
v -0.579936 3.735427 -0.475042
v -0.563111 3.989147 -0.456364
v -0.563111 3.989147 -0.456364
v -0.563111 3.989147 -0.456364
v -0.563111 3.989147 -0.456364
v -0.691848 3.445359 -0.676425
v -0.687938 3.444863 -0.680979
v -0.692518 3.444368 -0.684858
v -0.696428 3.444863 -0.680304
v -0.694443 3.714016 -0.709211
v -0.691823 3.714219 -0.712309
v -0.694920 3.714095 -0.714936
v -0.697540 3.713892 -0.711838
v -0.721943 3.980522 -0.670707
v -0.721943 3.980522 -0.670707
v -0.721943 3.980522 -0.670707
v -0.721943 3.980522 -0.670707
v 0.565834 3.283893 0.436449
v 0.570895 3.282851 0.434254
v 0.568521 3.281809 0.429274
v 0.563460 3.282851 0.431469
v 0.590808 3.542637 0.369686
v 0.594848 3.542069 0.367908
v 0.593061 3.542112 0.363833
v 0.589021 3.542681 0.365611
v 0.629946 3.804729 0.412661
v 0.632944 3.805015 0.411348
v 0.631625 3.805043 0.408340
v 0.628626 3.804756 0.409652
v 0.552088 4.061161 0.388941
v 0.552088 4.061161 0.388941
v 0.552088 4.061161 0.388941
v 0.552088 4.061161 0.388941
v 0.594413 3.543329 0.368447
v 0.593706 3.542375 0.364159
v 0.589457 3.541420 0.365072
v 0.590163 3.542375 0.369360
v 0.527918 3.793118 0.323167
v 0.527342 3.792734 0.319955
v 0.524118 3.792536 0.320558
v 0.524694 3.792920 0.323769
v 0.550348 4.054392 0.312979
v 0.550348 4.054392 0.312979
v 0.550348 4.054392 0.312979
v 0.550348 4.054392 0.312979
v 0.511044 3.740806 0.346876
v 0.510963 3.739966 0.350052
v 0.514137 3.739126 0.349910
v 0.514218 3.739966 0.346735
v 0.580098 3.983927 0.414628
v 0.580098 3.983927 0.414628
v 0.580098 3.983927 0.414628
v 0.580098 3.983927 0.414628
v 0.093884 3.968036 -0.529851
v 0.096981 3.967672 -0.531525
v 0.095275 3.967309 -0.534604
v 0.092178 3.967672 -0.532931
v 0.105381 4.229628 -0.569123
v 0.105381 4.229628 -0.569123
v 0.105381 4.229628 -0.569123
v 0.105381 4.229628 -0.569123
v -0.207925 3.913789 0.316383
v -0.204017 3.912699 0.314340
v -0.206294 3.911609 0.310564
v -0.210202 3.912699 0.312606
v -0.183484 4.162120 0.229179
v -0.180584 4.161754 0.227580
v -0.182214 4.161483 0.224686
v -0.185114 4.161850 0.226285
v -0.177795 4.425654 0.248980
v -0.177795 4.425654 0.248980
v -0.177795 4.425654 0.248980
v -0.177795 4.425654 0.248980
v 0.394696 3.569932 -0.034659
v 0.396862 3.569169 -0.039026
v 0.392443 3.568406 -0.041084
v 0.390277 3.569169 -0.036717
v 0.376299 3.814967 -0.087134
v 0.378032 3.814676 -0.090723
v 0.374438 3.814285 -0.092426
v 0.372706 3.814576 -0.088837
v 0.365950 4.065964 -0.089849
v 0.367202 4.066367 -0.092611
v 0.364465 4.065950 -0.093912
v 0.363213 4.065547 -0.091150
v 0.286446 4.302580 -0.059001
v 0.286446 4.302580 -0.059001
v 0.286446 4.302580 -0.059001
v 0.286446 4.302580 -0.059001
v 0.365900 4.066897 -0.093686
v 0.363200 4.065957 -0.092651
v 0.364515 4.065017 -0.090075
v 0.367215 4.065957 -0.091110
v 0.327546 4.282359 0.006320
v 0.327546 4.282359 0.006320
v 0.327546 4.282359 0.006320
v 0.327546 4.282359 0.006320
v -0.811799 3.044696 -0.705495
v -0.806078 3.044019 -0.707465
v -0.808118 3.043343 -0.713161
v -0.813840 3.044019 -0.711192
v -0.796675 3.259439 -0.736998
v -0.791909 3.259439 -0.738670
v -0.793581 3.259467 -0.743436
v -0.798347 3.259467 -0.741764
v -0.810386 3.474954 -0.704597
v -0.806692 3.474111 -0.705914
v -0.808005 3.474274 -0.709701
v -0.811699 3.475117 -0.708384
v -0.708636 3.662689 -0.751295
v -0.705888 3.662124 -0.752278
v -0.706956 3.661703 -0.755021
v -0.709704 3.662268 -0.754038
v -0.756629 3.871825 -0.788610
v -0.756629 3.871825 -0.788610
v -0.756629 3.871825 -0.788610
v -0.756629 3.871825 -0.788610
v -0.823420 3.273241 -0.674685
v -0.818079 3.271872 -0.675201
v -0.818942 3.270502 -0.680497
v -0.824283 3.271872 -0.679981
v -0.769963 3.505311 -0.744049
v -0.765617 3.504932 -0.744619
v -0.766238 3.504292 -0.748926
v -0.770583 3.504671 -0.748357
v -0.790646 3.752492 -0.751828
v -0.787427 3.752193 -0.752249
v -0.787832 3.752379 -0.755479
v -0.791051 3.752678 -0.755057
v -0.720247 3.989532 -0.724565
v -0.720247 3.989532 -0.724565
v -0.720247 3.989532 -0.724565
v -0.720247 3.989532 -0.724565
v -0.810727 3.475168 -0.709471
v -0.811564 3.474614 -0.705587
v -0.807664 3.474061 -0.704826
v -0.806827 3.474614 -0.708711
v -0.782593 3.728306 -0.666818
v -0.783212 3.727906 -0.663938
v -0.780308 3.727680 -0.663345
v -0.779689 3.728081 -0.666225
v -0.785202 3.984074 -0.631181
v -0.785202 3.984074 -0.631181
v -0.785202 3.984074 -0.631181
v -0.785202 3.984074 -0.631181
v -0.085362 3.454473 0.764169
v -0.084965 3.453956 0.768870
v -0.080269 3.453440 0.768417
v -0.080665 3.453956 0.763716
v -0.059022 3.670107 0.786138
v -0.058682 3.670189 0.789939
v -0.054882 3.670317 0.789597
v -0.055222 3.670235 0.785796
v -0.099509 3.882796 0.757040
v -0.099280 3.883274 0.759879
v -0.096415 3.883522 0.759607
v -0.096644 3.883044 0.756767
v -0.100466 4.098493 0.719257
v -0.100466 4.098493 0.719257
v -0.100466 4.098493 0.719257
v -0.100466 4.098493 0.719257
v -0.059572 3.670799 0.787585
v -0.057242 3.670212 0.790551
v -0.054333 3.669626 0.788150
v -0.056663 3.670212 0.785184
v -0.006762 3.906393 0.793283
v -0.004968 3.906126 0.795531
v -0.002736 3.905853 0.793717
v -0.004530 3.906121 0.791469
v 0.006433 4.147547 0.794107
v 0.006433 4.147547 0.794107
v 0.006433 4.147547 0.794107
v 0.006433 4.147547 0.794107
v 0.701081 2.946402 -0.537278
v 0.701088 2.945738 -0.532761
v 0.705603 2.945074 -0.532865
v 0.705596 2.945738 -0.537382
v 0.736766 3.181370 -0.502452
v 0.736813 3.181179 -0.498503
v 0.740759 3.180928 -0.498562
v 0.740712 3.181119 -0.502511
v 0.732254 3.421494 -0.514045
v 0.732341 3.420602 -0.510824
v 0.735622 3.421235 -0.510737
v 0.735536 3.422127 -0.513958
v 0.652219 3.606112 -0.381964
v 0.652258 3.605748 -0.379257
v 0.654989 3.605693 -0.379304
v 0.654950 3.606057 -0.382011
v 0.742783 3.814893 -0.459615
v 0.742783 3.814893 -0.459615
v 0.742783 3.814893 -0.459615
v 0.742783 3.814893 -0.459615
v 0.723236 3.390113 -0.492199
v 0.721758 3.389186 -0.489460
v 0.724618 3.388259 -0.488230
v 0.726097 3.389186 -0.490970
v 0.753600 3.598536 -0.404847
v 0.752516 3.598474 -0.402425
v 0.754878 3.597854 -0.401383
v 0.755963 3.597917 -0.403806
v 0.813278 3.815936 -0.439081
v 0.813278 3.815936 -0.439081
v 0.813278 3.815936 -0.439081
v 0.813278 3.815936 -0.439081
v 0.733856 3.421945 -0.514681
v 0.731576 3.421364 -0.512307
v 0.734020 3.420784 -0.510101
v 0.736301 3.421364 -0.512476
v 0.735949 3.651693 -0.456080
v 0.734091 3.651522 -0.454084
v 0.736092 3.651256 -0.452243
v 0.737950 3.651427 -0.454239
v 0.747504 3.888503 -0.459760
v 0.747504 3.888503 -0.459760
v 0.747504 3.888503 -0.459760
v 0.747504 3.888503 -0.459760
v -0.834593 3.070850 0.478256
v -0.839869 3.069910 0.478717
v -0.839242 3.068970 0.483976
v -0.833966 3.069910 0.483515
v -0.871916 3.300423 0.524171
v -0.876450 3.300175 0.524639
v -0.875962 3.299810 0.529163
v -0.871428 3.300058 0.528695
v -0.856723 3.536532 0.519090
v -0.860430 3.536981 0.519437
v -0.860002 3.537691 0.523094
v -0.856295 3.537243 0.522748
v -0.826297 3.755351 0.431159
v -0.829204 3.755171 0.431527
v -0.828870 3.755653 0.434404
v -0.825963 3.755833 0.434036
v -0.894962 3.982616 0.450661
v -0.894962 3.982616 0.450661
v -0.894962 3.982616 0.450661
v -0.894962 3.982616 0.450661
v -0.961790 3.491950 0.512016
v -0.958555 3.491089 0.513706
v -0.957047 3.490227 0.510382
v -0.960283 3.491089 0.508692
v -0.888638 3.715370 0.486785
v -0.886057 3.714897 0.488102
v -0.884736 3.714808 0.485481
v -0.887317 3.715281 0.484165
v -0.886539 3.947350 0.532493
v -0.886539 3.947350 0.532493
v -0.886539 3.947350 0.532493
v -0.886539 3.947350 0.532493
v -0.826714 3.755854 0.430930
v -0.829462 3.755502 0.431899
v -0.828453 3.755150 0.434633
v -0.825704 3.755502 0.433664
v -0.845849 4.004949 0.471665
v -0.845849 4.004949 0.471665
v -0.845849 4.004949 0.471665
v -0.845849 4.004949 0.471665
v -0.068644 3.427783 -0.149971
v -0.068150 3.427552 -0.153650
v -0.071831 3.427320 -0.154131
v -0.072325 3.427552 -0.150451
v -0.081931 3.670303 -0.167328
v -0.081522 3.670542 -0.170480
v -0.084683 3.670532 -0.170891
v -0.085092 3.670293 -0.167739
v -0.075210 3.908004 -0.114937
v -0.074861 3.908351 -0.117545
v -0.077472 3.908720 -0.117845
v -0.077821 3.908374 -0.115237
v -0.024162 4.145812 -0.097937
v -0.024162 4.145812 -0.097937
v -0.024162 4.145812 -0.097937
v -0.024162 4.145812 -0.097937
v -0.044897 3.640470 -0.172681
v -0.045336 3.640256 -0.169741
v -0.042393 3.640042 -0.169316
v -0.041954 3.640256 -0.172257
v -0.031579 3.856019 -0.154780
v -0.031946 3.855613 -0.152359
v -0.029494 3.855683 -0.151976
v -0.029127 3.856089 -0.154397
v -0.066233 4.063672 -0.103380
v -0.066233 4.063672 -0.103380
v -0.066233 4.063672 -0.103380
v -0.066233 4.063672 -0.103380
v -0.077545 3.908879 -0.117681
v -0.077686 3.908362 -0.115137
v -0.075137 3.907846 -0.115100
v -0.074996 3.908362 -0.117645
v -0.032851 4.126196 -0.069760
v -0.032851 4.126196 -0.069760
v -0.032851 4.126196 -0.069760
v -0.032851 4.126196 -0.069760
v -0.028948 3.855971 -0.152910
v -0.030067 3.855851 -0.154970
v -0.032125 3.855731 -0.153846
v -0.031006 3.855851 -0.151786
v -0.045753 4.074367 -0.157861
v -0.045753 4.074367 -0.157861
v -0.045753 4.074367 -0.157861
v -0.045753 4.074367 -0.157861
v -0.167894 3.802492 0.306383
v -0.164587 3.801769 0.307219
v -0.163901 3.801046 0.303879
v -0.167207 3.801769 0.303043
v -0.112165 4.015632 0.271423
v -0.109280 4.015152 0.272126
v -0.108632 4.014777 0.269213
v -0.111517 4.015256 0.268510
v -0.085829 4.237110 0.268083
v -0.083356 4.237269 0.268586
v -0.082830 4.236727 0.266172
v -0.085304 4.236568 0.265669
v -0.117988 4.437038 0.174036
v -0.117988 4.437038 0.174036
v -0.117988 4.437038 0.174036
v -0.117988 4.437038 0.174036
v 1.039050 2.931885 -0.517467
v 1.034698 2.931274 -0.516868
v 1.035381 2.930662 -0.512529
v 1.039733 2.931274 -0.513127
v 1.013286 3.146965 -0.482765
v 1.009505 3.146640 -0.482233
v 1.010029 3.146752 -0.478439
v 1.013810 3.147078 -0.478970
v 1.000424 3.362402 -0.524353
v 0.997232 3.362211 -0.523905
v 0.997687 3.362112 -0.520710
v 1.000879 3.362303 -0.521158
v 0.989604 3.573998 -0.465531
v 0.987005 3.573981 -0.465157
v 0.987379 3.573748 -0.462569
v 0.989978 3.573766 -0.462942
v 1.001585 3.792353 -0.484257
v 1.001585 3.792353 -0.484257
v 1.001585 3.792353 -0.484257
v 1.001585 3.792353 -0.484257
v 1.009111 3.147202 -0.479742
v 1.012524 3.146859 -0.478035
v 1.014204 3.146515 -0.481462
v 1.010790 3.146859 -0.483169
v 1.038105 3.383240 -0.489534
v 1.040997 3.383177 -0.488101
v 1.042429 3.383117 -0.490994
v 1.039537 3.383180 -0.492427
v 1.022177 3.620438 -0.483761
v 1.024513 3.620640 -0.482580
v 1.025644 3.621129 -0.484899
v 1.023307 3.620927 -0.486080
v 0.968709 3.845501 -0.427639
v 0.968709 3.845501 -0.427639
v 0.968709 3.845501 -0.427639
v 0.968709 3.845501 -0.427639
v -0.581615 3.177575 -0.436871
v -0.578305 3.177172 -0.439022
v -0.580490 3.176769 -0.442310
v -0.583801 3.177172 -0.440159
v -0.574856 3.405353 -0.469560
v -0.571923 3.405309 -0.471482
v -0.573845 3.405353 -0.474415
v -0.576777 3.405397 -0.472493
v -0.573511 3.633387 -0.435844
v -0.570981 3.633115 -0.437517
v -0.572632 3.633393 -0.440060
v -0.575162 3.633665 -0.438387
v -0.518002 3.856239 -0.457736
v -0.515858 3.855990 -0.459155
v -0.517277 3.856065 -0.461312
v -0.519421 3.856314 -0.459893
v -0.529179 4.086276 -0.451097
v -0.529179 4.086276 -0.451097
v -0.529179 4.086276 -0.451097
v -0.529179 4.086276 -0.451097
v 0.545630 3.421546 0.482827
v 0.542929 3.421176 0.482549
v 0.542701 3.420807 0.485254
v 0.545401 3.421176 0.485532
v 0.512832 3.639915 0.510008
v 0.510335 3.639797 0.509766
v 0.510093 3.639795 0.512266
v 0.512590 3.639914 0.512508
v 0.524768 3.860525 0.481344
v 0.522513 3.860245 0.481129
v 0.522286 3.860327 0.483399
v 0.524541 3.860606 0.483615
v 0.459764 4.073719 0.490427
v 0.459764 4.073719 0.490427
v 0.459764 4.073719 0.490427
v 0.459764 4.073719 0.490427
v 0.599416 3.623936 0.457816
v 0.597608 3.623669 0.459655
v 0.599466 3.623402 0.461443
v 0.601274 3.623669 0.459604
v 0.599877 3.851590 0.491498
v 0.598239 3.851665 0.493191
v 0.599931 3.851635 0.494830
v 0.601570 3.851561 0.493138
v 0.613536 4.078119 0.453264
v 0.613536 4.078119 0.453264
v 0.613536 4.078119 0.453264
v 0.613536 4.078119 0.453264
v -0.895648 3.358464 0.544999
v -0.894799 3.358057 0.548755
v -0.891052 3.357650 0.547863
v -0.891902 3.358057 0.544107
v -0.863473 3.608107 0.565060
v -0.862713 3.608078 0.568259
v -0.859536 3.607690 0.567501
v -0.860297 3.607718 0.564302
v -0.836218 3.857407 0.535863
v -0.835560 3.857687 0.538472
v -0.832950 3.857343 0.537850
v -0.833608 3.857063 0.535241
v -0.811560 4.106272 0.500126
v -0.811560 4.106272 0.500126
v -0.811560 4.106272 0.500126
v -0.811560 4.106272 0.500126
v -0.930925 3.842952 0.551982
v -0.929985 3.842235 0.554135
v -0.927928 3.841518 0.552999
v -0.928868 3.842235 0.550846
v -0.847929 4.032262 0.580159
v -0.847929 4.032262 0.580159
v -0.847929 4.032262 0.580159
v -0.847929 4.032262 0.580159
v -0.835957 3.857827 0.537797
v -0.833609 3.857375 0.538279
v -0.833211 3.856923 0.535916
v -0.835559 3.857375 0.535434
v -0.789828 4.057268 0.506199
v -0.789828 4.057268 0.506199
v -0.789828 4.057268 0.506199
v -0.789828 4.057268 0.506199
v -0.075328 3.466794 -0.153259
v -0.072590 3.466324 -0.151279
v -0.070663 3.465854 -0.154055
v -0.073402 3.466324 -0.156035
v -0.029088 3.701329 -0.161152
v -0.026659 3.701212 -0.159426
v -0.024936 3.701132 -0.161857
v -0.027364 3.701249 -0.163583
v -0.052204 3.939625 -0.152905
v -0.050136 3.939397 -0.151428
v -0.048668 3.939238 -0.153509
v -0.050736 3.939466 -0.154985
v 0.024034 4.166914 -0.161147
v 0.024034 4.166914 -0.161147
v 0.024034 4.166914 -0.161147
v 0.024034 4.166914 -0.161147
v -0.051495 3.940083 -0.154433
v -0.051758 3.939431 -0.152065
v -0.049377 3.938780 -0.151980
v -0.049115 3.939431 -0.154348
v 0.003746 4.145671 -0.090489
v 0.003746 4.145671 -0.090489
v 0.003746 4.145671 -0.090489
v 0.003746 4.145671 -0.090489
v -0.100939 3.488219 0.784594
v -0.098371 3.487998 0.782025
v -0.100950 3.487777 0.779466
v -0.103518 3.487998 0.782036
v -0.100976 3.704394 0.765577
v -0.098800 3.703984 0.763416
v -0.100991 3.703867 0.761233
v -0.103167 3.704277 0.763395
v -0.071944 3.916772 0.731789
v -0.070149 3.916540 0.729993
v -0.071958 3.916234 0.728224
v -0.073753 3.916465 0.730019
v -0.110220 4.127837 0.699450
v -0.110220 4.127837 0.699450
v -0.110220 4.127837 0.699450
v -0.110220 4.127837 0.699450
v 0.658818 3.220076 -0.549310
v 0.661424 3.220037 -0.547458
v 0.663276 3.219998 -0.550064
v 0.660670 3.220037 -0.551916
v 0.663243 3.461828 -0.550059
v 0.665540 3.462081 -0.548411
v 0.667166 3.462369 -0.550720
v 0.664869 3.462116 -0.552369
v 0.596420 3.693936 -0.534538
v 0.598427 3.694150 -0.533098
v 0.599839 3.694462 -0.535113
v 0.597832 3.694248 -0.536553
v 0.596514 3.936099 -0.525149
v 0.596514 3.936099 -0.525149
v 0.596514 3.936099 -0.525149
v 0.596514 3.936099 -0.525149
v 0.598500 3.694757 -0.536446
v 0.596420 3.694199 -0.535216
v 0.597759 3.693641 -0.533205
v 0.599839 3.694199 -0.534435
v 0.580744 3.926823 -0.458714
v 0.580744 3.926823 -0.458714
v 0.580744 3.926823 -0.458714
v 0.580744 3.926823 -0.458714
v -0.861342 3.112872 0.486761
v -0.858256 3.111158 0.489431
v -0.856172 3.109445 0.485921
v -0.859259 3.111158 0.483252
v -0.733516 3.310041 0.465999
v -0.730725 3.308742 0.468311
v -0.728634 3.307753 0.465233
v -0.731426 3.309052 0.462921
v -0.663249 3.534039 0.485257
v -0.660641 3.533731 0.487212
v -0.658712 3.533407 0.484587
v -0.661319 3.533715 0.482632
v -0.670584 3.768168 0.455105
v -0.668447 3.767825 0.456715
v -0.666832 3.767754 0.454555
v -0.668969 3.768097 0.452945
v -0.607100 3.989223 0.510330
v -0.607100 3.989223 0.510330
v -0.607100 3.989223 0.510330
v -0.607100 3.989223 0.510330
v -0.805890 3.783769 0.444933
v -0.807688 3.783070 0.443440
v -0.809014 3.782371 0.445364
v -0.807216 3.783070 0.446857
v -0.890837 3.972855 0.456659
v -0.890837 3.972855 0.456659
v -0.890837 3.972855 0.456659
v -0.890837 3.972855 0.456659
v -0.667054 3.768193 0.455751
v -0.667780 3.767961 0.453164
v -0.670362 3.767729 0.453909
v -0.669636 3.767961 0.456497
v -0.693290 3.997255 0.441142
v -0.693290 3.997255 0.441142
v -0.693290 3.997255 0.441142
v -0.693290 3.997255 0.441142
v 0.578464 3.255717 0.407657
v 0.575747 3.255257 0.408379
v 0.576541 3.254798 0.411076
v 0.579258 3.255257 0.410354
v 0.554093 3.467286 0.451003
v 0.551555 3.467124 0.451708
v 0.552267 3.466995 0.454246
v 0.554806 3.467157 0.453542
v 0.558500 3.684444 0.435237
v 0.556206 3.683932 0.435855
v 0.556862 3.683814 0.438192
v 0.559155 3.684326 0.437574
v 0.474184 3.876379 0.494242
v 0.472073 3.876010 0.494824
v 0.472726 3.875544 0.496895
v 0.474836 3.875913 0.496312
v 0.516162 4.084698 0.539870
v 0.516162 4.084698 0.539870
v 0.516162 4.084698 0.539870
v 0.516162 4.084698 0.539870
v 0.559119 3.684588 0.437392
v 0.558386 3.684129 0.435218
v 0.556243 3.683670 0.436037
v 0.556976 3.684129 0.438212
v 0.503575 3.896785 0.411231
v 0.502880 3.896509 0.409228
v 0.500868 3.896389 0.409943
v 0.501563 3.896666 0.411946
v 0.515948 4.116463 0.391530
v 0.515948 4.116463 0.391530
v 0.515948 4.116463 0.391530
v 0.515948 4.116463 0.391530
v 0.090111 3.421307 -0.556867
v 0.089284 3.421028 -0.560341
v 0.085815 3.420749 -0.559493
v 0.086642 3.421028 -0.556019
v 0.069655 3.634998 -0.569384
v 0.068896 3.635204 -0.572470
v 0.065804 3.635120 -0.571715
v 0.066563 3.634915 -0.568630
v 0.085295 3.845606 -0.527858
v 0.084631 3.845933 -0.530543
v 0.081926 3.845855 -0.529884
v 0.082590 3.845527 -0.527198
v 0.069445 4.060327 -0.517919
v 0.068881 4.060492 -0.520233
v 0.066572 4.060212 -0.519691
v 0.067136 4.060047 -0.517377
v 0.041607 4.271784 -0.488206
v 0.041607 4.271784 -0.488206
v 0.041607 4.271784 -0.488206
v 0.041607 4.271784 -0.488206
v 0.091837 3.914902 -0.593822
v 0.093253 3.914361 -0.591268
v 0.095757 3.913819 -0.592771
v 0.094341 3.914361 -0.595325
v 0.152579 4.149167 -0.577541
v 0.153855 4.149115 -0.575339
v 0.156054 4.149005 -0.576617
v 0.154778 4.149057 -0.578819
v 0.116322 4.388353 -0.595225
v 0.116322 4.388353 -0.595225
v 0.116322 4.388353 -0.595225
v 0.116322 4.388353 -0.595225
v 0.084287 3.846403 -0.530594
v 0.081777 3.845730 -0.529590
v 0.082934 3.845058 -0.527147
v 0.085444 3.845730 -0.528151
v 0.054417 4.070643 -0.454414
v 0.052236 4.070282 -0.453513
v 0.053143 4.070310 -0.451305
v 0.055325 4.070671 -0.452206
v 0.017307 4.300423 -0.507381
v 0.017307 4.300423 -0.507381
v 0.017307 4.300423 -0.507381
v 0.017307 4.300423 -0.507381
v -0.843381 3.096771 0.483746
v -0.846517 3.095394 0.481651
v -0.848177 3.094018 0.485037
v -0.845041 3.095394 0.487133
v -0.941069 3.278508 0.510039
v -0.943942 3.277623 0.508262
v -0.945452 3.276569 0.511229
v -0.942579 3.277454 0.513006
v -0.996563 3.476121 0.541311
v -0.999143 3.475916 0.539856
v -1.000575 3.475606 0.542439
v -0.997994 3.475811 0.543894
v -0.987173 3.683507 0.533616
v -0.989285 3.683934 0.532456
v -0.990457 3.683971 0.534603
v -0.988346 3.683544 0.535763
v -0.932645 3.880872 0.570873
v -0.932645 3.880872 0.570873
v -0.932645 3.880872 0.570873
v -0.932645 3.880872 0.570873
v -0.990301 3.684117 0.534911
v -0.987994 3.683739 0.535632
v -0.987329 3.683362 0.533308
v -0.989637 3.683739 0.532587
v -0.941426 3.924416 0.508541
v -0.941426 3.924416 0.508541
v -0.941426 3.924416 0.508541
v -0.941426 3.924416 0.508541
v 1.025874 2.942003 -0.535047
v 1.022944 2.941374 -0.538304
v 1.019748 2.940745 -0.535307
v 1.022678 2.941374 -0.532050
v 0.976428 3.181093 -0.537149
v 0.973822 3.180950 -0.539979
v 0.971004 3.180668 -0.537370
v 0.973611 3.180811 -0.534540
v 0.986705 3.425025 -0.524291
v 0.984467 3.425140 -0.526677
v 0.982101 3.424582 -0.524486
v 0.984338 3.424467 -0.522099
v 0.926965 3.655481 -0.468758
v 0.925124 3.655535 -0.470730
v 0.923157 3.655299 -0.468899
v 0.924998 3.655244 -0.466928
v 0.960611 3.896438 -0.489080
v 0.960611 3.896438 -0.489080
v 0.960611 3.896438 -0.489080
v 0.960611 3.896438 -0.489080
v 1.027139 3.425830 -0.521408
v 1.025661 3.425444 -0.518512
v 1.028578 3.425057 -0.517076
v 1.030055 3.425444 -0.519972
v 1.039408 3.652942 -0.484485
v 1.038198 3.652901 -0.482075
v 1.040609 3.652883 -0.480865
v 1.041819 3.652924 -0.483276
v 1.027505 3.881452 -0.511665
v 1.027505 3.881452 -0.511665
v 1.027505 3.881452 -0.511665
v 1.027505 3.881452 -0.511665
v 0.986566 3.425613 -0.524234
v 0.984568 3.424803 -0.526697
v 0.982240 3.423994 -0.524543
v 0.984238 3.424803 -0.522079
v 0.900324 3.655878 -0.530369
v 0.898646 3.655333 -0.532409
v 0.896576 3.655241 -0.530681
v 0.898255 3.655785 -0.528641
v 0.909855 3.894706 -0.588422
v 0.909855 3.894706 -0.588422
v 0.909855 3.894706 -0.588422
v 0.909855 3.894706 -0.588422
v -0.240002 3.601830 0.297450
v -0.243679 3.601651 0.296442
v -0.244679 3.601472 0.300121
v -0.241002 3.601651 0.301130
v -0.253726 3.834628 0.305275
v -0.256993 3.834907 0.304401
v -0.257882 3.834739 0.307671
v -0.254615 3.834460 0.308545
v -0.209693 4.062583 0.329765
v -0.212558 4.062716 0.328997
v -0.213322 4.062808 0.331865
v -0.210457 4.062675 0.332632
v -0.230714 4.292929 0.297255
v -0.233175 4.292874 0.296606
v -0.233826 4.293099 0.299056
v -0.231365 4.293154 0.299705
v -0.210583 4.525356 0.288602
v -0.210583 4.525356 0.288602
v -0.210583 4.525356 0.288602
v -0.210583 4.525356 0.288602
v -0.257183 3.835392 0.308169
v -0.254021 3.834683 0.307922
v -0.254425 3.833975 0.304776
v -0.257588 3.834683 0.305023
v -0.214318 4.044204 0.255417
v -0.211516 4.043791 0.255166
v -0.211799 4.043585 0.252344
v -0.214601 4.043998 0.252595
v -0.197120 4.262931 0.270534
v -0.194702 4.262731 0.270298
v -0.194971 4.262294 0.267915
v -0.197389 4.262495 0.268151
v -0.186217 4.460846 0.174518
v -0.186217 4.460846 0.174518
v -0.186217 4.460846 0.174518
v -0.186217 4.460846 0.174518
v 0.113212 3.614212 -0.626028
v 0.110013 3.614055 -0.624902
v 0.111146 3.613897 -0.621706
v 0.114345 3.614055 -0.622831
v 0.106450 3.847912 -0.611882
v 0.103656 3.847645 -0.610910
v 0.104654 3.847323 -0.608131
v 0.107448 3.847590 -0.609103
v 0.090253 4.076375 -0.563713
v 0.087866 4.076055 -0.562890
v 0.088707 4.075957 -0.560489
v 0.091095 4.076278 -0.561312
v 0.056210 4.307546 -0.574116
v 0.056210 4.307546 -0.574116
v 0.056210 4.307546 -0.574116
v 0.056210 4.307546 -0.574116
v 0.132263 4.045568 -0.591373
v 0.130468 4.045405 -0.589902
v 0.131948 4.045242 -0.588115
v 0.133743 4.045405 -0.589586
v 0.130110 4.254169 -0.569067
v 0.130110 4.254169 -0.569067
v 0.130110 4.254169 -0.569067
v 0.130110 4.254169 -0.569067
v 0.088672 4.076800 -0.563433
v 0.088042 4.076166 -0.561228
v 0.090289 4.075532 -0.560769
v 0.090919 4.076166 -0.562974
v 0.131464 4.274938 -0.492936
v 0.131464 4.274938 -0.492936
v 0.131464 4.274938 -0.492936
v 0.131464 4.274938 -0.492936
v -0.161883 3.272804 -0.151351
v -0.160815 3.271388 -0.147950
v -0.157625 3.269971 -0.149542
v -0.158693 3.271388 -0.152943
v -0.046280 3.477194 -0.102168
v -0.044945 3.476819 -0.099055
v -0.041991 3.475837 -0.100440
v -0.043326 3.476212 -0.103553
v -0.020169 3.708850 -0.159221
v -0.018924 3.708905 -0.156515
v -0.016231 3.708585 -0.157748
v -0.017476 3.708530 -0.160453
v -0.003300 3.947154 -0.131053
v -0.002254 3.946817 -0.128752
v 0.000071 3.946926 -0.129793
v -0.000974 3.947263 -0.132094
v -0.010878 4.184339 -0.092168
v -0.010878 4.184339 -0.092168
v -0.010878 4.184339 -0.092168
v -0.010878 4.184339 -0.092168
v -0.046266 3.477372 -0.101653
v -0.044511 3.476516 -0.099012
v -0.042005 3.475659 -0.100955
v -0.043760 3.476516 -0.103595
v 0.034414 3.682674 -0.088423
v 0.036063 3.682298 -0.086102
v 0.038325 3.681782 -0.087793
v 0.036676 3.682158 -0.090113
v 0.051365 3.902747 -0.101600
v 0.052750 3.902278 -0.099625
v 0.054759 3.902251 -0.101041
v 0.053374 3.902720 -0.103016
v 0.087654 4.106729 -0.023435
v 0.087654 4.106729 -0.023435
v 0.087654 4.106729 -0.023435
v 0.087654 4.106729 -0.023435
v 0.054032 3.903420 -0.102430
v 0.051753 3.902499 -0.102464
v 0.052092 3.901577 -0.100211
v 0.054371 3.902499 -0.100177
v -0.034731 4.115862 -0.000865
v -0.034731 4.115862 -0.000865
v -0.034731 4.115862 -0.000865
v -0.034731 4.115862 -0.000865
v 0.421338 3.637809 -0.015212
v 0.421245 3.637453 -0.012271
v 0.424188 3.637097 -0.012221
v 0.424281 3.637453 -0.015162
v 0.446270 3.846328 0.010965
v 0.446206 3.846175 0.013588
v 0.448816 3.845871 0.013634
v 0.448880 3.846024 0.011011
v 0.470059 4.056249 0.010645
v 0.469997 4.056349 0.012935
v 0.472255 4.056742 0.012978
v 0.472317 4.056642 0.010689
v 0.378305 4.245828 -0.007057
v 0.378305 4.245828 -0.007057
v 0.378305 4.245828 -0.007057
v 0.378305 4.245828 -0.007057
v 0.448417 3.846728 0.013815
v 0.449153 3.846100 0.011371
v 0.446669 3.845471 0.010785
v 0.445933 3.846100 0.013228
v 0.406526 4.079201 -0.058782
v 0.407166 4.078675 -0.060919
v 0.404965 4.078485 -0.061531
v 0.404325 4.079011 -0.059394
v 0.439862 4.319350 -0.106619
v 0.439862 4.319350 -0.106619
v 0.439862 4.319350 -0.106619
v 0.439862 4.319350 -0.106619
v 0.403429 4.077373 -0.025655
v 0.404593 4.077066 -0.023480
v 0.406750 4.076759 -0.024677
v 0.405586 4.077066 -0.026852
v 0.446740 4.322114 -0.012901
v 0.446740 4.322114 -0.012901
v 0.446740 4.322114 -0.012901
v 0.446740 4.322114 -0.012901
v 0.472279 4.057039 0.010776
v 0.470057 4.056496 0.010621
v 0.470035 4.055952 0.012848
v 0.472256 4.056496 0.013003
v 0.414104 4.274632 0.064484
v 0.414104 4.274632 0.064484
v 0.414104 4.274632 0.064484
v 0.414104 4.274632 0.064484
v -0.537940 3.650054 -0.453991
v -0.537915 3.649616 -0.451041
v -0.534967 3.649179 -0.451131
v -0.534992 3.649616 -0.454080
v -0.503107 3.876349 -0.420495
v -0.503086 3.875975 -0.417971
v -0.500537 3.875872 -0.418008
v -0.500558 3.876246 -0.420532
v -0.517107 4.104626 -0.385254
v -0.517107 4.104626 -0.385254
v -0.517107 4.104626 -0.385254
v -0.517107 4.104626 -0.385254
v 0.740032 2.980131 -0.495692
v 0.740309 2.979289 -0.499063
v 0.736927 2.978447 -0.499130
v 0.736650 2.979289 -0.495759
v 0.688380 3.191330 -0.552885
v 0.688571 3.190864 -0.555978
v 0.685479 3.190360 -0.556093
v 0.685289 3.190826 -0.552999
v 0.671327 3.414789 -0.565846
v 0.671417 3.415192 -0.568599
v 0.668637 3.415099 -0.568703
v 0.668548 3.414697 -0.565950
v 0.671281 3.626593 -0.490093
v 0.671357 3.626870 -0.492508
v 0.668937 3.627101 -0.492558
v 0.668861 3.626824 -0.490143
v 0.710154 3.846935 -0.516403
v 0.710154 3.846935 -0.516403
v 0.710154 3.846935 -0.516403
v 0.710154 3.846935 -0.516403
v 0.727802 3.417402 -0.466206
v 0.725424 3.417004 -0.465186
v 0.726501 3.416606 -0.462833
v 0.728878 3.417004 -0.463853
v 0.711342 3.623861 -0.423519
v 0.709252 3.623679 -0.422608
v 0.710164 3.623692 -0.420512
v 0.712254 3.623874 -0.421422
v 0.695706 3.832621 -0.453450
v 0.695706 3.832621 -0.453450
v 0.695706 3.832621 -0.453450
v 0.695706 3.832621 -0.453450
vn -0.0023 0.0284 0.9996
vn 0.1034 -0.0881 0.9907
vn -0.9843 -0.1576 -0.0801
vn -0.9996 0.0284 0.0019
vn 0.9996 0.0274 -0.0003
vn 0.9740 0.2237 -0.0362
vn -0.0002 0.0277 -0.9996
vn 0.0604 0.1719 -0.9833
vn 0.0145 -0.2162 0.9762
vn -0.9489 -0.3146 -0.0238
vn 0.9290 0.3652 0.0595
vn -0.0706 0.2594 -0.9632
vn 0.0080 -0.1620 0.9868
vn -0.9686 -0.2484 -0.0109
vn 0.9492 0.3115 0.0455
vn -0.0473 0.2236 -0.9735
vn 0.0623 -0.1535 0.9862
vn -0.9457 -0.3209 -0.0511
vn 0.9229 0.3834 0.0364
vn 0.0004 0.2425 -0.9701
vn -0.0030 -0.1721 0.9851
vn -0.9260 -0.3761 -0.0338
vn 0.8972 0.4350 0.0765
vn -0.0613 0.2215 -0.9732
vn -0.0171 -0.1354 0.9906
vn -0.9572 -0.2876 -0.0319
vn 0.9320 0.3595 0.0462
vn -0.0483 0.1938 -0.9798
vn -0.0095 -0.1064 0.9943
vn -0.9723 -0.2334 -0.0116
vn 0.9554 0.2915 0.0469
vn -0.0237 0.1638 -0.9862
vn -0.0087 -0.0771 0.9970
vn -0.9761 -0.2159 -0.0237
vn 0.9611 0.2743 0.0306
vn -0.0067 0.1355 -0.9908
vn 0.4879 0.4800 0.7291
vn 0.4993 0.4399 0.7464
vn -0.8496 0.0197 0.5271
vn -0.8372 0.0228 0.5465
vn 0.8245 0.0228 -0.5654
vn 0.8114 0.0192 -0.5841
vn -0.5008 -0.4347 -0.7485
vn -0.5141 -0.3818 -0.7681
vn 0.5175 0.3702 0.7714
vn -0.8434 0.0277 0.5365
vn 0.8167 0.0306 -0.5763
vn -0.5299 -0.3032 -0.7920
vn 0.5483 0.3961 0.7365
vn -0.7954 -0.0778 0.6010
vn 0.8028 0.1534 -0.5762
vn -0.4790 -0.3259 -0.8151
vn 0.4879 0.4088 0.7713
vn -0.7874 -0.1804 0.5894
vn 0.7439 0.2305 -0.6273
vn -0.5322 -0.3510 -0.7704
vn 0.5224 0.3376 0.7830
vn -0.8028 -0.1415 0.5792
vn 0.7566 0.1979 -0.6232
vn -0.5549 -0.2705 -0.7867
vn 0.5075 0.4001 0.7631
vn -0.7628 -0.1183 0.6357
vn 0.7959 0.2160 -0.5656
vn -0.5223 -0.3406 -0.7818
vn 0.4560 0.5032 0.7341
vn -0.7884 -0.1511 0.5963
vn 0.7648 0.2035 -0.6113
vn -0.4806 -0.4525 -0.7512
vn -0.7291 0.4800 0.4879
vn -0.7460 0.4436 0.4966
vn -0.5269 0.0244 -0.8496
vn -0.5465 0.0228 -0.8372
vn 0.5654 0.0228 0.8245
vn 0.5814 0.0159 0.8135
vn 0.7485 -0.4347 -0.5008
vn 0.7658 -0.3855 -0.5147
vn -0.7693 0.3722 0.5192
vn -0.5325 0.0291 -0.8459
vn 0.5777 0.0276 0.8158
vn 0.7939 -0.3048 -0.5261
vn -0.7396 0.4652 0.4864
vn -0.5869 0.0655 -0.8070
vn 0.5138 0.0469 0.8566
vn 0.7532 -0.4089 -0.5153
vn -0.6975 0.5377 0.4737
vn -0.5057 0.0402 -0.8618
vn 0.5879 0.0006 0.8089
vn 0.7373 -0.4651 -0.4900
vn -0.7483 0.4445 0.4923
vn -0.5146 0.0614 -0.8552
vn 0.5743 0.0090 0.8186
vn 0.7736 -0.3595 -0.5218
vn -0.7452 0.4742 0.4688
vn -0.5224 0.1512 -0.8392
vn 0.4969 -0.0570 0.8660
vn 0.7408 -0.4055 -0.5355
vn -0.6887 0.5396 0.4842
vn -0.4595 0.1966 -0.8661
vn 0.4919 -0.1412 0.8591
vn 0.7217 -0.4850 -0.4939
vn -0.4879 0.4799 -0.7291
vn -0.4977 0.4480 -0.7427
vn 0.8473 0.0197 -0.5307
vn 0.8372 0.0227 -0.5465
vn -0.8245 0.0227 0.5654
vn -0.8131 0.0222 0.5818
vn 0.5008 -0.4347 0.7485
vn 0.5116 -0.3901 0.7655
vn -0.5158 0.3776 -0.7690
vn 0.8462 0.0241 -0.5323
vn -0.8138 0.0324 0.5802
vn 0.5278 -0.3089 0.7912
vn -0.4548 0.2674 -0.8495
vn 0.8615 0.1994 -0.4670
vn -0.8195 -0.1572 0.5510
vn 0.5997 -0.1767 0.7805
vn -0.5341 0.1401 -0.8337
vn 0.8215 0.3648 -0.4382
vn -0.8249 -0.3098 0.4729
vn 0.5004 -0.0903 0.8611
vn -0.5271 0.1252 -0.8405
vn 0.8253 0.3239 -0.4626
vn -0.8404 -0.2628 0.4740
vn 0.4996 -0.0696 0.8635
vn -0.5235 0.1139 -0.8444
vn 0.8380 0.2871 -0.4641
vn -0.8415 -0.2309 0.4884
vn 0.4997 -0.0605 0.8641
vn -0.5140 0.1004 -0.8519
vn 0.8378 0.2708 -0.4741
vn -0.8478 -0.2142 0.4852
vn 0.5034 -0.0438 0.8629
vn -0.9175 0.1225 -0.3784
vn -0.9172 0.1289 -0.3769
vn 0.3797 0.0209 -0.9249
vn 0.3835 0.0252 -0.9232
vn -0.3788 0.0252 0.9251
vn -0.3820 0.0268 0.9238
vn 0.9221 -0.0720 0.3803
vn 0.9209 -0.0819 0.3812
vn -0.9184 0.1198 -0.3771
vn 0.3889 0.0114 -0.9212
vn -0.3715 0.0307 0.9279
vn 0.9212 -0.0762 0.3814
vn -0.9171 0.1220 -0.3796
vn 0.3745 0.0115 -0.9271
vn -0.3857 0.0337 0.9220
vn 0.9221 -0.0786 0.3789
vn -0.9151 0.1406 -0.3778
vn 0.3827 0.0128 -0.9238
vn -0.3780 0.0304 0.9253
vn 0.9201 -0.0974 0.3794
vn -0.7256 0.3328 0.6024
vn -0.7353 0.3138 0.6007
vn -0.6220 0.0375 -0.7821
vn -0.6325 0.0242 -0.7742
vn 0.6444 0.0242 0.7643
vn 0.6473 0.0057 0.7622
vn 0.7377 -0.2845 -0.6122
vn 0.7375 -0.2651 -0.6212
vn -0.7371 0.2724 0.6185
vn -0.6208 0.0418 -0.7829
vn 0.6460 0.0013 0.7634
vn 0.7544 -0.2246 -0.6168
vn -0.7526 0.2342 0.6155
vn -0.6238 0.0421 -0.7804
vn 0.6435 0.0013 0.7654
vn 0.7536 -0.1874 -0.6301
vn -0.7521 0.2175 0.6222
vn -0.6272 0.0560 -0.7768
vn 0.6354 -0.0102 0.7721
vn 0.7599 -0.1717 -0.6270
vn 0.9216 0.2777 -0.2712
vn 0.9243 0.2605 -0.2789
vn 0.2724 0.0084 0.9621
vn 0.2762 0.0246 0.9608
vn -0.2884 0.0246 -0.9572
vn -0.2989 0.0360 -0.9536
vn -0.9339 -0.2286 0.2750
vn -0.9392 -0.2120 0.2701
vn 0.8972 0.3724 -0.2372
vn 0.3147 0.0797 0.9458
vn -0.2198 0.0080 -0.9755
vn -0.8966 -0.3257 0.3001
vn 0.8478 0.4557 -0.2711
vn 0.2203 0.0943 0.9709
vn -0.2850 -0.0612 -0.9566
vn -0.8788 -0.4049 0.2523
vn 0.8710 0.4155 -0.2623
vn 0.2491 0.0873 0.9645
vn -0.2776 -0.0224 -0.9604
vn -0.8983 -0.3501 0.2653
vn -0.8646 0.5015 -0.0312
vn -0.8858 0.4626 -0.0361
vn 0.0733 0.0249 -0.9970
vn 0.0481 0.0224 -0.9986
vn -0.0242 0.0224 0.9995
vn -0.0066 0.0097 0.9999
vn 0.8890 -0.4569 0.0322
vn 0.9123 -0.4084 0.0298
vn -0.8780 0.4775 -0.0328
vn 0.0332 0.0613 -0.9976
vn -0.0583 0.0225 0.9980
vn 0.9067 -0.4207 0.0312
vn -0.8722 0.4881 -0.0332
vn 0.0888 0.0467 -0.9950
vn -0.0125 -0.0111 0.9999
vn 0.9029 -0.4287 0.0308
vn -0.8973 0.4403 -0.0328
vn 0.0697 0.0692 -0.9952
vn -0.0372 -0.0002 0.9993
vn 0.9281 -0.3706 0.0367
vn -0.8184 0.2984 -0.4912
vn -0.8186 0.2881 -0.4969
vn 0.5262 0.0303 -0.8498
vn 0.5196 0.0208 -0.8541
vn -0.5094 0.0208 0.8603
vn -0.5077 0.0096 0.8615
vn 0.8286 -0.2569 0.4974
vn 0.8336 -0.2453 0.4950
vn -0.8238 0.2774 -0.4943
vn 0.5242 0.0429 -0.8505
vn -0.5145 0.0010 0.8575
vn 0.8334 -0.2335 0.5010
vn 0.1418 0.0811 -0.9866
vn 0.1329 0.0932 -0.9867
vn 0.9908 -0.0010 0.1356
vn 0.9894 0.0216 0.1435
vn -0.9898 0.0216 -0.1408
vn -0.9885 0.0400 -0.1458
vn -0.1420 -0.0379 0.9891
vn -0.1511 -0.0548 0.9870
vn 0.1425 0.1051 -0.9842
vn 0.9898 -0.0249 0.1405
vn -0.9888 0.0577 -0.1375
vn -0.1419 -0.0724 0.9872
vn -0.5261 0.2611 -0.8094
vn 0.8415 0.0246 -0.5397
vn -0.8349 0.0246 0.5498
vn 0.5326 -0.2118 0.8194
vn 0.6562 0.1992 0.7278
vn -0.7454 0.0250 0.6661
vn 0.7395 0.0250 -0.6727
vn -0.6621 -0.1492 -0.7344
vn -0.4292 0.1084 0.8967
vn -0.4340 -0.0606 0.8989
vn -0.8672 0.0277 -0.4971
vn -0.9014 0.0164 -0.4326
vn 0.9022 0.0164 0.4310
vn 0.9317 0.0156 0.3629
vn 0.4306 -0.0760 -0.8993
vn 0.4280 0.0923 -0.8991
vn -0.4223 -0.1446 0.8948
vn -0.9181 0.0034 -0.3964
vn 0.8821 0.0150 0.4708
vn 0.4345 0.1756 -0.8834
vn -0.3810 -0.1385 0.9141
vn -0.8691 -0.1073 -0.4829
vn 0.8982 0.1520 0.4126
vn 0.4617 0.1826 -0.8680
vn -0.5053 -0.0215 0.8627
vn -0.9292 -0.0518 -0.3661
vn 0.8367 0.0821 0.5415
vn 0.3603 0.0482 -0.9316
vn -0.4300 0.2049 0.8793
vn -0.8812 0.1277 -0.4552
vn 0.8866 -0.0852 0.4545
vn 0.4341 -0.1632 -0.8860
vn 0.9545 0.0457 0.2947
vn 0.9049 -0.1947 0.3785
vn -0.3630 0.1860 0.9130
vn -0.2962 0.0204 0.9549
vn 0.2974 0.0207 -0.9545
vn 0.1624 -0.0979 -0.9819
vn -0.9551 -0.0051 -0.2962
vn -0.9352 0.2521 -0.2487
vn 0.8794 -0.4091 0.2434
vn -0.2579 0.1325 0.9570
vn 0.3135 -0.1189 -0.9421
vn -0.8195 0.4224 -0.3873
vn 0.9464 -0.1071 0.3049
vn -0.2532 -0.1595 0.9542
vn 0.4595 0.1669 -0.8724
vn -0.8977 0.1633 -0.4092
vn 0.8929 -0.0529 0.4472
vn -0.4308 -0.0875 0.8982
vn 0.2804 0.1389 -0.9498
vn -0.9541 0.0753 -0.2898
vn 0.9123 -0.2180 0.3467
vn -0.3337 0.0927 0.9381
vn 0.3412 -0.0478 -0.9388
vn -0.9024 0.2623 -0.3418
vn 0.5064 0.1352 0.8516
vn 0.5054 -0.0485 0.8615
vn -0.8970 0.0358 0.4405
vn -0.8602 0.0191 0.5096
vn 0.8587 0.0191 -0.5121
vn 0.8141 0.0127 -0.5805
vn -0.5086 -0.0975 -0.8555
vn -0.5135 0.0859 -0.8538
vn 0.5364 -0.0521 0.8424
vn -0.8138 -0.0445 0.5795
vn 0.8970 0.0690 -0.4366
vn -0.4726 0.0924 -0.8764
vn 0.4565 0.1557 0.8760
vn -0.8582 -0.0272 0.5126
vn 0.8673 0.0668 -0.4932
vn -0.5315 -0.1239 -0.8379
vn 0.5013 0.1166 0.8574
vn -0.8833 0.0515 0.4660
vn 0.8502 -0.0182 -0.5262
vn -0.4940 -0.0773 -0.8660
vn 0.4989 0.0456 0.8654
vn -0.8667 0.0457 0.4967
vn 0.8663 -0.0027 -0.4995
vn -0.4983 -0.0027 -0.8670
vn 0.7451 0.0323 -0.6662
vn 0.7274 -0.1404 -0.6717
vn 0.6052 0.0012 0.7961
vn 0.6670 0.0180 0.7449
vn -0.6663 0.0179 -0.7454
vn -0.7155 0.0586 -0.6962
vn -0.7453 0.0033 0.6667
vn -0.7410 0.1761 0.6480
vn 0.7689 -0.1296 -0.6261
vn 0.7309 0.0731 0.6785
vn -0.6054 -0.0638 -0.7934
vn -0.6864 0.1715 0.7067
vn 0.6876 -0.0907 -0.7204
vn 0.6233 0.0811 0.7778
vn -0.7169 -0.0335 -0.6964
vn -0.7730 0.1176 0.6234
vn 0.7643 -0.0514 -0.6429
vn 0.7245 0.0142 0.6891
vn -0.6047 0.0128 -0.7963
vn -0.7089 0.0894 0.6996
vn 0.7288 0.1283 -0.6726
vn 0.6661 0.1089 0.7378
vn -0.6692 -0.0671 -0.7400
vn -0.7333 -0.0872 0.6743
vn -0.7866 0.0611 -0.6145
vn -0.7935 -0.1238 -0.5959
vn 0.6797 -0.0024 -0.7335
vn 0.6153 0.0176 -0.7881
vn -0.6152 0.0176 0.7881
vn -0.5521 0.0607 0.8316
vn 0.7879 -0.0263 0.6152
vn 0.7719 0.1590 0.6156
vn -0.7710 -0.0649 -0.6335
vn 0.5250 0.0155 -0.8509
vn -0.7008 0.0004 0.7134
vn 0.8096 0.0989 0.5786
vn -0.8068 -0.0311 -0.5900
vn 0.6898 0.0432 -0.7227
vn -0.5397 -0.0006 0.8419
vn 0.7712 0.0631 0.6334
vn -0.7351 -0.1108 -0.6688
vn 0.5466 0.1627 -0.8215
vn -0.6448 -0.1422 0.7510
vn 0.8279 0.1734 0.5334
vn -0.8073 0.0035 -0.5902
vn 0.5489 0.3585 -0.7551
vn -0.5599 -0.3200 0.7643
vn 0.8006 0.0369 0.5980
vn -0.9806 0.1958 0.0113
vn -0.9964 0.0708 -0.0465
vn 0.0560 0.1198 -0.9912
vn -0.0082 0.0166 -0.9998
vn 0.0133 0.0168 0.9998
vn 0.0647 -0.0927 0.9936
vn 0.9866 -0.1626 -0.0106
vn 0.9985 -0.0275 -0.0478
vn -0.9983 -0.0332 0.0474
vn -0.0165 0.1076 -0.9941
vn -0.0211 -0.0768 0.9968
vn 0.9963 0.0554 0.0657
vn -0.9954 -0.0755 -0.0583
vn 0.0389 0.0928 -0.9949
vn 0.0408 -0.0523 0.9978
vn 0.9928 0.1151 -0.0346
vn -0.9978 -0.0543 0.0379
vn -0.0569 0.0889 -0.9944
vn -0.0535 -0.0602 0.9968
vn 0.9947 0.0834 0.0599
vn -0.9974 0.0717 -0.0047
vn 0.0033 -0.0115 -0.9999
vn -0.0037 0.0514 0.9987
vn 0.9995 -0.0319 0.0056
vn 0.9781 0.1103 0.1766
vn 0.9730 0.0184 0.2301
vn -0.2209 0.1194 0.9680
vn -0.1794 0.0158 0.9836
vn 0.1772 0.0159 -0.9841
vn 0.1346 -0.0880 -0.9870
vn -0.9809 -0.0787 -0.1778
vn -0.9899 0.0227 -0.1403
vn 0.9906 -0.0416 0.1301
vn -0.1611 0.0874 0.9831
vn 0.2063 -0.0587 -0.9767
vn -0.9656 0.0636 -0.2523
vn 0.9630 -0.1192 0.2416
vn -0.2377 0.0652 0.9691
vn 0.1248 -0.0179 -0.9920
vn -0.9772 0.1541 -0.1463
vn 0.9812 -0.0877 0.1717
vn -0.0959 0.1267 0.9873
vn 0.2482 -0.1078 -0.9627
vn -0.9717 0.1187 -0.2043
vn 0.9817 0.0856 0.1699
vn -0.1768 0.1046 0.9787
vn 0.1781 -0.0655 -0.9818
vn -0.9836 -0.0473 -0.1743
vn 0.4749 0.1390 0.8690
vn 0.4377 -0.1064 0.8928
vn -0.9185 0.0923 0.3845
vn -0.8782 0.0147 0.4780
vn 0.8772 0.0148 -0.4798
vn 0.8177 -0.0378 -0.5744
vn -0.4763 -0.1100 -0.8724
vn -0.4891 0.1379 -0.8612
vn 0.4638 -0.2307 0.8554
vn -0.8401 0.0964 0.5338
vn 0.8974 -0.0984 -0.4301
vn -0.4313 0.2533 -0.8659
vn 0.4969 0.0560 0.8660
vn -0.8415 0.0226 0.5398
vn 0.9094 0.0108 -0.4157
vn -0.4505 -0.0291 -0.8923
vn 0.4461 0.1211 0.8868
vn -0.8995 0.0209 0.4365
vn 0.8566 0.0011 -0.5160
vn -0.4971 -0.0894 -0.8631
vn 0.4736 0.0251 0.8804
vn -0.8781 0.0906 0.4698
vn 0.8794 -0.0551 -0.4728
vn -0.4724 0.0104 -0.8813
vn 0.8391 0.5289 0.1274
vn 0.9302 0.3214 0.1775
vn -0.2662 0.0369 0.9632
vn -0.1566 0.0113 0.9876
vn 0.1445 0.0115 -0.9894
vn 0.0666 -0.0768 -0.9948
vn -0.8521 -0.5071 -0.1297
vn -0.9474 -0.2952 -0.1236
vn 0.9939 0.0404 0.1025
vn -0.1951 -0.0173 0.9806
vn 0.1462 0.0395 -0.9885
vn -0.9732 -0.0134 -0.2297
vn 0.9754 -0.1157 0.1879
vn -0.2034 -0.0810 0.9757
vn 0.1184 0.1160 -0.9862
vn -0.9841 0.1329 -0.1181
vn 0.9860 0.0440 0.1611
vn -0.0478 0.0039 0.9989
vn 0.2670 0.0319 -0.9632
vn -0.9880 -0.0150 -0.1537
vn 0.9426 0.2948 0.1567
vn -0.1647 0.0110 0.9863
vn 0.1593 0.0229 -0.9870
vn -0.9518 -0.2631 -0.1578
vn 0.7981 0.0152 -0.6023
vn 0.8165 -0.1168 -0.5654
vn 0.5572 0.0909 0.8254
vn 0.6022 0.0121 0.7982
vn -0.6017 0.0121 -0.7986
vn -0.6527 -0.0511 -0.7559
vn -0.7984 0.0089 0.6020
vn -0.7757 0.1451 0.6142
vn 0.7855 -0.0914 -0.6121
vn 0.6640 0.1014 0.7408
vn -0.5445 -0.0930 -0.8336
vn -0.8101 0.1108 0.5758
vn 0.7669 -0.1367 -0.6270
vn 0.5176 0.0048 0.8556
vn -0.6679 0.0477 -0.7427
vn -0.8046 0.1616 0.5714
vn 0.8027 -0.1217 -0.5838
vn 0.6675 -0.0709 0.7412
vn -0.4982 0.0710 -0.8641
vn -0.7854 0.1478 0.6011
vn 0.8049 0.1147 -0.5822
vn 0.5906 -0.0309 0.8064
vn -0.5892 0.0641 -0.8054
vn -0.8063 -0.0827 0.5856
vn -0.9559 0.2769 0.0975
vn -0.9883 0.1133 0.1023
vn -0.0268 0.0002 -0.9996
vn -0.0991 0.0099 -0.9950
vn 0.1038 0.0098 0.9946
vn 0.1769 0.0040 0.9842
vn 0.9613 -0.2576 -0.0980
vn 0.9905 -0.0937 -0.1009
vn -0.9904 0.0799 0.1124
vn -0.1653 -0.0123 -0.9862
vn 0.0466 0.0403 0.9981
vn 0.9939 -0.0599 -0.0921
vn -0.9942 0.1044 0.0249
vn -0.0415 0.1133 -0.9927
vn 0.1513 -0.1033 0.9831
vn 0.9840 -0.0697 -0.1641
vn -0.9887 0.0181 0.1487
vn -0.1121 0.1523 -0.9820
vn 0.0705 -0.1271 0.9894
vn 0.9994 -0.0095 -0.0323
vn -0.9923 0.0758 0.0980
vn -0.0959 0.0267 -0.9950
vn 0.0970 0.0035 0.9953
vn 0.9944 -0.0453 -0.0959
vn 0.9902 0.1130 -0.0824
vn 0.9907 -0.1286 -0.0454
vn -0.0190 0.0770 0.9968
vn 0.0821 0.0085 0.9966
vn -0.0830 0.0085 -0.9965
vn -0.1917 -0.0313 -0.9810
vn -0.9919 -0.0963 0.0823
vn -0.9845 0.1472 0.0953
vn 0.9753 -0.2093 -0.0710
vn 0.1611 0.0875 0.9831
vn -0.0142 -0.1042 -0.9945
vn -0.9731 0.2233 0.0575
vn 0.9842 0.0590 -0.1672
vn 0.1196 -0.1504 0.9814
vn -0.0401 0.1689 -0.9848
vn -0.9990 -0.0086 -0.0432
vn 0.9963 0.0501 0.0692
vn 0.0394 -0.1211 0.9919
vn -0.1009 0.1382 -0.9853
vn -0.9829 -0.0608 0.1738
vn 0.9983 0.0041 -0.0586
vn 0.0587 0.1567 0.9859
vn -0.0596 -0.1317 -0.9895
vn -0.9980 0.0223 0.0583
vn 0.9347 0.2134 -0.2843
vn 0.9609 0.1171 -0.2508
vn 0.2376 0.0810 0.9680
vn 0.2891 0.0089 0.9573
vn -0.2923 0.0089 -0.9563
vn -0.3259 -0.0728 -0.9426
vn -0.9383 -0.1957 0.2851
vn -0.9435 -0.0940 0.3178
vn 0.9410 0.0127 -0.3382
vn 0.2810 0.0307 0.9592
vn -0.2811 -0.0130 -0.9596
vn -0.9747 0.0025 0.2234
vn 0.9687 0.0744 -0.2369
vn 0.3064 0.0050 0.9519
vn -0.2549 0.0162 -0.9668
vn -0.9424 -0.0572 0.3295
vn 0.9479 0.0212 -0.3179
vn 0.2272 0.0347 0.9732
vn -0.3283 -0.0124 -0.9445
vn -0.9685 0.0006 0.2491
vn 0.9548 -0.0924 -0.2826
vn 0.2787 -0.0410 0.9595
vn -0.2769 0.0701 -0.9583
vn -0.9517 0.1213 0.2822
vn 0.6145 0.0460 0.7876
vn 0.6403 -0.0773 0.7642
vn -0.8226 -0.0521 0.5662
vn -0.7883 0.0060 0.6152
vn 0.7882 0.0060 -0.6154
vn 0.7533 0.0735 -0.6536
vn -0.6149 -0.0340 -0.7878
vn -0.5950 0.0927 -0.7984
vn 0.5889 -0.0817 0.8040
vn -0.7545 -0.0476 0.6546
vn 0.8235 0.0496 -0.5651
vn -0.6446 0.0899 -0.7592
vn 0.6829 -0.0146 0.7304
vn -0.8039 -0.1512 0.5752
vn 0.7599 0.1655 -0.6286
vn -0.5537 0.0531 -0.8310
vn 0.5089 0.0952 0.8556
vn -0.7455 -0.0605 0.6637
vn 0.8542 0.0958 -0.5111
vn -0.7022 -0.0959 -0.7055
vn 0.5825 0.3106 0.7511
vn -0.8107 0.1996 0.5503
vn 0.8117 -0.1776 -0.5564
vn -0.5857 -0.2884 -0.7575
vn -0.1500 0.0596 -0.9869
vn -0.1802 -0.0446 -0.9826
vn 0.9936 -0.0494 -0.1011
vn 0.9886 0.0055 -0.1502
vn -0.9886 0.0055 0.1506
vn -0.9787 0.0653 0.1947
vn 0.1502 -0.0486 0.9875
vn 0.1291 0.0586 0.9899
vn -0.1089 -0.0249 -0.9937
vn 0.9792 -0.0140 -0.2022
vn -0.9959 0.0218 0.0883
vn 0.1974 0.0345 0.9797
vn -0.2861 0.0341 -0.9576
vn 0.9692 -0.2332 -0.0792
vn -0.9535 0.2451 0.1755
vn 0.0189 0.0445 0.9988
vn -0.0098 -0.2883 -0.9575
vn 0.9843 -0.1253 -0.1240
vn -0.9451 0.1842 0.2700
vn 0.3656 0.2525 0.8959
vn -0.1759 -0.4285 -0.8863
vn 0.9206 0.2460 -0.3032
vn -0.9272 -0.2273 0.2976
vn 0.1727 0.4487 0.8768
vn -0.0890 0.1741 0.9807
vn -0.0900 0.0076 0.9959
vn -0.9864 0.0025 -0.1643
vn -0.9959 0.0035 -0.0908
vn 0.9959 0.0035 0.0899
vn 0.9999 0.0037 0.0159
vn 0.0891 -0.1671 -0.9819
vn 0.0905 -0.0008 -0.9959
vn -0.0910 -0.0978 0.9910
vn -0.9980 0.0002 -0.0632
vn 0.9929 0.0010 0.1192
vn 0.0902 0.1046 -0.9904
vn -0.0496 0.1788 0.9826
vn -0.9936 -0.1112 0.0186
vn 0.9753 0.1496 0.1624
vn 0.1713 -0.1553 -0.9729
vn -0.2391 0.2207 0.9456
vn -0.9843 -0.0188 -0.1754
vn 0.9996 -0.0007 0.0291
vn 0.0120 -0.2113 -0.9774
vn -0.1299 0.0698 0.9891
vn -0.9571 0.2520 -0.1430
vn 0.9620 -0.2341 0.1409
vn 0.1322 -0.0508 -0.9899
vn 0.8273 0.1568 -0.5395
vn 0.8325 -0.0101 -0.5540
vn 0.4823 -0.0104 0.8760
vn 0.5459 0.0043 0.8379
vn -0.5467 0.0043 -0.8373
vn -0.6074 0.0210 -0.7941
vn -0.8284 -0.1483 0.5402
vn -0.8403 0.0188 0.5419
vn 0.8415 -0.0329 -0.5393
vn 0.5984 -0.0121 0.8011
vn -0.4889 0.0156 -0.8722
vn -0.8321 0.0409 0.5531
vn 0.7992 0.0509 -0.5990
vn 0.5135 -0.1373 0.8470
vn -0.5686 0.1433 -0.8101
vn -0.8697 -0.0243 0.4930
vn 0.8898 0.0705 -0.4509
vn 0.5757 -0.0289 0.8171
vn -0.4954 0.0498 -0.8672
vn -0.7702 -0.0642 0.6345
vn 0.8220 0.1812 -0.5398
vn 0.5044 0.2143 0.8364
vn -0.5086 -0.1946 -0.8387
vn -0.8260 -0.1607 0.5403
vn -0.5821 0.1501 -0.7991
vn -0.5921 -0.0294 -0.8053
vn 0.8529 -0.0012 -0.5221
vn 0.8085 0.0039 -0.5885
vn -0.8080 0.0039 0.5892
vn -0.7586 0.0140 0.6514
vn 0.5828 -0.1425 0.8000
vn 0.5863 0.0369 0.8092
vn -0.5817 -0.0605 -0.8112
vn 0.7677 0.0004 -0.6408
vn -0.8467 -0.0015 0.5321
vn 0.5935 0.0680 0.8020
vn -0.6416 -0.1316 -0.7556
vn 0.8698 -0.0923 -0.4847
vn -0.7511 0.1293 0.6474
vn 0.5449 0.1528 0.8245
vn -0.5232 -0.1722 -0.8347
vn 0.7566 -0.0491 -0.6520
vn -0.8616 0.0310 0.5066
vn 0.6678 0.1776 0.7228
vn -0.6049 0.0308 -0.7957
vn 0.7863 0.1705 -0.5939
vn -0.7898 -0.1508 0.5945
vn 0.6043 -0.0108 0.7967
vn 0.8449 0.0812 0.5288
vn 0.8507 -0.0936 0.5173
vn -0.5956 -0.0112 0.8032
vn -0.5306 0.0029 0.8476
vn 0.5304 0.0029 -0.8477
vn 0.4645 0.0318 -0.8850
vn -0.8453 -0.0754 -0.5290
vn -0.8397 0.0996 -0.5338
vn 0.8273 -0.2085 0.5217
vn -0.5089 -0.0291 0.8604
vn 0.5544 0.0233 -0.8319
vn -0.8345 0.2135 -0.5079
vn 0.8577 0.0416 0.5125
vn -0.4543 -0.0639 0.8885
vn 0.5970 0.0758 -0.7986
vn -0.8277 -0.0320 -0.5603
vn 0.7923 0.1635 0.5878
vn -0.5677 0.0050 0.8232
vn 0.5137 -0.0032 -0.8580
vn -0.8602 -0.1515 -0.4870
vn 0.8351 0.0980 0.5414
vn -0.5498 0.1481 0.8220
vn 0.5493 -0.1303 -0.8254
vn -0.8357 -0.0799 -0.5433
vn 0.4673 0.3276 0.8212
vn 0.5200 0.1227 0.8453
vn -0.9070 -0.0629 0.4165
vn -0.8696 0.0036 0.4938
vn 0.8685 0.0036 -0.4956
vn 0.8139 0.0478 -0.5791
vn -0.4685 -0.3206 -0.8232
vn -0.4754 -0.1129 -0.8725
vn 0.4797 -0.1548 0.8636
vn -0.8745 -0.0370 0.4836
vn 0.8454 0.0528 -0.5315
vn -0.5314 0.1588 -0.8321
vn 0.4951 -0.1353 0.8582
vn -0.8341 0.0547 0.5489
vn 0.8720 -0.0580 -0.4860
vn -0.5212 0.1440 -0.8412
vn 0.5466 -0.1403 0.8256
vn -0.8796 0.0077 0.4757
vn 0.8398 0.0175 -0.5426
vn -0.4706 0.1541 -0.8688
vn 0.5023 -0.2257 0.8347
vn -0.8644 -0.0912 0.4945
vn 0.8645 0.1106 -0.4902
vn -0.5009 0.2451 -0.8301
vn -0.5459 0.1050 0.8312
vn -0.5463 -0.0707 0.8346
vn -0.7910 0.0077 -0.6117
vn -0.8357 0.0032 -0.5491
vn 0.8360 0.0032 0.5488
vn 0.8765 0.0100 0.4813
vn 0.5463 -0.0988 -0.8318
vn 0.5467 0.0768 -0.8338
vn -0.5314 -0.0769 0.8436
vn -0.8728 -0.0534 -0.4852
vn 0.7898 0.0471 0.6115
vn 0.5674 0.0849 -0.8190
vn -0.5596 0.1502 0.8151
vn -0.8459 -0.0810 -0.5271
vn 0.8157 0.0949 0.5707
vn 0.5518 -0.1452 -0.8212
vn -0.5888 0.1811 0.7877
vn -0.8160 0.0171 -0.5777
vn 0.8340 -0.0102 0.5517
vn 0.5216 -0.1678 -0.8365
vn -0.5576 0.1511 0.8162
vn -0.8105 0.1144 -0.5744
vn 0.8138 -0.0961 0.5732
vn 0.5601 -0.1325 -0.8178
vn 0.6892 0.1182 0.7149
vn 0.7140 -0.0665 0.6970
vn -0.7754 -0.0424 0.6300
vn -0.7200 0.0021 0.6940
vn 0.7198 0.0020 -0.6942
vn 0.6605 0.0579 -0.7486
vn -0.6895 -0.1142 -0.7152
vn -0.6806 0.0728 -0.7290
vn 0.6741 -0.1038 0.7313
vn -0.6727 -0.0420 0.7387
vn 0.7665 0.0315 -0.6414
vn -0.7159 0.1054 -0.6902
vn 0.7496 0.0181 0.6616
vn -0.7267 -0.1491 0.6705
vn 0.6984 0.1528 -0.6992
vn -0.6376 0.0096 -0.7703
vn 0.6183 0.0457 0.7846
vn -0.6938 -0.1120 0.7114
vn 0.7497 0.1266 -0.6495
vn -0.7537 -0.0576 -0.6547
vn 0.6775 0.1519 0.7196
vn -0.7339 0.0984 0.6721
vn 0.7339 -0.0818 -0.6743
vn -0.6794 -0.1350 -0.7212
vn -0.9337 0.0510 0.3543
vn -0.9118 -0.1743 0.3719
vn -0.2560 -0.0170 -0.9665
vn -0.3549 0.0029 -0.9349
vn 0.3548 0.0028 0.9349
vn 0.4393 0.0578 0.8965
vn 0.9340 -0.0453 -0.3544
vn 0.9234 0.1809 -0.3384
vn -0.9003 -0.2834 0.3305
vn -0.3971 -0.0476 -0.9165
vn 0.3018 0.0226 0.9531
vn 0.8858 0.2869 -0.3647
vn -0.9084 -0.0854 0.4092
vn -0.3670 -0.1501 -0.9180
vn 0.3038 0.1487 0.9410
vn 0.9537 0.1114 -0.2793
vn -0.9658 -0.0369 0.2568
vn -0.3272 -0.1147 -0.9380
vn 0.3331 0.1267 0.9343
vn 0.9108 0.0290 -0.4117
vn -0.9409 -0.0311 0.3374
vn -0.3396 0.0725 -0.9378
vn 0.3394 -0.0541 0.9391
vn 0.9400 0.0499 -0.3376
vn -0.6892 0.0933 -0.7185
vn -0.6796 -0.0854 -0.7285
vn 0.7732 0.0317 -0.6334
vn 0.7218 0.0020 -0.6921
vn -0.7216 0.0020 0.6923
vn -0.6636 -0.0139 0.7479
vn 0.6894 -0.0893 0.7188
vn 0.6946 0.0898 0.7138
vn -0.6862 -0.1498 -0.7118
vn 0.6834 0.0258 -0.7296
vn -0.7547 -0.0377 0.6550
vn 0.6766 0.1532 0.7203
vn -0.6494 -0.2266 -0.7259
vn 0.7661 0.0915 -0.6362
vn -0.6497 -0.0472 0.7587
vn 0.6840 0.2341 0.6909
vn -0.7275 -0.1242 -0.6748
vn 0.6251 -0.0708 -0.7774
vn -0.8064 0.0469 0.5895
vn 0.6003 0.1444 0.7866
vn -0.6441 0.1638 -0.7472
vn 0.7104 -0.2331 -0.6641
vn -0.7071 0.2504 0.6613
vn 0.6477 -0.1470 0.7476
vn 0.9939 0.0474 -0.0994
vn 0.9830 -0.1477 -0.1094
vn 0.0109 -0.0043 0.9999
vn 0.0996 0.0019 0.9950
vn -0.0996 0.0019 -0.9950
vn -0.1812 0.0338 -0.9829
vn -0.9941 -0.0436 0.0995
vn -0.9842 0.1515 0.0914
vn 0.9693 -0.2351 -0.0724
vn 0.1481 0.0087 0.9889
vn -0.0548 -0.0279 -0.9981
vn -0.9630 0.2395 0.1237
vn 0.9828 0.0272 -0.1828
vn 0.1691 -0.1462 0.9747
vn -0.0388 0.1515 -0.9877
vn -0.9999 0.0065 -0.0157
vn 0.9845 0.1713 0.0364
vn 0.0937 -0.1660 0.9817
vn -0.0684 0.1810 -0.9811
vn -0.9711 -0.1922 0.1416
vn 0.9736 0.2221 -0.0523
vn 0.0472 0.0329 0.9983
vn -0.0506 -0.0162 -0.9986
vn -0.9773 -0.2051 0.0538
vn 0.9174 0.1256 0.3777
vn 0.9135 -0.0492 0.4039
vn -0.4512 0.0483 0.8911
vn -0.3809 0.0016 0.9246
vn 0.3806 0.0016 -0.9247
vn 0.3062 -0.0369 -0.9512
vn -0.9177 -0.1224 -0.3779
vn -0.9283 0.0541 -0.3679
vn 0.9324 0.0065 0.3613
vn -0.2788 0.0389 0.9596
vn 0.4699 -0.0347 -0.8820
vn -0.9148 -0.0052 -0.4038
vn 0.8964 0.1041 0.4308
vn -0.4377 0.1109 0.8922
vn 0.3172 -0.1204 -0.9407
vn -0.9413 -0.0880 -0.3259
vn 0.9355 -0.1078 0.3366
vn -0.4135 0.1108 0.9037
vn 0.3660 -0.0958 -0.9256
vn -0.8857 0.1042 -0.4524
vn 0.9059 -0.1576 0.3930
vn -0.4027 -0.0285 0.9149
vn 0.4044 0.0442 -0.9135
vn -0.9033 0.1733 -0.3925
vn -0.9379 0.3444 -0.0413
vn -0.9705 0.2407 -0.0141
vn 0.0794 -0.0647 -0.9947
vn 0.0445 0.0018 -0.9990
vn -0.0433 0.0018 0.9991
vn 0.0172 0.0449 0.9988
vn 0.9392 -0.3409 0.0413
vn 0.9700 -0.2343 0.0652
vn -0.9972 0.0094 -0.0743
vn 0.0806 -0.0178 -0.9966
vn 0.0289 0.0204 0.9994
vn 0.9999 -0.0074 -0.0088
vn -0.9869 -0.1558 -0.0429
vn 0.0433 0.0901 -0.9950
vn -0.0036 -0.0801 0.9968
vn 0.9866 0.1603 0.0313
vn -0.9856 -0.1691 0.0100
vn 0.0261 -0.0077 -0.9996
vn -0.0533 0.0128 0.9985
vn 0.9798 0.1797 0.0883
vn -0.9896 -0.1384 -0.0403
vn 0.0561 -0.1109 -0.9922
vn -0.0586 0.1264 0.9902
vn 0.9873 0.1541 0.0391
vn 0.0111 0.1179 -0.9930
vn 0.0086 -0.1055 -0.9944
vn 0.9939 0.0074 0.1099
vn 0.9999 0.0015 0.0112
vn -0.9999 0.0015 -0.0110
vn -0.9961 0.0164 0.0862
vn -0.0111 -0.1150 0.9933
vn -0.0130 0.1082 0.9940
vn 0.0235 -0.1843 -0.9826
vn 0.9987 0.0036 -0.0513
vn -0.9968 -0.0250 -0.0761
vn -0.0021 0.1872 0.9823
vn -0.0527 0.1170 -0.9917
vn 0.9866 -0.1496 -0.0648
vn -0.9838 0.1662 -0.0669
vn -0.1221 -0.0859 0.9888
vn 0.1599 0.0978 -0.9823
vn 0.9921 -0.0977 0.0782
vn -0.9943 0.0920 0.0539
vn 0.0714 -0.1118 0.9912
vn 0.0373 -0.0295 -0.9989
vn 0.9849 0.1705 0.0313
vn -0.9872 -0.1565 -0.0307
vn -0.0377 0.0440 0.9983
vn -0.4649 0.0836 0.8814
vn -0.4496 -0.0951 0.8882
vn -0.8426 -0.0215 -0.5382
vn -0.8845 0.0009 -0.4666
vn 0.8845 0.0009 0.4665
vn 0.9168 0.0387 0.3976
vn 0.4650 -0.0819 -0.8815
vn 0.4744 0.0977 -0.8749
vn -0.5052 -0.0213 0.8628
vn -0.9275 0.0577 -0.3693
vn 0.8229 -0.0615 0.5648
vn 0.4053 0.0295 -0.9137
vn -0.3868 0.1375 0.9118
vn -0.8685 0.0319 -0.4946
vn 0.9042 -0.0415 0.4251
vn 0.5012 -0.1409 -0.8538
vn -0.4479 0.0716 0.8912
vn -0.8913 -0.1142 -0.4387
vn 0.8856 0.1234 0.4477
vn 0.4573 -0.0617 -0.8872
vn -0.4538 0.0868 0.8869
vn -0.8883 -0.1235 -0.4424
vn 0.8870 0.1390 0.4404
vn 0.4526 -0.0712 -0.8889
vn -0.9855 0.0525 0.1612
vn -0.9836 -0.1208 0.1341
vn -0.0888 0.0551 -0.9945
vn -0.1614 0.0015 -0.9869
vn 0.1614 0.0015 0.9869
vn 0.2408 -0.0332 0.9700
vn 0.9857 -0.0495 -0.1612
vn 0.9767 0.1254 -0.1743
vn -0.9687 -0.1796 0.1716
vn -0.2180 0.0394 -0.9751
vn 0.1154 -0.0556 0.9918
vn 0.9743 0.1805 -0.1345
vn -0.9904 0.0746 0.1167
vn -0.2141 0.1505 -0.9652
vn 0.1000 -0.1400 0.9851
vn 0.9693 -0.0532 -0.2399
vn -0.9500 0.0673 0.3049
vn -0.1100 0.0190 -0.9937
vn 0.2281 -0.0174 0.9735
vn 0.9954 -0.0624 -0.0731
vn -0.9798 -0.0550 0.1922
vn -0.1725 -0.2376 -0.9559
vn 0.1719 0.2528 0.9521
vn 0.9785 0.0711 -0.1938
vn -0.6743 0.0374 0.7376
vn -0.6769 -0.1412 0.7224
vn -0.6848 0.0345 -0.7279
vn -0.7381 0.0018 -0.6747
vn 0.7380 0.0018 0.6748
vn 0.7908 -0.0084 0.6120
vn 0.6743 -0.0339 -0.7376
vn 0.6617 0.1449 -0.7357
vn -0.6324 -0.2726 0.7251
vn -0.7476 -0.0171 -0.6640
vn 0.7206 0.0092 0.6933
vn 0.6696 0.2765 -0.6894
vn -0.6895 -0.0588 0.7219
vn -0.7773 -0.0483 -0.6272
vn 0.6716 0.0424 0.7397
vn 0.6728 0.0611 -0.7373
vn -0.6651 0.0713 0.7433
vn -0.7126 -0.0760 -0.6974
vn 0.7429 0.0825 0.6643
vn 0.7029 -0.0579 -0.7089
vn -0.6837 0.0231 0.7294
vn -0.7253 -0.1294 -0.6762
vn 0.7241 0.1447 0.6743
vn 0.6827 -0.0077 -0.7307
vn -0.9910 0.1168 -0.0647
vn -0.9957 -0.0705 -0.0607
vn 0.1485 -0.0004 -0.9889
vn 0.0652 0.0014 -0.9979
vn -0.0650 0.0014 0.9979
vn 0.0171 0.0151 0.9997
vn 0.9914 -0.1140 0.0647
vn 0.9950 0.0732 0.0680
vn -0.9889 -0.1264 -0.0782
vn 0.0059 0.0103 -0.9999
vn -0.1229 -0.0228 0.9922
vn 0.9904 0.1295 0.0490
vn -0.9903 -0.1391 0.0047
vn 0.1452 -0.0702 -0.9869
vn -0.0113 0.0928 0.9956
vn 0.9820 0.1517 0.1128
vn -0.9901 -0.0922 -0.1056
vn -0.0032 -0.1309 -0.9914
vn -0.1786 0.1229 0.9762
vn 0.9955 0.0910 0.0267
vn -0.9890 0.1194 -0.0874
vn 0.0826 -0.0346 -0.9960
vn -0.0824 0.0503 0.9953
vn 0.9908 -0.1043 0.0862
vn 0.9992 0.0307 -0.0252
vn 0.9892 -0.1444 -0.0261
vn -0.0531 0.0101 0.9985
vn 0.0252 0.0014 0.9997
vn -0.0252 0.0014 -0.9997
vn -0.1015 0.0156 -0.9947
vn -0.9993 -0.0279 0.0252
vn -0.9888 0.1472 0.0233
vn 0.9972 -0.0733 -0.0122
vn 0.1335 0.0210 0.9908
vn 0.0835 -0.0346 -0.9959
vn -0.9961 0.0768 0.0436
vn 0.9970 -0.0292 -0.0719
vn -0.0676 -0.0172 0.9976
vn -0.1142 0.0255 -0.9931
vn -0.9994 0.0334 -0.0035
vn 0.9973 -0.0724 -0.0135
vn 0.0921 -0.0711 0.9932
vn 0.0508 0.0694 -0.9963
vn -0.9958 0.0792 0.0450
vn 0.9956 0.0912 -0.0195
vn 0.0230 -0.0285 0.9993
vn -0.0231 0.0443 -0.9988
vn -0.9969 -0.0757 0.0204
vn -0.5061 0.0921 0.8575
vn -0.5006 -0.0946 0.8605
vn -0.8145 -0.0039 -0.5802
vn -0.8611 0.0019 -0.5083
vn 0.8613 0.0019 0.5082
vn 0.8985 0.0235 0.4384
vn 0.5063 -0.0882 -0.8578
vn 0.5119 0.0984 -0.8534
vn -0.5467 -0.1765 0.8185
vn -0.8848 0.0903 -0.4571
vn 0.8395 -0.1032 0.5335
vn 0.4488 0.1908 -0.8730
vn -0.4303 0.0024 0.9027
vn -0.8903 0.0573 -0.4518
vn 0.8503 -0.0534 0.5235
vn 0.5601 -0.0071 -0.8284
vn -0.5309 0.1470 0.8346
vn -0.8774 0.0021 -0.4797
vn 0.8573 0.0140 0.5147
vn 0.4487 -0.1375 -0.8831
vn -0.4826 0.1972 0.8534
vn -0.8549 0.1076 -0.5075
vn 0.8578 -0.0911 0.5059
vn 0.4849 -0.1806 -0.8557
vn -0.6549 0.0472 -0.7542
vn -0.6279 -0.1226 -0.7686
vn 0.7981 0.0610 -0.5995
vn 0.7551 0.0012 -0.6556
vn -0.7551 0.0012 0.6557
vn -0.6991 -0.0397 0.7139
vn 0.6550 -0.0449 0.7543
vn 0.6629 0.1272 0.7379
vn -0.6406 -0.2415 -0.7290
vn 0.7342 0.0594 -0.6764
vn -0.7647 -0.0689 0.6407
vn 0.6150 0.2414 0.7506
vn -0.6430 0.0235 -0.7655
vn 0.6884 0.0801 -0.7209
vn -0.8116 -0.0739 0.5795
vn 0.6783 -0.0176 0.7346
vn -0.7090 0.0853 -0.7000
vn 0.7942 -0.0026 -0.6076
vn -0.7034 -0.0001 0.7108
vn 0.6233 -0.0769 0.7782
vn -0.6689 -0.0632 -0.7407
vn 0.7424 -0.1228 -0.6586
vn -0.7409 0.1375 0.6574
vn 0.6689 0.0779 0.7392
vn 0.9211 0.0211 0.3886
vn 0.9293 -0.0949 0.3571
vn -0.4401 -0.0520 0.8964
vn -0.3886 0.0018 0.9214
vn 0.3887 0.0018 -0.9214
vn 0.3433 0.0660 -0.9369
vn -0.9212 -0.0175 -0.3886
vn -0.9081 0.1016 -0.4063
vn 0.9067 -0.1232 0.4035
vn -0.3513 -0.0608 0.9343
vn 0.4280 0.0540 -0.9022
vn -0.9277 0.1235 -0.3522
vn 0.8934 0.0546 0.4460
vn -0.3496 0.1914 0.9171
vn 0.4081 -0.1853 -0.8939
vn -0.9552 -0.0195 -0.2952
vn 0.9720 -0.0322 0.2330
vn -0.4518 0.0552 0.8904
vn 0.3331 -0.0414 -0.9420
vn -0.8659 0.0287 -0.4993
vn 0.9180 -0.1602 0.3628
vn -0.3958 -0.2644 0.8795
vn 0.3954 0.2794 -0.8750
vn -0.9162 0.1763 -0.3600
vn -0.0709 0.1853 0.9801
vn -0.0955 0.0287 0.9950
vn -0.9887 0.0396 -0.1444
vn -0.9974 0.0007 -0.0723
vn 0.9974 0.0007 0.0721
vn 0.9991 -0.0421 0.0033
vn 0.0709 -0.1840 -0.9804
vn 0.0581 -0.0259 -0.9980
vn -0.0504 0.0226 0.9985
vn -0.9999 0.0150 -0.0066
vn 0.9895 -0.0107 0.1441
vn 0.1127 -0.0222 -0.9934
vn -0.0502 0.0192 0.9986
vn -0.9837 -0.1053 -0.1460
vn 0.9945 0.1043 0.0033
vn 0.0943 -0.0132 -0.9955
vn -0.1265 -0.0045 0.9920
vn -0.9997 -0.0168 -0.0154
vn 0.9900 0.0232 0.1394
vn 0.0061 0.0094 -0.9999
vn -0.0664 0.1367 0.9884
vn -0.9893 0.1205 -0.0821
vn 0.9909 -0.1073 0.0815
vn 0.0671 -0.1236 -0.9901
vn 0.0291 0.2268 -0.9735
vn 0.0104 0.0174 -0.9998
vn 0.9920 -0.0319 0.1223
vn 0.9995 0.0013 0.0300
vn -0.9996 0.0013 -0.0296
vn -0.9974 0.0314 0.0650
vn -0.0291 -0.2242 0.9741
vn -0.0400 -0.0140 0.9991
vn 0.0495 -0.0701 -0.9963
vn 0.9996 -0.0131 -0.0261
vn -0.9962 0.0076 -0.0866
vn -0.0013 0.0720 0.9974
vn -0.0040 0.3346 -0.9424
vn 0.9912 -0.0629 -0.1166
vn -0.9810 0.1498 -0.1234
vn -0.1338 -0.3157 0.9394
vn 0.0372 0.0025 -0.9993
vn 0.9584 -0.1879 0.2151
vn -0.9451 0.1916 0.2648
vn 0.0405 -0.0094 0.9991
vn -0.0922 -0.5320 -0.8417
vn 0.9919 -0.1238 -0.0286
vn -0.9902 0.1379 0.0240
vn 0.0940 0.5418 0.8352
vn -0.9221 0.0462 0.3843
vn -0.9320 -0.0647 0.3565
vn -0.3394 0.0596 -0.9388
vn -0.3846 0.0019 -0.9231
vn 0.3846 0.0019 0.9231
vn 0.4324 -0.0489 0.9004
vn 0.9222 -0.0424 -0.3843
vn 0.9130 0.0712 -0.4017
vn -0.9118 -0.0508 0.4075
vn -0.4402 0.0430 -0.8969
vn 0.3332 -0.0453 0.9418
vn 0.9341 0.0519 -0.3532
vn -0.9031 0.2042 0.3778
vn -0.4394 -0.0104 -0.8982
vn 0.3374 0.0371 0.9406
vn 0.9051 -0.2004 -0.3751
vn -0.9301 0.0723 0.3601
vn -0.2774 0.0165 -0.9606
vn 0.4908 -0.0211 0.8710
vn 0.9144 -0.0608 -0.4002
vn -0.9108 -0.1857 0.3687
vn -0.3864 0.0747 -0.9193
vn 0.3857 -0.0570 0.9209
vn 0.9081 0.2023 -0.3667
vn 0.8009 0.2389 0.5491
vn 0.8180 0.0816 0.5694
vn -0.6227 0.0105 0.7824
vn -0.5657 0.0018 0.8246
vn 0.5652 0.0018 -0.8250
vn 0.5055 -0.0183 -0.8626
vn -0.8016 -0.2354 -0.5496
vn -0.8258 -0.0779 -0.5585
vn 0.8434 0.0195 0.5370
vn -0.5269 -0.0535 0.8482
vn 0.5983 0.0583 -0.7991
vn -0.8003 -0.0118 -0.5996
vn 0.7842 -0.0574 0.6179
vn -0.6198 0.0010 0.7848
vn 0.4926 0.0115 -0.8702
vn -0.8544 0.0603 -0.5161
vn 0.8420 -0.1070 0.5287
vn -0.5118 0.0377 0.8583
vn 0.6013 -0.0399 -0.7980
vn -0.7942 0.1133 -0.5971
vn 0.8250 0.0173 0.5648
vn -0.5635 -0.0451 0.8249
vn 0.5637 0.0611 -0.8237
vn -0.8252 -0.0013 -0.5648
vn -0.9344 0.2786 0.2219
vn -0.9620 0.1862 0.1995
vn -0.1791 0.0486 -0.9826
vn -0.2306 0.0017 -0.9730
vn 0.2314 0.0017 0.9729
vn 0.2626 -0.0611 0.9630
vn 0.9353 -0.2753 -0.2221
vn 0.9516 -0.1801 -0.2489
vn -0.9678 0.0037 0.2517
vn -0.1766 0.0359 -0.9836
vn 0.2510 -0.0327 0.9674
vn 0.9829 -0.0027 -0.1841
vn -0.9834 -0.1483 0.1047
vn -0.1930 0.1737 -0.9657
vn 0.2706 -0.1566 0.9499
vn 0.9420 0.1827 -0.2816
vn -0.9439 0.0360 0.3284
vn -0.3807 0.1402 -0.9140
vn 0.1225 -0.1197 0.9852
vn 0.9928 -0.0560 -0.1061
vn -0.9116 0.3459 0.2222
vn -0.2729 -0.1042 -0.9564
vn 0.2752 0.1192 0.9540
vn 0.9166 -0.3317 -0.2232
vn -0.6842 0.0613 0.7267
vn -0.6683 -0.1290 0.7326
vn -0.6658 -0.0132 -0.7460
vn -0.7281 0.0018 -0.6855
vn 0.7281 0.0018 0.6854
vn 0.7806 0.0388 0.6238
vn 0.6843 -0.0578 -0.7269
vn 0.6857 0.1330 -0.7157
vn -0.6873 -0.1797 0.7038
vn -0.7679 -0.0163 -0.6404
vn 0.6825 -0.0032 0.7309
vn 0.6563 0.1826 -0.7320
vn -0.6438 0.1247 0.7550
vn -0.7791 -0.0875 -0.6207
vn 0.6814 0.1079 0.7239
vn 0.7348 -0.1088 -0.6696
vn -0.7675 0.1229 0.6291
vn -0.6744 -0.0110 -0.7383
vn 0.7740 0.0030 0.6332
vn 0.6225 -0.1155 -0.7740
vn -0.7059 -0.0298 0.7077
vn -0.6945 0.2271 -0.6827
vn 0.6974 -0.2124 0.6845
vn 0.7066 0.0451 -0.7062
vn 0.9294 0.2087 0.3046
vn 0.9307 -0.0427 0.3633
vn -0.4148 0.0893 0.9055
vn -0.3118 0.0014 0.9502
vn 0.3113 0.0014 -0.9503
vn 0.2011 -0.0760 -0.9766
vn -0.9299 -0.2059 -0.3048
vn -0.9558 0.0517 -0.2894
vn 0.9285 -0.2143 0.3032
vn -0.2736 0.0960 0.9571
vn 0.3489 -0.1110 -0.9306
vn -0.9101 0.2106 -0.3569
vn 0.9390 0.0309 0.3425
vn -0.2546 0.1126 0.9605
vn 0.3833 -0.1066 -0.9175
vn -0.9590 -0.0214 -0.2827
vn 0.9699 0.0670 0.2341
vn -0.3629 0.0233 0.9315
vn 0.2643 -0.0215 -0.9642
vn -0.9277 -0.0618 -0.3683
vn 0.9518 -0.0420 0.3037
vn -0.3075 -0.1271 0.9430
vn 0.3067 0.1414 -0.9412
vn -0.9514 0.0565 -0.3027
vn 0.8620 0.1216 -0.4921
vn 0.8659 -0.0541 -0.4974
vn 0.4251 -0.0008 0.9051
vn 0.4956 0.0014 0.8685
vn -0.4959 0.0014 -0.8684
vn -0.5608 0.0122 -0.8279
vn -0.8623 -0.1188 0.4922
vn -0.8688 0.0569 0.4918
vn 0.8782 -0.1134 -0.4647
vn 0.5406 0.0527 0.8396
vn -0.4512 -0.0620 -0.8903
vn -0.8459 0.1198 0.5197
vn 0.8151 0.0093 -0.5792
vn 0.4946 -0.0916 0.8643
vn -0.4951 0.0945 -0.8637
vn -0.9120 0.0119 0.4100
vn 0.9360 0.0524 -0.3480
vn 0.5004 0.0709 0.8629
vn -0.4683 -0.0601 -0.8815
vn -0.7771 -0.0213 0.6291
vn 0.8610 0.0842 -0.5015
vn 0.4239 0.4310 0.7966
vn -0.4277 -0.4174 -0.8018
vn -0.8642 -0.0683 0.4985
vn 0.9870 0.0869 -0.1349
vn 0.9958 -0.0280 -0.0867
vn 0.0830 0.0933 0.9922
vn 0.1352 0.0013 0.9908
vn -0.1354 0.0013 -0.9908
vn -0.1890 -0.0872 -0.9781
vn -0.9873 -0.0844 0.1348
vn -0.9851 0.0379 0.1676
vn 0.9833 -0.0510 -0.1748
vn 0.1780 0.0596 0.9822
vn -0.0850 -0.0618 -0.9945
vn -0.9966 0.0468 0.0677
vn 0.9817 -0.1292 -0.1402
vn 0.0376 -0.0677 0.9970
vn -0.1992 0.0918 -0.9756
vn -0.9836 0.1332 0.1216
vn 0.9916 -0.0974 -0.0848
vn 0.2198 0.0108 0.9755
vn -0.0295 -0.0220 -0.9993
vn -0.9758 0.1073 0.1906
vn 0.9825 0.1181 -0.1442
vn 0.1284 0.1412 0.9816
vn -0.1287 -0.1270 -0.9835
vn -0.9842 -0.1042 0.1434
vn -0.9853 0.1105 -0.1303
vn -0.9888 -0.0620 -0.1357
vn 0.2070 0.0135 -0.9782
vn 0.1312 0.0013 -0.9914
vn -0.1310 0.0013 0.9914
vn -0.0550 -0.0012 0.9985
vn 0.9856 -0.1078 0.1303
vn 0.9895 0.0646 0.1291
vn -0.9863 -0.0874 -0.1402
vn 0.0649 0.0297 -0.9974
vn -0.1954 -0.0389 0.9800
vn 0.9883 0.0905 0.1225
vn -0.9876 -0.1322 -0.0846
vn 0.2229 -0.0179 -0.9747
vn -0.0528 0.0439 0.9976
vn 0.9773 0.1373 0.1615
vn -0.9863 -0.0668 -0.1506
vn 0.0322 -0.0881 -0.9956
vn -0.2581 0.0808 0.9627
vn 0.9900 0.0729 0.1206
vn -0.9693 0.1936 -0.1518
vn 0.1444 -0.0462 -0.9884
vn -0.1434 0.0613 0.9878
vn 0.9721 -0.1795 0.1512
vn 0.8093 0.0572 0.5846
vn 0.8097 -0.1321 0.5717
vn -0.6543 -0.0077 0.7562
vn -0.5856 0.0012 0.8106
vn 0.5855 0.0012 -0.8107
vn 0.5189 0.0328 -0.8542
vn -0.8094 -0.0548 -0.5847
vn -0.7981 0.1350 -0.5872
vn 0.7801 -0.0829 0.6202
vn -0.4962 0.0722 0.8652
vn 0.6644 -0.0881 -0.7422
vn -0.8442 0.0941 -0.5278
vn 0.8692 0.0484 0.4921
vn -0.6165 -0.0033 0.7874
vn 0.5402 0.0010 -0.8415
vn -0.7667 -0.0459 -0.6403
vn 0.7888 0.0209 0.6143
vn -0.5478 -0.0949 0.8312
vn 0.6017 0.1050 -0.7918
vn -0.8440 -0.0217 -0.5359
vn 0.8099 0.1034 0.5773
vn -0.5809 0.0138 0.8138
vn 0.5802 0.0017 -0.8144
vn -0.8116 -0.0880 -0.5776
vn 0.2819 0.2323 0.9309
vn 0.2912 0.0697 0.9541
vn -0.9757 -0.0088 0.2189
vn -0.9571 0.0007 0.2897
vn 0.9570 0.0007 -0.2900
vn 0.9333 -0.0000 -0.3592
vn -0.2820 -0.2309 -0.9312
vn -0.2873 -0.0683 -0.9554
vn 0.2770 0.0350 0.9602
vn -0.9395 0.0215 0.3418
vn 0.9729 -0.0161 -0.2306
vn -0.3013 -0.0332 -0.9530
vn 0.3654 0.0591 0.9290
vn -0.9637 -0.1224 0.2374
vn 0.9336 0.1187 -0.3380
vn -0.2235 -0.0397 -0.9739
vn 0.2347 -0.0382 0.9713
vn -0.9430 -0.1279 0.3071
vn 0.9511 0.1345 -0.2780
vn -0.3680 0.0275 -0.9294
vn 0.2972 0.0066 0.9548
vn -0.9542 0.0322 0.2976
vn 0.9546 -0.0182 -0.2975
vn -0.2979 0.0076 -0.9546
vn 0.5433 0.0788 0.8358
vn 0.5291 -0.0873 0.8440
vn -0.8755 0.0346 0.4820
vn -0.8385 0.0013 0.5449
vn 0.8384 0.0013 -0.5450
vn 0.7952 -0.0188 -0.6061
vn -0.5434 -0.0761 -0.8360
vn -0.5494 0.0905 -0.8306
vn 0.5363 -0.1137 0.8363
vn -0.7998 0.0530 0.5980
vn 0.8679 -0.0650 -0.4925
vn -0.5403 0.1166 -0.8334
vn 0.5685 -0.1930 0.7997
vn -0.8903 0.0086 0.4553
vn 0.7859 0.0324 -0.6175
vn -0.5097 0.1966 -0.8376
vn 0.5536 -0.1545 0.8183
vn -0.7799 -0.1863 0.5975
vn 0.8988 0.1581 -0.4088
vn -0.4861 0.1765 -0.8559
vn 0.4873 0.0893 0.8687
vn -0.8323 -0.2522 0.4936
vn 0.8293 0.2667 -0.4911
vn -0.4906 -0.0752 -0.8681
vn -0.6624 0.1470 -0.7346
vn -0.6465 0.0411 -0.7618
vn 0.7754 0.0545 -0.6291
vn 0.7428 0.0012 -0.6695
vn -0.7426 0.0012 0.6697
vn -0.7107 -0.0559 0.7013
vn 0.6626 -0.1446 0.7349
vn 0.6839 -0.0360 0.7287
vn -0.6808 0.0385 -0.7315
vn 0.7096 0.0724 -0.7009
vn -0.7746 -0.0662 0.6290
vn 0.6527 -0.0388 0.7566
vn -0.5979 -0.0276 -0.8011
vn 0.7800 0.1911 -0.5959
vn -0.6659 -0.1808 0.7238
vn 0.7056 0.0575 0.7063
vn -0.7136 -0.1307 -0.6883
vn 0.7093 0.1049 -0.6970
vn -0.7767 -0.1088 0.6204
vn 0.5516 0.1164 0.8260
vn -0.6488 -0.0077 -0.7609
vn 0.7559 -0.1241 -0.6428
vn -0.7552 0.1393 0.6406
vn 0.6488 0.0235 0.7606
vn -0.4209 0.2067 0.8832
vn -0.4142 0.1117 0.9033
vn -0.8836 -0.0195 -0.4678
vn -0.9016 0.0141 -0.4323
vn 0.9037 0.0141 0.4278
vn 0.9214 0.0395 0.3867
vn 0.4232 -0.1786 -0.8883
vn 0.4392 -0.0825 -0.8946
vn -0.4468 -0.1246 0.8859
vn -0.8788 0.0235 -0.4766
vn 0.9303 0.0280 0.3656
vn 0.3969 0.1577 -0.9042
vn -0.4136 -0.2626 0.8718
vn -0.9093 0.0745 -0.4094
vn 0.9078 -0.0365 0.4179
vn 0.4099 0.2995 -0.8615
vn 0.7999 0.3464 0.4901
vn -0.5279 0.0190 0.8491
vn 0.5167 0.0190 -0.8560
vn -0.8112 -0.3083 -0.4970
vn 0.2262 0.6177 -0.7532
vn 0.9541 0.0159 0.2991
vn -0.9610 0.0159 -0.2760
vn -0.2331 -0.5858 0.7762
vn -0.6627 0.2477 -0.7068
vn -0.6849 0.1349 -0.7160
vn 0.7623 -0.0054 -0.6472
vn 0.7316 0.0160 -0.6815
vn -0.7270 0.0160 0.6865
vn -0.6887 0.0255 0.7246
vn 0.6680 -0.2159 0.7122
vn 0.6780 -0.1022 0.7280
vn -0.7487 -0.0438 -0.6615
vn 0.7421 -0.1781 -0.6462
vn -0.6887 0.2158 0.6922
vn 0.6433 0.1063 0.7582
vn -0.5922 -0.0420 -0.8047
vn 0.6886 -0.0111 -0.7250
vn -0.7552 0.0417 0.6542
vn 0.8025 0.0705 0.5925
vn -0.7095 0.0632 -0.7019
vn 0.6758 0.3272 -0.6605
vn -0.6845 -0.2913 0.6683
vn 0.7065 -0.0233 0.7073
vn 0.1562 0.1722 0.9726
vn 0.1237 0.1363 0.9829
vn -0.9878 0.0881 0.1286
vn -0.9876 0.0172 0.1558
vn 0.9868 0.0173 -0.1609
vn 0.9840 -0.0538 -0.1699
vn -0.1567 -0.1378 -0.9780
vn -0.1861 -0.0932 -0.9781
vn 0.1541 0.0951 0.9835
vn -0.9768 0.1640 0.1380
vn 0.9822 -0.1218 -0.1429
vn -0.1500 -0.0525 -0.9873
vn -0.4310 0.5072 0.7463
vn -0.4529 0.0845 0.8875
vn -0.7604 -0.0477 -0.6477
vn -0.8621 0.0171 -0.5065
vn 0.8701 0.0171 0.4927
vn 0.9467 0.0635 0.3158
vn 0.4396 -0.4756 -0.7620
vn 0.5050 -0.0427 -0.8620
vn -0.4247 -0.3522 0.8340
vn -0.8676 -0.0954 -0.4881
vn 0.8595 0.1383 0.4920
vn 0.4153 0.3881 -0.8228
vn 0.4452 0.1504 -0.8827
vn 0.8915 0.0201 0.4526
vn -0.8939 0.0201 -0.4479
vn -0.4476 -0.1102 0.8874
vn -0.8435 0.2466 0.4771
vn -0.8646 0.1844 0.4674
vn -0.4584 0.0542 -0.8871
vn -0.4884 0.0190 -0.8724
vn 0.4957 0.0191 0.8683
vn 0.5146 -0.0252 0.8571
vn 0.8514 -0.2087 -0.4812
vn 0.8529 -0.1444 -0.5017
vn -0.8332 -0.0340 0.5520
vn -0.4170 -0.0373 -0.9082
vn 0.5412 0.0882 0.8362
vn 0.8948 0.0845 -0.4384
vn -0.8432 -0.1973 0.5000
vn -0.4661 -0.1851 -0.8651
vn 0.4560 0.2289 0.8600
vn 0.8316 0.2409 -0.5004
vn 0.5290 0.3316 0.7811
vn 0.5316 0.1889 0.8257
vn -0.8685 0.0468 0.4936
vn -0.8309 0.0172 0.5562
vn 0.8250 0.0172 -0.5648
vn 0.7911 -0.0316 -0.6109
vn -0.5351 -0.2977 -0.7906
vn -0.5649 -0.1494 -0.8115
vn 0.5511 0.0385 0.8336
vn -0.8325 0.1005 0.5449
vn 0.8331 -0.0590 -0.5499
vn -0.5495 0.0027 -0.8355
vn -0.8890 0.1326 0.4382
vn -0.8987 0.0167 0.4382
vn -0.3934 0.0229 -0.9191
vn -0.4407 0.0162 -0.8975
vn 0.4434 0.0162 0.8962
vn 0.4878 0.0093 0.8729
vn 0.8924 -0.1004 -0.4399
vn 0.8962 0.0156 -0.4434
vn -0.9093 -0.0547 0.4125
vn -0.4607 0.1003 -0.8819
vn 0.4254 -0.0678 0.9025
vn 0.8797 0.0953 -0.4658
vn -0.8953 -0.0128 0.4454
vn -0.4419 0.1743 -0.8800
vn 0.4427 -0.1358 0.8863
vn 0.8962 0.0516 -0.4406
vn -0.3168 0.4377 -0.8415
vn -0.3486 0.1118 -0.9306
vn 0.9781 0.0047 -0.2083
vn 0.9378 0.0146 -0.3469
vn -0.9337 0.0146 0.3577
vn -0.8730 0.0004 0.4878
vn 0.3214 -0.4099 0.8536
vn 0.3516 -0.0789 0.9328
vn -0.3419 -0.2262 -0.9121
vn 0.9353 0.0228 -0.3532
vn -0.9364 0.0140 0.3505
vn 0.3389 0.2594 0.9044
vn -0.5323 0.6113 -0.5856
vn 0.7469 0.0139 -0.6648
vn -0.7329 0.0139 0.6802
vn 0.5462 -0.5835 0.6010
vn 0.7708 0.2247 0.5961
vn 0.7854 0.0662 0.6155
vn -0.6692 0.0198 0.7429
vn -0.6139 0.0148 0.7893
vn 0.6096 0.0148 -0.7926
vn 0.5546 0.0024 -0.8321
vn -0.7757 -0.1955 -0.6000
vn -0.7911 -0.0365 -0.6106
vn 0.7560 -0.0735 0.6505
vn -0.5966 0.1375 0.7907
vn 0.6120 -0.1062 -0.7837
vn -0.8081 0.1174 -0.5772
vn 0.7868 -0.0621 0.6141
vn -0.5836 0.2435 0.7747
vn 0.5911 -0.2081 -0.7793
vn -0.7805 0.0981 -0.6173
vn -0.5445 0.3326 0.7700
vn -0.5905 0.1446 0.7940
vn -0.7564 0.0439 -0.6526
vn -0.8137 0.0151 -0.5811
vn 0.8189 0.0151 0.5738
vn 0.8612 -0.0318 0.5072
vn 0.5504 -0.3030 -0.7780
vn 0.5649 -0.1089 -0.8179
vn -0.5882 -0.0522 0.8070
vn -0.8066 0.0964 -0.5831
vn 0.8096 -0.0580 0.5841
vn 0.5884 0.0897 -0.8036
vn -0.0123 0.1032 -0.9946
vn 0.9998 0.0185 -0.0108
vn -0.9997 0.0185 0.0140
vn 0.0124 -0.0662 0.9977
vn 0.8346 0.3552 0.4211
vn 0.8692 0.2226 0.4415
vn -0.5072 0.0110 0.8618
vn -0.4553 0.0168 0.8902
vn 0.4455 0.0168 -0.8951
vn 0.3920 -0.0023 -0.9199
vn -0.8452 -0.3221 -0.4265
vn -0.8785 -0.1884 -0.4390
vn 0.9155 -0.0371 0.4006
vn -0.5005 -0.0641 0.8634
vn 0.3982 0.1054 -0.9112
vn -0.8749 0.0793 -0.4778
vn 0.8666 -0.0208 0.4986
vn -0.3873 -0.0129 0.9219
vn 0.5086 0.0463 -0.8598
vn -0.9275 0.0551 -0.3698
vn 0.8925 0.1326 0.4312
vn -0.4446 0.1485 0.8833
vn 0.4457 -0.1067 -0.8888
vn -0.8958 -0.0907 -0.4351
vn 0.3277 0.4302 -0.8411
vn 0.3248 0.2121 -0.9217
vn 0.8922 -0.0481 0.4490
vn 0.9293 0.0167 0.3690
vn -0.9342 0.0166 -0.3564
vn -0.9671 0.0466 -0.2500
vn -0.3327 -0.3979 0.8550
vn -0.3693 -0.1717 0.9133
vn 0.3425 -0.0217 -0.9393
vn 0.9353 -0.0759 0.3456
vn -0.9325 0.1188 -0.3412
vn -0.3391 0.0634 0.9386
vn 0.4916 0.3581 -0.7938
vn 0.5350 0.1343 -0.8341
vn 0.7869 0.0312 0.6163
vn 0.8471 0.0171 0.5311
vn -0.8528 0.0171 -0.5219
vn -0.8992 -0.0161 -0.4372
vn -0.4981 -0.3247 0.8040
vn -0.5188 -0.0951 0.8496
vn 0.5330 -0.0995 -0.8403
vn 0.8452 0.0700 0.5299
vn -0.8468 -0.0268 -0.5312
vn -0.5315 0.1409 0.8352
vn -0.7840 0.3447 0.5163
vn -0.5450 0.0169 -0.8383
vn 0.5548 0.0169 0.8318
vn 0.7938 -0.3108 -0.5228
vn -0.6918 0.5293 -0.4912
vn -0.7535 0.4231 -0.5033
vn 0.6073 -0.0526 -0.7927
vn 0.5850 0.0139 -0.8109
vn -0.5722 0.0138 0.8200
vn -0.5143 0.0365 0.8568
vn 0.7054 -0.5020 0.5004
vn 0.7396 -0.3925 0.5468
vn -0.7912 0.2117 -0.5737
vn 0.5958 -0.0359 -0.8023
vn -0.5175 0.0487 0.8543
vn 0.8225 -0.1833 0.5384
vn -0.8110 0.1072 -0.5751
vn 0.5739 0.0565 -0.8170
vn -0.5642 -0.0223 0.8253
vn 0.8297 -0.0710 0.5537
vn -0.8200 0.0987 -0.5639
vn 0.5712 0.0916 -0.8157
vn -0.5701 -0.0523 0.8199
vn 0.8213 -0.0594 0.5675
vn -0.8608 0.5087 -0.0154
vn -0.9898 0.1386 0.0339
vn 0.1757 -0.0632 -0.9824
vn 0.0243 0.0142 -0.9996
vn -0.0106 0.0142 0.9998
vn 0.1663 0.0562 0.9845
vn 0.8759 -0.4822 0.0153
vn 0.9944 -0.1020 0.0269
vn -0.9671 -0.2527 0.0299
vn 0.0010 -0.1062 -0.9943
vn -0.0042 0.1435 0.9896
vn 0.9578 0.2856 -0.0327
vn 0.8803 0.2405 -0.4090
vn 0.4172 0.0198 0.9086
vn -0.4254 0.0198 -0.9048
vn -0.8884 -0.2009 0.4128
vn -0.2063 0.3218 0.9241
vn -0.9744 0.0193 -0.2238
vn 0.9771 0.0193 0.2118
vn 0.2089 -0.2831 -0.9360
vn 0.2549 0.1055 -0.9612
vn 0.2234 -0.1215 -0.9671
vn 0.9348 -0.0195 0.3545
vn 0.9664 0.0155 0.2565
vn -0.9667 0.0154 -0.2553
vn -0.9837 0.0774 -0.1625
vn -0.2553 -0.0751 0.9639
vn -0.2653 0.1533 0.9519
vn 0.2619 -0.1226 -0.9573
vn 0.9857 -0.0614 0.1568
vn -0.9311 0.0624 -0.3595
vn -0.2269 0.1493 0.9624
vn 0.2741 -0.1378 -0.9518
vn 0.9349 0.0527 0.3510
vn -0.9900 0.0159 -0.1399
vn -0.2334 0.1716 0.9571
vn 0.2407 -0.3831 -0.8918
vn 0.9701 0.0809 0.2289
vn -0.9698 -0.0441 -0.2400
vn -0.2384 0.4170 0.8771
vn 0.9221 0.0931 0.3756
vn 0.9303 -0.0824 0.3575
vn -0.4503 -0.0124 0.8928
vn -0.3776 0.0140 0.9258
vn 0.3765 0.0140 -0.9263
vn 0.3061 0.0554 -0.9504
vn -0.9242 -0.0654 -0.3763
vn -0.9162 0.1110 -0.3852
vn 0.9145 -0.0456 0.4021
vn -0.2868 0.0201 0.9578
vn 0.4654 -0.0003 -0.8851
vn -0.9395 0.0775 -0.3337
vn 0.9179 0.1702 0.3585
vn -0.3762 0.1083 0.9202
vn 0.3759 -0.0728 -0.9238
vn -0.9222 -0.1358 -0.3620
vn -0.5240 0.3837 0.7604
vn -0.6099 0.2168 0.7623
vn -0.7501 0.1102 -0.6521
vn -0.8207 0.0115 -0.5712
vn 0.8255 0.0116 0.5643
vn 0.8488 -0.1155 0.5159
vn 0.5296 -0.3609 -0.7676
vn 0.5299 -0.1777 -0.8293
vn -0.6002 0.0307 0.7993
vn -0.7709 0.2436 -0.5885
vn 0.7786 -0.2133 0.5901
vn 0.6046 -0.0001 -0.7965
vn 0.1425 0.0889 0.9858
vn -0.9897 0.0177 0.1418
vn 0.9894 0.0177 -0.1443
vn -0.1429 -0.0534 -0.9883
vn 0.9112 0.4000 0.0981
vn 0.9606 0.2608 0.0964
vn -0.1698 -0.0180 0.9853
vn -0.1109 0.0101 0.9938
vn 0.1031 0.0101 -0.9946
vn 0.0371 0.0056 -0.9993
vn -0.9196 -0.3802 -0.0990
vn -0.9647 -0.2401 -0.1080
vn 0.9934 -0.0655 0.0939
vn -0.1818 -0.0166 0.9832
vn 0.0210 0.0503 -0.9985
vn -0.9910 0.0867 -0.1019
vn 0.9937 -0.0139 0.1108
vn 0.0021 -0.0039 1.0000
vn 0.2042 0.0242 -0.9786
vn -0.9958 0.0389 -0.0834
vn 0.9706 0.2200 0.0971
vn -0.1041 0.0304 0.9941
vn 0.1014 -0.0004 -0.9948
vn -0.9766 -0.1915 -0.0977
vn -0.2709 0.1688 0.9477
vn -0.9608 0.0143 -0.2770
vn 0.9620 0.0143 0.2727
vn 0.2722 -0.1401 -0.9520
vn -0.8300 0.4846 0.2762
vn -0.8938 0.3567 0.2718
vn -0.2393 0.0307 -0.9705
vn -0.3105 0.0105 -0.9505
vn 0.3205 0.0106 0.9472
vn 0.3607 -0.0529 0.9312
vn 0.8407 -0.4639 -0.2795
vn 0.8894 -0.3333 -0.3128
vn -0.9303 0.1593 0.3303
vn -0.2726 0.0273 -0.9618
vn 0.3278 -0.0128 0.9447
vn 0.9518 -0.1379 -0.2739
vn -0.9424 0.1344 0.3063
vn -0.3242 -0.0392 -0.9452
vn 0.2994 0.0702 0.9515
vn 0.9477 -0.1065 -0.3009
vn -0.9392 0.1688 0.2992
vn -0.3114 -0.0475 -0.9491
vn 0.3150 0.0796 0.9458
vn 0.9433 -0.1367 -0.3025
vn 0.1131 0.2146 0.9701
vn 0.0906 0.1207 0.9885
vn -0.9964 0.0557 0.0639
vn -0.9935 0.0118 0.1134
vn 0.9930 0.0118 -0.1178
vn 0.9872 -0.0365 -0.1554
vn -0.1134 -0.1910 -0.9750
vn -0.1319 -0.0901 -0.9872
vn 0.1076 0.0227 0.9939
vn -0.9885 0.1098 0.1043
vn 0.9914 -0.0764 -0.1065
vn -0.1053 0.0107 -0.9944
vn 0.4070 0.3840 -0.8288
vn 0.8949 0.0150 0.4460
vn -0.9001 0.0150 -0.4354
vn -0.4122 -0.3540 0.8395
vn 0.2828 0.0857 -0.9553
vn 0.9584 0.0153 0.2849
vn -0.9591 0.0153 -0.2828
vn -0.2835 -0.0550 0.9574
vn 0.8297 0.3385 0.4438
vn 0.8552 0.1363 0.5001
vn -0.5612 0.0582 0.8256
vn -0.4741 0.0087 0.8804
vn 0.4694 0.0087 -0.8829
vn 0.3937 -0.0589 -0.9174
vn -0.8349 -0.3215 -0.4468
vn -0.8841 -0.1105 -0.4540
vn 0.8675 -0.0756 0.4916
vn -0.4806 0.1329 0.8668
vn 0.4818 -0.1052 -0.8699
vn -0.8642 0.1026 -0.4925
vn -0.6167 0.2742 -0.7379
vn -0.6480 0.1438 -0.7479
vn 0.8015 -0.0319 -0.5971
vn 0.7684 0.0078 -0.6399
vn -0.7660 0.0078 0.6428
vn -0.7232 0.0314 0.6899
vn 0.6196 -0.2587 0.7411
vn 0.6273 -0.1271 0.7683
vn -0.6197 0.1247 -0.7749
vn 0.7319 0.0106 -0.6813
vn -0.7976 0.0174 0.6029
vn 0.6629 -0.1092 0.7407
vn -0.6386 0.1146 -0.7609
vn 0.8053 0.0607 -0.5897
vn -0.7303 -0.0520 0.6811
vn 0.6385 -0.0938 0.7639
vn -0.6379 -0.0134 -0.7700
vn 0.7681 0.0688 -0.6366
vn -0.7686 -0.0426 0.6383
vn 0.6363 0.0394 0.7704
vn -0.0522 0.3025 -0.9517
vn -0.0294 0.0940 -0.9951
vn 0.9980 0.0418 0.0473
vn 0.9986 0.0079 -0.0526
vn -0.9984 0.0079 0.0567
vn -0.9886 -0.0365 0.1461
vn 0.0523 -0.2871 0.9565
vn 0.0656 -0.0715 0.9953
vn -0.0379 -0.1207 -0.9920
vn 0.9945 0.0928 -0.0483
vn -0.9967 -0.0664 0.0477
vn 0.0362 0.1463 0.9886
vn 0.3020 0.5329 -0.7904
vn 0.3629 0.4162 -0.8338
vn 0.8959 0.0506 0.4414
vn 0.9327 0.0065 0.3606
vn -0.9354 0.0066 -0.3535
vn -0.9408 -0.0826 -0.3286
vn -0.3050 -0.5201 0.7978
vn -0.3050 -0.3936 0.8672
vn 0.3598 0.2872 -0.8877
vn 0.8991 0.1471 0.4123
vn -0.9055 -0.1240 -0.4058
vn -0.3647 -0.2637 0.8930
vn -0.9342 0.2703 0.2329
vn -0.9542 0.1592 0.2532
vn -0.1971 -0.0236 -0.9801
vn -0.2400 0.0082 -0.9707
vn 0.2439 0.0082 0.9698
vn 0.2977 0.0247 0.9543
vn 0.9384 -0.2541 -0.2340
vn 0.9621 -0.1420 -0.2328
vn -0.9384 -0.0462 0.3426
vn -0.1910 -0.2070 -0.9595
vn 0.2862 0.2309 0.9299
vn 0.9753 0.0972 -0.1984
vn -0.9887 -0.0455 0.1432
vn -0.3137 -0.0694 -0.9470
vn 0.1865 0.0851 0.9788
vn 0.9104 0.0458 -0.4111
vn -0.9551 0.1059 0.2769
vn -0.2474 0.2486 -0.9365
vn 0.2494 -0.2233 0.9423
vn 0.9581 -0.0786 -0.2754
vn -0.0521 0.4277 0.9024
vn -0.0560 0.1621 0.9852
vn -0.9835 -0.0087 -0.1805
vn -0.9981 0.0081 -0.0609
vn 0.9985 0.0081 0.0544
vn 0.9978 -0.0064 -0.0666
vn 0.0525 -0.4121 -0.9096
vn 0.0573 -0.1401 -0.9885
vn -0.0566 -0.1159 0.9917
vn -0.9983 0.0116 -0.0574
vn 0.9982 0.0163 0.0572
vn 0.0564 0.1422 -0.9882
vn 0.5327 0.3999 -0.7459
vn 0.8106 0.0128 0.5855
vn -0.8168 0.0128 -0.5768
vn -0.5389 -0.3744 0.7546
vn -0.5239 0.4796 -0.7039
vn -0.5999 0.3419 -0.7233
vn 0.8195 -0.1038 -0.5635
vn 0.8035 0.0047 -0.5953
vn -0.8007 0.0046 0.5991
vn -0.7389 0.0673 0.6705
vn 0.5270 -0.4705 0.7078
vn 0.5376 -0.3254 0.7779
vn -0.5566 0.0916 -0.8257
vn 0.8089 -0.0226 -0.5875
vn -0.7534 0.0247 0.6571
vn 0.6645 -0.0850 0.7424
vn -0.6403 0.0957 -0.7621
vn 0.7601 0.0565 -0.6474
vn -0.8146 -0.0335 0.5790
vn 0.5814 -0.0839 0.8093
vn -0.6029 0.1984 -0.7727
vn 0.7845 -0.0278 -0.6195
vn -0.7822 0.0479 0.6212
vn 0.6052 -0.1785 0.7758
vn -0.9981 0.0587 -0.0201
vn 0.0206 0.0111 -0.9997
vn -0.0196 0.0111 0.9997
vn 0.9991 -0.0365 0.0201
vn 0.8336 0.3138 0.4545
vn -0.4816 0.0104 0.8763
vn 0.4758 0.0104 -0.8795
vn -0.8394 -0.2931 -0.4577
vn 0.2083 0.4998 0.8407
vn 0.2581 0.3948 0.8818
vn -0.9725 -0.0857 0.2167
vn -0.9712 0.0049 0.2382
vn 0.9700 0.0048 -0.2432
vn 0.9469 0.0541 -0.3170
vn -0.2098 -0.4903 -0.8459
vn -0.1937 -0.3801 -0.9044
vn 0.2233 0.0461 0.9737
vn -0.9828 -0.0504 0.1779
vn 0.9240 0.0518 -0.3790
vn -0.3069 -0.0401 -0.9509
vn 0.2857 -0.1200 0.9508
vn -0.9535 0.0058 0.3015
vn 0.9700 0.0028 -0.2431
vn -0.2514 0.1360 -0.9583
vn 0.2702 -0.0512 0.9614
vn -0.9627 -0.0266 0.2694
vn 0.9624 0.0487 -0.2672
vn -0.2702 0.0733 -0.9600
vn -0.3916 0.1777 -0.9028
vn -0.4032 0.1416 -0.9041
vn 0.9235 -0.0152 -0.3833
vn 0.9177 0.0053 -0.3971
vn -0.9170 0.0053 0.3987
vn -0.9082 0.0268 0.4177
vn 0.3924 -0.1672 0.9045
vn 0.3868 -0.1249 0.9137
vn -0.3970 0.1046 -0.9118
vn 0.9152 -0.0311 -0.4018
vn -0.9133 0.0532 0.4037
vn 0.3985 -0.0825 0.9135
vn 0.0786 0.1215 0.9895
vn 0.1103 -0.0041 0.9939
vn -0.9986 -0.0478 0.0215
vn -0.9969 0.0052 0.0788
vn 0.9968 0.0052 -0.0797
vn 0.9883 0.0651 -0.1378
vn -0.0788 -0.1112 -0.9907
vn -0.0599 0.0227 -0.9979
vn 0.0924 -0.1330 0.9868
vn -0.9916 -0.1028 0.0781
vn 0.9894 0.1238 -0.0762
vn -0.0938 0.1538 -0.9836
vn -0.3380 0.2655 0.9029
vn -0.4001 0.0913 0.9119
vn -0.8979 0.0934 -0.4303
vn -0.9362 0.0031 -0.3514
vn 0.9367 0.0031 0.3501
vn 0.9550 -0.1006 0.2791
vn 0.3387 -0.2594 -0.9044
vn 0.3165 -0.0763 -0.9455
vn -0.2655 -0.0544 0.9626
vn -0.9338 -0.0514 -0.3540
vn 0.9217 0.0609 0.3832
vn 0.4685 0.0783 -0.8800
vn -0.3691 -0.0261 0.9290
vn -0.8852 -0.2934 -0.3609
vn 0.8802 0.3093 0.3598
vn 0.3660 0.0432 -0.9296
vn 0.7868 0.3065 0.5358
vn 0.8053 0.1322 0.5780
vn -0.6331 0.0356 0.7732
vn -0.5637 0.0031 0.8260
vn 0.5622 0.0031 -0.8270
vn 0.4990 -0.0441 -0.8655
vn -0.7883 -0.3004 -0.5370
vn -0.8276 -0.1189 -0.5486
vn 0.8175 -0.0478 0.5740
vn -0.5693 0.0896 0.8172
vn 0.5696 -0.0719 -0.8188
vn -0.8160 0.0651 -0.5743
vn -0.6632 0.3697 -0.6507
vn 0.7026 0.0083 -0.7115
vn -0.6980 0.0083 0.7160
vn 0.6678 -0.3532 0.6552
vn -0.2776 0.1545 0.9482
vn -0.9593 0.0094 -0.2823
vn 0.9601 0.0094 0.2796
vn 0.2784 -0.1358 -0.9508
vn -0.2536 0.3425 0.9046
vn -0.2798 0.1414 0.9496
vn -0.9321 0.0138 -0.3621
vn -0.9626 0.0032 -0.2709
vn 0.9631 0.0032 0.2690
vn 0.9829 -0.0269 0.1824
vn 0.2542 -0.3363 -0.9068
vn 0.2619 -0.1290 -0.9564
vn -0.2775 -0.0660 0.9585
vn -0.9601 0.0503 -0.2753
vn 0.9609 -0.0325 0.2749
vn 0.2776 0.0834 -0.9571
vn 0.3227 0.2213 0.9203
vn 0.3387 0.1237 0.9327
vn -0.9561 -0.0203 0.2924
vn -0.9438 0.0026 0.3304
vn 0.9435 0.0026 -0.3314
vn 0.9264 0.0148 -0.3764
vn -0.3231 -0.2161 -0.9214
vn -0.3239 -0.1181 -0.9387
vn 0.4041 0.0221 0.9145
vn -0.9269 -0.1839 0.3272
vn 0.9191 0.1948 -0.3424
vn -0.2784 0.0151 -0.9604
vn 0.3457 -0.0062 0.9383
vn -0.8864 -0.3310 0.3237
vn 0.8810 0.3469 -0.3216
vn -0.3499 0.0228 -0.9365
vn 0.3207 0.4451 -0.8361
vn 0.9323 0.0081 0.3617
vn 0.9323 0.0081 0.3616
vn -0.9350 0.0081 -0.3545
vn -0.3234 -0.4291 0.8434
vn -0.4272 0.1605 0.8898
vn -0.4377 -0.0005 0.8991
vn -0.8661 0.0081 -0.4997
vn -0.9013 0.0035 -0.4332
vn 0.9016 0.0035 0.4325
vn 0.9293 -0.0004 0.3694
vn 0.4277 -0.1537 -0.8908
vn 0.4347 0.0076 -0.9005
vn -0.4771 0.1348 0.8685
vn -0.9230 0.1905 -0.3342
vn 0.8149 -0.1526 0.5591
vn 0.3383 -0.1001 -0.9357
vn -0.2485 0.2318 0.9405
vn -0.8677 0.0194 -0.4966
vn 0.9357 -0.0450 0.3500
vn 0.4994 -0.2300 -0.8353
vn -0.3917 0.0738 0.9171
vn -0.8945 -0.2603 -0.3636
vn 0.8911 0.2778 0.3589
vn 0.3901 -0.0547 -0.9191
vn -0.5711 0.3529 0.7411
vn -0.5832 0.1682 0.7947
vn -0.7400 -0.0529 -0.6705
vn -0.7915 0.0032 -0.6111
vn 0.7928 0.0032 0.6095
vn 0.8433 0.0314 0.5365
vn 0.5725 -0.3467 -0.7430
vn 0.6158 -0.1601 -0.7715
vn -0.6678 0.0391 0.7433
vn -0.8014 0.1121 -0.5876
vn 0.7727 -0.0985 0.6271
vn 0.5358 -0.0090 -0.8443
vn -0.5982 0.0860 0.7967
vn -0.7479 0.2998 -0.5923
vn 0.7526 -0.2824 0.5948
vn 0.6020 -0.0679 -0.7956
vn -0.5397 0.1979 -0.8183
vn -0.5268 0.1551 -0.8357
vn 0.8493 0.0439 -0.5261
vn 0.8351 0.0028 -0.5501
vn -0.8345 0.0028 0.5510
vn -0.8258 -0.0393 0.5626
vn 0.5403 -0.1923 0.8192
vn 0.5592 -0.1427 0.8167
vn -0.5443 0.1103 -0.8316
vn 0.8387 0.0916 -0.5369
vn -0.8387 -0.0755 0.5393
vn 0.5444 -0.0942 0.8335
vn -0.7584 0.1570 -0.6326
vn -0.7651 -0.0358 -0.6430
vn 0.7028 0.0143 -0.7112
vn 0.6408 0.0031 -0.7677
vn -0.6403 0.0031 0.7681
vn -0.5714 -0.0016 0.8207
vn 0.7591 -0.1508 0.6332
vn 0.7698 0.0418 0.6369
vn -0.7767 -0.1700 -0.6065
vn 0.6266 -0.0545 -0.7774
vn -0.6648 0.0579 0.7448
vn 0.7331 0.1857 0.6543
vn -0.7607 -0.1153 -0.6388
vn 0.6491 -0.1193 -0.7513
vn -0.6497 0.1375 0.7477
vn 0.7600 0.1337 0.6360
vn -0.9699 0.2199 -0.1046
vn -0.9848 0.1380 -0.1056
vn 0.1459 -0.0008 -0.9893
vn 0.1078 0.0027 -0.9942
vn -0.1067 0.0027 0.9943
vn -0.0681 0.0016 0.9977
vn 0.9711 -0.2146 0.1048
vn 0.9861 -0.1269 0.1069
vn -0.9928 0.0547 -0.1069
vn 0.1077 0.0060 -0.9942
vn -0.1062 0.0109 0.9943
vn 0.9935 -0.0379 0.1070
vn -0.7001 0.2075 -0.6832
vn -0.7141 0.0819 -0.6952
vn 0.7402 -0.0131 -0.6723
vn 0.6986 0.0018 -0.7155
vn -0.6982 0.0018 0.7159
vn -0.6597 0.0079 0.7515
vn 0.7007 -0.2039 0.6837
vn 0.7073 -0.0779 0.7026
vn -0.6082 0.1047 -0.7868
vn 0.6465 0.3324 -0.6867
vn -0.7159 -0.3226 0.6192
vn 0.8150 0.0021 0.5794
vn -0.8722 0.0892 -0.4810
vn 0.7197 0.0723 -0.6906
vn -0.6769 -0.0690 0.7328
vn 0.5394 -0.1142 0.8343
vn -0.7280 0.0618 -0.6827
vn 0.5772 -0.4865 -0.6559
vn -0.5718 0.4980 0.6519
vn 0.7314 -0.0457 0.6804
vn -0.3003 0.4055 -0.8634
vn -0.4134 0.1983 -0.8887
vn 0.9522 -0.1624 -0.2586
vn 0.9447 0.0019 -0.3280
vn -0.9442 0.0019 0.3294
vn -0.8813 0.1348 0.4530
vn 0.3009 -0.4019 0.8648
vn 0.2853 -0.1677 0.9437
vn -0.3929 -0.0368 -0.9188
vn 0.8843 -0.2915 -0.3648
vn -0.8793 0.3071 0.3640
vn 0.3959 0.0525 0.9168
vn -0.0346 0.2473 -0.9683
vn -0.0493 0.1183 -0.9917
vn 0.9994 -0.0263 0.0213
vn 0.9994 0.0018 -0.0353
vn -0.9993 0.0018 0.0361
vn -0.9948 0.0226 0.0995
vn 0.0347 -0.2437 0.9692
vn 0.0271 -0.1079 0.9938
vn -0.0421 -0.0135 -0.9990
vn 0.9983 -0.0412 -0.0409
vn -0.9975 0.0575 0.0416
vn 0.0426 0.0296 0.9987
vn 0.6108 0.2495 -0.7515
vn 0.6209 0.0975 -0.7778
vn 0.7308 -0.0220 0.6822
vn 0.7757 0.0025 0.6311
vn -0.7764 0.0025 -0.6303
vn -0.8178 0.0138 -0.5753
vn -0.6115 -0.2447 0.7524
vn -0.6341 -0.0923 0.7677
vn 0.6522 -0.2137 -0.7273
vn 0.7348 0.0674 0.6749
vn -0.8242 -0.0306 -0.5655
vn -0.5917 0.2225 0.7748
vn 0.6224 -0.0655 -0.7800
vn 0.8579 0.1524 0.4907
vn -0.6920 -0.1607 -0.7038
vn -0.6059 0.0800 0.7915
vn 0.5606 0.2375 -0.7933
vn 0.7746 0.1915 0.6028
vn -0.7780 -0.1741 -0.6036
vn -0.5652 -0.2215 0.7947
vn -0.8934 0.3272 0.3080
vn -0.9526 0.1455 0.2673
vn -0.2251 0.0865 -0.9705
vn -0.3251 0.0024 -0.9457
vn 0.3265 0.0024 0.9452
vn 0.3901 -0.0989 0.9154
vn 0.8949 -0.3224 -0.3084
vn 0.9284 -0.1264 -0.3495
vn -0.9553 -0.0488 0.2916
vn -0.2951 0.1957 -0.9352
vn 0.2968 -0.1785 0.9381
vn 0.9550 0.0659 -0.2891
vn 0.4184 0.1778 -0.8907
vn 0.9045 0.0081 0.4264
vn -0.9057 0.0081 -0.4239
vn -0.4196 -0.1616 0.8932
vn 0.6057 0.0897 0.7906
vn 0.6305 -0.0478 0.7747
vn -0.8307 -0.0498 0.5545
vn -0.7938 0.0016 0.6081
vn 0.7938 0.0016 -0.6082
vn 0.7552 0.0593 -0.6528
vn -0.6059 -0.0866 -0.7908
vn -0.5907 0.0537 -0.8051
vn 0.5631 -0.1857 0.8052
vn -0.7871 0.0103 0.6167
vn 0.7873 -0.0009 -0.6166
vn -0.6440 0.1953 -0.7397
vn 0.6037 -0.1850 0.7755
vn -0.7673 0.1276 0.6284
vn 0.7706 -0.1127 -0.6273
vn -0.6011 0.2001 -0.7737
vn -0.5938 0.1030 -0.7980
vn -0.5438 0.1088 -0.8321
vn 0.8039 0.1400 -0.5780
vn 0.8024 0.0017 -0.5967
vn -0.8022 0.0017 0.5970
vn -0.8015 -0.1309 0.5835
vn 0.5939 -0.0997 0.7984
vn 0.6413 -0.0827 0.7628
vn -0.5941 0.0985 -0.7983
vn 0.7867 0.2763 -0.5521
vn -0.7893 -0.2609 0.5558
vn 0.5923 -0.0826 0.8015
vn -0.6530 0.2887 -0.7002
vn 0.7328 0.0078 -0.6804
vn -0.7298 0.0078 0.6837
vn -0.7297 0.0078 0.6837
vn 0.6561 -0.2731 0.7035
vn 0.9562 0.0800 0.2817
vn -0.2831 0.0076 0.9591
vn 0.2821 0.0076 -0.9594
vn -0.9572 -0.0648 -0.2820
vn -0.8094 0.2949 0.5078
vn -0.8351 0.2031 0.5113
vn -0.4928 0.0178 -0.8699
vn -0.5310 0.0015 -0.8474
vn 0.5317 0.0015 0.8469
vn 0.5638 -0.0318 0.8253
vn 0.8102 -0.2920 -0.5082
vn 0.8235 -0.1995 -0.5310
vn -0.7759 0.1326 0.6168
vn -0.5422 -0.1922 -0.8180
vn 0.5416 0.2016 0.8161
vn 0.8945 -0.0801 -0.4399
vn -0.8392 0.1150 0.5315
vn -0.5248 -0.4232 -0.7386
vn 0.5224 0.4371 0.7322
vn 0.8378 -0.0999 -0.5368
vn 0.5847 0.1970 -0.7870
vn 0.6322 0.0444 -0.7735
vn 0.7529 0.0798 0.6532
vn 0.8024 0.0020 0.5967
vn -0.8029 0.0020 -0.5962
vn -0.8374 -0.0813 -0.5406
vn -0.5852 -0.1930 0.7876
vn -0.5738 -0.0344 0.8183
vn 0.5553 0.0641 -0.8292
vn 0.8477 0.0275 0.5298
vn -0.7503 -0.0133 -0.6609
vn -0.6573 -0.0627 0.7510
vn 0.6238 0.0711 -0.7784
vn 0.7541 -0.0574 0.6542
vn -0.8481 0.0569 -0.5267
vn -0.5766 -0.0643 0.8145
vn 0.5941 -0.1010 -0.7980
vn 0.8027 0.0155 0.5961
vn -0.8026 0.0014 -0.5965
vn -0.5927 0.1176 0.7968
vn -0.9396 0.1285 0.3173
vn -0.9474 0.0288 0.3186
vn -0.2762 0.0015 -0.9611
vn -0.3198 0.0018 -0.9475
vn 0.3201 0.0018 0.9474
vn 0.3614 -0.0003 0.9324
vn 0.9400 -0.1250 -0.3174
vn 0.9473 -0.0252 -0.3193
vn -0.9454 -0.1781 0.2730
vn -0.2806 0.0908 -0.9555
vn 0.3748 -0.0624 0.9250
vn 0.9217 0.1928 -0.3366
vn -0.9135 -0.2885 0.2867
vn -0.3408 0.1583 -0.9267
vn 0.3380 -0.1434 0.9302
vn 0.9097 0.3032 -0.2836
vn -0.2004 0.1449 0.9689
vn -0.2144 0.0017 0.9767
vn -0.9634 0.0195 -0.2674
vn -0.9792 0.0015 -0.2028
vn 0.9793 0.0015 0.2024
vn 0.9898 -0.0166 0.1414
vn 0.2006 -0.1420 -0.9693
vn 0.1985 0.0015 -0.9801
vn -0.2392 0.0046 0.9710
vn -0.9815 0.1285 -0.1419
vn 0.9554 -0.1258 0.2673
vn 0.1589 0.0087 -0.9873
vn -0.1358 0.0467 0.9896
vn -0.9650 0.0913 -0.2457
vn 0.9829 -0.0861 0.1626
vn 0.2508 -0.0479 -0.9669
vn -0.2006 -0.0380 0.9789
vn -0.9787 -0.0338 -0.2027
vn 0.9780 0.0495 0.2025
vn 0.2008 0.0538 -0.9782
vn 0.7558 0.1914 -0.6262
vn 0.7826 0.0350 -0.6215
vn 0.5786 0.0312 0.8150
vn 0.6379 0.0008 0.7701
vn -0.6381 0.0008 -0.7700
vn -0.6878 -0.0345 -0.7251
vn -0.7560 -0.1899 0.6264
vn -0.7637 -0.0325 0.6447
vn 0.7786 0.0668 -0.6239
vn 0.6888 0.1198 0.7150
vn -0.5623 -0.1017 -0.8206
vn -0.7535 -0.0544 0.6552
vn 0.7294 0.2495 -0.6370
vn 0.6174 0.1631 0.7695
vn -0.6206 -0.1489 -0.7699
vn -0.7333 -0.2358 0.6377
vn -0.0136 0.1463 -0.9891
vn -0.0319 -0.0090 -0.9995
vn 0.9980 -0.0260 0.0567
vn 0.9999 0.0008 -0.0138
vn -0.9999 0.0008 0.0139
vn -0.9957 0.0360 0.0855
vn 0.0137 -0.1448 0.9894
vn 0.0037 0.0178 0.9998
vn -0.0232 -0.1650 -0.9860
vn 0.9984 -0.0551 -0.0136
vn -0.9975 0.0695 0.0122
vn 0.0238 0.1791 0.9835
vn -0.8390 0.1502 -0.5230
vn -0.8646 0.0940 -0.4935
vn 0.5434 -0.0783 -0.8358
vn 0.5291 0.0016 -0.8485
vn -0.5287 0.0016 0.8488
vn -0.4977 0.0767 0.8640
vn 0.8395 -0.1469 0.5232
vn 0.8286 -0.0853 0.5533
vn -0.8559 0.0219 -0.5166
vn 0.5159 -0.1588 -0.8418
vn -0.5042 0.1676 0.8472
vn 0.8529 -0.0116 0.5219
vn -0.8550 0.0103 -0.5185
vn 0.5100 -0.1641 -0.8444
vn -0.5086 0.1790 0.8422
vn 0.8564 0.0047 0.5163
vn -0.8593 0.4201 -0.2917
vn 0.3247 0.0076 -0.9458
vn -0.3182 0.0076 0.9480
vn 0.8658 -0.4050 0.2939
vn -0.7944 0.2699 0.5441
vn -0.5633 0.0080 -0.8262
vn 0.5669 0.0080 0.8237
vn 0.5669 0.0080 0.8238
vn 0.7980 -0.2539 -0.5466
vn -0.9666 0.1961 0.1650
vn -0.9855 0.0478 0.1627
vn -0.1010 0.0071 -0.9949
vn -0.1680 0.0013 -0.9858
vn 0.1684 0.0013 0.9857
vn 0.2329 -0.0107 0.9724
vn 0.9671 -0.1935 -0.1651
vn 0.9843 -0.0451 -0.1708
vn -0.9796 0.1116 0.1673
vn -0.2568 0.0333 -0.9659
vn 0.0749 -0.0045 0.9972
vn 0.9804 -0.1028 -0.1682
vn -0.9335 0.3191 0.1638
vn -0.1645 0.0274 -0.9860
vn 0.1678 -0.0126 0.9857
vn 0.9381 -0.3051 -0.1643
vn -0.6047 0.3802 -0.6999
vn 0.7586 0.0073 -0.6515
vn -0.7548 0.0073 0.6559
vn 0.6085 -0.3656 0.7043
vn 0.0021 0.0876 0.9961
vn -0.0268 0.1240 0.9919
vn -0.9975 0.0704 0.0092
vn -1.0000 0.0018 0.0019
vn 1.0000 0.0018 -0.0023
vn 0.9978 -0.0631 0.0214
vn -0.0021 -0.0841 -0.9965
vn -0.0336 -0.1164 -0.9926
vn 0.0742 0.1553 0.9851
vn -0.9999 -0.0159 0.0043
vn 0.9996 0.0251 -0.0108
vn 0.0645 -0.1425 -0.9877
vn 0.0037 0.1521 0.9884
vn -0.9857 -0.1659 0.0286
vn 0.9828 0.1819 -0.0310
vn -0.0053 -0.1357 -0.9907
vn -0.9858 0.0185 0.1666
vn -0.9780 -0.1338 0.1598
vn -0.1003 0.0190 -0.9948
vn -0.1667 0.0011 -0.9860
vn 0.1666 0.0011 0.9860
vn 0.2333 0.0015 0.9724
vn 0.9859 -0.0163 -0.1666
vn 0.9764 0.1360 -0.1676
vn -0.9762 -0.1461 0.1602
vn -0.2300 0.0226 -0.9729
vn 0.1089 -0.0329 0.9935
vn 0.9734 0.1545 -0.1690
vn -0.9853 -0.0062 0.1704
vn -0.1712 0.0455 -0.9842
vn 0.1700 -0.0310 0.9850
vn 0.9852 0.0206 -0.1699
vn 0.2106 0.3249 -0.9220
vn 0.9744 0.0068 0.2249
vn -0.9754 0.0068 -0.2205
vn -0.2116 -0.3114 0.9264
vn -0.8251 0.5489 0.1340
vn -0.8992 0.4230 0.1117
vn -0.0749 0.0331 -0.9966
vn -0.1593 0.0015 -0.9872
vn 0.1611 0.0015 0.9869
vn 0.1933 -0.0846 0.9775
vn 0.8270 -0.5459 -0.1342
vn 0.8931 -0.4164 -0.1704
vn -0.9695 0.1390 0.2021
vn -0.0688 -0.0129 -0.9975
vn 0.2017 -0.0021 0.9794
vn 0.9870 -0.1351 -0.0872
vn -0.9909 0.1184 0.0638
vn -0.1858 0.0813 -0.9792
vn 0.0773 -0.0595 0.9952
vn 0.9656 -0.0957 -0.2418
vn -0.9583 0.2345 0.1632
vn -0.0969 0.2753 -0.9564
vn 0.1001 -0.2603 0.9603
vn 0.9623 -0.2190 -0.1610
vn 0.9022 0.4130 -0.1245
vn 0.1334 0.0076 0.9910
vn -0.1400 0.0076 -0.9901
vn -0.1401 0.0076 -0.9901
vn -0.9088 -0.3978 0.1254
vn 0.8663 0.1300 0.4824
vn -0.4873 0.0082 0.8732
vn 0.4856 0.0082 -0.8741
vn -0.8680 -0.1136 -0.4833
vn 0.4771 0.2288 -0.8486
vn 0.4950 0.0783 -0.8654
vn 0.8346 0.0045 0.5508
vn 0.8716 0.0007 0.4902
vn -0.8717 0.0007 -0.4900
vn -0.9016 -0.0136 -0.4323
vn -0.4773 -0.2273 0.8488
vn -0.4879 -0.0768 0.8695
vn 0.5112 0.1884 -0.8385
vn 0.9030 0.1321 0.4088
vn -0.7929 -0.0888 -0.6028
vn -0.4339 -0.1767 0.8835
vn 0.3489 0.2711 -0.8971
vn 0.8355 -0.0501 0.5472
vn -0.9126 0.0146 -0.4086
vn -0.5413 -0.2580 0.8003
vn 0.4561 0.1017 -0.8841
vn 0.8694 -0.2598 0.4204
vn -0.8672 0.2731 -0.4163
vn -0.4549 -0.0876 0.8862
vn 0.8690 0.2779 0.4094
vn 0.8830 0.1360 0.4493
vn -0.4926 0.0469 0.8690
vn -0.4263 0.0007 0.9046
vn 0.4261 0.0007 -0.9047
vn 0.3720 -0.0570 -0.9265
vn -0.8693 -0.2766 -0.4096
vn -0.9047 -0.1261 -0.4069
vn 0.8980 -0.0111 0.4399
vn -0.4363 0.1115 0.8929
vn 0.4362 -0.0979 -0.8945
vn -0.8973 0.0246 -0.4407
vn 0.8479 0.1115 0.5184
vn 0.8714 -0.0235 0.4900
vn -0.5718 -0.0610 0.8181
vn -0.5217 0.0014 0.8532
vn 0.5215 0.0014 -0.8533
vn 0.4666 0.0669 -0.8819
vn -0.8481 -0.1088 -0.5185
vn -0.8413 0.0299 -0.5397
vn 0.8492 -0.0632 0.5243
vn -0.4803 -0.1044 0.8709
vn 0.5578 0.1012 -0.8238
vn -0.8611 0.0634 -0.5045
vn 0.8629 0.0416 0.5037
vn -0.5178 -0.1271 0.8460
vn 0.5143 0.1361 -0.8467
vn -0.8387 -0.0261 -0.5440
vn 0.8501 0.0381 0.5252
vn -0.5116 -0.1775 0.8407
vn 0.5097 0.1929 -0.8385
vn -0.8518 -0.0226 -0.5233
vn -0.9329 0.2592 -0.2500
vn -0.9674 0.0490 -0.2486
vn 0.3488 -0.0159 -0.9371
vn 0.2591 0.0013 -0.9658
vn -0.2586 0.0013 0.9660
vn -0.1637 0.0161 0.9864
vn 0.9336 -0.2566 0.2502
vn 0.9639 -0.0401 0.2631
vn -0.9547 -0.1631 -0.2488
vn 0.2569 -0.0250 -0.9661
vn -0.2577 0.0398 0.9654
vn 0.9524 0.1774 0.2479
vn 0.3431 0.3427 -0.8746
vn 0.4340 0.1093 -0.8943
vn 0.8709 0.1080 0.4794
vn 0.9308 0.0013 0.3656
vn -0.9310 0.0013 -0.3650
vn -0.9541 -0.1213 -0.2740
vn -0.3435 -0.3403 0.8754
vn -0.3358 -0.0888 0.9377
vn 0.4138 -0.1405 -0.8995
vn 0.8957 0.2383 0.3753
vn -0.8986 -0.2246 -0.3769
vn -0.4151 0.1539 0.8967
vn 0.8437 0.4863 -0.2271
vn 0.8820 0.3949 -0.2571
vn 0.2318 -0.0514 0.9714
vn 0.2591 0.0016 0.9658
vn -0.2608 0.0016 -0.9654
vn -0.3150 0.0186 -0.9489
vn -0.8454 -0.4832 0.2276
vn -0.8929 -0.3904 0.2245
vn 0.9604 0.1242 -0.2494
vn 0.2039 -0.0322 0.9785
vn -0.3554 0.0162 -0.9346
vn -0.9486 -0.1217 0.2920
vn 0.9320 -0.1212 -0.3417
vn 0.2311 -0.1022 0.9675
vn -0.2978 0.1217 -0.9468
vn -0.9632 0.1447 0.2265
vn 0.9341 -0.2026 -0.2941
vn 0.2440 -0.2362 0.9406
vn -0.2402 0.2520 -0.9375
vn -0.9299 0.2185 0.2960
vn -0.8575 0.2252 0.4626
vn -0.4734 0.0068 -0.8808
vn -0.4735 0.0069 -0.8808
vn 0.4762 0.0068 0.8793
vn 0.8602 -0.2115 -0.4641
vn 0.9784 0.2027 0.0415
vn 0.9964 0.0803 0.0263
vn -0.0934 -0.0281 0.9952
vn -0.0427 0.0017 0.9991
vn 0.0421 0.0017 -0.9991
vn -0.0176 0.0228 -0.9996
vn -0.9791 -0.1993 -0.0415
vn -0.9959 -0.0764 -0.0495
vn 0.9947 0.1030 0.0054
vn 0.0380 -0.1367 0.9899
vn 0.0887 0.1524 -0.9843
vn -0.9921 -0.0872 -0.0897
vn 0.9916 0.0460 0.1210
vn -0.1105 -0.0755 0.9910
vn -0.0616 0.0766 -0.9952
vn -0.9985 -0.0480 0.0275
vn 0.9901 -0.1351 0.0376
vn -0.0249 0.0951 0.9952
vn 0.0256 -0.0797 -0.9965
vn -0.9879 0.1503 -0.0376
vn -0.3108 0.1688 -0.9354
vn -0.3120 0.0207 -0.9499
vn 0.9683 0.0099 -0.2498
vn 0.9491 0.0018 -0.3151
vn -0.9489 0.0018 0.3156
vn -0.9254 -0.0020 0.3789
vn 0.3110 -0.1652 0.9359
vn 0.3172 -0.0106 0.9483
vn -0.3111 -0.1282 -0.9417
vn 0.9487 0.0202 -0.3156
vn -0.9492 -0.0037 0.3146
vn 0.3102 0.1444 0.9396
vn 0.9338 0.3515 0.0666
vn 0.9734 0.1789 0.1431
vn -0.1794 0.1091 0.9777
vn -0.0718 0.0016 0.9974
vn 0.0707 0.0017 -0.9975
vn 0.0108 -0.1281 -0.9917
vn -0.9350 -0.3482 -0.0668
vn -0.9871 -0.1566 -0.0341
vn 0.9932 -0.0115 0.1156
vn -0.1094 0.2463 0.9630
vn 0.1087 -0.2313 -0.9668
vn -0.9926 0.0265 -0.1182
vn 0.8665 0.0677 -0.4946
vn 0.8438 -0.0178 -0.5363
vn 0.4569 -0.0907 0.8849
vn 0.4958 0.0013 0.8684
vn -0.4959 0.0013 -0.8684
vn -0.5267 0.0952 -0.8447
vn -0.8666 -0.0651 0.4948
vn -0.8855 0.0283 0.4637
vn 0.8989 -0.0527 -0.4350
vn 0.5228 -0.0102 0.8524
vn -0.4753 0.0098 -0.8798
vn -0.8195 0.0536 0.5706
vn 0.8432 -0.0460 -0.5356
vn 0.4800 0.0835 0.8733
vn -0.5216 -0.0723 -0.8501
vn -0.8835 0.0487 0.4660
vn 0.8624 -0.0932 -0.4975
vn 0.4990 -0.0032 0.8666
vn -0.4979 0.0185 -0.8670
vn -0.8614 0.1085 0.4963
vn -0.5997 0.3095 0.7379
vn -0.6450 0.1565 0.7480
vn -0.7238 0.0421 -0.6888
vn -0.7757 0.0013 -0.6310
vn 0.7762 0.0013 0.6304
vn 0.8124 -0.0612 0.5798
vn 0.6003 -0.3069 -0.7386
vn 0.6083 -0.1513 -0.7792
vn -0.5702 0.1931 0.7985
vn -0.8339 -0.0457 -0.5500
vn 0.7283 0.0865 0.6798
vn 0.6915 -0.1732 -0.7013
vn -0.6120 0.3722 0.6978
vn -0.7889 -0.2254 -0.5716
vn 0.7887 0.2399 0.5660
vn 0.6139 -0.3580 -0.7036
vn 0.4304 0.0669 -0.9001
vn 0.4218 0.1417 -0.8956
vn 0.9169 -0.0069 0.3991
vn 0.9021 0.0013 0.4315
vn -0.9022 0.0013 -0.4313
vn -0.8882 0.0190 -0.4591
vn -0.4305 -0.0643 0.9003
vn -0.4327 -0.1390 0.8907
vn 0.4674 0.1231 -0.8754
vn 0.8770 0.0612 0.4765
vn -0.9164 -0.0627 -0.3953
vn -0.3968 -0.1093 0.9114
vn 0.4411 0.0246 -0.8971
vn 0.8845 0.1577 0.4392
vn -0.8870 -0.1426 -0.4393
vn -0.4427 -0.0094 0.8966
vn 0.0955 0.1068 -0.9897
vn 0.9953 0.0078 0.0968
vn 0.9953 0.0078 0.0969
vn -0.9954 0.0078 -0.0952
vn -0.9954 0.0078 -0.0953
vn -0.0956 -0.0912 0.9912
vn -0.4790 0.3843 -0.7892
vn 0.8564 0.0072 -0.5163
vn 0.8563 0.0073 -0.5164
vn -0.8533 0.0073 0.5214
vn 0.4821 -0.3697 0.7942
vn 0.4822 -0.3697 0.7942
vn -0.7841 0.5235 -0.3334
vn -0.9113 0.2907 -0.2916
vn 0.4513 -0.1596 -0.8780
vn 0.3918 0.0013 -0.9200
vn -0.3905 0.0013 0.9206
vn -0.2443 0.0970 0.9648
vn 0.7855 -0.5210 0.3340
vn 0.8694 -0.2724 0.4123
vn -0.9089 0.0583 -0.4129
vn 0.3212 -0.0858 -0.9431
vn -0.3581 0.0907 0.9293
vn 0.9608 -0.0696 0.2684
vn -0.9276 0.0698 -0.3669
vn 0.3735 0.1266 -0.9190
vn -0.3376 -0.1204 0.9336
vn 0.9403 -0.0568 0.3354
vn -0.9345 0.0283 -0.3549
vn 0.3544 0.1697 -0.9196
vn -0.3546 -0.1549 0.9221
vn 0.9340 -0.0135 0.3570
vn -0.9168 0.3699 -0.1503
vn -0.9650 0.2218 -0.1402
vn 0.2226 -0.0490 -0.9737
vn 0.1622 0.0013 -0.9868
vn -0.1613 0.0013 0.9869
vn -0.0886 0.0212 0.9958
vn 0.9178 -0.3674 0.1504
vn 0.9605 -0.2180 0.1730
vn -0.9585 0.1570 -0.2378
vn 0.1455 0.1364 -0.9799
vn -0.2144 -0.1172 0.9697
vn 0.9899 -0.1253 0.0663
vn -0.9644 0.2248 -0.1390
vn 0.2076 0.3250 -0.9226
vn -0.2059 -0.3107 0.9280
vn 0.9672 -0.2099 0.1432
vn 0.5556 0.5360 -0.6356
vn 0.7506 0.0059 0.6607
vn -0.7554 0.0059 -0.6553
vn -0.7553 0.0059 -0.6553
vn -0.5603 -0.5243 0.6412
vn -0.6796 0.1708 -0.7135
vn -0.6973 0.1246 -0.7059
vn 0.7357 -0.0424 -0.6760
vn 0.7242 0.0011 -0.6896
vn -0.7240 0.0011 0.6898
vn -0.7063 0.0395 0.7069
vn 0.6798 -0.1686 0.7137
vn 0.6708 -0.1207 0.7317
vn -0.6123 -0.1387 -0.7783
vn 0.7718 0.1077 -0.6267
vn -0.6328 -0.0677 0.7713
vn 0.7249 0.1619 0.6696
vn -0.6103 -0.3612 -0.7050
vn 0.6595 0.2616 -0.7047
vn -0.6650 -0.2475 0.7046
vn 0.6047 0.3749 0.7027
vn 0.4701 0.3392 0.8148
vn 0.4345 0.2300 0.8708
vn -0.8998 0.0960 0.4256
vn -0.8664 0.0010 0.4994
vn 0.8661 0.0010 -0.4999
vn 0.8463 -0.1130 -0.5206
vn -0.4704 -0.3373 -0.8155
vn -0.5205 -0.2126 -0.8270
vn 0.4746 0.1081 0.8735
vn -0.8689 0.2160 0.4454
vn 0.8703 -0.2034 -0.4485
vn -0.4734 -0.0953 -0.8756
vn -0.9434 0.1814 -0.2778
vn 0.2837 0.0070 -0.9589
vn 0.2836 0.0070 -0.9589
vn -0.2813 0.0070 0.9596
vn 0.9457 -0.1675 0.2785
vn 0.6905 0.3419 -0.6375
vn 0.6766 0.0066 0.7363
vn 0.6766 0.0066 0.7364
vn -0.6801 0.0066 -0.7331
vn -0.6939 -0.3288 0.6406
vn -0.7049 0.2088 -0.6779
vn -0.6864 0.1395 -0.7137
vn 0.7236 0.0752 -0.6861
vn 0.6934 0.0013 -0.7205
vn -0.6930 0.0013 0.7209
vn -0.6741 -0.0753 0.7348
vn 0.7052 -0.2062 0.6783
vn 0.7350 -0.1254 0.6663
vn -0.7117 0.0643 -0.6995
vn 0.6993 0.1584 -0.6971
vn -0.6999 -0.1430 0.6998
vn 0.7111 -0.0489 0.7013
vn 0.6297 0.3427 0.6972
vn 0.6586 0.2201 0.7196
vn -0.7762 -0.0200 0.6302
vn -0.7424 0.0011 0.6700
vn 0.7419 0.0011 -0.6705
vn 0.7007 -0.0029 -0.7134
vn -0.6302 -0.3406 -0.6978
vn -0.6529 -0.2178 -0.7255
vn 0.7194 -0.0707 0.6910
vn -0.7858 -0.1172 0.6072
vn 0.6818 0.1317 -0.7196
vn -0.6469 0.0855 -0.7577
vn 0.6157 -0.1439 0.7747
vn -0.6945 -0.0157 0.7193
vn 0.7601 0.0102 -0.6497
vn -0.7558 0.1496 -0.6375
vn 0.6965 -0.0373 0.7166
vn -0.6943 0.2123 0.6877
vn 0.6975 -0.1978 -0.6888
vn -0.6950 0.0525 -0.7171
vn 0.3514 0.2163 -0.9109
vn 0.3922 0.0586 -0.9180
vn 0.9000 0.0608 0.4316
vn 0.9329 0.0012 0.3601
vn -0.9330 0.0012 -0.3598
vn -0.9537 -0.0597 -0.2947
vn -0.3516 -0.2140 0.9113
vn -0.3414 -0.0465 0.9388
vn 0.3759 -0.1039 -0.9208
vn 0.9230 0.1288 0.3626
vn -0.9246 -0.1136 -0.3637
vn -0.3765 0.1188 0.9188
vt -6.091475 -0.698915
vt -6.134726 -1.866250
vt -5.821662 -1.870129
vt -5.736057 -0.718617
vt -7.572310 -0.264696
vt -7.929833 -1.452966
vt -7.618229 -1.477852
vt -7.234235 -0.374829
vt -6.541334 -0.683692
vt -6.447871 -1.907646
vt -6.134726 -1.902659
vt -6.185846 -0.662707
vt -7.234235 -0.385452
vt -6.852910 -1.475538
vt -6.541334 -1.451151
vt -6.895995 -0.275870
vt -6.090425 -2.914771
vt -5.820247 -2.910279
vt -7.716247 -2.663350
vt -7.448186 -2.634730
vt -6.452277 -2.992553
vt -6.182039 -2.996125
vt -7.022899 -2.624306
vt -6.754990 -2.653327
vt -6.071751 -3.657110
vt -5.844510 -3.655662
vt -7.647285 -3.429679
vt -7.420568 -3.423714
vt -6.428776 -3.707271
vt -6.201479 -3.707934
vt -7.049809 -3.418056
vt -6.823173 -3.424372
vt -6.049543 -4.555603
vt -5.865463 -4.545647
vt -7.625122 -4.376599
vt -7.441951 -4.360450
vt -6.408422 -4.597227
vt -6.224315 -4.606591
vt -7.027293 -4.347132
vt -6.844217 -4.363555
vt -5.931347 -5.447311
vt -5.790569 -5.434255
vt -7.410481 -5.365859
vt -7.270607 -5.348156
vt -6.486679 -5.480641
vt -6.345898 -5.493280
vt -7.198052 -5.331445
vt -7.058267 -5.349349
vt -5.850919 -6.103195
vt -5.752639 -6.097626
vt -7.332391 -6.048936
vt -7.234235 -6.045228
vt -6.524645 -6.121389
vt -6.426354 -6.126647
vt -7.234235 -6.037441
vt -7.136115 -6.041304
vt -5.809979 -6.950020
vt -5.754534 -6.948095
vt -7.302439 -6.927628
vt -7.247081 -6.929274
vt -6.523074 -6.957208
vt -6.467622 -6.958951
vt -7.221023 -6.926651
vt -7.165675 -6.925095
vt -5.748569 -7.921504
vt -5.736057 -7.920968
vt -7.337559 -7.920713
vt -7.325080 -7.921504
vt -6.541334 -7.921010
vt -6.528821 -7.921504
vt -7.143009 -7.921504
vt -7.130531 -7.920734
vt -2.792518 -1.368390
vt -2.699822 -2.549609
vt -2.482358 -2.559114
vt -2.540799 -1.367754
vt -1.157385 -1.865796
vt -1.268425 -2.923689
vt -1.060695 -3.015855
vt -0.917972 -1.982938
vt -4.361406 -1.329210
vt -4.426231 -2.531343
vt -4.207216 -2.524920
vt -4.108197 -1.333391
vt -1.854767 -1.925984
vt -1.717200 -2.978642
vt -1.506840 -2.891299
vt -1.611977 -1.814455
vt -2.709571 -3.321172
vt -2.527149 -3.341595
vt -1.323456 -3.654364
vt -1.147325 -3.719789
vt -4.376487 -3.329864
vt -4.192435 -3.312039
vt -1.625198 -3.704852
vt -1.447238 -3.643463
vt -2.778422 -4.269219
vt -2.629395 -4.265896
vt -1.386634 -4.567378
vt -1.243255 -4.608753
vt -4.272989 -4.268701
vt -4.123175 -4.274154
vt -1.531126 -4.583936
vt -1.386633 -4.545793
vt -2.704388 -5.269962
vt -2.589927 -5.256099
vt -1.220897 -5.478569
vt -1.111425 -5.503194
vt -4.315361 -5.265712
vt -4.200611 -5.281229
vt -1.663635 -5.472106
vt -1.553533 -5.449905
vt -2.703234 -6.014225
vt -2.623897 -6.012933
vt -1.124087 -6.173728
vt -1.048164 -6.188065
vt -4.277247 -6.023099
vt -4.197474 -6.025517
vt -1.723339 -6.176269
vt -1.647066 -6.163597
vt -2.792517 -6.909291
vt -2.747663 -6.905758
vt -1.028368 -7.037058
vt -0.985350 -7.047911
vt -4.153218 -6.911731
vt -4.108197 -6.915907
vt -1.786220 -7.041780
vt -1.742918 -7.031886
vt -2.652836 -7.921504
vt -2.642766 -7.919564
vt -0.927750 -7.918196
vt -0.917972 -7.921504
vt -4.260819 -7.919418
vt -4.250742 -7.921504
vt -1.854767 -7.921504
vt -1.844897 -7.918419
vt -2.145192 -1.742072
vt -2.069049 -2.926716
vt -1.854767 -2.936542
vt -1.897018 -1.741731
vt 0.577780 -2.300944
vt 0.610211 -3.369558
vt 0.832572 -3.430052
vt 0.835525 -2.379791
vt -2.428426 -1.729925
vt -2.482357 -2.933946
vt -2.268532 -2.928963
vt -2.181149 -1.735862
vt 0.314807 -2.284933
vt 0.311257 -3.354620
vt 0.537912 -3.300800
vt 0.577781 -2.213875
vt -2.084216 -3.698304
vt -1.904621 -3.719063
vt 0.648121 -4.102558
vt 0.834928 -4.140615
vt -2.430611 -3.733142
vt -2.251010 -3.716450
vt 0.310589 -4.088437
vt 0.500618 -4.055922
vt -2.169337 -4.644611
vt -2.023205 -4.648487
vt 0.714664 -4.992307
vt 0.866321 -5.037637
vt -2.315068 -4.649538
vt -2.169336 -4.648961
vt 0.275368 -4.981682
vt 0.430074 -4.940927
vt -1.979687 -5.654704
vt -1.867901 -5.651879
vt 0.694547 -5.843258
vt 0.810732 -5.885194
vt -2.475120 -5.641735
vt -2.363822 -5.647074
vt 0.332709 -5.835290
vt 0.451434 -5.796905
vt -1.943337 -6.188293
vt -1.865274 -6.194542
vt 0.720259 -6.335249
vt 0.801305 -6.357961
vt -2.469280 -6.196486
vt -2.391300 -6.192005
vt 0.352177 -6.330428
vt 0.434805 -6.310154
vt -1.967471 -7.014398
vt -1.923491 -7.019608
vt 0.730606 -7.106357
vt 0.775957 -7.123912
vt -2.410816 -7.019556
vt -2.366829 -7.015345
vt 0.377976 -7.109365
vt 0.424361 -7.093197
vt -1.864691 -7.920406
vt 0.577780 -7.916329
vt 0.587808 -7.921504
vt -2.482357 -7.921504
vt -2.472433 -7.920632
vt 0.567484 -7.921504
vt 0.577781 -7.916642
vt -4.108197 -1.424775
vt -3.785814 -2.566098
vt -3.568900 -2.531110
vt -3.858900 -1.375219
vt -3.368273 -1.368124
vt -3.220069 -2.432250
vt -2.996745 -2.470432
vt -3.108424 -1.421291
vt -4.671254 -1.318886
vt -4.966940 -2.484689
vt -4.753531 -2.522957
vt -4.426230 -1.372186
vt -5.422436 -1.295360
vt -5.536767 -2.361051
vt -5.312110 -2.326835
vt -5.160832 -1.246865
vt -3.629934 -3.321404
vt -3.445375 -3.304573
vt -3.097186 -3.154932
vt -2.910967 -3.174437
vt -5.087057 -3.276107
vt -4.905153 -3.295753
vt -5.617882 -3.088592
vt -5.430845 -3.072320
vt -3.519887 -4.219261
vt -3.368273 -4.246840
vt -2.943917 -3.999882
vt -2.792517 -4.023856
vt -5.160832 -4.213116
vt -5.010359 -4.187929
vt -5.736057 -3.987004
vt -5.583794 -3.965687
vt -3.646107 -5.140964
vt -3.532681 -5.188524
vt -3.128611 -4.981264
vt -3.013088 -5.005003
vt -5.000185 -5.156634
vt -4.886912 -5.110929
vt -5.513416 -5.006027
vt -5.397098 -4.984321
vt -3.788465 -5.986933
vt -3.709148 -6.018201
vt -3.235430 -5.888162
vt -3.154296 -5.900214
vt -4.821991 -6.000399
vt -4.742833 -5.970422
vt -5.371416 -5.899832
vt -5.289841 -5.889210
vt -3.932595 -6.931057
vt -3.887710 -6.947757
vt -3.320060 -6.884664
vt -3.274124 -6.889636
vt -4.644567 -6.939766
vt -4.599797 -6.923795
vt -5.252817 -6.888915
vt -5.206678 -6.884752
vt -4.108197 -7.917746
vt -4.098063 -7.921504
vt -3.368273 -7.920667
vt -3.357880 -7.921504
vt -4.436339 -7.921504
vt -4.426230 -7.917912
vt -5.171264 -7.921504
vt -5.160832 -7.920852
vt 2.129610 -3.388353
vt 2.152178 -4.399824
vt 2.265516 -4.394808
vt 2.277399 -3.383060
vt 0.577780 2.243931
vt 0.607207 1.230177
vt 0.719458 1.233237
vt 0.724125 2.248501
vt 2.128066 1.658178
vt 2.138670 0.645239
vt 2.252048 0.640948
vt 2.275895 1.653828
vt 1.982513 1.663243
vt 2.007689 0.648480
vt 2.119318 0.648572
vt 2.128066 1.662783
vt 2.191542 -5.573075
vt 2.270448 -5.569640
vt 0.624828 0.051919
vt 0.702963 0.054897
vt 2.134152 -0.532055
vt 2.213086 -0.534987
vt 2.050337 -0.529950
vt 2.128066 -0.530733
vt 2.222109 -6.743374
vt 2.266578 -6.741303
vt 0.680087 -1.118883
vt 0.724125 -1.117246
vt 2.138409 -1.705279
vt 2.182895 -1.707066
vt 2.055023 -1.703281
vt 2.098831 -1.703682
vt 2.267364 -7.921504
vt 2.277399 -7.920914
vt 0.693387 -2.300944
vt 0.703329 -2.300731
vt 2.128066 -2.886021
vt 2.138106 -2.886546
vt 2.102223 -2.886545
vt 2.112109 -2.886479
vt -1.703242 2.371276
vt -1.638491 1.358877
vt -1.550643 1.359473
vt -1.588821 2.376163
vt 0.158572 1.993664
vt 0.175288 1.026896
vt 0.264874 1.002323
vt 0.275368 1.961257
vt -1.817269 2.382985
vt -1.854767 1.365771
vt -1.767148 1.364037
vt -1.703243 2.376618
vt 0.724126 1.758329
vt 0.736468 0.791572
vt 0.827834 0.814548
vt 0.843251 1.788652
vt -1.616211 0.344001
vt -1.555063 0.341650
vt 0.160147 0.044865
vt 0.222573 0.029940
vt -1.849808 0.344920
vt -1.788754 0.346478
vt 0.779638 -0.188767
vt 0.843251 -0.174946
vt -1.640127 -0.713888
vt -1.605721 -0.716509
vt 0.172703 -0.989175
vt 0.207919 -0.996344
vt -1.799426 -0.715690
vt -1.765042 -0.713516
vt 0.793179 -1.220038
vt 0.829034 -1.213489
vt -1.703242 -1.813644
vt -1.695491 -1.814455
vt 0.158572 -2.071632
vt 0.166523 -2.073224
vt -1.710994 -1.814454
vt -1.703243 -1.813744
vt 0.831626 -2.300944
vt 0.839719 -2.299491
vt -5.078029 2.525309
vt -5.106966 1.513638
vt -4.994508 1.502806
vt -4.931387 2.511531
vt -6.541334 3.076685
vt -6.471562 2.084157
vt -6.356103 2.084649
vt -6.390596 3.073861
vt -2.792518 2.466787
vt -2.729737 1.452518
vt -2.617307 1.462365
vt -2.645917 2.479282
vt -6.017119 3.055109
vt -6.051637 2.060991
vt -5.936613 2.060154
vt -5.866913 3.057469
vt -5.160832 0.433346
vt -5.082470 0.429673
vt -6.353904 1.039506
vt -6.273373 1.029844
vt -2.643014 0.386857
vt -2.564724 0.389850
vt -6.134725 1.005700
vt -6.054388 1.015082
vt -5.001166 -0.613494
vt -4.957080 -0.614180
vt -6.512202 0.029105
vt -6.467150 0.019555
vt -2.769844 -0.654369
vt -2.725818 -0.654061
vt -5.943482 -0.008420
vt -5.898493 0.000952
vt -4.941352 -1.318537
vt -4.931387 -1.318886
vt -6.541334 -0.661096
vt -6.531110 -0.662707
vt -2.792518 -1.367753
vt -2.782564 -1.367492
vt -5.877117 -0.698914
vt -5.866913 -0.697340
vt 4.690558 0.266078
vt 4.724778 -0.693316
vt 4.845033 -0.699399
vt 4.847395 0.264329
vt 4.594850 -4.758581
vt 4.594850 -5.715245
vt 4.715298 -5.711509
vt 4.751886 -4.758039
vt 4.438053 -4.734660
vt 4.439915 -5.709828
vt 4.560155 -5.703931
vt 4.594850 -4.733133
vt 4.281216 -4.714433
vt 4.317750 -5.682728
vt 4.438052 -5.686987
vt 4.438052 -4.715667
vt 4.690558 -1.403630
vt 4.774284 -1.407654
vt 4.646083 -6.425600
vt 4.729945 -6.424698
vt 4.511134 -6.425090
vt 4.594850 -6.421195
vt 4.301305 -6.405200
vt 4.385061 -6.406468
vt 4.730844 -2.244505
vt 4.778031 -2.246841
vt 4.609568 -7.270783
vt 4.656825 -7.270892
vt 4.507168 -7.271531
vt 4.554348 -7.269269
vt 4.374123 -7.260620
vt 4.421320 -7.260719
vt 4.700780 -2.885558
vt 4.711408 -2.886546
vt 4.639489 -7.921504
vt 4.650156 -7.921154
vt 4.574511 -7.921504
vt 4.585139 -7.920536
vt 4.378870 -7.921107
vt 4.389525 -7.921504
vt 5.699892 -2.897755
vt 5.729970 -3.963396
vt 5.768839 -3.958280
vt 5.768839 -2.887486
vt 7.288867 -3.002963
vt 7.310064 -4.105304
vt 7.348108 -4.103258
vt 7.356368 -2.999366
vt 6.105727 -2.888644
vt 6.105727 -3.963714
vt 6.144672 -3.968496
vt 6.174826 -2.898313
vt 1.635919 7.041910
vt 1.644843 5.935972
vt 1.682533 5.934304
vt 1.702791 7.038984
vt 5.729739 -4.981537
vt 5.738513 -4.980535
vt 7.347780 -5.155706
vt 7.356368 -5.155239
vt 6.135357 -4.990130
vt 6.144146 -4.991058
vt 1.635919 4.882492
vt 1.644427 4.882111
vt -3.766658 7.669941
vt -3.767308 6.765725
vt -3.731786 6.766295
vt -3.703635 7.669367
vt -1.217408 7.687737
vt -1.206497 6.782635
vt -1.170835 6.782789
vt -1.154132 7.687737
vt 5.636600 -2.887553
vt 5.664305 -3.791523
vt 5.699891 -3.792012
vt 5.699732 -2.886835
vt -5.935566 8.055258
vt -5.920277 7.150709
vt -5.884617 7.150556
vt -5.872297 8.055258
vt -3.711648 5.577009
vt -3.703635 5.577339
vt -1.190900 5.595423
vt -1.182849 5.595492
vt 5.636600 -4.981227
vt 5.644629 -4.981538
vt -5.909318 5.963222
vt -5.901269 5.963153
vt 0.537272 7.456048
vt 0.537272 6.433571
vt 0.546093 6.433120
vt 0.576349 7.454050
vt -4.171463 8.831604
vt -4.171463 7.833840
vt -4.162868 7.832236
vt -4.133390 8.824495
vt 0.827174 7.537248
vt 0.827174 6.514773
vt 0.835903 6.514848
vt 0.865844 7.537576
vt 8.566638 -5.313845
vt 8.596252 -6.310266
vt 8.604885 -6.308778
vt 8.604885 -5.307255
vt 8.224466 -5.204580
vt 8.248291 -6.141510
vt 8.255342 -6.141487
vt 8.255703 -5.204477
vt -2.998036 4.648349
vt -2.998036 3.726035
vt -2.991192 3.724615
vt -2.967717 4.642064
vt -7.010798 4.287197
vt -6.997413 3.350111
vt -6.990279 3.350111
vt -6.979195 4.287197
vt 8.262146 -6.141510
vt 8.285845 -5.204580
vt -0.229661 4.456668
vt -0.200463 3.818134
vt -0.142367 3.814543
vt -0.158310 4.461955
vt 4.603093 3.752404
vt 4.480738 3.115587
vt 4.539367 3.112380
vt 4.674084 3.739507
vt -6.647320 2.900223
vt -6.660288 2.245018
vt -6.602614 2.249004
vt -6.576365 2.895421
vt 4.495572 0.282690
vt 4.631915 -0.352371
vt 4.690559 -0.348885
vt 4.566498 0.295918
vt -0.258504 3.190959
vt -0.213807 3.185786
vt 4.557887 2.472664
vt 4.603090 2.473459
vt -6.588938 1.612734
vt -6.544592 1.618214
vt 4.568912 -0.994977
vt 4.614157 -0.995560
vt -0.253499 2.541955
vt -0.222119 2.541286
vt 4.539553 1.820029
vt 4.571120 1.823725
vt -6.579326 0.966282
vt -6.548163 0.967159
vt 4.601698 -1.640578
vt 4.633326 -1.644126
vt -0.160424 1.929818
vt -0.142367 1.930320
vt 4.681551 1.192619
vt 4.699821 1.192027
vt -6.660289 0.357378
vt -6.642348 0.356994
vt 4.473250 -2.272085
vt 4.491530 -2.271410
vt -0.175216 1.293572
vt 4.480739 0.577220
vt -6.625897 -0.275869
vt 4.690559 -2.886545
vt -3.187973 2.657300
vt -3.056575 1.829389
vt -2.964144 1.816030
vt -3.074203 2.674622
vt -2.307266 2.344351
vt -2.482357 1.516874
vt -2.391358 1.504184
vt -2.196002 2.320043
vt -3.998348 2.674970
vt -4.108197 1.808917
vt -4.015874 1.822633
vt -3.884490 2.658070
vt -2.169336 2.320004
vt -1.974118 1.476171
vt -1.882702 1.488826
vt -2.057594 2.344275
vt -3.359683 1.068349
vt -3.290526 1.049214
vt -2.390656 0.763630
vt -2.321576 0.765359
vt -3.780409 1.032084
vt -3.711393 1.051503
vt -2.042412 0.729143
vt -1.972932 0.727353
vt -3.368273 0.247497
vt -3.320709 0.255080
vt -2.243710 -0.087275
vt -2.196002 -0.085872
vt -3.751235 0.239909
vt -3.703635 0.232461
vt -2.169336 -0.094691
vt -2.121349 -0.096136
vt -2.990367 -0.526379
vt -2.964144 -0.521933
vt -2.378726 -0.887590
vt -2.352480 -0.889281
vt -4.108197 -0.531925
vt -4.081952 -0.536296
vt -2.022672 -0.896940
vt -1.996274 -0.895274
vt -3.020954 -1.368124
vt -2.374609 -1.729925
vt -4.053850 -1.375220
vt -2.005050 -1.741732
vt -0.374859 -2.083334
vt -0.232509 -3.244271
vt -0.124599 -3.252377
vt -0.241324 -2.071194
vt 0.112044 -2.073225
vt 0.075797 -3.249431
vt 0.182429 -3.247429
vt 0.243507 -2.090201
vt -0.800416 -2.060646
vt -0.917971 -3.257792
vt -0.808950 -3.250398
vt -0.665826 -2.073659
vt -0.091612 -2.078577
vt -0.030736 -3.255254
vt 0.075797 -3.258054
vt 0.040030 -2.062588
vt -0.521135 -4.390332
vt -0.438738 -4.391808
vt 0.095216 -4.404696
vt 0.176247 -4.398209
vt -0.604306 -4.405873
vt -0.521137 -4.404945
vt -0.024689 -4.402848
vt 0.056190 -4.409944
vt -0.346992 -5.570589
vt -0.290895 -5.562156
vt 0.219697 -5.573514
vt 0.275367 -5.579622
vt -0.754225 -5.562181
vt -0.697743 -5.570988
vt -0.124599 -5.570784
vt -0.068870 -5.565104
vt -0.157250 -6.737548
vt -0.126637 -6.736205
vt 0.116521 -6.735650
vt 0.146521 -6.739887
vt -0.917927 -6.733501
vt -0.887060 -6.735053
vt 0.003383 -6.737817
vt 0.033430 -6.733812
vt -0.124599 -7.921504
vt 0.075797 -7.921504
vt -0.917971 -7.921503
vt 0.075797 -7.921504
vt -3.703636 2.570008
vt -3.528821 1.589035
vt -3.455628 1.589681
vt -3.614002 2.583919
vt 1.714513 2.032853
vt 1.757621 1.022427
vt 1.833078 1.038750
vt 1.808677 2.034531
vt 5.511941 -2.898897
vt 5.352672 -3.908270
vt 5.425936 -3.909293
vt 5.601440 -2.913257
vt -5.736057 8.879786
vt -5.718269 7.873163
vt -5.643440 7.859694
vt -5.643168 8.881672
vt -3.703636 0.599095
vt -3.647863 0.594562
vt 1.870435 0.081955
vt 1.928058 0.088263
vt 5.545530 -4.900408
vt 5.601440 -4.896163
vt -3.591429 0.598396
vt -3.381734 1.586553
vt 1.754174 -0.909846
vt 1.791768 -0.915348
vt 1.982513 0.077070
vt 1.714514 -0.913010
vt -2.564723 2.472617
vt -2.546977 1.468787
vt -2.508515 1.467825
vt -2.508515 2.474413
vt -3.466927 -0.375695
vt -3.428064 -0.371862
vt -3.505316 -0.374798
vt -3.592675 -1.375217
vt -3.571725 -1.373773
vt 1.851060 -1.885175
vt 1.872817 -1.883033
vt 2.498105 8.485847
vt 2.498105 7.477320
vt 2.518778 7.473592
vt 2.536415 8.482532
vt -3.550383 -1.372077
vt 1.806530 -2.886545
vt 1.893440 -1.884120
vt 1.471913 8.582924
vt 1.450687 7.581952
vt 1.492835 8.581944
vt 1.450687 8.586611
vt -0.124599 2.450524
vt -0.045064 1.533846
vt 0.033057 1.531587
vt -0.029089 2.460329
vt -0.805082 2.456339
vt -0.917971 1.527744
vt -0.841802 1.532916
vt -0.711469 2.444717
vt -0.354061 2.452826
vt -0.416082 1.509291
vt -0.338074 1.512086
vt -0.258505 2.443662
vt 0.363427 2.304462
vt 0.494620 1.382502
vt 0.570116 1.377672
vt 0.455939 2.316494
vt 0.028070 0.654889
vt 0.087687 0.654257
vt -0.680520 0.626858
vt -0.622155 0.625552
vt -0.470319 0.636388
vt -0.410772 0.637427
vt 0.275368 0.473664
vt 0.333140 0.475232
vt 0.056014 -0.267718
vt 0.097192 -0.267518
vt -0.917972 -0.273373
vt -0.877658 -0.275811
vt -0.478447 -0.280037
vt -0.437309 -0.279957
vt 0.530234 -0.423842
vt 0.570116 -0.421222
vt 0.117565 -1.160280
vt 0.140223 -1.164546
vt -0.739637 -1.187920
vt -0.717332 -1.190099
vt -0.521137 -1.178465
vt -0.498565 -1.174042
vt 0.370254 -1.345038
vt 0.392309 -1.342757
vt -0.124599 -2.062587
vt -0.850576 -2.060646
vt -0.258505 -2.071196
vt 0.495710 -2.213875
vt 1.182541 -2.896291
vt 1.398768 -3.880443
vt 1.498682 -3.877908
vt 1.303665 -2.872363
vt 1.805688 -2.886545
vt 1.749124 -3.891093
vt 1.849011 -3.896694
vt 1.929089 -2.895601
vt 1.061435 -2.859438
vt 0.866321 -3.867990
vt 0.966240 -3.870588
vt 1.182541 -2.883415
vt 1.498681 -2.876525
vt 1.582637 -3.896039
vt 1.682572 -3.890419
vt 1.622140 -2.867446
vt 1.268571 -4.883263
vt 1.344838 -4.885481
vt 1.714514 -4.891805
vt 1.790873 -4.890225
vt 1.020277 -4.882960
vt 1.096552 -4.880794
vt 1.638125 -4.895306
vt 1.714513 -4.896875
vt 1.367454 -5.900141
vt 1.420012 -5.902953
vt 1.808593 -5.913354
vt 1.861159 -5.909679
vt 0.945138 -5.904011
vt 0.997704 -5.901235
vt 1.568554 -5.913539
vt 1.621136 -5.917211
vt 1.182541 -6.905746
vt 1.211493 -6.906721
vt 1.872178 -6.899698
vt 1.901141 -6.898258
vt 1.153585 -6.906951
vt 1.182541 -6.905996
vt 1.525089 -6.901872
vt 1.554064 -6.903309
vt 1.326548 -7.921503
vt 1.929089 -7.921504
vt 1.038784 -7.921504
vt 1.498681 -7.921504
vt 0.866322 1.736095
vt 1.014444 0.823313
vt 1.101140 0.824685
vt 0.972159 1.753169
vt 2.023313 -3.333323
vt 1.958931 -4.257373
vt 2.044985 -4.263903
vt 2.129610 -3.340852
vt 1.311408 1.746031
vt 1.182541 0.817185
vt 1.269237 0.815931
vt 1.417289 1.729115
vt 1.498682 1.725443
vt 1.582049 0.789311
vt 1.668286 0.795824
vt 1.605207 1.732950
vt 0.897081 -0.098140
vt 0.963424 -0.097901
vt 1.929089 -5.168335
vt 1.995054 -5.169452
vt 1.320294 -0.109721
vt 1.386634 -0.109870
vt 1.633469 -0.118116
vt 1.699589 -0.117016
vt 1.037392 -1.019652
vt 1.083356 -1.021335
vt 1.974160 -6.103226
vt 2.019723 -6.100254
vt 1.200433 -1.037896
vt 1.246389 -1.036150
vt 1.606444 -1.048421
vt 1.652124 -1.051411
vt 0.866322 -1.931803
vt 0.891904 -1.933464
vt 2.104119 -6.990650
vt 2.129610 -6.991020
vt 1.391714 -1.947242
vt 1.417289 -1.945546
vt 1.498682 -1.940800
vt 1.524232 -1.940436
vt 0.939181 -2.859438
vt 2.015905 -7.921504
vt 1.343904 -2.872363
vt 1.610422 -2.867445
vt 2.371824 1.563118
vt 2.569249 0.684250
vt 2.634912 0.679779
vt 2.451156 1.578460
vt 1.102817 1.605333
vt 1.110230 0.702114
vt 1.175005 0.706526
vt 1.182541 1.598706
vt -1.201063 2.607569
vt -1.386633 1.699254
vt -1.320329 1.703413
vt -1.121164 2.591871
vt 1.418903 1.598243
vt 1.426156 0.688501
vt 1.490871 0.683863
vt 1.498681 1.604592
vt 2.302945 -0.181694
vt 2.352621 -0.191349
vt 1.102817 -0.142533
vt 1.152583 -0.135576
vt -1.104467 0.821615
vt -1.054231 0.831035
vt 1.449000 -0.161986
vt 1.498681 -0.169126
vt 2.275893 -1.105137
vt 2.310791 -1.100933
vt 1.103385 -1.053481
vt 1.138042 -1.054182
vt -1.063739 -0.081466
vt -1.028570 -0.085832
vt 1.463107 -1.067220
vt 1.497763 -1.066640
vt 2.552694 -1.979697
vt 2.572274 -1.976417
vt 1.140998 -1.946517
vt 1.160582 -1.947984
vt -1.326064 -0.954286
vt -1.306339 -0.957656
vt 1.440245 -1.958370
vt 1.459841 -1.956972
vt 2.634912 -2.886546
vt 1.111380 -2.859439
vt -1.386633 -1.865795
vt 1.491755 -2.872365
vt -7.562967 3.318379
vt -7.362977 2.669589
vt -7.306711 2.675130
vt -7.496358 3.338513
vt -7.627927 3.341498
vt -7.886177 2.678195
vt -7.831274 2.667320
vt -7.562967 3.320348
vt -7.043027 3.350111
vt -7.234235 2.678562
vt -7.177948 2.673109
vt -6.976367 3.330138
vt 2.962821 0.718953
vt 3.231499 0.054054
vt 3.286506 0.064900
vt 3.027921 0.740040
vt -7.449578 1.940076
vt -7.405974 1.938223
vt -7.929833 1.924408
vt -7.886504 1.927426
vt -7.134778 1.928260
vt -7.091172 1.930171
vt 3.287372 -0.694583
vt 3.330788 -0.697606
vt -7.415645 1.196116
vt -7.384930 1.193028
vt -7.778763 1.189240
vt -7.748837 1.196171
vt -7.154788 1.176906
vt -7.124075 1.180035
vt 3.147723 -1.426977
vt 3.177716 -1.433911
vt -7.562967 0.467267
vt -7.544919 0.466356
vt -7.580923 0.468839
vt -7.562967 0.469847
vt -6.994416 0.453952
vt -6.976367 0.454886
vt 2.962820 -2.153604
vt 2.980812 -2.154614
vt -7.478344 -0.264695
vt -7.688731 -0.264696
vt -7.061242 -0.275869
vt 3.085636 -2.886544
vt -4.293137 2.511120
vt -4.181157 1.738201
vt -4.137020 1.735371
vt -4.239614 2.518015
vt -2.859227 2.462186
vt -2.850233 1.678668
vt -2.804764 1.681344
vt -2.803525 2.462309
vt 2.414336 -4.070035
vt 2.309596 -4.855006
vt 2.353805 -4.852327
vt 2.467809 -4.077101
vt -1.549181 2.020776
vt -1.550644 1.231364
vt -1.505732 1.228518
vt -1.494123 2.020447
vt -4.289819 0.965752
vt -4.255702 0.963732
vt -2.927245 0.929889
vt -2.892226 0.930160
vt 2.426624 -5.625835
vt 2.460794 -5.623932
vt -1.462454 0.478193
vt -1.427844 0.477793
vt -4.132295 0.196213
vt -4.108197 0.196382
vt -2.964144 0.142299
vt -2.939325 0.146269
vt 2.277399 -6.395592
vt 2.301513 -6.395843
vt -1.418907 -0.302307
vt -1.394423 -0.306374
vt -4.301583 -0.564128
vt -4.287497 -0.563161
vt -2.845899 -0.586836
vt -2.831427 -0.584088
vt 2.454976 -7.158582
vt 2.469060 -7.159597
vt -1.524927 -1.032619
vt -1.510655 -1.035424
vt -4.108197 -1.329211
vt -2.806519 -1.368123
vt 2.277399 -7.921504
vt -1.550644 -1.814456
vt 3.697978 3.920877
vt 3.815290 3.261302
vt 3.857740 3.262332
vt 3.749125 3.928207
vt -5.217355 2.109035
vt -5.275748 1.444771
vt -5.233106 1.444731
vt -5.165633 2.102780
vt 3.646844 3.934196
vt 3.537708 3.263023
vt 3.580155 3.261984
vt 3.697978 3.926863
vt -0.255986 1.287330
vt -0.185860 0.624020
vt -0.143134 0.624057
vt -0.204167 1.293571
vt 3.750295 2.584793
vt 3.783446 2.585426
vt -5.194089 0.767536
vt -5.160832 0.768863
vt 3.612043 2.583696
vt 3.645193 2.583057
vt -0.258504 -0.053072
vt -0.225182 -0.054400
vt 3.852773 1.910668
vt 3.876592 1.909063
vt -5.199006 0.100113
vt -5.175107 0.098474
vt 3.518962 1.910566
vt 3.542784 1.912164
vt -0.242028 -0.724746
vt -0.218081 -0.723108
vt 3.697978 1.259617
vt 3.712411 1.257570
vt -5.275747 -0.564226
vt -5.261147 -0.564779
vt 3.683341 1.258631
vt 3.697778 1.260673
vt -0.157764 -1.390644
vt -0.143134 -1.390092
vt 3.698698 0.577218
vt -5.250971 -1.246863
vt 3.697978 0.577218
vt -0.166772 -2.071194
vt 3.672872 0.571784
vt 3.770819 -0.132501
vt 3.807722 -0.135925
vt 3.717535 0.577218
vt 3.838737 -4.457876
vt 3.747652 -5.167586
vt 3.784914 -5.167866
vt 3.883524 -4.464242
vt 3.549380 -4.452737
vt 3.458973 -5.170811
vt 3.495881 -5.167387
vt 3.594033 -4.458169
vt -6.273372 2.798806
vt -6.175233 2.087320
vt -6.138030 2.087587
vt -6.228652 2.805161
vt 3.546231 -0.806142
vt 3.574866 -0.811298
vt 3.817469 -5.834484
vt 3.846747 -5.833971
vt 3.691894 -5.848064
vt 3.720538 -5.842907
vt -6.233320 1.416996
vt -6.204087 1.416471
vt 3.518963 -1.528942
vt 3.539823 -1.525022
vt 3.750465 -6.551422
vt 3.771745 -6.550984
vt 3.726799 -6.560972
vt 3.747653 -6.564898
vt -6.157517 0.708600
vt -6.136270 0.708152
vt 3.794684 -2.173568
vt 3.807722 -2.171210
vt 3.870233 -7.217613
vt 3.883524 -7.217820
vt 3.458973 -7.207574
vt 3.472006 -7.209935
vt -6.273372 0.043687
vt -6.260100 0.043887
vt 3.766041 -2.886545
vt 3.755002 -7.921504
vt 3.501132 -7.921504
vt -6.143601 -0.662706
vt 4.147439 -4.697782
vt 4.245388 -5.338227
vt 4.281217 -5.339105
vt 4.190504 -4.693048
vt 4.175345 3.806704
vt 4.146965 3.166701
vt 4.183177 3.163381
vt 4.219302 3.801928
vt 4.158007 0.346761
vt 4.066838 -0.299863
vt 4.102656 -0.299007
vt 4.201033 0.342011
vt -5.865897 2.531581
vt -5.831161 1.888434
vt -5.795099 1.891764
vt -5.822118 2.536366
vt 4.181615 -5.978491
vt 4.209719 -5.980129
vt 4.088477 2.516780
vt 4.116987 2.517479
vt 4.137959 -0.944372
vt 4.166060 -0.942751
vt -5.764435 1.240473
vt -5.736056 1.239783
vt 4.192254 -6.630030
vt 4.212675 -6.629869
vt 4.183997 1.870165
vt 4.204702 1.870134
vt 4.134709 -1.594335
vt 4.155121 -1.594508
vt -5.852728 0.595320
vt -5.832117 0.595358
vt 4.215132 -7.275124
vt 4.227829 -7.275834
vt 4.119238 1.222164
vt 4.132117 1.222415
vt 4.119113 -2.239604
vt 4.131808 -2.238902
vt -5.780880 -0.053429
vt -5.768059 -0.053675
vt 4.147439 -7.921506
vt 4.219302 0.577218
vt 4.201033 -2.886546
vt -5.865897 -0.698914
vt -2.037087 5.404277
vt -2.013607 4.774154
vt -1.993501 4.773678
vt -2.012931 5.405089
vt 0.647801 5.313599
vt 0.600412 4.681921
vt 0.620179 4.683080
vt 0.671322 5.310781
vt 0.295122 5.379715
vt 0.275368 4.744835
vt 0.295720 4.745405
vt 0.319564 5.379015
vt 5.264693 -4.859849
vt 5.313907 -5.488679
vt 5.333639 -5.489806
vt 5.288208 -4.856991
vt -2.140247 4.161746
vt -2.124172 4.161146
vt 0.643400 4.062885
vt 0.659221 4.063597
vt 0.404351 4.131157
vt 0.420625 4.131832
vt 5.273183 -6.109131
vt 5.288976 -6.109816
vt -2.118452 3.528436
vt -2.106275 3.529768
vt 0.577780 3.433039
vt 0.589638 3.434243
vt 0.386345 3.500024
vt 0.398657 3.498747
vt 5.340840 -6.736554
vt 5.352673 -6.737738
vt -2.169337 2.937899
vt -2.161214 2.939162
vt 0.753513 2.827192
vt 0.761495 2.826384
vt 0.437929 2.908629
vt 0.446139 2.907401
vt 5.167294 -7.343346
vt 5.175273 -7.342526
vt -1.993501 2.344275
vt 0.577780 2.248499
vt 0.275368 2.316494
vt 5.352673 -7.921504
vt -4.931387 5.524096
vt -4.867844 4.882800
vt -4.843155 4.884169
vt -4.901901 5.526754
vt -0.686465 5.499017
vt -0.790042 4.860115
vt -0.765530 4.858809
vt -0.657512 5.493996
vt -2.523951 5.514040
vt -2.584450 4.868793
vt -2.559828 4.867404
vt -2.494549 5.511356
vt -0.521136 5.493065
vt -0.412969 4.857138
vt -0.388460 4.858466
vt -0.492181 5.498115
vt -4.873643 4.247762
vt -4.853811 4.248617
vt -0.756544 4.216955
vt -0.736937 4.215016
vt -2.573318 4.232839
vt -2.553539 4.231966
vt -0.441450 4.212718
vt -0.421843 4.214677
vt -4.815494 3.607697
vt -4.800827 3.610986
vt -0.917971 3.589073
vt -0.903138 3.589725
vt -2.628860 3.594490
vt -2.614239 3.591186
vt -0.275244 3.590313
vt -0.260415 3.589679
vt -4.643589 3.075761
vt -4.633587 3.075302
vt -0.667370 3.005360
vt -0.657512 3.007188
vt -2.792518 3.054476
vt -2.782546 3.054933
vt -0.521136 3.006221
vt -0.511283 3.004404
vt -4.931387 2.498093
vt -0.744795 2.456341
vt -2.494549 2.479280
vt -0.431940 2.452826
vt 6.007499 0.035898
vt 6.016576 -0.561905
vt 6.033437 -0.563583
vt 6.027358 0.036268
vt 6.021029 -4.996891
vt 5.968023 -5.594451
vt 5.984977 -5.593900
vt 6.040826 -4.998598
vt -6.536464 5.999566
vt -6.541334 5.398433
vt -6.524488 5.400102
vt -6.516619 5.999189
vt 6.020298 3.500418
vt 6.076250 2.903654
vt 6.093204 2.903102
vt 6.040094 3.502120
vt 5.892709 -1.147241
vt 5.906533 -1.149667
vt 6.062283 -6.188212
vt 6.076251 -6.186715
vt -6.415191 4.810290
vt -6.401378 4.812711
vt 5.984968 2.309022
vt 5.998937 2.307523
vt 5.816610 -1.748852
vt 5.827661 -1.747598
vt 6.101879 -6.792318
vt 6.113009 -6.792202
vt -6.336527 4.213408
vt -6.325487 4.212148
vt 5.948457 1.706749
vt 5.959588 1.706630
vt 6.025243 -2.313775
vt 6.033437 -2.313284
vt 6.066664 -7.332248
vt 6.074821 -7.333168
vt -6.541334 3.649456
vt -6.533147 3.648961
vt 5.986618 1.167895
vt 5.994775 1.168810
vt 5.878546 -2.886546
vt 5.968023 -7.921504
vt -6.385262 3.076684
vt 6.093204 0.577218
vt -6.234221 5.744055
vt -6.151938 5.150989
vt -6.136270 5.150681
vt -6.215829 5.746159
vt 5.680063 -4.981538
vt 5.646184 -5.575760
vt 5.662297 -5.575793
vt 5.698994 -4.984559
vt -5.785313 5.479487
vt -5.865898 4.881741
vt -5.850237 4.882109
vt -5.766943 5.477454
vt 5.727650 3.514798
vt 5.762145 2.922101
vt 5.778092 2.922192
vt 5.746406 3.517884
vt -6.265140 4.562021
vt -6.252333 4.561498
vt 5.668238 -6.167056
vt 5.681422 -6.166862
vt -5.750615 4.291520
vt -5.737814 4.292090
vt 5.743635 2.329647
vt 5.756681 2.329500
vt -6.208811 3.962575
vt -6.198842 3.963923
vt 5.636600 -6.765467
vt 5.646832 -6.764846
vt -5.804973 3.694098
vt -5.795016 3.692787
vt 5.776380 1.734173
vt 5.786503 1.733588
vt -6.213263 3.385200
vt -6.206124 3.385720
vt 5.790323 -7.346438
vt 5.797666 -7.346828
vt -5.798276 3.115039
vt -5.791144 3.114546
vt 5.624476 1.152239
vt 5.631746 1.152655
vt -6.136270 2.805161
vt 5.636600 -7.921504
vt -5.865898 2.536364
vt 5.786503 0.577218
vt 6.705213 -5.101063
vt 6.834400 -5.665263
vt 6.848249 -5.664461
vt 6.721142 -5.097655
vt 6.946821 6.308508
vt 6.903145 5.733983
vt 6.916608 5.733780
vt 6.962442 6.305564
vt 6.819428 3.404836
vt 6.691309 2.835975
vt 6.705012 2.835264
vt 6.835174 3.401536
vt -0.640220 6.808734
vt -0.596078 6.235307
vt -0.582615 6.235553
vt -0.624581 6.811727
vt 6.759121 -6.240015
vt 6.770574 -6.239756
vt 6.888846 5.167930
vt 6.899981 5.167985
vt 6.768776 2.259754
vt 6.780109 2.259570
vt -0.581222 5.667722
vt -0.570088 5.667702
vt 6.852432 -6.813065
vt 6.861481 -6.812576
vt 6.838328 4.589521
vt 6.847117 4.591128
vt 6.677155 1.685970
vt 6.686109 1.685541
vt -0.530233 5.091601
vt -0.521455 5.090019
vt 6.705213 -7.348658
vt 6.711804 -7.348921
vt 6.963759 4.060084
vt 6.970213 4.061023
vt 6.828651 1.147398
vt 6.835174 1.147707
vt -0.654904 4.559548
vt -0.648457 4.558628
vt 6.755465 -7.921504
vt 6.838328 3.493919
vt 6.786425 0.577218
vt -0.521455 3.992779
vt -7.577936 6.245497
vt -7.583975 5.656209
vt -7.571107 5.655029
vt -7.562967 6.245976
vt -7.171461 6.255509
vt -7.234235 5.665574
vt -7.221645 5.666370
vt -7.156906 6.254063
vt -5.971691 5.963151
vt -5.963568 5.370570
vt -5.950695 5.371691
vt -5.956713 5.962606
vt -6.832862 6.251523
vt -6.767510 5.662418
vt -6.754806 5.661571
vt -6.818182 6.252911
vt -7.622912 5.086698
vt -7.612150 5.084749
vt -7.090694 5.090244
vt -7.080246 5.091955
vt -5.922371 4.797650
vt -5.911608 4.799552
vt -6.908091 5.086468
vt -6.897543 5.084716
vt -7.662201 4.499091
vt -7.653461 4.499582
vt -7.019357 4.501453
vt -7.010798 4.501394
vt -5.881043 4.213367
vt -5.872297 4.212835
vt -6.976367 4.497803
vt -6.967732 4.497828
vt -7.569651 3.922845
vt -7.562967 3.923470
vt -7.147800 3.932296
vt -7.141375 3.931195
vt -5.971691 3.639454
vt -5.965003 3.638799
vt -6.846756 3.929374
vt -6.840274 3.930448
vt -7.653581 3.341497
vt -7.234235 3.350108
vt -5.883806 3.057469
vt -6.754806 3.346768
vt 2.634914 6.912928
vt 2.843812 6.379645
vt 2.857714 6.382417
vt 2.650608 6.918236
vt 1.479475 4.415711
vt 1.427416 3.871496
vt 1.441329 3.870339
vt 1.495592 4.410738
vt 3.382697 6.882241
vt 3.175276 6.343760
vt 3.189303 6.341056
vt 3.398534 6.877013
vt -7.301614 2.547163
vt -7.248145 2.006330
vt -7.234235 2.007536
vt -7.285484 2.552185
vt 2.834038 5.811513
vt 2.845678 5.811014
vt 1.487206 3.299239
vt 1.498681 3.300872
vt 3.185980 5.768645
vt 3.197733 5.769201
vt -7.306379 1.433570
vt -7.294919 1.431978
vt 2.736592 5.243435
vt 2.745773 5.242384
vt 1.484706 2.737090
vt 1.493815 2.737458
vt 3.285511 5.200833
vt 3.294786 5.201930
vt -7.302194 0.868318
vt -7.293090 0.867983
vt 2.722199 4.668351
vt 2.729035 4.667886
vt 1.425049 2.164680
vt 1.431811 2.165359
vt 3.302917 4.626515
vt 3.309820 4.627013
vt -7.240990 0.296257
vt -7.234235 0.295604
vt 2.634913 4.105838
vt 1.498681 1.604590
vt 3.398534 4.063852
vt -7.305554 -0.264695
vt -3.718954 5.576534
vt -3.733198 4.990960
vt -3.720120 4.989470
vt -3.703635 5.577009
vt 6.208468 0.018220
vt 6.174908 -0.570867
vt 6.188163 -0.569484
vt 6.223955 0.017597
vt 1.893393 4.936120
vt 1.910550 4.347228
vt 1.923513 4.348633
vt 1.908583 4.935547
vt 6.218722 6.397743
vt 6.255144 5.808972
vt 6.268406 5.807543
vt 6.234209 6.398313
vt -3.794416 4.422057
vt -3.783463 4.421201
vt 6.339753 -1.137246
vt 6.350777 -1.135579
vt 1.971657 3.776705
vt 1.982514 3.777491
vt 6.093203 5.242511
vt 6.104234 5.240806
vt -3.754309 3.832142
vt -3.745551 3.833403
vt 6.328533 -1.723275
vt 6.337436 -1.723329
vt 1.934050 3.190903
vt 1.942736 3.189584
vt 6.107255 4.657709
vt 6.116158 4.657730
vt -3.710272 3.252939
vt -3.703635 3.253476
vt 6.245678 -2.301879
vt 6.252337 -2.302636
vt 1.893393 2.612900
vt 1.899974 2.612320
vt 6.193027 4.078809
vt 6.199685 4.079540
vt -3.780744 2.674973
vt 6.174908 -2.886545
vt 1.968672 2.034531
vt 6.268406 3.493918
vt -3.983878 7.841366
vt -4.035877 7.283308
vt -4.027500 7.282362
vt -3.974292 7.841529
vt 7.198696 -5.155704
vt 7.117877 -5.716504
vt 7.125985 -5.715798
vt 7.207780 -5.157070
vt 6.861481 -2.887134
vt 6.914658 -3.447533
vt 6.923045 -3.446662
vt 6.871083 -2.887382
vt 7.295759 6.257180
vt 7.379236 5.697602
vt 7.387466 5.696837
vt 7.304973 6.258478
vt -4.038958 6.735786
vt -4.031722 6.734630
vt 7.246771 -6.265181
vt 7.253786 -6.264424
vt 6.919055 -3.997023
vt 6.926301 -3.995931
vt 7.252174 5.148684
vt 7.259295 5.147876
vt -4.108196 6.173875
vt -4.102070 6.174213
vt 7.204871 -6.830140
vt 7.210801 -6.829465
vt 6.989281 -4.556936
vt 6.995419 -4.557329
vt 7.297068 4.585015
vt 7.303087 4.584297
vt -3.979295 5.623004
vt -3.974292 5.623361
vt 7.213116 -7.366732
vt 7.217940 -7.366567
vt 6.861481 -5.107864
vt 6.866494 -5.108265
vt 7.288708 4.050003
vt 7.293604 4.049802
vt 7.283964 4.048997
vt 7.387466 3.493913
vt 7.117877 -7.921504
vt 7.208297 -7.365808
vt 1.368729 7.579576
vt 1.463390 7.035291
vt 1.475627 7.035571
vt 1.382675 7.581949
vt 2.942940 6.808707
vt 2.857714 6.260758
vt 2.870190 6.261129
vt 2.957028 6.806249
vt 7.481035 6.193443
vt 7.387467 5.644665
vt 7.399715 5.644422
vt 7.494988 6.191111
vt 4.380529 6.493785
vt 4.468197 5.947222
vt 4.480737 5.946914
vt 4.394695 6.496317
vt 1.339344 6.510307
vt 1.349653 6.509645
vt 2.908816 5.742004
vt 2.919416 5.743168
vt 7.512887 5.116418
vt 7.523209 5.117112
vt 4.416972 5.426003
vt 4.427622 5.424890
vt 1.319397 5.956026
vt 1.327916 5.957484
vt 2.867693 5.195912
vt 2.876413 5.196371
vt 7.534098 4.564668
vt 7.542620 4.563231
vt 4.459218 4.880356
vt 4.467980 4.879939
vt 1.435803 5.439677
vt 1.442450 5.441012
vt 2.952474 4.650154
vt 2.959305 4.650022
vt 7.418919 4.047318
vt 7.425568 4.045999
vt 4.377337 4.335115
vt 4.384202 4.335279
vt 1.475627 4.886811
vt 2.857714 4.105842
vt 7.387467 3.493919
vt 4.480737 3.790274
vt -2.196001 -0.157885
vt -2.180131 -0.686630
vt -2.171991 -0.687399
vt -2.186827 -0.156966
vt 7.530436 8.273314
vt 7.399392 7.757902
vt 7.407282 7.757111
vt 7.539135 8.271055
vt -1.867962 -0.165661
vt -1.882702 -0.696901
vt -1.874571 -0.696204
vt -1.858794 -0.166661
vt 8.074378 -5.840270
vt 8.207933 -6.355407
vt 8.215723 -6.354695
vt 8.082958 -5.838103
vt -2.196001 -1.197277
vt -2.188923 -1.198440
vt 7.457205 7.229895
vt 7.464081 7.229583
vt -1.865864 -1.209877
vt -1.858794 -1.208775
vt 8.152319 -6.884125
vt 8.159110 -6.883882
vt -2.192161 -1.728251
vt -2.186167 -1.729925
vt 7.393188 6.702126
vt 7.399028 6.702091
vt -1.868559 -1.741731
vt -1.862573 -1.740107
vt 8.218699 -7.412131
vt 8.224466 -7.412156
vt 8.212900 -7.411346
vt 8.074378 -7.921504
vt 8.079178 -7.921049
vt 7.534329 6.193445
vt 7.539135 6.193584
vt 7.387465 6.701226
vt 7.529586 6.193807
vt 8.083927 -7.921236
vt -2.797989 2.362289
vt -2.802710 1.834760
vt -2.793344 2.360629
vt -2.802710 2.362496
vt 0.166055 2.518905
vt 0.170710 1.993663
vt 0.170710 2.520514
vt 0.161345 2.518639
vt -1.443722 7.921364
vt -1.434278 7.384431
vt -1.423843 7.383228
vt -1.431893 7.921495
vt -5.243718 7.768255
vt -5.300441 7.232605
vt -5.289872 7.233057
vt -5.231895 7.766945
vt 0.585993 7.914959
vt 0.577781 7.375260
vt 0.588215 7.376476
vt 0.597819 7.914840
vt 7.763328 6.094378
vt 7.821090 5.559350
vt 7.831640 5.558911
vt 7.775126 6.095703
vt -1.579767 6.880908
vt -1.570786 6.879037
vt -5.210869 6.718633
vt -5.201638 6.719360
vt 0.724668 6.869376
vt 0.733648 6.871258
vt 7.734903 5.043460
vt 7.744116 5.042742
vt -1.671530 6.348548
vt -1.663662 6.349283
vt -5.240087 6.186335
vt -5.232158 6.186494
vt 0.817263 6.340165
vt 0.825129 6.339438
vt 7.766816 4.512260
vt 7.774729 4.512110
vt -1.498034 5.848603
vt -1.491626 5.850140
vt -5.177579 5.683706
vt -5.170988 5.683132
vt 0.645209 5.840780
vt 0.651614 5.839249
vt 7.702765 4.011856
vt 7.709347 4.012436
vt -1.423843 5.321979
vt -5.300441 5.165926
vt 0.577781 5.313602
vt 7.831640 3.493917
vt 6.505851 -0.041107
vt 6.573018 -0.613277
vt 6.582724 -0.613354
vt 6.516626 -0.039421
vt 6.641437 6.334355
vt 6.593583 5.755901
vt 6.603143 5.756232
vt 6.652139 6.333648
vt 6.582809 6.341294
vt 6.516659 5.767082
vt 6.526363 5.767127
vt 6.593585 6.339571
vt 6.619776 3.419964
vt 6.667543 2.841221
vt 6.677154 2.840835
vt 6.630536 3.420611
vt 6.506765 -1.183445
vt 6.515292 -1.183104
vt 6.711304 5.195533
vt 6.719720 5.195498
vt 6.584088 5.196659
vt 6.592615 5.196290
vt 6.551554 2.279771
vt 6.560017 2.279757
vt 6.609053 -1.742959
vt 6.616408 -1.742608
vt 6.606137 4.627341
vt 6.613355 4.626379
vt 6.482987 4.639467
vt 6.490342 4.639091
vt 6.656190 1.711514
vt 6.663447 1.712435
vt 6.505851 -2.312683
vt 6.512000 -2.313271
vt 6.593583 4.063926
vt 6.599659 4.064116
vt 6.587436 4.068183
vt 6.593585 4.068751
vt 6.671044 1.146549
vt 6.677154 1.146323
vt 6.521962 -2.886545
vt 6.709935 3.493918
vt 6.575675 3.493917
vt 6.558314 0.577220
vt -1.386633 5.592360
vt -1.242114 5.013417
vt -1.230698 5.015691
vt -1.373772 5.595421
vt -5.333962 5.556403
vt -5.485848 4.979489
vt -5.474308 4.977925
vt -5.321151 5.553135
vt -3.463975 5.575431
vt -3.607260 4.995659
vt -3.595844 4.993391
vt -3.451114 5.572378
vt -5.109316 5.513489
vt -4.954056 4.939315
vt -4.942517 4.940872
vt -5.096512 5.516745
vt -1.144468 4.409695
vt -1.134408 4.409774
vt -5.495458 4.374786
vt -5.485395 4.374820
vt -3.703635 4.388150
vt -3.693576 4.388075
vt -4.941450 4.335332
vt -4.931387 4.335295
vt -1.231848 3.804227
vt -1.223518 3.802673
vt -5.480003 3.768105
vt -5.471533 3.768504
vt -3.614421 3.780465
vt -3.606091 3.782024
vt -4.956657 3.726332
vt -4.948189 3.725930
vt -1.369732 3.208829
vt -1.362897 3.207950
vt -5.436913 3.170566
vt -5.430074 3.171437
vt -3.474903 3.184746
vt -3.468068 3.185628
vt -5.000096 3.128265
vt -4.993258 3.127391
vt -1.386633 2.607569
vt -5.321151 2.567777
vt -3.451114 2.583920
vt -5.109316 2.525306
vt -5.529016 5.582795
vt -5.505322 4.961884
vt -5.495458 4.960711
vt -5.517933 5.583195
vt -2.214733 5.362334
vt -2.299819 4.745005
vt -2.289896 4.745205
vt -2.203764 5.360776
vt -4.561517 5.502759
vt -4.585729 4.879233
vt -4.575866 4.880393
vt -4.550438 5.502343
vt 0.464770 5.333536
vt 0.550938 4.716900
vt 0.560861 4.716703
vt 0.475739 5.335099
vt -5.672441 4.379420
vt -5.663818 4.377782
vt -2.193926 4.149192
vt -2.185172 4.149741
vt -4.416094 4.293990
vt -4.407472 4.295616
vt 0.446140 4.119164
vt 0.454895 4.118618
vt -5.736057 3.756270
vt -5.728509 3.757335
vt -2.230067 3.526168
vt -2.222451 3.526017
vt -4.352446 3.674184
vt -4.344900 3.673107
vt 0.483412 3.497620
vt 0.491028 3.497774
vt -5.501894 3.178892
vt -5.495458 3.179519
vt -2.208615 2.954101
vt -2.202165 2.953672
vt -4.585729 3.096549
vt -4.579295 3.095910
vt 0.463060 2.927776
vt 0.469509 2.928206
vt -5.616447 2.567775
vt -2.299819 2.344350
vt -4.466614 2.485222
vt 0.560861 2.316494
vt 7.856166 -5.329629
vt 7.853487 -5.856297
vt 7.860379 -5.856895
vt 7.863607 -5.329411
vt 7.765289 3.167554
vt 7.728445 2.639932
vt 7.735393 2.640685
vt 7.772796 3.167140
vt 7.757457 -0.294633
vt 7.761602 -0.822747
vt 7.768448 -0.822186
vt 7.764848 -0.294891
vt 0.401238 7.968751
vt 0.439188 7.441756
vt 0.446139 7.440977
vt 0.408745 7.969137
vt 7.820135 -6.363088
vt 7.826490 -6.363745
vt 7.878135 2.133293
vt 7.884597 2.133173
vt 7.793654 -1.330642
vt 7.799966 -1.330020
vt 0.290532 6.933748
vt 0.296995 6.933844
vt 7.753972 -6.869820
vt 7.759850 -6.869556
vt 7.738092 1.624966
vt 7.743974 1.624209
vt 7.862555 -1.833875
vt 7.868393 -1.834169
vt 0.431669 6.425414
vt 0.437551 6.426149
vt 7.799655 -7.396518
vt 7.804985 -7.395933
vt 7.736220 1.099263
vt 7.741638 1.099530
vt 7.817806 -2.361236
vt 7.823101 -2.361848
vt 0.434518 5.901834
vt 0.439937 5.901547
vt 7.863607 -7.921506
vt 7.728445 0.577217
vt 7.757458 -2.886546
vt 0.446139 5.379714
vt 7.432930 -5.204725
vt 7.496700 -5.759006
vt 7.506124 -5.759462
vt 7.443369 -5.203566
vt 7.389957 -0.175681
vt 7.404907 -0.733967
vt 7.414346 -0.732908
vt 7.400515 -0.175487
vt 2.338956 7.460900
vt 2.275893 6.904250
vt 2.285320 6.904721
vt 2.349398 7.459759
vt 2.126580 7.527977
vt 2.112065 6.969323
vt 2.121528 6.968266
vt 2.137168 7.527783
vt 7.370159 -6.300487
vt 7.378488 -6.301259
vt 7.484415 -1.261717
vt 7.492756 -1.260454
vt 2.403199 6.361459
vt 2.411532 6.362246
vt 2.030241 6.439751
vt 2.038604 6.438489
vt 7.377750 -6.860477
vt 7.385045 -6.860367
vt 7.531773 -1.817297
vt 7.539064 -1.818010
vt 2.396256 5.804029
vt 2.403553 5.803932
vt 1.982513 5.882861
vt 1.989828 5.883576
vt 7.424527 -7.387387
vt 7.430711 -7.386717
vt 7.371541 -2.353487
vt 7.377798 -2.353523
vt 2.350550 5.279133
vt 2.356736 5.278475
vt 2.142899 5.347679
vt 2.149176 5.347718
vt 7.506124 -7.921504
vt 7.539064 -2.886546
vt 2.275893 4.742356
vt 1.982513 4.815247
vt -0.531060 3.992778
vt -0.546758 3.377402
vt -0.538334 3.375813
vt -0.521455 3.992769
vt 5.356820 3.610743
vt 5.266721 3.000279
vt 5.275369 3.000300
vt 5.366518 3.609370
vt -0.605468 0.967977
vt -0.586787 0.350072
vt -0.578472 0.351598
vt -0.595980 0.967913
vt -0.015877 5.492159
vt 0.076269 4.881719
vt 0.084931 4.881642
vt -0.006167 5.493470
vt -0.605468 2.796064
vt -0.598181 2.794023
vt 5.392795 2.397362
vt 5.400195 2.398544
vt -0.528329 -0.235094
vt -0.521136 -0.233104
vt -0.047657 4.278491
vt -0.040241 4.277260
vt -0.589548 2.195772
vt -0.583344 2.195479
vt 5.471725 1.785770
vt 5.478075 1.785701
vt -0.543887 -0.834288
vt -0.537760 -0.834043
vt -0.124599 3.667435
vt -0.118238 3.667464
vt -0.589369 1.581272
vt -0.584292 1.581787
vt 5.335621 1.183971
vt 5.340796 1.183482
vt -0.540541 -1.446552
vt -0.535525 -1.447106
vt 0.013424 3.066565
vt 0.018607 3.067019
vt -0.521455 0.967978
vt 5.266721 0.577217
vt -0.605468 -2.060647
vt 0.084931 2.460330
vt 5.706491 6.340516
vt 5.776858 5.768486
vt 5.786503 5.768435
vt 5.717141 6.341817
vt 6.758182 -0.051131
vt 6.647176 -0.617781
vt 6.656802 -0.618300
vt 6.768708 -0.053177
vt -7.254669 6.166099
vt -7.323985 5.591792
vt -7.314340 5.591843
vt -7.244019 6.164800
vt 3.518962 6.768869
vt 3.631878 6.203147
vt 3.641499 6.203666
vt 3.529481 6.770914
vt 5.701848 5.207600
vt 5.710393 5.207067
vt 6.699954 -1.185760
vt 6.708506 -1.186029
vt -7.247912 5.028941
vt -7.239367 5.029476
vt 3.579213 5.633600
vt 3.587760 5.633869
vt 5.706665 4.628818
vt 5.714142 4.628777
vt 6.616407 -1.758700
vt 6.623868 -1.758309
vt -7.251537 4.450309
vt -7.244060 4.450351
vt 3.663851 5.061620
vt 3.671309 5.061228
vt 5.698031 4.090456
vt 5.704412 4.090873
vt 6.762325 -2.318543
vt 6.768708 -2.318249
vt -7.241960 3.910170
vt -7.235580 3.909751
vt 3.518963 4.501763
vt 3.525341 4.501469
vt 5.786503 3.517885
vt 6.670883 -2.886547
vt -7.323984 3.338513
vt 3.617581 3.934194
vt 7.068834 -5.120808
vt 7.108310 -5.690063
vt 7.117876 -5.690598
vt 7.079469 -5.120103
vt 7.010954 3.379825
vt 6.979322 2.808788
vt 6.988912 2.809449
vt 7.021621 3.379216
vt 7.008745 6.296928
vt 6.970214 5.725393
vt 6.979780 5.725935
vt 7.019379 6.296229
vt 6.992804 -0.083378
vt 7.025241 -0.654188
vt 7.034823 -0.654845
vt 7.003462 -0.082765
vt 6.998176 -6.239398
vt 7.006681 -6.239637
vt 7.084152 2.262870
vt 7.092684 2.262842
vt 7.081280 5.175693
vt 7.089787 5.175937
vt 6.923381 -1.202034
vt 6.931907 -1.202004
vt 7.076111 -6.798912
vt 7.083543 -6.798629
vt 6.972772 1.703436
vt 6.980228 1.703449
vt 7.004300 4.617828
vt 7.011732 4.617550
vt 7.035023 -1.760285
vt 7.042473 -1.760295
vt 7.038593 -7.354676
vt 7.044952 -7.354408
vt 7.086318 1.145931
vt 7.092684 1.146360
vt 7.042780 4.060169
vt 7.049138 4.059906
vt 6.923381 -2.318035
vt 6.929743 -2.318461
vt 7.117876 -7.921504
vt 7.051832 0.577221
vt 6.970213 3.493917
vt 6.963692 -2.886545
vt -0.198852 7.228153
vt -0.154496 6.668066
vt -0.144735 6.667905
vt -0.187910 7.229495
vt 7.141541 6.259721
vt 7.089787 5.697092
vt 7.099618 5.697921
vt 7.152650 6.258873
vt 7.134490 3.344980
vt 7.092683 2.782233
vt 7.102362 2.782355
vt 7.145343 3.343595
vt 7.140189 -0.119962
vt 7.193821 -0.682011
vt 7.203658 -0.682876
vt 7.151300 -0.119156
vt -0.154902 6.126441
vt -0.146451 6.124946
vt 7.242176 5.154423
vt 7.250745 5.154983
vt 7.092692 2.237705
vt 7.101072 2.239169
vt 7.043129 -1.226908
vt 7.051703 -1.227500
vt -0.258504 5.569725
vt -0.251255 5.569793
vt 7.244841 4.604321
vt 7.252175 4.603937
vt 7.198013 1.683683
vt 7.205202 1.683588
vt 7.042475 -1.777856
vt 7.049810 -1.777498
vt -0.152718 5.014575
vt -0.146795 5.015575
vt 7.210733 4.045369
vt 7.216743 4.044684
vt 7.094788 1.129938
vt 7.100666 1.128914
vt 7.078379 -2.335088
vt 7.084391 -2.334426
vt -0.144735 4.461953
vt 7.089787 3.493916
vt 7.092683 0.577218
vt 7.203658 -2.886546
vt 5.898163 6.395703
vt 5.975649 5.812043
vt 5.982256 5.811529
vt 5.905368 6.396677
vt 6.068416 6.381439
vt 6.086840 5.792462
vt 6.093202 5.793221
vt 6.075425 6.381441
vt 6.304224 -5.035887
vt 6.226585 -5.621680
vt 6.233113 -5.621097
vt 6.311339 -5.036785
vt 6.252885 3.459176
vt 6.234201 2.869818
vt 6.240569 2.869116
vt 6.259900 3.459235
vt 5.849307 5.238570
vt 5.855168 5.237365
vt 6.047445 5.232794
vt 6.053181 5.234057
vt 6.352368 -6.195995
vt 6.358163 -6.194728
vt 6.273220 2.307828
vt 6.278956 2.306612
vt 5.786502 4.650735
vt 5.791746 4.650922
vt 6.051297 4.655590
vt 6.056334 4.655329
vt 6.414900 -6.780968
vt 6.420080 -6.781099
vt 6.269008 1.729162
vt 6.274049 1.729467
vt 5.967360 4.094146
vt 5.971860 4.094917
vt 5.994374 4.081996
vt 5.998775 4.081849
vt 6.233079 -7.335655
vt 6.237520 -7.336377
vt 6.325825 1.157693
vt 6.330230 1.157880
vt 5.982256 3.510818
vt 6.093202 3.502122
vt 6.226585 -7.921504
vt 6.234201 0.577220
vt 6.878584 -5.109184
vt 6.919861 -5.687861
vt 6.930309 -5.687504
vt 6.890355 -5.108265
vt 6.784027 -0.071554
vt 6.768708 -0.653036
vt 6.778944 -0.651921
vt 6.795658 -0.071863
vt 6.940425 3.392264
vt 6.901286 2.811724
vt 6.911734 2.811348
vt 6.952199 3.391324
vt 3.093068 6.891559
vt 3.108903 6.311065
vt 3.119199 6.309895
vt 3.104766 6.891804
vt 6.963372 -6.250268
vt 6.972472 -6.250138
vt 6.905341 -1.217914
vt 6.914227 -1.216787
vt 6.859986 2.247401
vt 6.869086 2.247255
vt 2.972630 5.746271
vt 2.981567 5.745096
vt 6.990444 -6.831769
vt 6.998174 -6.832144
vt 6.915815 -1.797441
vt 6.923379 -1.798840
vt 6.835174 1.667786
vt 6.842903 1.668148
vt 2.962819 5.163683
vt 2.970424 5.165042
vt 6.861481 -7.377527
vt 6.867866 -7.377504
vt 6.768708 -2.333502
vt 6.775001 -2.333659
vt 6.966388 1.123332
vt 6.972772 1.123298
vt 3.112870 4.627153
vt 3.119199 4.627278
vt 6.998174 -7.921504
vt 6.917776 -2.886545
vt 6.835174 0.577219
vt 2.965899 4.076011
vt 0.194656 5.049653
vt 0.267851 4.438568
vt 0.275368 4.438431
vt 0.202670 5.050639
vt -1.869115 5.398995
vt -1.955028 4.789230
vt -1.947516 4.788816
vt -1.861115 5.397888
vt -5.204721 5.165928
vt -5.275748 4.554060
vt -5.268236 4.554198
vt -5.196710 5.164944
vt 5.261281 0.166688
vt 5.347728 -0.442505
vt 5.355241 -0.442095
vt 5.269282 0.167793
vt 0.170710 3.825450
vt 0.177676 3.825437
vt -1.935733 4.174482
vt -1.928766 4.174262
vt -5.177948 3.940624
vt -5.170988 3.940638
vt 5.329033 -1.057967
vt 5.335999 -1.057748
vt 0.265096 3.213381
vt 0.271488 3.213877
vt -1.993499 3.563734
vt -1.987093 3.564099
vt -5.270478 3.329140
vt -5.264089 3.328645
vt 5.387287 -1.666382
vt 5.393694 -1.666748
vt 0.269508 2.606570
vt 0.275368 2.606574
vt -1.866978 2.955622
vt -1.861115 2.955696
vt -5.275748 2.720455
vt -5.269892 2.720452
vt 5.261281 -2.275150
vt 5.267145 -2.275224
vt 0.270077 1.993661
vt -1.975437 2.344276
vt -5.268673 2.109037
vt 5.375515 -2.886547
vt 6.659681 -5.070414
vt 6.663203 -5.686259
vt 6.672693 -5.687423
vt 6.670305 -5.070368
vt 5.182689 6.542953
vt 5.062969 5.936604
vt 5.072523 5.936347
vt 5.193102 6.540857
vt 4.131330 6.661216
vt 4.126063 6.043396
vt 4.135554 6.044539
vt 4.141953 6.661148
vt 4.480738 6.611383
vt 4.601405 6.006629
vt 4.610957 6.006887
vt 4.491151 6.613479
vt 6.512372 -6.280447
vt 6.520703 -6.282129
vt 5.151683 5.322211
vt 5.160175 5.322375
vt 4.278674 5.446803
vt 4.287008 5.448466
vt 4.513662 5.391199
vt 4.522156 5.391037
vt 6.420079 -6.899428
vt 6.427423 -6.898265
vt 5.085356 4.700372
vt 5.092657 4.698958
vt 4.369869 4.832541
vt 4.377208 4.831363
vt 4.580882 4.770432
vt 4.588183 4.771845
vt 6.698840 -7.439965
vt 6.705213 -7.439977
vt 4.939576 4.208253
vt 4.945907 4.208840
vt 4.088476 4.290874
vt 4.094846 4.290874
vt 4.727711 4.283209
vt 4.734042 4.282626
vt 6.420079 -7.921505
vt 5.193102 3.681470
vt 4.377208 3.806705
vt 4.480738 3.752405
vt 0.264114 7.703631
vt 0.256206 7.162407
vt 0.266060 7.160944
vt 0.275368 7.703452
vt 2.241102 4.314631
vt 2.253176 3.773380
vt 2.263246 3.773878
vt 2.252491 4.314682
vt 7.542620 6.146239
vt 7.551953 5.603307
vt 7.561809 5.604815
vt 7.553874 6.146470
vt 2.951356 3.534142
vt 2.940445 2.992260
vt 2.950583 2.991797
vt 2.962821 3.534131
vt 0.115252 6.639131
vt 0.123848 6.638041
vt 2.252232 3.243482
vt 2.260992 3.243872
vt 7.694168 5.080563
vt 7.702765 5.081692
vt 2.940574 2.461177
vt 2.949392 2.460818
vt 0.128047 6.095538
vt 0.135338 6.096481
vt 2.268445 2.702597
vt 2.275895 2.701853
vt 7.682677 4.540129
vt 7.689965 4.539221
vt 2.925854 1.921662
vt 2.933354 1.922432
vt 0.269301 5.573802
vt 0.275368 5.573720
vt 2.241102 2.187582
vt 2.247244 2.187411
vt 7.542620 4.017405
vt 7.548688 4.017514
vt 2.956638 1.408123
vt 2.962821 1.408315
vt 0.131952 5.050641
vt 2.268266 1.658179
vt 7.688382 3.493920
vt 2.935688 0.877265
vt 6.113009 -5.007351
vt 6.148219 -5.581697
vt 6.157699 -5.581147
vt 6.123672 -5.005207
vt 6.223954 3.493915
vt 6.093202 2.915865
vt 6.102433 2.915197
vt 6.234200 3.491892
vt -6.558393 5.818174
vt -6.592171 5.242462
vt -6.582686 5.241862
vt -6.547721 5.815978
vt 6.033437 0.029874
vt 6.165591 -0.547716
vt 6.174909 -0.547103
vt 6.043778 0.031833
vt 6.121539 -6.172576
vt 6.129783 -6.172050
vt 6.143213 2.324898
vt 6.151271 2.325233
vt -6.563852 4.650163
vt -6.555604 4.649595
vt 6.117755 -1.138156
vt 6.125890 -1.138539
vt 6.219554 -6.755509
vt 6.226584 -6.755794
vt 6.102483 1.740390
vt 6.109330 1.740812
vt -6.660289 4.066702
vt -6.653257 4.066951
vt 6.158899 -1.722052
vt 6.165811 -1.722515
vt 6.113009 -7.328587
vt 6.118785 -7.329275
vt 6.225201 1.170030
vt 6.230839 1.170412
vt -6.552042 3.492202
vt -6.546265 3.492861
vt 6.039433 -2.294479
vt 6.045125 -2.294894
vt 6.147226 -7.921504
vt 6.234200 0.577216
vt -6.582799 2.900220
vt 6.033437 -2.886546
vt -7.538730 6.250576
vt -7.369053 5.669498
vt -7.358530 5.670918
vt -7.527136 6.253487
vt -1.040614 5.535799
vt -1.083107 4.944628
vt -1.072428 4.943508
vt -1.028570 5.534184
vt -7.725492 6.255732
vt -7.894651 5.673719
vt -7.884127 5.672320
vt -7.713899 6.252846
vt 0.761496 5.176766
vt 0.807041 4.586249
vt 0.817762 4.587381
vt 0.773588 5.178396
vt -7.333242 5.066350
vt -7.323984 5.066494
vt -1.125937 4.335840
vt -1.116624 4.336237
vt -7.929833 5.068671
vt -7.920573 5.068543
vt 0.850740 3.977787
vt 0.860089 3.977402
vt -7.342756 4.459763
vt -7.335040 4.458121
vt -1.036484 3.733775
vt -1.028570 3.734347
vt -7.919387 4.459396
vt -7.911665 4.461051
vt 0.761496 3.373953
vt 0.769439 3.373391
vt -7.562966 3.901014
vt -7.556498 3.900859
vt -1.113371 3.180623
vt -1.106875 3.180242
vt -7.698380 3.903995
vt -7.691910 3.904162
vt 0.835414 2.818374
vt 0.841937 2.818765
vt -7.323984 3.338510
vt -1.107566 2.607567
vt -7.929833 3.341500
vt 0.840169 2.248503
vt 5.517086 -4.934973
vt 5.510680 -5.548196
vt 5.519007 -5.549181
vt 5.526502 -4.934635
vt -3.126787 5.661762
vt -3.184010 5.048585
vt -3.175548 5.049559
vt -3.117217 5.660939
vt 5.585344 3.565242
vt 5.594203 2.949412
vt 5.602422 2.950326
vt 5.594642 3.564823
vt -3.251714 5.661216
vt -3.192483 5.048724
vt -3.184010 5.047692
vt -3.242138 5.661972
vt 5.521590 -6.130066
vt 5.528830 -6.131396
vt -3.006816 4.459341
vt -2.999481 4.460397
vt 5.582301 2.364545
vt 5.589446 2.365816
vt -3.367785 4.458851
vt -3.360440 4.457746
vt 5.487099 -6.746054
vt 5.493173 -6.744920
vt -3.004276 3.843622
vt -2.998036 3.843320
vt 5.618476 1.752186
vt 5.624475 1.750999
vt -3.368273 3.843925
vt -3.362028 3.844186
vt 5.631577 -7.324015
vt 5.636601 -7.323508
vt -3.178457 3.275409
vt -3.173381 3.274719
vt 5.478075 1.175660
vt 5.483035 1.175109
vt -3.192247 3.277056
vt -3.187169 3.277710
vt 5.487099 -7.921504
vt -3.184010 2.674622
vt 5.624475 0.577218
vt -3.184010 2.674621
vt 5.396183 0.131162
vt 5.518275 -0.464243
vt 5.527493 -0.464247
vt 5.406172 0.133686
vt -4.150258 5.534629
vt -4.272535 4.930003
vt -4.263425 4.929600
vt -4.140273 5.532900
vt 5.473713 -4.900409
vt 5.352672 -5.498384
vt 5.361889 -5.498400
vt 5.483705 -4.902953
vt -2.930820 5.480937
vt -2.809654 4.875746
vt -2.800502 4.876098
vt -2.920786 5.482609
vt 5.394911 -1.061061
vt 5.403047 -1.062187
vt -4.163441 4.346489
vt -4.155394 4.347003
vt 5.477466 -6.098319
vt 5.485599 -6.097210
vt -2.916467 4.290102
vt -2.908383 4.289541
vt 5.393695 -1.680292
vt 5.400870 -1.680042
vt -4.115262 3.731308
vt -4.108197 3.730473
vt 5.479924 -6.715349
vt 5.487098 -6.715614
vt -2.964143 3.674374
vt -2.957045 3.675173
vt 5.411050 -2.281211
vt 5.417166 -2.280431
vt -4.272535 3.133170
vt -4.266459 3.132675
vt 5.464043 -7.314234
vt 5.470159 -7.315028
vt -2.806606 3.076368
vt -2.800502 3.076831
vt 5.527493 -2.886545
vt -4.213398 2.518017
vt 5.352672 -7.921504
vt -2.863373 2.462308
vt -1.028559 6.964022
vt -0.934217 6.418054
vt -0.926210 6.418119
vt -1.019768 6.965359
vt 7.539067 -0.211366
vt 7.546865 -0.763425
vt 7.555039 -0.762625
vt 7.548201 -0.211849
vt 2.242793 7.486320
vt 2.149175 6.938037
vt 2.157182 6.938025
vt 2.251582 7.485043
vt 7.719389 3.253735
vt 7.710857 2.702592
vt 7.718960 2.701839
vt 7.728447 3.254270
vt -1.028559 5.872055
vt -1.021470 5.871360
vt 7.608726 -1.300714
vt 7.615992 -1.300023
vt 2.244493 6.390884
vt 2.251582 6.391627
vt 7.650875 2.162969
vt 7.658077 2.162320
vt -1.014317 5.320672
vt -1.008111 5.321452
vt 7.564404 -1.854743
vt 7.570749 -1.853964
vt 2.231187 5.841698
vt 2.237392 5.840959
vt 7.695721 1.610188
vt 7.702010 1.609446
vt -0.951843 4.793453
vt -0.946486 4.793601
vt 7.751973 -2.375695
vt 7.757457 -2.375905
vt 2.169705 5.312924
vt 2.175063 5.312811
vt 7.507751 1.088607
vt 7.513188 1.088848
vt -0.931291 4.293710
vt 7.539067 -2.886545
vt 2.157449 4.815243
vt 7.728447 0.577217
vt -1.026108 4.292286
vt -0.933711 3.672448
vt -0.924277 3.672312
vt -1.015735 4.293712
vt 5.256229 3.649233
vt 5.197514 3.025533
vt 5.206970 3.024733
vt 5.266721 3.648131
vt -0.937105 1.214189
vt -1.028570 0.592962
vt -1.019136 0.593116
vt -0.926731 1.212784
vt -1.550643 5.094409
vt -1.492092 4.469985
vt -1.482659 4.470792
vt -1.540176 5.095518
vt -1.028570 3.052972
vt -1.020190 3.052936
vt 5.136512 2.417541
vt 5.144934 2.417106
vt -0.932645 -0.026247
vt -0.924266 -0.026195
vt -1.428570 3.860725
vt -1.420167 3.861166
vt -0.931600 2.432578
vt -0.924277 2.432863
vt 5.119500 1.790278
vt 5.126841 1.791079
vt -1.028570 -0.647576
vt -1.021247 -0.647848
vt -1.411912 3.235683
vt -1.404588 3.234886
vt -1.011535 1.830067
vt -1.005266 1.829999
vt 5.260406 1.190802
vt 5.266721 1.190915
vt -0.947617 -1.251593
vt -0.941348 -1.251512
vt -1.550643 2.633982
vt -1.544344 2.633872
vt -0.949848 1.214187
vt 5.127532 0.577217
vt -1.002003 -1.865795
vt -1.411431 2.020777
vt 5.574007 0.055507
vt 5.638602 -0.541642
vt 5.648189 -0.541794
vt 5.584602 0.056693
vt -3.811780 5.621772
vt -3.911960 5.028253
vt -3.902404 5.027827
vt -3.801283 5.620060
vt -1.608083 5.321982
vt -1.671530 4.722795
vt -1.661944 4.722943
vt -1.597488 5.320791
vt -4.108197 5.621298
vt -4.005999 5.028420
vt -3.996457 5.028840
vt -4.097717 5.623003
vt 5.560996 -1.129442
vt 5.569500 -1.129897
vt -3.857328 4.435976
vt -3.848840 4.435590
vt -1.592804 4.133539
vt -1.584300 4.133990
vt -4.060453 4.434533
vt -4.051979 4.434913
vt 5.580815 -1.730924
vt 5.588253 -1.731216
vt -3.954485 3.840352
vt -3.947069 3.840608
vt -1.611335 3.532166
vt -1.603898 3.532455
vt -3.961891 3.839774
vt -3.954485 3.839514
vt 5.527493 -2.297387
vt 5.533852 -2.297100
vt -3.807632 3.259425
vt -3.801283 3.259596
vt -1.557002 2.964173
vt -1.550643 2.963882
vt -4.108197 3.258311
vt -4.101857 3.258136
vt 5.648189 -2.886544
vt -3.921978 2.674970
vt -1.671530 2.376165
vt -3.986455 2.674970
vt 2.604371 7.473180
vt 2.611378 6.909918
vt 2.618937 6.909226
vt 2.612698 7.473591
vt 7.255920 3.341072
vt 7.205204 2.777716
vt 7.212537 2.778407
vt 7.264007 3.340363
vt 7.259165 -5.156765
vt 7.253784 -5.722097
vt 7.261345 -5.721443
vt 7.267496 -5.157218
vt 7.311934 -0.123102
vt 7.364130 -0.685987
vt 7.371541 -0.686721
vt 7.320103 -0.122442
vt 2.595489 6.373147
vt 2.602261 6.372204
vt 7.367276 2.236638
vt 7.373919 2.236418
vt 7.271346 -6.260205
vt 7.278118 -6.259295
vt 7.203655 -1.228755
vt 7.210365 -1.228573
vt 2.504210 5.825019
vt 2.510262 5.825285
vt 7.245364 1.692907
vt 7.251248 1.692446
vt 7.364104 -6.805326
vt 7.370159 -6.805622
vt 7.328500 -1.772403
vt 7.334443 -1.771975
vt 2.609771 5.272178
vt 2.615031 5.272721
vt 7.277788 1.137549
vt 7.282952 1.137692
vt 7.260199 -7.359324
vt 7.265463 -7.359892
vt 7.295974 -2.325665
vt 7.301192 -2.325838
vt 2.619513 4.709591
vt 7.205204 0.577220
vt 7.253784 -7.921504
vt 7.371541 -2.886546
vt 6.330229 3.453586
vt 6.415576 2.878486
vt 6.422696 2.878439
vt 6.337805 3.454444
vt 5.414299 6.482911
vt 5.339801 5.916367
vt 5.346842 5.915789
vt 5.421769 6.481340
vt -6.670508 6.225893
vt -6.754806 5.649793
vt -6.747654 5.649868
vt -6.662896 6.225066
vt 6.350777 -0.017049
vt 6.425694 -0.582044
vt 6.432733 -0.581436
vt 6.358244 -0.015448
vt 6.331194 2.300787
vt 6.337783 2.300455
vt 5.349637 5.333400
vt 5.356164 5.332919
vt -6.670467 5.071288
vt -6.663847 5.071646
vt 6.416463 -1.165726
vt 6.422987 -1.165218
vt 6.368290 1.720300
vt 6.374360 1.720698
vt 5.266721 4.758924
vt 5.272731 4.759048
vt -6.706289 4.491893
vt -6.700192 4.491519
vt 6.499844 -1.737975
vt 6.505850 -1.738076
vt 6.370418 1.160860
vt 6.375963 1.160924
vt 5.416308 4.194407
vt 5.421769 4.194908
vt -6.710330 3.929507
vt -6.704760 3.929467
vt 6.350777 -2.301984
vt 6.356236 -2.302463
vt 6.330229 0.577217
vt 5.388116 3.610744
vt -6.662896 3.346767
vt 6.386322 -2.886546
vt -6.111486 5.986035
vt -5.986771 5.395313
vt -5.978889 5.395588
vt -6.102900 5.987791
vt 5.959466 -4.991059
vt 5.917018 -5.592304
vt 5.924782 -5.592370
vt 5.968023 -4.992185
vt 5.915739 3.510822
vt 5.792144 2.917677
vt 5.800113 2.917457
vt 5.924423 3.509129
vt 5.648187 0.045664
vt 5.690727 -0.555345
vt 5.698484 -0.555231
vt 5.656739 0.046844
vt -6.064818 4.795771
vt -6.057811 4.795657
vt 5.874081 -6.175572
vt 5.880972 -6.175667
vt 5.871532 2.317766
vt 5.878616 2.317928
vt 5.734068 -1.140730
vt 5.740952 -1.140592
vt -5.977813 4.198661
vt -5.971692 4.198514
vt 5.797668 -6.775878
vt 5.803738 -6.775169
vt 5.786504 1.720259
vt 5.792694 1.720449
vt 5.810549 -1.740119
vt 5.816610 -1.740792
vt -6.134726 3.622952
vt -6.129461 3.623713
vt 5.855103 -7.332708
vt 5.860259 -7.331500
vt 5.943137 1.143837
vt 5.948458 1.143111
vt 5.753744 -2.297925
vt 5.758891 -2.299103
vt -5.971692 3.057469
vt 5.786504 0.577221
vt 5.648187 -2.886545
vt 1.498682 7.578920
vt 1.583152 7.032743
vt 1.589669 7.032714
vt 1.505746 7.580015
vt 0.537272 6.433120
vt 0.568133 5.885716
vt 0.574405 5.885561
vt 0.544186 6.432590
vt 1.312433 7.583311
vt 1.228934 7.035635
vt 1.235361 7.035740
vt 1.319398 7.582301
vt 7.480645 3.278774
vt 7.419541 2.734106
vt 7.425824 2.733970
vt 7.487593 3.278984
vt 1.546507 6.483539
vt 1.552369 6.483436
vt 0.537272 5.335320
vt 0.542912 5.335101
vt 1.265855 6.487138
vt 1.271639 6.487310
vt 7.419710 2.182113
vt 7.425363 2.182070
vt 1.630717 5.937172
vt 1.635920 5.936069
vt 1.187675 5.941286
vt 1.192578 5.940503
vt 1.277161 6.486629
vt 1.182541 5.940124
vt 7.373917 1.635760
vt 7.378934 1.635902
vt 1.498682 5.430634
vt 1.503227 5.429664
vt 7.962412 8.916419
vt 7.831639 8.396063
vt 7.836042 8.396686
vt 7.967418 8.916311
vt 1.313153 5.435226
vt 1.317639 5.436250
vt 7.503342 1.114083
vt 7.507751 1.113491
vt 1.502081 4.882109
vt 7.967418 7.858764
vt 1.319398 4.886812
vt 7.373919 0.577218
vt 7.995987 5.604976
vt 8.053835 4.901214
vt 8.085295 4.904348
vt 8.040582 5.611733
vt -6.001287 8.106446
vt -6.134726 7.400200
vt -6.102921 7.398201
vt -5.956655 8.099261
vt 8.042088 -0.761612
vt 8.000032 -1.472845
vt 8.031322 -1.475844
vt 8.086467 -0.768176
vt 7.884599 2.696249
vt 8.031663 1.993282
vt 8.063461 1.995395
vt 7.929186 2.703588
vt 8.100768 4.186126
vt 8.118967 4.184186
vt -6.123062 6.681167
vt -6.104744 6.682970
vt 7.967293 -2.197217
vt 7.985360 -2.195199
vt 8.034054 1.273308
vt 8.052391 1.271572
vt 7.995988 3.493917
vt -5.956655 5.987791
vt 8.086467 -2.886545
vt 7.884599 0.577219
vt -1.404335 3.523004
vt -1.386752 2.867688
vt -1.386752 3.526233
vt -7.251218 3.244501
vt -7.234236 2.552184
vt -7.234236 3.245620
vt -7.306453 3.213737
vt -7.306453 2.552182
vt -7.288811 3.210662
vt -4.342286 3.211865
vt -4.342286 2.518015
vt -4.325190 3.210839
vt 4.241703 -2.952252
vt 4.261215 -3.546455
vt 4.261215 -2.950106
vt -7.288810 3.217423
vt -7.270001 2.552183
vt -7.270001 3.219665
vt -4.344785 3.815785
vt -4.344785 3.211868
vt -4.325190 3.813942
vt -7.270002 3.223364
vt -7.270002 2.552185
vt -7.251219 3.221203
vt -5.736057 2.543107
vt -5.541071 1.579479
vt -5.488871 1.584045
vt -5.668565 2.555830
vt -4.397086 2.485221
vt -4.585729 1.513448
vt -4.533832 1.510013
vt -4.330335 2.471869
vt -4.676703 2.498094
vt -4.639158 1.526276
vt -4.585729 1.521952
vt -4.606543 2.485736
vt -5.437734 1.586398
vt -5.602734 2.567777
vt 3.697978 6.761207
vt 3.702205 5.780890
vt 3.739103 5.783693
vt 3.751338 6.765887
vt -4.545419 0.519163
vt -4.509877 0.530269
vt -4.625900 0.528565
vt -4.588962 0.526009
vt -5.537161 0.603071
vt -5.502243 0.591239
vt 4.025465 4.861479
vt 4.046099 4.860041
vt -4.350393 -0.380386
vt -4.330335 -0.378036
vt -4.931387 -0.394815
vt -4.910783 -0.393234
vt -5.735840 -0.303572
vt -5.716098 -0.306332
vt 3.697978 3.928205
vt -4.362612 -1.318885
vt -4.585729 -1.318885
vt -5.736056 -1.246865
vt 8.211498 0.574194
vt 8.272485 -0.259859
vt 8.297537 -0.260835
vt 8.256763 0.576110
vt 3.119348 7.536905
vt 3.149963 6.707092
vt 3.174932 6.706361
vt 3.164539 7.536593
vt 2.899322 8.472506
vt 2.857712 7.635425
vt 2.882834 7.636293
vt 2.944694 8.470402
vt -3.496553 7.249003
vt -3.507395 6.415265
vt -3.482419 6.415914
vt -3.451354 7.249167
vt 8.211497 -1.085790
vt 3.119348 5.868482
vt 2.944694 6.808705
vt -3.451354 5.575427
vt 8.576928 5.076133
vt 8.645018 4.306820
vt 8.669074 4.307147
vt 8.620028 5.089519
vt 8.766950 8.915030
vt 8.405991 8.116349
vt 8.430277 8.117743
vt 8.807397 8.900620
vt 2.807687 8.531446
vt 2.764507 7.736431
vt 2.788401 7.736260
vt 2.850713 8.518383
vt 8.439665 -1.292808
vt 8.819209 -2.084036
vt 8.843511 -2.085284
vt 8.479940 -1.278200
vt 8.576928 3.493919
vt 8.807397 7.321774
vt 2.850713 6.918240
vt 8.439665 -2.886545
vt 1.687642 3.670547
vt 1.712846 2.703466
vt 1.712846 3.672433
vt -2.508516 2.442613
vt -2.482876 1.467825
vt -2.482876 2.443459
vt 1.687641 2.703469
vt 1.687641 1.732951
vt 1.713047 2.701792
vt -2.196001 2.093956
vt -2.196001 1.117851
vt -2.170377 2.093271
vt 4.219301 3.779197
vt 4.413965 2.699596
vt 4.469181 2.702315
vt 4.299056 3.790274
vt 4.392265 0.330563
vt 4.323840 -0.739284
vt 4.379402 -0.750142
vt 4.473250 0.313090
vt 4.067868 -4.694053
vt 3.896362 -5.783523
vt 3.951528 -5.786702
vt 4.147439 -4.705784
vt 2.634914 4.089086
vt 2.731068 3.018207
vt 2.787275 3.028576
vt 2.716864 4.105842
vt 4.450979 1.610852
vt 4.480739 1.609274
vt 4.201032 -1.831758
vt 4.231256 -1.829342
vt 3.883524 -6.886584
vt 3.913307 -6.885255
vt 2.878432 1.932396
vt 2.908875 1.929719
vt 4.219302 0.577217
vt 4.473250 -2.886545
vt 4.147439 -7.921504
vt 2.634914 0.877266
vt -4.931387 7.891339
vt -4.746864 6.707812
vt -4.718183 6.706018
vt -4.878762 7.896900
vt -5.161767 4.866183
vt -5.140642 3.726908
vt -5.112310 3.722849
vt -5.109316 4.853679
vt -4.984388 7.893366
vt -5.146796 6.699679
vt -5.117835 6.701301
vt -4.931387 7.887503
vt -4.325190 4.859457
vt -4.323107 3.720655
vt -4.294710 3.724482
vt -4.272535 4.871518
vt -4.931387 5.526752
vt -5.161767 2.525310
vt -4.931387 5.516747
vt -4.272535 2.518015
vt 4.847395 0.230376
vt 4.990362 -0.804861
vt 5.036339 -0.804315
vt 4.913697 0.237876
vt 1.057027 4.875297
vt 1.073929 3.832402
vt 1.120517 3.833930
vt 1.124732 4.871538
vt 4.875718 -4.791811
vt 4.751890 -5.838235
vt 4.797879 -5.839029
vt 4.941958 -4.799663
vt 2.553495 4.706142
vt 2.559199 3.662931
vt 2.606141 3.661193
vt 2.621774 4.709590
vt 4.893640 -1.846065
vt 4.918738 -1.848889
vt 1.147952 2.794416
vt 1.173509 2.795178
vt 4.868664 -6.884501
vt 4.893806 -6.881813
vt 2.504210 2.619910
vt 2.529962 2.619031
vt 4.847395 -2.886545
vt 1.057027 1.753166
vt 4.941958 -7.921502
vt 2.621774 1.578460
vt -6.541335 8.181495
vt -6.184087 7.096558
vt -6.156257 7.095756
vt -6.492475 8.193061
vt 7.946725 5.682960
vt 7.831639 4.614404
vt 7.859051 4.613674
vt 7.995988 5.668952
vt 8.134169 -2.996178
vt 7.793425 -4.102173
vt 7.821081 -4.101468
vt 8.182589 -3.007888
vt -3.368274 7.851903
vt -3.231331 6.785765
vt -3.203898 6.786346
vt -3.318843 7.865613
vt -6.541335 5.999568
vt 8.182589 -5.203566
vt -3.368273 5.661973
vt 2.277400 -2.889496
vt 2.318415 -4.070035
vt 2.298442 -2.889358
vt 2.339067 -2.888892
vt 2.318414 -4.070034
vt 2.359441 -2.889513
vt 2.318414 -2.888797
vt 2.318415 -2.888772
vt 0.866322 4.880272
vt 0.989576 3.856815
vt 1.030439 3.861552
vt 0.924605 4.895665
vt 4.882471 3.704741
vt 4.699822 2.658091
vt 4.739810 2.657210
vt 4.939579 3.695726
vt 1.629165 4.882111
vt 1.523825 3.841346
vt 1.564743 3.836821
vt 1.687642 4.867028
vt 1.182540 4.877664
vt 1.382250 3.833035
vt 1.422644 3.834015
vt 1.240144 4.886811
vt 1.034376 2.803645
vt 1.057027 2.801194
vt 4.852412 1.608205
vt 4.874508 1.608332
vt 1.498682 2.778536
vt 1.521297 2.781106
vt 1.247540 2.776627
vt 1.269868 2.776555
vt 0.866322 1.753169
vt 4.939579 0.577218
vt 1.687642 1.732950
vt 1.182540 1.746028
vt 4.001436 -2.898661
vt 4.072227 -3.772377
vt 4.093197 -3.770709
vt 4.039068 -2.888222
vt 6.230280 8.216460
vt 6.079362 7.304699
vt 6.100668 7.304983
vt 6.268406 8.211903
vt 7.052374 8.109584
vt 7.001687 7.222795
vt 7.022471 7.221205
vt 7.089788 8.099303
vt 5.786502 8.217736
vt 5.955930 7.306370
vt 5.977225 7.306205
vt 5.824541 8.222503
vt 4.001436 -4.694056
vt 6.268406 6.398311
vt 7.089788 6.296928
vt 5.786502 6.396677
vt -7.689751 4.390562
vt -7.673669 3.341498
vt -7.662201 4.390562
vt 2.211402 4.148767
vt 2.238897 3.099710
vt 2.238897 4.149007
vt -2.998037 3.724613
vt -2.998037 2.674621
vt -2.970506 3.724320
vt -1.882264 2.159575
vt -1.854769 1.109795
vt -1.854769 2.160026
vt 2.798116 -4.189299
vt 2.880245 -5.088034
vt 2.950408 -5.080601
vt 2.889516 -4.169571
vt 2.875042 0.877265
vt 2.634913 -0.049483
vt 2.703286 -0.056466
vt 2.962820 0.858934
vt -5.376549 2.527556
vt -5.437735 1.606188
vt -5.367458 1.599169
vt -5.284895 2.508396
vt 2.469061 -4.157283
vt 2.729368 -5.081187
vt 2.798117 -5.073897
vt 2.557240 -4.138581
vt 2.851354 -6.036828
vt 2.899854 -6.038121
vt 2.641457 -1.017632
vt 2.688457 -1.009136
vt -5.386349 0.632468
vt -5.337838 0.634043
vt 2.744693 -6.042757
vt 2.792086 -6.051030
vt 2.909745 -6.974772
vt 2.936428 -6.976191
vt 2.936735 -1.929574
vt 2.962820 -1.926528
vt -5.421848 -0.305262
vt -5.395167 -0.303687
vt 2.469061 -6.962346
vt 2.495346 -6.965266
vt 2.798116 -7.921504
vt 2.865309 -2.886545
vt -5.284895 -1.246863
vt 2.566232 -7.921504
vt -0.654904 8.467967
vt -0.605585 7.672194
vt -0.580632 7.673222
vt -0.609693 8.475876
vt 3.353311 8.554770
vt 3.175279 7.720292
vt 3.200393 7.721660
vt 3.397992 8.547758
vt 4.038558 8.443249
vt 4.006780 7.631173
vt 4.031878 7.630350
vt 4.084077 8.435733
vt 3.398537 8.555275
vt 3.597281 7.723977
vt 3.622385 7.722722
vt 3.443120 8.562465
vt -0.654904 6.811725
vt 3.397992 6.882244
vt 4.084077 6.765889
vt 3.398537 6.880522
vt 3.912791 8.467657
vt 3.983646 7.641530
vt 4.006780 7.642933
vt 3.954501 8.478938
vt 8.528466 0.573385
vt 8.357757 -0.291575
vt 8.381418 -0.291211
vt 8.570806 0.566831
vt 8.430447 -6.199245
vt 8.376379 -7.041923
vt 8.399733 -7.043114
vt 8.472672 -6.210117
vt 3.697978 8.490635
vt 3.889154 7.627174
vt 3.912792 7.626971
vt 3.740179 8.497468
vt 3.912791 6.765889
vt 8.570806 -1.149177
vt 8.472672 -7.921505
vt 3.697978 6.765887
vt 0.843251 -0.220205
vt 0.843251 -1.260434
vt 0.864325 -0.221090
vt 0.843566 1.754936
vt 0.843566 0.768821
vt 0.865129 1.749756
vt 0.843251 -1.261177
vt 0.864284 -2.300943
vt 0.864284 -1.260432
vt 0.843251 0.763910
vt 0.865129 -0.220205
vt 0.865129 0.768820
vt 3.330788 0.617842
vt 3.387162 -0.175171
vt 3.444117 -0.158115
vt 3.404915 0.644186
vt -6.730794 3.346767
vt -6.972829 2.457422
vt -6.917244 2.454385
vt -6.660288 3.332452
vt 3.384491 -4.366769
vt 3.344489 -5.179718
vt 3.401672 -5.196386
vt 3.458970 -4.392588
vt 2.950408 -4.294009
vt 3.209252 -5.176409
vt 3.264146 -5.173028
vt 3.019866 -4.279282
vt 3.479117 -1.055156
vt 3.518963 -1.050343
vt -6.976367 1.543837
vt -6.937631 1.548901
vt 3.270416 -6.083069
vt 3.310329 -6.087633
vt 3.232060 -6.091531
vt 3.270417 -6.096347
vt 3.435894 -1.971707
vt 3.457990 -1.972506
vt -6.821316 0.634078
vt -6.799788 0.637363
vt 3.333006 -7.006835
vt 3.355094 -7.005903
vt 3.093678 -7.008778
vt 3.115001 -7.011926
vt 3.330788 -2.886546
vt -6.660288 -0.275870
vt 3.458970 -7.921504
vt 2.950408 -7.921504
vt 4.939579 8.340111
vt 5.180014 7.450690
vt 5.205805 7.450332
vt 4.984636 8.350035
vt 4.765625 8.408686
vt 4.480738 7.535524
vt 4.506562 7.535719
vt 4.809753 8.394628
vt 6.490911 8.190043
vt 6.268407 7.279054
vt 6.294197 7.279416
vt 6.535957 8.180149
vt 5.266720 8.277654
vt 5.574236 7.408809
vt 5.600070 7.408531
vt 5.310858 8.291528
vt 4.939579 6.542952
vt 4.809753 6.613476
vt 6.535957 6.367670
vt 5.266720 6.482911
vt 4.416038 -2.969499
vt 4.416038 -3.841568
vt 4.438014 -2.970738
vt 4.718901 -3.902989
vt 4.718901 -4.758039
vt 4.741464 -3.905632
vt 4.416036 -3.842642
vt 4.437988 -4.714433
vt 4.437988 -3.841567
vt 1.687642 4.527083
vt 1.710082 3.672437
vt 1.710082 4.529645
vt -7.685473 5.184962
vt -7.662202 4.390562
vt -7.662202 5.186295
vt 4.718901 -3.096523
vt 4.742091 -3.902992
vt 4.742091 -3.095346
vt -7.010798 5.085653
vt -7.010798 4.287194
vt -6.987571 5.084309
vt 3.671309 4.744363
vt 3.671309 3.934197
vt 3.694493 4.743254
vt -1.854767 5.425479
vt -1.767345 4.647605
vt -1.714323 4.647110
vt -1.786260 5.433796
vt 5.193092 0.185112
vt 5.036340 -0.594651
vt 5.089713 -0.594571
vt 5.261281 0.171306
vt -2.368580 5.404185
vt -2.442998 4.606489
vt -2.389809 4.607014
vt -2.299819 5.395898
vt 4.941957 -4.855183
vt 5.113911 -5.628260
vt 5.167295 -5.628271
vt 5.010109 -4.841293
vt -1.802778 3.907286
vt -1.765839 3.907387
vt 5.224087 -1.361405
vt 5.261281 -1.361097
vt -2.388517 3.865255
vt -2.351460 3.865173
vt 4.941957 -6.395411
vt 4.979160 -6.395672
vt -1.694414 3.120321
vt -1.673541 3.118797
vt 5.073953 -2.137620
vt 5.094975 -2.138374
vt -2.482357 3.080478
vt -2.461426 3.082016
vt 5.107765 -7.172518
vt 5.128788 -7.171736
vt -1.854767 2.382985
vt 5.221032 -2.886548
vt -2.299819 2.344351
vt 4.980376 -7.921504
vt -3.451114 4.997721
vt -3.412563 4.184518
vt -3.377909 4.183146
vt -3.401483 5.001023
vt -0.419502 7.913006
vt -0.521136 7.097223
vt -0.487003 7.098608
vt -0.370853 7.907159
vt 0.108806 4.880575
vt 0.084930 4.056818
vt 0.119583 4.058262
vt 0.158467 4.877376
vt -0.071843 7.905882
vt 0.044715 7.093597
vt 0.079055 7.092318
vt -0.022954 7.911880
vt -3.451114 3.392824
vt -3.431532 3.391926
vt -0.335855 6.297587
vt -0.316541 6.297156
vt 0.138329 3.265913
vt 0.157910 3.266852
vt -0.124599 6.290587
vt -0.105178 6.291077
vt -3.449999 2.583918
vt -0.521136 5.498116
vt 0.154969 2.460327
vt 0.079055 5.493468
vt 8.244329 5.258681
vt 8.382558 4.408460
vt 8.399639 4.410839
vt 8.273986 5.270369
vt 8.300943 7.491729
vt 8.174520 6.577765
vt 8.192038 6.577299
vt 8.331833 7.489192
vt 8.346905 -6.141511
vt 8.224466 -7.002653
vt 8.241390 -7.005025
vt 8.376380 -6.153163
vt 5.600070 8.296311
vt 5.741787 7.379970
vt 5.759278 7.380492
vt 5.630892 8.298948
vt 8.244329 3.493916
vt 8.331833 5.682961
vt 8.376380 -7.921504
vt 5.600070 6.482913
vt -5.316582 5.075001
vt -5.316582 4.275602
vt -5.296776 5.074588
vt 2.256175 5.112734
vt 2.256175 4.314681
vt 2.275895 5.112185
vt 3.249099 -3.479673
vt 3.254316 -4.279280
vt 3.268957 -3.479673
vt -5.296776 5.073847
vt -5.277054 4.275603
vt -5.277054 5.074342
vt 3.876594 3.888729
vt 4.043624 3.091233
vt 4.087233 3.095918
vt 3.932195 3.900008
vt 3.381573 4.063852
vt 3.176055 3.258565
vt 3.219438 3.253595
vt 3.436460 4.051247
vt 3.119664 4.076013
vt 2.963681 3.266204
vt 3.007299 3.261558
vt 3.175279 4.064799
vt 3.807721 0.436238
vt 4.023184 -0.365679
vt 4.066614 -0.360692
vt 3.862678 0.448843
vt 4.057666 2.243446
vt 4.088477 2.240054
vt 3.175279 2.402604
vt 3.205919 2.406754
vt 2.962820 2.401032
vt 2.993630 2.404446
vt 4.036159 -1.220533
vt 4.066836 -1.224663
vt 3.876594 1.423862
vt 3.894676 1.422275
vt 3.418415 1.586993
vt 3.436460 1.588514
vt 3.157199 1.583157
vt 3.175279 1.584756
vt 3.807721 -2.039884
vt 3.825787 -2.041394
vt 3.928133 0.577218
vt 3.331292 0.740038
vt 3.123767 0.740039
vt 3.911528 -2.886545
vt -0.143134 0.931688
vt -0.125491 0.055566
vt -0.125491 0.932450
vt 0.140223 -0.300763
vt 0.157924 -1.181060
vt 0.157924 -0.300193
vt 0.140337 0.577403
vt 0.140337 -0.300194
vt 0.157923 0.576637
vt 0.140223 -1.181060
vt 0.140223 -2.062588
vt 0.157922 -1.181596
vt 1.982512 4.807267
vt 2.168566 4.044835
vt 2.209906 4.045231
vt 2.034848 4.815243
vt 1.838520 5.125212
vt 1.760641 4.406868
vt 1.802507 4.398950
vt 1.892290 5.111284
vt 2.451973 4.742352
vt 2.275894 3.968873
vt 2.317196 3.968406
vt 2.504210 4.734307
vt 4.939578 3.667901
vt 5.032789 2.948134
vt 5.074937 2.955782
vt 4.993724 3.681468
vt 2.118439 3.259693
vt 2.147583 3.255963
vt 1.714514 3.615180
vt 1.744262 3.614478
vt 2.337759 3.173269
vt 2.366905 3.176946
vt 5.089584 2.157216
vt 5.119500 2.157736
vt 2.022182 2.464632
vt 2.039272 2.463074
vt 1.806557 2.820850
vt 1.823857 2.821775
vt 2.445940 2.377855
vt 2.463026 2.379380
vt 5.007733 1.365200
vt 5.025121 1.364172
vt 1.982512 1.663243
vt 1.892290 2.034531
vt 2.504210 1.578459
vt 4.939578 0.577218
vt 8.773527 7.115968
vt 8.850108 6.400945
vt 8.867185 6.400507
vt 8.802627 7.118256
vt 3.420503 -2.929083
vt 3.419615 -3.642736
vt 3.436646 -3.642772
vt 3.449654 -2.930229
vt 8.821519 -3.766179
vt 8.756825 -4.484719
vt 8.773936 -4.484321
vt 8.850669 -3.768530
vt 2.211402 3.098611
vt 2.224068 2.383649
vt 2.241101 2.383659
vt 2.240560 3.099713
vt 8.773527 5.682959
vt 3.449654 -4.366769
vt 8.850669 -5.203566
vt 2.211402 1.658180
vt 0.560861 3.070672
vt 0.577689 2.316496
vt 0.577689 3.073463
vt 2.908873 2.476994
vt 2.925702 1.678237
vt 2.925702 2.478184
vt -0.142368 2.899823
vt -0.142368 2.140061
vt -0.125389 2.897221
vt 2.908873 1.678240
vt 2.908873 0.877265
vt 2.925677 1.677117
vt -0.142367 2.139559
vt -0.124605 1.293572
vt -0.124605 2.140062
vt 0.140338 2.272887
vt 0.142919 1.425263
vt 0.158279 2.272887
vt -1.404588 2.867690
vt -1.404588 2.020777
vt -1.386752 2.867242
vt 0.140338 1.425264
vt 0.153851 0.577406
vt 0.158273 1.425264
vt 8.751818 3.474134
vt 8.846842 2.772046
vt 8.860158 2.772876
vt 8.773370 3.480035
vt 8.848040 -6.458803
vt 8.720421 -7.193438
vt 8.733502 -7.193469
vt 8.869276 -6.461448
vt 8.837723 2.030212
vt 8.751818 1.321417
vt 8.765144 1.320611
vt 8.859324 2.024362
vt 3.270417 -2.902061
vt 3.406449 -3.636482
vt 3.419615 -3.636457
vt 3.291776 -2.899431
vt 8.751818 2.030213
vt 8.869276 -7.921504
vt 8.859324 0.577217
vt 3.270417 -4.366769
vt 6.422698 3.420653
vt 6.529423 2.712297
vt 6.551555 2.713074
vt 6.450669 3.424330
vt 3.436459 3.572039
vt 3.441051 2.875332
vt 3.462402 2.873635
vt 3.463716 3.565549
vt 4.912035 6.555403
vt 4.809933 5.840831
vt 4.831744 5.840082
vt 4.939579 6.551763
vt -2.513781 1.461297
vt -2.513191 0.767972
vt -2.491808 0.769709
vt -2.486445 1.467826
vt 6.447451 2.000579
vt 6.463536 2.000440
vt 3.497360 2.158655
vt 3.512885 2.157256
vt 4.898007 5.127229
vt 4.913867 5.127388
vt -2.564723 0.050380
vt -2.549175 0.051809
vt 6.526435 1.286844
vt 6.536463 1.286059
vt 3.461690 1.458159
vt 3.471370 1.456852
vt 4.823572 4.414494
vt 4.833466 4.415293
vt -2.523945 -0.649891
vt -2.514246 -0.648566
vt 6.422698 0.577218
vt 3.436459 0.740037
vt 4.939579 3.704738
vt -2.486445 -1.367753
vt 8.174522 8.829326
vt 8.303084 8.166894
vt 8.315932 8.166720
vt 8.194778 8.832746
vt 2.599116 8.817756
vt 2.536414 8.148638
vt 2.549220 8.148689
vt 2.619512 8.815291
vt 2.391308 8.804778
vt 2.268688 8.137144
vt 2.281520 8.137332
vt 2.411533 8.801388
vt 3.165957 -2.933717
vt 3.236292 -3.602614
vt 3.249099 -3.602673
vt 3.186361 -2.931267
vt 8.174522 7.491732
vt 2.619512 7.473589
vt 2.411533 7.460897
vt 3.165957 -4.279281
vt 3.058476 -2.906804
vt 3.153385 -3.565785
vt 3.165958 -3.564091
vt 3.078426 -2.901199
vt 8.753460 7.170485
vt 8.692203 6.436563
vt 8.704752 6.437157
vt 8.773528 7.170488
vt 3.038378 -2.898945
vt 2.950408 -3.562876
vt 2.963063 -3.564462
vt 3.058475 -2.904364
vt 2.411533 8.625806
vt 2.481738 7.890639
vt 2.494266 7.890051
vt 2.431562 8.625808
vt 3.058476 -4.279280
vt 8.773527 5.682961
vt 3.058475 -4.279282
vt 2.411533 7.134641
vt 1.008159 7.573682
vt 1.120750 6.891751
vt 1.149210 6.893311
vt 1.044155 7.578072
vt 1.912821 7.797563
vt 1.761707 7.134455
vt 1.789961 7.128979
vt 1.948115 7.786958
vt 0.972184 7.584950
vt 0.866321 6.897371
vt 0.894773 6.895802
vt 1.008159 7.580548
vt 7.518776 -5.255471
vt 7.678789 -5.915048
vt 7.707172 -5.909592
vt 7.554243 -5.244897
vt 1.108050 6.198666
vt 1.128712 6.199361
vt 1.714514 6.436030
vt 1.735089 6.438518
vt 0.886338 6.196137
vt 0.906995 6.195434
vt 7.733323 -6.606430
vt 7.753970 -6.608924
vt 1.068378 5.571200
vt 1.081162 5.570545
vt 1.948813 5.779149
vt 1.961715 5.779062
vt 0.933765 5.567188
vt 0.946552 5.567842
vt 7.506122 -7.266332
vt 7.519076 -7.266250
vt 1.008159 4.895665
vt 1.714513 5.125212
vt 1.008160 4.895665
vt 7.753970 -7.921504
vt 1.319398 8.774381
vt 1.438426 8.191873
vt 1.450687 8.191799
vt 1.338754 8.778058
vt 1.298296 8.778111
vt 1.182540 8.193186
vt 1.194803 8.193291
vt 1.317640 8.774457
vt 2.765443 -2.938365
vt 2.655042 -3.526429
vt 2.667300 -3.526370
vt 2.784801 -2.942052
vt 1.498682 8.775607
vt 1.621803 8.191993
vt 1.634066 8.191883
vt 1.518026 8.779245
vt 1.319398 7.581951
vt 1.317640 7.583312
vt 2.784801 -4.138580
vt 1.498682 7.580017
vt 1.699587 1.251767
vt 1.709735 0.676328
vt 1.709735 1.254445
vt 1.699587 -2.245591
vt 1.709856 -2.867446
vt 1.709856 -2.244977
vt 1.699587 0.676328
vt 1.699587 0.097114
vt 1.709876 0.673759
vt -0.622154 1.693537
vt -0.622154 1.070804
vt -0.611914 1.692958
vt 6.268405 6.363043
vt 6.466742 5.659026
vt 6.482986 5.661810
vt 6.288467 6.367669
vt 3.440743 6.880517
vt 3.398536 6.228196
vt 3.414352 6.224297
vt 3.460449 6.871432
vt 5.674808 6.444564
vt 5.478075 5.735470
vt 5.494078 5.732720
vt 5.694563 6.439982
vt 6.775901 6.303035
vt 6.822488 5.657187
vt 6.838328 5.661167
vt 6.795655 6.312199
vt 6.456332 4.937389
vt 6.468515 4.935985
vt 3.505293 5.513325
vt 3.517131 5.512497
vt 5.493805 5.006145
vt 5.505826 5.007577
vt 6.719723 4.942620
vt 6.731569 4.943512
vt 6.282878 4.229127
vt 6.290951 4.227696
vt 3.398536 4.787808
vt 3.406424 4.786717
vt 5.669125 4.298794
vt 5.677091 4.300243
vt 6.830432 4.215296
vt 6.838328 4.216428
vt 6.268405 3.493915
vt 3.407807 4.063851
vt 5.694563 3.565242
vt 6.832608 3.493919
vt -0.622155 1.070734
vt -0.612143 0.435268
vt -0.612143 1.070802
vt -3.381733 1.705544
vt -3.376429 1.070234
vt -3.371714 1.705544
vt -3.381733 1.070235
vt -3.381733 0.434643
vt -3.371721 1.070165
vt -2.803527 1.266506
vt -2.803527 0.631103
vt -2.793507 1.266427
vt -2.803525 0.629747
vt -2.793921 -0.024615
vt -2.793921 0.631105
vt -2.803525 -0.685563
vt -2.794222 -1.368124
vt -2.794222 -0.685040
vt -3.381734 0.434643
vt -3.381734 -0.221557
vt -3.372112 0.433306
vt -0.622156 -0.222469
vt -0.622156 -0.905375
vt -0.612798 -0.222997
vt -2.792518 7.985883
vt -2.591908 7.392362
vt -2.573330 7.396289
vt -2.769589 7.991491
vt -2.836831 7.937580
vt -2.964144 7.371346
vt -2.945311 7.367429
vt -2.813864 7.929599
vt -2.016512 7.889298
vt -2.212024 7.292770
vt -2.193380 7.288882
vt -1.993500 7.883739
vt -1.854766 7.885755
vt -1.723544 7.324183
vt -1.704700 7.328100
vt -1.831774 7.893721
vt -2.477253 6.760210
vt -2.462907 6.759233
vt -2.935620 6.758206
vt -2.921373 6.758765
vt -2.323156 6.651525
vt -2.308751 6.652527
vt -1.747919 6.712491
vt -1.733675 6.711944
vt -2.684122 6.150734
vt -2.674711 6.148486
vt -2.881096 6.125758
vt -2.871547 6.126969
vt -2.111897 6.039114
vt -2.102441 6.041380
vt -1.798355 6.077455
vt -1.788811 6.076252
vt -2.792517 5.514045
vt -2.813864 5.482611
vt -1.993500 5.405090
vt -1.854766 5.433797
vt -2.196002 1.117850
vt -2.178582 0.480937
vt -2.169463 0.480782
vt -2.182487 1.117814
vt 2.934700 -2.903103
vt 2.918776 -3.534228
vt 2.927733 -3.534740
vt 2.947968 -2.904498
vt -1.868182 1.109753
vt -1.882703 0.472453
vt -1.873654 0.472611
vt -1.854770 1.109794
vt -4.329641 2.496148
vt -4.310548 1.866229
vt -4.301583 1.866745
vt -4.316359 2.497549
vt -2.196002 -0.156965
vt 2.947968 -4.169571
vt -1.854770 -0.165661
vt -4.329641 1.231091
vt -0.580632 8.151702
vt -0.536764 7.477144
vt -0.526660 7.477152
vt -0.565677 8.152497
vt 2.236773 8.829550
vt 2.158910 8.158477
vt 2.168979 8.158484
vt 2.251584 8.827574
vt 3.850603 -3.109839
vt 3.812486 -3.786246
vt 3.822605 -3.786243
vt 3.865580 -3.110618
vt 8.086467 0.537805
vt 8.168665 -0.131542
vt 8.178734 -0.131550
vt 8.101279 0.539783
vt -0.580632 6.811725
vt 2.251584 7.486320
vt 3.865580 -4.452737
vt 8.086467 -0.804203
vt -7.677269 8.203449
vt -7.607895 7.553499
vt -7.597385 7.553202
vt -7.664060 8.205824
vt 6.975671 8.256941
vt 6.838327 7.604302
vt 6.848877 7.603180
vt 6.988858 8.254709
vt 5.004672 -2.888844
vt 4.941957 -3.540872
vt 4.952411 -3.540581
vt 5.017830 -2.891221
vt 7.089787 8.207098
vt 7.230583 7.554163
vt 7.241132 7.555265
vt 7.102971 8.209307
vt -7.763683 6.899734
vt -7.755923 6.899527
vt 6.857319 6.945740
vt 6.865090 6.946680
vt 5.102187 -4.196118
vt 5.109905 -4.195915
vt 7.214851 6.896015
vt 7.222625 6.895062
vt -7.597385 6.255731
vt 6.988858 6.308508
vt 4.941957 -4.841296
vt 7.089787 6.259720
vt 2.857836 -2.890754
vt 2.911743 -3.514971
vt 2.918774 -3.514403
vt 2.867287 -2.888271
vt 2.089856 8.820607
vt 1.982513 8.172805
vt 1.989384 8.172753
vt 2.099073 8.819427
vt 2.848371 -2.887975
vt 2.798116 -3.513448
vt 2.805151 -3.514033
vt 2.857837 -2.890477
vt 8.448141 3.490124
vt 8.558692 2.842830
vt 8.565619 2.842846
vt 8.457430 3.491257
vt 2.857836 -4.169571
vt 2.099073 7.527972
vt 2.857837 -4.169573
vt 8.448141 2.196771
vt -5.284339 0.683964
vt -5.278129 0.071434
vt -5.278129 0.685882
vt -0.924267 -1.210865
vt -0.918204 -1.865795
vt -0.918204 -1.210756
vt -1.393357 0.713306
vt -1.393357 0.099372
vt -1.387132 0.711382
vt -1.392595 -1.159399
vt -1.392595 -1.814454
vt -1.386633 -1.159494
vt -5.284339 0.071109
vt -5.275747 -0.586366
vt -5.275747 0.071436
vt -2.803527 -0.024850
vt -2.794904 -0.685040
vt -2.794904 -0.024616
vt -0.622155 0.435269
vt -0.622155 -0.222470
vt -0.613593 0.434927
vt -5.284369 -0.586366
vt -5.284369 -1.246864
vt -5.275748 -0.586597
vt 1.008159 8.862616
vt 1.090989 8.234060
vt 1.099094 8.234272
vt 1.019097 8.864721
vt 8.670920 3.490271
vt 8.565620 2.848016
vt 8.573757 2.848167
vt 8.681894 3.488972
vt 8.063269 0.557245
vt 7.985390 -0.072487
vt 7.993467 -0.072721
vt 8.074174 0.555113
vt 7.868392 0.563694
vt 7.977257 -0.077456
vt 7.985392 -0.077614
vt 7.879361 0.564980
vt 1.008159 7.578069
vt 8.681894 2.196771
vt 8.074174 -0.730086
vt 7.868392 -0.730083
vt 4.656687 -2.910594
vt 4.709594 -3.535252
vt 4.718902 -3.535369
vt 4.668151 -2.910027
vt 4.581106 -2.889727
vt 4.476478 -3.497016
vt 4.485587 -3.498568
vt 4.592206 -2.892643
vt 4.645165 -2.906377
vt 4.594851 -3.531908
vt 4.604206 -3.531755
vt 4.656687 -2.906900
vt 6.593586 8.173669
vt 6.699499 7.568167
vt 6.708607 7.569741
vt 6.604688 8.176609
vt 4.656687 -4.161703
vt 4.663819 -4.161496
vt 4.438053 -4.126105
vt 4.445049 -4.125723
vt 4.649520 -4.159982
vt 4.656687 -4.160162
vt 6.739348 6.941354
vt 6.746338 6.940991
vt 4.664490 -4.758039
vt 4.592206 -4.733131
vt 4.647954 -4.758038
vt 6.593586 6.334356
vt -1.394386 1.858642
vt -1.387132 1.305854
vt -1.387132 1.859596
vt 1.699589 -1.062787
vt 1.706756 -1.653534
vt 1.706756 -1.062249
vt -5.283479 1.843894
vt -5.283479 1.289566
vt -5.276181 1.843002
vt 1.699587 -1.653535
vt 1.699587 -2.244977
vt 1.706743 -1.654076
vt -6.869382 8.325615
vt -6.842634 7.787211
vt -6.831056 7.787001
vt -6.855453 8.327137
vt 8.063463 2.658271
vt 8.076147 2.113575
vt 8.087678 2.115544
vt 8.077527 2.658958
vt -6.807774 8.325973
vt -6.831056 7.785113
vt -6.819554 7.785279
vt -6.793931 8.324398
vt 7.721212 8.228398
vt 7.711097 7.683790
vt 7.722627 7.681787
vt 7.735271 8.227673
vt -6.883632 7.248555
vt -6.874461 7.248033
vt 8.246861 1.597256
vt 8.256187 1.596707
vt -6.789021 7.247257
vt -6.779910 7.247743
vt 7.542620 7.164007
vt 7.551940 7.164533
vt -6.976367 6.777717
vt -6.969513 6.778689
vt 8.063463 1.088508
vt 8.070379 1.088255
vt -6.690277 6.780786
vt -6.683461 6.779791
vt 7.728358 6.656658
vt 7.735271 6.656893
vt -6.831056 6.252909
vt 8.185038 0.577218
vt -6.831056 6.252912
vt 7.612247 6.146466
vt 4.093196 -2.892128
vt 4.156353 -3.472158
vt 4.165215 -3.470173
vt 4.104192 -2.888222
vt 7.374582 8.074837
vt 7.252175 7.465823
vt 7.261289 7.466290
vt 7.385825 8.073127
vt 8.346863 -1.085791
vt 8.288571 -1.667693
vt 8.297342 -1.669732
vt 8.357756 -1.089761
vt 4.281217 -2.896588
vt 4.406929 -3.504011
vt 4.416039 -3.504510
vt 4.292444 -2.894924
vt 4.235081 -4.087778
vt 4.241702 -4.087962
vt 7.374099 6.858473
vt 7.380856 6.858774
vt 8.211495 -2.286115
vt 8.218042 -2.285974
vt 4.288320 -4.113264
vt 4.295073 -4.113589
vt 4.093195 -4.689101
vt 7.385825 6.258480
vt 8.357756 -2.886546
vt 4.281217 -4.714434
vt -0.657512 3.744389
vt -0.624372 3.099003
vt -0.618242 3.098707
vt -0.649255 3.744623
vt -4.328374 -0.048921
vt -4.307572 -0.684770
vt -4.301582 -0.685358
vt -4.320291 -0.049747
vt 4.080312 5.187936
vt 4.048217 4.542196
vt 4.054279 4.542515
vt 4.088475 5.187735
vt -4.309677 1.230232
vt -4.329754 0.595213
vt -4.323756 0.595824
vt -4.301583 1.231089
vt -0.657512 2.456341
vt -4.328373 -1.329209
vt 4.088475 3.900006
vt -4.301583 -0.048922
vt -5.506845 7.194265
vt -5.506397 6.653017
vt -5.498725 6.652433
vt -5.497273 7.195232
vt 8.567630 -3.585394
vt 8.448179 -4.120017
vt 8.455713 -4.120352
vt 8.576804 -3.587350
vt 8.297537 0.529229
vt 8.300047 -0.014168
vt 8.307714 -0.013617
vt 8.307109 0.528222
vt 2.634913 8.535622
vt 2.757058 8.001536
vt 2.764509 8.001821
vt 2.643978 8.537515
vt -5.545953 6.123261
vt -5.540153 6.122444
vt 8.536620 -4.660441
vt 8.542275 -4.659648
vt 8.342398 -0.546497
vt 8.348193 -0.545704
vt 2.670887 7.461155
vt 2.676484 7.460323
vt -5.497273 5.583195
vt 8.576804 -5.203564
vt 8.297537 -1.085790
vt 2.634913 6.918239
vt 0.825129 6.514206
vt 0.858620 5.917150
vt 0.865844 5.917150
vt 0.834663 6.514777
vt -0.269927 8.445469
vt -0.306407 7.847288
vt -0.299197 7.847362
vt -0.260415 8.444981
vt 4.078942 6.389297
vt 4.047843 5.791941
vt 4.055067 5.791941
vt 4.088476 6.388726
vt -5.543996 8.396183
vt -5.504474 7.798717
vt -5.497273 7.798629
vt -5.534498 8.396655
vt 0.825129 5.313602
vt -0.260415 7.244262
vt 4.088476 5.187939
vt -5.543996 7.195233
vt 6.644567 -2.895630
vt 6.699319 -3.483263
vt 6.706741 -3.482154
vt 6.653048 -2.893416
vt 0.915480 8.779327
vt 0.839459 8.181836
vt 0.846787 8.181901
vt 0.923870 8.778285
vt 7.949134 7.858764
vt 7.894420 7.270312
vt 7.901831 7.269127
vt 7.957603 7.856463
vt 0.923869 8.781204
vt 1.000936 8.184028
vt 1.008159 8.183895
vt 0.932136 8.782168
vt 6.756762 -4.081235
vt 6.762873 -4.082437
vt 0.917663 7.586720
vt 0.923870 7.584947
vt 7.836990 6.671474
vt 7.843093 6.672608
vt 0.923869 7.584947
vt 0.929989 7.586668
vt 6.424556 -4.572440
vt 6.429727 -4.571969
vt 6.751421 -4.079509
vt 6.420078 -4.571955
vt 8.169358 6.181901
vt 8.174522 6.181375
vt 7.831639 6.669676
vt 8.164873 6.181355
vt 6.762873 -5.070368
vt -5.283479 2.369476
vt -5.278443 2.368608
vt 7.831639 5.682960
vt 2.463378 -3.548961
vt 2.468346 -4.070035
vt 2.468346 -3.548148
vt -4.427951 8.888956
vt -4.343475 8.332161
vt -4.337297 8.332310
vt -4.420424 8.889581
vt -4.178593 8.907861
vt -4.304868 8.388644
vt -4.298837 8.388075
vt -4.171462 8.905039
vt 8.559168 -5.212250
vt 8.472673 -5.770462
vt 8.478807 -5.770611
vt 8.566639 -5.212876
vt -5.495458 8.908939
vt -5.369101 8.393309
vt -5.363068 8.393889
vt -5.488318 8.911770
vt -4.427951 7.793961
vt -4.171462 7.832236
vt 8.566639 -6.310266
vt -5.495458 7.836898
vt 8.366610 3.487486
vt 8.415250 2.903412
vt 8.422077 2.903365
vt 8.374937 3.488075
vt -1.157917 8.860407
vt -1.217410 8.278263
vt -1.210601 8.278228
vt -1.149633 8.859427
vt 2.407793 -2.893881
vt 2.359441 -3.478558
vt 2.366262 -3.478503
vt 2.416111 -2.894458
vt -3.771247 8.841763
vt -3.710445 8.260977
vt -3.703636 8.261015
vt -3.762960 8.842745
vt 8.366610 2.312584
vt -1.149633 7.687738
vt 2.416111 -4.070034
vt -3.771247 7.669938
vt -4.427951 7.790950
vt -4.370943 7.217830
vt -4.362008 7.219305
vt -4.417547 7.793962
vt -5.561628 7.859693
vt -5.736057 7.291155
vt -5.726839 7.289952
vt -5.551125 7.856671
vt -5.755301 7.771784
vt -5.811931 7.197244
vt -5.802896 7.195710
vt -5.744777 7.768705
vt -5.493650 7.833927
vt -5.316645 7.266617
vt -5.307431 7.267777
vt -5.483158 7.836896
vt -4.313907 6.629475
vt -4.306455 6.628161
vt -5.728121 6.696910
vt -5.720560 6.697558
vt -5.865898 6.603691
vt -5.858376 6.604959
vt -5.321831 6.671566
vt -5.314268 6.670883
vt -4.382761 6.077074
vt -4.376917 6.076231
vt -5.551974 6.142635
vt -5.545953 6.141808
vt -5.791678 6.050862
vt -5.785778 6.051670
vt -5.495457 6.114261
vt -5.489440 6.115064
vt -4.427951 5.502758
vt -5.736057 5.583195
vt -5.744777 5.479486
vt -5.307431 5.556401
vt -2.455908 8.864958
vt -2.329979 8.290309
vt -2.323156 8.289936
vt -2.447391 8.866385
vt -3.381733 -0.221556
vt -3.381363 -0.788230
vt -3.374450 -0.788458
vt -3.372904 -0.222496
vt -1.868238 8.861622
vt -1.993500 8.285457
vt -1.986678 8.285841
vt -1.859728 8.860214
vt -0.622155 -0.906297
vt -0.620226 -1.472455
vt -0.613272 -1.472239
vt -0.613272 -0.905374
vt -2.455907 7.717469
vt -3.381733 -1.375218
vt -1.859728 7.712698
vt -0.615036 -2.060645
vt -1.393359 0.098866
vt -1.386635 -0.526671
vt -1.386635 0.099369
vt -0.613271 -1.428084
vt -0.606454 -2.060648
vt -0.606454 -1.427891
vt -0.613593 0.403448
vt -0.613593 -0.222468
vt -0.606822 0.402959
vt -1.393445 -0.526669
vt -1.393445 -1.159399
vt -1.386634 -0.526864
vt 3.883524 -2.888401
vt 3.995319 -3.487674
vt 4.001435 -3.487035
vt 3.890599 -2.887105
vt 4.387096 8.295161
vt 4.377339 7.687109
vt 4.383351 7.687619
vt 4.394134 8.294479
vt 8.294484 -3.395381
vt 8.182589 -3.996152
vt 8.188782 -3.996753
vt 8.301647 -3.396632
vt 4.925542 -2.991141
vt 4.934398 -3.597900
vt 4.940404 -3.598378
vt 4.932577 -2.990420
vt 3.944796 -4.089762
vt 3.949866 -4.090181
vt 4.446247 7.090529
vt 4.451246 7.091326
vt 8.231932 -4.600684
vt 8.237070 -4.600233
vt 4.864728 -4.196057
vt 4.869722 -4.196825
vt 3.883524 -4.694054
vt 4.377339 6.496319
vt 8.301647 -5.203565
vt 4.940404 -4.791814
vt -0.143135 -1.007055
vt -0.132600 -1.549458
vt -0.127686 -1.550018
vt -0.137238 -1.006979
vt -1.293701 8.914598
vt -1.222208 8.379401
vt -1.217409 8.379111
vt -1.287983 8.914938
vt -0.133127 0.055564
vt -0.143136 -0.486826
vt -0.138279 -0.486233
vt -0.127302 0.055530
vt -4.036050 8.913872
vt -4.108196 8.378132
vt -4.103387 8.378446
vt -4.030322 8.913561
vt -0.143135 -2.071193
vt -1.293701 7.842839
vt -0.127302 -1.006979
vt -4.030322 7.841529
vt -2.802711 1.834687
vt -2.793507 1.266508
vt -2.798036 1.834734
vt -0.617560 2.261781
vt -0.614110 1.693538
vt -0.612949 2.261781
vt -0.622155 2.261725
vt -2.793507 1.834761
vt -0.923872 1.807135
vt -0.918145 1.260058
vt -0.918145 1.807258
vt 1.707701 -0.514120
vt 1.713370 -1.062246
vt 1.713370 -0.514037
vt 0.570117 2.002789
vt 0.570117 1.455640
vt 0.575845 2.002665
vt 1.707701 0.065583
vt 1.707700 -0.482562
vt 1.713390 0.065497
vt 3.622385 8.497038
vt 3.678233 7.941719
vt 3.684367 7.941535
vt 3.629458 8.497568
vt 8.685234 7.283772
vt 8.602580 6.754100
vt 8.608647 6.752320
vt 8.692202 7.281295
vt 4.370146 8.281155
vt 4.314037 7.725084
vt 4.320165 7.725300
vt 4.377210 8.280662
vt 8.576803 -3.608330
vt 8.660233 -4.136317
vt 8.666365 -4.134517
vt 8.583845 -3.605829
vt 3.624459 7.386624
vt 3.629633 7.387041
vt 8.510299 6.204101
vt 8.515459 6.204015
vt 4.367620 7.169312
vt 4.372786 7.168920
vt 8.751616 -4.683928
vt 8.756825 -4.683822
vt 3.622385 6.880519
vt 8.692202 5.682960
vt 4.377209 6.661216
vt 8.576803 -5.203566
vt 7.935306 -0.731680
vt 7.959533 -1.270559
vt 7.967294 -1.270787
vt 7.944307 -0.730085
vt 7.074244 -2.949606
vt 7.001919 -3.494363
vt 7.009921 -3.494782
vt 7.083468 -2.950683
vt -6.636310 7.974654
vt -6.660288 7.434541
vt -6.652446 7.434718
vt -6.627214 7.973001
vt 6.763677 -2.911380
vt 6.838745 -3.456751
vt 6.846738 -3.456360
vt 6.772888 -2.910338
vt 7.868390 -1.810682
vt 7.874946 -1.810387
vt 7.080245 -4.028735
vt 7.086987 -4.028880
vt -6.566695 6.894212
vt -6.560071 6.893874
vt 6.762875 -3.991794
vt 6.769612 -3.991675
vt 7.961979 -2.340130
vt 7.967294 -2.339511
vt 6.995419 -4.566309
vt 7.000902 -4.566082
vt -6.660288 6.365965
vt -6.654918 6.365312
vt 6.850417 -4.527241
vt 6.855896 -4.527488
vt 7.955280 -2.886546
vt 7.086987 -5.108264
vt -6.649781 5.818172
vt 6.762875 -5.070366
vt 8.301646 -3.447587
vt 8.426537 -4.029858
vt 8.433975 -4.028970
vt 8.310364 -3.445858
vt -5.293859 4.275604
vt -5.316582 3.683209
vt -5.309018 3.683164
vt -5.284895 4.274878
vt 4.227612 8.419897
vt 4.103338 7.836578
vt 4.110780 7.835711
vt 4.236332 8.418193
vt -4.633587 4.248430
vt -4.608649 3.656832
vt -4.601043 3.656904
vt -4.624573 4.249185
vt 8.442125 -4.624477
vt 8.448179 -4.625107
vt -5.291039 3.089257
vt -5.284895 3.089854
vt 4.088475 7.239515
vt 4.094535 7.240160
vt -4.633587 3.061673
vt -4.627410 3.061096
vt 8.301646 -5.203566
vt -5.289227 2.527557
vt 4.236331 6.661216
vt -4.630566 2.498094
vt -3.451114 7.277375
vt -3.379231 6.709190
vt -3.370583 6.709428
vt -3.441413 7.278776
vt -4.695021 7.804941
vt -4.718182 7.230662
vt -4.709515 7.231203
vt -4.685201 7.804669
vt -1.055335 7.813093
vt -1.125937 7.243747
vt -1.117313 7.243482
vt -1.045660 7.811663
vt -0.688445 7.778451
vt -0.664106 7.204519
vt -0.655439 7.203966
vt -0.678626 7.778708
vt -3.419575 6.136507
vt -3.412077 6.136111
vt -4.621058 6.665772
vt -4.613513 6.665657
vt -1.086037 6.670288
vt -1.078560 6.670659
vt -0.760118 6.637646
vt -0.752573 6.637750
vt -3.451114 5.575926
vt -3.444739 5.575995
vt -4.718182 6.098787
vt -4.711782 6.098644
vt -1.052018 6.111763
vt -1.045660 6.111674
vt -0.661839 6.070632
vt -0.655439 6.070766
vt -3.420351 5.001020
vt -4.636965 5.526758
vt -1.078616 5.535798
vt -0.737380 5.499015
vt 8.425917 5.133392
vt 8.501082 4.581519
vt 8.505685 4.581244
vt 8.430886 5.134016
vt 5.213072 7.603760
vt 5.249156 7.056915
vt 5.253930 7.057023
vt 5.218313 7.603277
vt 8.482536 7.321776
vt 8.405991 6.768784
vt 8.410588 6.769090
vt 8.487497 7.321188
vt 6.588403 7.979615
vt 6.550926 7.433937
vt 6.555644 7.433878
vt 6.593585 7.980151
vt 8.399639 4.034251
vt 8.403821 4.033794
vt 5.262380 6.504794
vt 5.266721 6.504461
vt 8.506121 6.221832
vt 8.510299 6.222319
vt 6.538711 6.880164
vt 6.543002 6.880542
vt 8.505685 3.493921
vt 5.213072 5.963936
vt 8.405991 5.682961
vt 6.593585 6.341297
vt 8.850673 -2.927982
vt 8.904119 -3.499096
vt 8.910016 -3.499105
vt 8.857133 -2.927405
vt 8.915124 -1.748030
vt 8.843510 -2.317858
vt 8.849393 -2.317841
vt 8.921543 -1.748884
vt 8.904801 -4.064923
vt 8.850671 -4.636727
vt 8.856565 -4.636719
vt 8.911257 -4.065500
vt 8.842216 -5.320559
vt 8.914201 -5.889453
vt 8.920085 -5.889468
vt 8.848636 -5.319703
vt 8.850673 -4.064923
vt 8.921543 -2.886545
vt 8.911257 -5.203566
vt 8.842216 -6.458802
vt 4.856183 -2.904720
vt 4.808708 -3.529822
vt 4.815973 -3.529769
vt 4.864731 -2.904785
vt 7.823282 7.971081
vt 7.753355 7.342366
vt 7.760510 7.342502
vt 7.831639 7.970304
vt 4.751887 -2.903637
vt 4.801439 -3.528541
vt 4.808707 -3.528621
vt 4.760439 -2.903605
vt -7.323984 8.038794
vt -7.252752 7.411312
vt -7.245659 7.411129
vt -7.315701 8.039515
vt 4.833656 -4.161130
vt 4.839632 -4.161024
vt 7.782017 6.717436
vt 7.787892 6.718310
vt 4.778615 -4.160897
vt 4.784593 -4.161025
vt -7.278889 6.788228
vt -7.273063 6.787318
vt 4.864731 -4.791812
vt 7.831639 6.095703
vt 4.751887 -4.791811
vt -7.323984 6.166101
vt 2.141731 -2.894048
vt 2.147714 -3.383060
vt 2.147714 -2.893519
vt 2.627582 2.090501
vt 2.633400 1.578459
vt 2.633400 2.090921
vt 2.147713 -2.893544
vt 2.147713 -3.383059
vt 2.153701 -2.894067
vt 2.626587 2.615172
vt 2.626587 2.102234
vt 2.632370 2.614743
vt 2.463379 -3.029684
vt 2.463379 -3.548147
vt 2.468200 -3.029789
vt -0.617874 2.763329
vt -0.617874 2.261782
vt -0.612949 2.762377
vt 2.621774 2.620561
vt 2.626588 2.102235
vt 2.626588 2.620676
vt 0.860145 2.790859
vt 0.865133 2.290599
vt 0.865133 2.791797
vt 4.860608 8.320526
vt 4.913687 7.726445
vt 4.920951 7.726098
vt 4.868899 8.321083
vt 8.353203 7.444118
vt 8.331833 6.852424
vt 8.339142 6.852661
vt 8.361567 7.443547
vt 8.308878 2.342229
vt 8.256186 1.747121
vt 8.263450 1.747478
vt 8.317166 2.341684
vt 4.282597 8.420963
vt 4.305289 7.830161
vt 4.312619 7.829924
vt 4.290986 8.421532
vt 4.809931 7.136633
vt 4.816152 7.136564
vt 8.399729 6.259830
vt 8.405989 6.259714
vt 8.360390 1.157403
vt 8.366610 1.157480
vt 4.236331 7.236901
vt 4.242610 7.237016
vt 4.920951 6.555405
vt 8.331833 5.682959
vt 8.256186 0.577218
vt 4.312619 6.661220
vt 1.173809 2.161687
vt 1.182541 1.605335
vt 1.178400 2.161666
vt -3.375939 2.261959
vt -3.380454 1.705543
vt -3.371714 2.261834
vt -3.380454 2.261909
vt 1.182541 2.161761
vt 8.534170 -6.310266
vt 8.514211 -6.852415
vt 8.521937 -6.852904
vt 8.543268 -6.310630
vt 8.588616 -6.316379
vt 8.605690 -6.857537
vt 8.613417 -6.857893
vt 8.597710 -6.316140
vt 8.505685 5.103541
vt 8.526797 4.562171
vt 8.534527 4.562653
vt 8.514788 5.103899
vt 1.651787 8.645777
vt 1.635921 8.104221
vt 1.643649 8.104579
vt 1.660880 8.645540
vt 8.472673 -7.383327
vt 8.479048 -7.383201
vt 8.543266 -7.397107
vt 8.549637 -7.397133
vt 8.570553 4.032939
vt 8.576929 4.032808
vt 1.699524 7.565637
vt 1.705896 7.565665
vt 8.543268 -7.921504
vt 8.613417 -7.921504
vt 8.505685 3.493915
vt 1.635921 7.041913
vt 5.977225 8.194097
vt 6.058392 7.594236
vt 6.065308 7.594362
vt 5.984954 8.195146
vt 3.162884 5.868481
vt 3.119201 5.264024
vt 3.126168 5.264225
vt 3.170703 5.867895
vt 6.830595 8.111795
vt 6.750304 7.510275
vt 6.757223 7.510168
vt 6.838328 8.110766
vt 5.114710 -3.047283
vt 5.160061 -3.651604
vt 5.167047 -3.651782
vt 5.122551 -3.046671
vt 5.977225 7.000696
vt 5.983264 7.000652
vt 3.168845 4.679680
vt 3.174932 4.679838
vt 6.832285 6.915617
vt 6.838328 6.915677
vt 5.109904 -4.238111
vt 5.116008 -4.238248
vt 6.033754 6.396678
vt 3.119201 4.076011
vt 6.783151 6.312198
vt 5.167047 -4.841294
vt 0.570117 1.455311
vt 0.576223 0.863092
vt 0.576223 1.455639
vt 0.570117 0.862859
vt 0.576217 0.258165
vt 0.576217 0.863091
vt -1.393256 1.305853
vt -1.393256 0.713307
vt -1.387132 1.305554
vt -0.612143 1.040066
vt -0.612143 0.435270
vt -0.606046 1.039828
vt -3.954485 7.865649
vt -3.782500 7.325581
vt -3.773153 7.326285
vt -3.944092 7.868008
vt -1.228125 7.842839
vt -1.325069 7.324115
vt -1.315664 7.322362
vt -1.217409 7.840247
vt -3.008422 7.906692
vt -3.179820 7.366027
vt -3.170478 7.365343
vt -2.998036 7.904361
vt 7.117875 -2.909917
vt 7.218682 -3.427439
vt 7.228112 -3.425717
vt 7.128620 -2.907363
vt -3.794471 6.753884
vt -3.786486 6.753152
vt -1.386633 6.742772
vt -1.378583 6.743311
vt -3.166855 6.792131
vt -3.158872 6.792877
vt 7.280796 -4.007544
vt 7.288867 -4.008106
vt -3.872690 6.172985
vt -3.866165 6.171892
vt -1.224057 6.175243
vt -1.217409 6.175465
vt -3.087133 6.210109
vt -3.080610 6.211215
vt 7.117875 -4.574946
vt 7.124541 -4.575187
vt -3.954485 5.621771
vt -1.335142 5.595423
vt -2.998036 5.661758
vt 7.234367 -5.155705
vt 1.176609 2.667240
vt 1.176609 2.161760
vt 1.182541 2.666867
vt 2.129611 -2.891870
vt 2.129611 -3.383059
vt 2.135675 -2.892139
vt -1.860696 2.665203
vt -1.854770 2.160024
vt -1.854770 2.665581
vt 2.135674 -2.892895
vt 2.141730 -3.383060
vt 2.141730 -2.892601
vt -0.612542 -0.225133
vt -0.606454 -0.798827
vt -0.606454 -0.224740
vt -0.611914 1.648738
vt -0.605954 1.070803
vt -0.605954 1.648879
vt 1.706753 -1.062250
vt 1.706753 -1.636254
vt 1.712846 -1.062646
vt 1.706743 -1.666982
vt 1.706743 -2.244977
vt 1.712745 -1.667132
vt 8.200138 -0.804971
vt 8.205671 -1.336577
vt 8.211497 -1.336608
vt 8.206440 -0.804201
vt 5.800441 -2.889620
vt 5.797668 -3.433399
vt 5.803554 -3.432592
vt 5.806841 -2.889466
vt 8.123882 5.573658
vt 8.118966 5.041879
vt 8.124839 5.041897
vt 8.130238 5.572876
vt 6.096391 -2.890332
vt 6.099852 -3.433836
vt 6.105728 -3.434672
vt 6.102781 -2.890517
vt 8.153728 -1.877915
vt 8.159091 -1.877945
vt 5.946231 -3.956210
vt 5.951711 -3.956382
vt 8.173824 4.501197
vt 8.179231 4.501216
vt 5.951710 -3.958009
vt 5.957183 -3.957864
vt 8.086467 -2.356964
vt 8.091394 -2.356095
vt 5.797668 -4.479629
vt 5.802680 -4.479530
vt 8.239361 4.025964
vt 8.244329 4.025086
vt 6.100724 -4.480508
vt 6.105728 -4.480630
vt 8.211497 -2.886546
vt 5.915784 -4.991059
vt 8.118966 3.493915
vt 5.985993 -4.991059
vt 1.916940 8.878180
vt 1.975156 8.347227
vt 1.980111 8.347513
vt 1.922319 8.879313
vt 1.849964 8.890576
vt 1.785054 8.343445
vt 1.789928 8.343442
vt 1.855275 8.890176
vt -1.068989 8.894130
vt -1.125937 8.363460
vt -1.120981 8.363161
vt -1.063606 8.892984
vt 1.714513 8.891044
vt 1.780152 8.344434
vt 1.785052 8.344415
vt 1.719854 8.891420
vt 1.916940 7.797563
vt 1.855275 7.797560
vt -1.063606 7.813096
vt 1.714513 7.797562
vt 5.466143 5.749923
vt 5.434271 5.215827
vt 5.441303 5.215401
vt 5.474077 5.749906
vt 6.305993 -2.904560
vt 6.226584 -3.438013
vt 6.233485 -3.437809
vt 6.313663 -2.905606
vt -6.325487 5.217429
vt -6.292203 4.682441
vt -6.285165 4.682837
vt -6.317544 5.217412
vt 6.313662 -2.907258
vt 6.394064 -3.439648
vt 6.401024 -3.439887
vt 6.321398 -2.906254
vt 5.425289 4.686757
vt 5.431442 4.686398
vt 6.307634 -3.969660
vt 6.313663 -3.969112
vt -6.281618 4.151941
vt -6.275460 4.152275
vt 6.313662 -3.970605
vt 6.319744 -3.971186
vt 5.421769 4.147262
vt 5.427033 4.147488
vt 6.276694 -4.506274
vt 6.281863 -4.506093
vt -6.276668 3.613538
vt -6.271398 3.613289
vt 6.345205 -4.506498
vt 6.350419 -4.506706
vt 5.474077 3.610742
vt 6.265289 -5.035886
vt -6.325486 3.076689
vt 6.358236 -5.035887
vt 1.099093 8.764792
vt 1.161807 8.173306
vt 1.168053 8.173307
vt 1.106328 8.765836
vt 0.228370 8.890986
vt 0.115252 8.298681
vt 0.121464 8.298750
vt 0.235506 8.889855
vt 8.743104 3.385620
vt 8.681893 2.793253
vt 8.688138 2.793244
vt 8.750340 3.384571
vt 8.720421 -5.271808
vt 8.836025 -5.862892
vt 8.842215 -5.862972
vt 8.727530 -5.270692
vt 1.099094 7.578072
vt 0.235506 7.703633
vt 8.750340 2.196770
vt 8.720423 -6.458802
vt -5.300441 8.908324
vt -5.178241 8.352544
vt -5.172686 8.352821
vt -5.294145 8.910409
vt 0.545460 8.874516
vt 0.446138 8.290774
vt 0.451797 8.290648
vt 0.552008 8.873725
vt -5.743802 8.913301
vt -5.865898 8.356975
vt -5.860312 8.356689
vt -5.737469 8.911215
vt 8.256186 3.491753
vt 8.357591 2.908142
vt 8.363245 2.908257
vt 8.262727 3.492532
vt -5.300441 7.768254
vt 0.552008 7.726483
vt -5.737469 7.771785
vt 8.256186 2.342228
vt -7.234235 8.243199
vt -7.081847 7.758728
vt -7.073771 7.760106
vt -7.225067 8.245218
vt 5.326889 -2.888602
vt 5.205980 -3.346216
vt 5.214170 -3.348419
vt 5.336111 -2.892035
vt -7.335025 8.246284
vt -7.487163 7.761517
vt -7.479096 7.760162
vt -7.325868 8.244295
vt -7.929833 8.220211
vt -7.809772 7.766082
vt -7.801618 7.768328
vt -7.920649 8.223688
vt -7.005544 7.245800
vt -6.998536 7.245463
vt 5.167294 -3.843616
vt 5.174396 -3.844117
vt -7.562967 7.245737
vt -7.555965 7.246093
vt -7.770751 7.270560
vt -7.763683 7.271102
vt -7.117015 6.737802
vt -7.111338 6.736798
vt 5.171029 -4.364191
vt 5.176785 -4.363110
vt -7.450286 6.735434
vt -7.444612 6.736454
vt -7.771367 6.750302
vt -7.765635 6.749257
vt -7.234235 6.255514
vt 5.338619 -4.856992
vt -7.325868 6.253488
vt -7.929833 6.255732
vt 0.570118 0.258165
vt 0.570118 -0.358876
vt 0.575318 0.258016
vt -0.923445 1.260059
vt -0.923445 0.655948
vt -0.918146 1.259394
vt -0.923445 0.655789
vt -0.918250 0.038982
vt -0.918250 0.655948
vt -5.283479 1.288908
vt -5.278129 0.685881
vt -5.278129 1.289565
vt -4.566985 7.900271
vt -4.532523 7.296423
vt -4.522888 7.296255
vt -4.555923 7.900844
vt 2.492158 7.134640
vt 2.411533 6.533257
vt 2.421166 6.533017
vt 2.503141 7.133202
vt -0.789621 7.898306
vt -0.822917 7.293555
vt -0.813282 7.293724
vt -0.778559 7.897735
vt 0.446139 7.725036
vt 0.527637 7.125187
vt 0.537272 7.125438
vt 0.457123 7.726484
vt -4.585729 6.687901
vt -4.577561 6.688562
vt 2.461726 5.922493
vt 2.469912 5.922884
vt -0.768285 6.684770
vt -0.760118 6.684110
vt 0.479569 6.515724
vt 0.487756 6.515343
vt -4.434702 6.094813
vt -4.427950 6.094792
vt 2.467127 5.344432
vt 2.473876 5.344653
vt -0.917971 6.091173
vt -0.911220 6.091194
vt 0.473318 5.939312
vt 0.480068 5.939098
vt -4.585729 5.502756
vt 2.503141 4.742352
vt -0.760118 5.499016
vt 0.446139 5.335101
vt -0.740651 8.919593
vt -0.661804 8.349425
vt -0.655439 8.349384
vt -0.732985 8.920456
vt -1.394522 6.463722
vt -1.423842 5.892513
vt -1.417570 5.892534
vt -1.386932 6.462903
vt 8.886394 8.464278
vt 8.807397 7.893039
vt 8.813728 7.893095
vt 8.894016 8.463433
vt 4.241703 -3.547287
vt 4.271434 -4.117678
vt 4.277709 -4.117686
vt 4.249297 -3.546454
vt -0.740651 7.778708
vt -1.386932 5.321984
vt 8.894016 7.321776
vt 4.241703 -4.689099
vt 8.781853 0.024842
vt 8.914909 -0.555497
vt 8.921659 -0.555475
vt 8.789852 0.026619
vt 8.397829 8.645090
vt 8.361820 8.046571
vt 8.368555 8.046602
vt 8.405992 8.644742
vt 8.921834 4.668834
vt 8.790051 4.087873
vt 8.796801 4.087852
vt 8.929833 4.667062
vt -4.633587 5.451383
vt -4.597492 4.853698
vt -4.590752 4.853665
vt -4.625418 5.451725
vt 8.781853 -1.149177
vt 8.405992 7.444119
vt 8.929833 3.493916
vt -4.633587 4.249183
vt 4.746591 6.017968
vt 4.802845 5.436622
vt 4.809932 5.437238
vt 4.754566 6.018637
vt -2.414820 7.717469
vt -2.437414 7.133651
vt -2.430155 7.134206
vt -2.406635 7.716856
vt 5.258747 5.963937
vt 5.202579 5.381654
vt 5.209664 5.381076
vt 5.266719 5.963312
vt -1.909139 7.712037
vt -1.886624 7.129802
vt -1.879431 7.129290
vt -1.901025 7.712696
vt 4.778417 4.864488
vt 4.784621 4.864430
vt -2.329519 6.560851
vt -2.323157 6.561057
vt 5.227220 4.807797
vt 5.233423 4.807887
vt -1.993500 6.555723
vt -1.987196 6.555554
vt 4.781077 4.287994
vt 4.786386 4.287578
vt -2.437414 5.987176
vt -2.431979 5.986932
vt 5.224710 4.232586
vt 5.230019 4.233032
vt -1.884817 5.980866
vt -1.879431 5.981143
vt 4.746591 3.704743
vt -2.426511 5.405089
vt 5.266719 3.649233
vt -1.887153 5.398996
vt 8.775290 0.423766
vt 8.759652 -0.100359
vt 8.765323 -0.100292
vt 8.781853 0.425025
vt 8.627635 2.180879
vt 8.552487 1.636565
vt 8.558239 1.636532
vt 8.634170 2.180233
vt 8.669074 5.065413
vt 8.687343 4.541633
vt 8.692955 4.541506
vt 8.675573 5.064089
vt 8.578780 0.452897
vt 8.656311 -0.091332
vt 8.662058 -0.091327
vt 8.585307 0.453511
vt 8.662056 -0.642216
vt 8.666945 -0.641508
vt 8.640210 1.095261
vt 8.645139 1.095622
vt 8.785211 3.999900
vt 8.790051 3.999144
vt 8.570807 -0.632498
vt 8.575734 -0.632882
vt 8.552487 0.577217
vt 8.669075 3.493918
vt 8.662058 -1.149177
vt 8.357759 -1.149573
vt 8.373299 -1.734825
vt 8.380045 -1.734017
vt 8.365494 -1.149178
vt -0.304875 7.243726
vt -0.267297 6.658905
vt -0.260415 6.659046
vt -0.297020 7.244259
vt 8.440357 2.312583
vt 8.426592 1.728432
vt 8.433384 1.727606
vt 8.448141 2.312167
vt 6.211475 -3.244766
vt 6.174827 -3.829421
vt 6.181705 -3.829590
vt 6.219324 -3.245332
vt 8.433873 -2.307315
vt 8.439667 -2.307071
vt -0.304875 6.077022
vt -0.298977 6.076911
vt 8.366610 1.156760
vt 8.372442 1.156500
vt 6.213431 -4.411380
vt 6.219324 -4.411295
vt 8.357759 -2.886546
vt -0.273535 5.498115
vt 8.447054 0.577217
vt 6.185713 -4.991059
vt 2.621775 2.102236
vt 2.621775 1.578463
vt 2.627583 2.102236
vt -2.176196 2.618290
vt -2.170377 2.093955
vt -2.170377 2.618334
vt -5.170988 2.632810
vt -5.170988 2.109034
vt -5.165174 2.632751
vt -2.182015 2.618304
vt -2.177869 2.093956
vt -2.176195 2.618304
vt 0.860145 2.290597
vt 0.860145 1.754936
vt 0.865129 2.290309
vt -0.610880 2.686360
vt -0.610880 2.184653
vt -0.605947 2.685133
vt -0.610880 2.184371
vt -0.605955 1.648880
vt -0.605955 2.184655
vt -3.376661 2.761959
vt -3.371714 2.261958
vt -3.371714 2.763186
vt -4.304868 7.829427
vt -4.212053 7.304231
vt -4.204050 7.306016
vt -4.295997 7.832233
vt 7.784910 -2.889008
vt 7.582736 -3.443139
vt 7.590764 -3.442819
vt 7.793425 -2.891259
vt -3.516272 7.872863
vt -3.608277 7.347109
vt -3.600271 7.345309
vt -3.507395 7.870042
vt 7.370159 -2.889899
vt 7.574756 -3.441209
vt 7.582736 -3.441557
vt 7.378607 -2.887686
vt -4.115326 6.715654
vt -4.108197 6.715847
vt 7.734889 -4.008125
vt 7.741858 -4.006883
vt -3.703635 6.754874
vt -3.696505 6.754664
vt 7.425699 -4.005412
vt 7.432630 -4.006678
vt -4.178531 6.121030
vt -4.172492 6.120238
vt 7.750913 -4.608665
vt 7.756970 -4.608561
vt -3.638842 6.161197
vt -3.632803 6.161975
vt 7.409933 -4.608295
vt 7.415957 -4.608420
vt -4.304868 5.534624
vt 7.793425 -5.203568
vt -3.507395 5.575429
vt 7.370159 -5.203566
vt 8.613418 -6.335755
vt 8.702795 -6.860465
vt 8.709918 -6.859723
vt 8.621477 -6.334229
vt -0.966937 8.584075
vt -1.028558 8.047020
vt -1.021443 8.047415
vt -0.958841 8.583429
vt 8.743757 2.162528
vt 8.655378 1.637566
vt 8.662502 1.636820
vt 8.751819 2.161001
vt 8.480186 2.196130
vt 8.545389 1.660561
vt 8.552488 1.660166
vt 8.488258 2.196772
vt 8.714320 -7.413896
vt 8.720421 -7.414305
vt -0.928902 7.505035
vt -0.922806 7.504999
vt 8.645138 1.083184
vt 8.651239 1.083589
vt 8.448144 1.117329
vt 8.454226 1.117364
vt 8.613418 -7.921504
vt -1.028558 6.965363
vt 8.751819 0.577218
vt 8.552488 0.577218
vt 1.709735 1.211094
vt 1.714491 0.676328
vt 1.714491 1.213163
vt -0.611278 -0.799067
vt -0.606455 -1.427890
vt -0.606455 -0.798828
vt -0.922985 2.342666
vt -0.922985 1.807259
vt -0.918144 2.340637
vt -0.924265 -0.581762
vt -0.924265 -1.210754
vt -0.919467 -0.582010
vt -3.487768 8.802826
vt -3.452274 8.280649
vt -3.447515 8.281638
vt -3.482404 8.803973
vt 3.807300 -2.928924
vt 3.697303 -3.447618
vt 3.701978 -3.448210
vt 3.812486 -2.930048
vt -0.149203 8.756120
vt -0.182811 8.234189
vt -0.178054 8.233164
vt -0.143841 8.754933
vt 3.458972 -2.927680
vt 3.571096 -3.445524
vt 3.575702 -3.444974
vt 3.464080 -2.926604
vt -3.374793 7.758355
vt -3.370583 7.757570
vt 3.637653 -3.972163
vt 3.641743 -3.972096
vt -0.258504 7.709652
vt -0.254301 7.710407
vt 3.633620 -3.970339
vt 3.637655 -3.970444
vt -3.487769 7.278781
vt 3.812486 -4.452739
vt -0.143841 7.229496
vt 3.458972 -4.452738
vt 2.469060 -2.931063
vt 2.556224 -3.542015
vt 2.561105 -3.542480
vt 2.474584 -2.930532
vt 2.099073 8.725300
vt 2.144742 8.144122
vt 2.149637 8.143518
vt 2.104690 8.724545
vt 2.649480 -2.932521
vt 2.561106 -3.543484
vt 2.566024 -3.542997
vt 2.655042 -2.933024
vt 3.165433 8.732746
vt 3.119348 8.153151
vt 3.124250 8.153774
vt 3.171056 8.733522
vt 2.469060 -4.138580
vt 2.099073 7.527974
vt 2.655042 -4.138581
vt 3.171056 7.536906
vt 0.570117 -0.976150
vt 0.576187 -1.593164
vt 0.576187 -0.975933
vt -0.924266 0.038817
vt -0.918249 -0.581762
vt -0.918249 0.038983
vt 0.570117 -0.358877
vt 0.570117 -0.975936
vt 0.576188 -0.359097
vt 0.570117 -1.593165
vt 0.570117 -2.213874
vt 0.576107 -1.593342
vt 1.699587 -0.482560
vt 1.699587 -1.062248
vt 1.703567 -0.482576
vt 1.703548 0.097112
vt 1.707701 -0.482562
vt 1.707701 0.097109
vt 1.699587 0.097052
vt 1.707701 -0.482616
vt 5.213071 8.746663
vt 5.260012 8.180186
vt 5.264823 8.180698
vt 5.218662 8.748056
vt 8.355139 8.640974
vt 8.315931 8.063004
vt 8.320679 8.062703
vt 8.360687 8.640621
vt 0.279883 8.846944
vt 0.235506 8.280624
vt 0.240314 8.280086
vt 0.285473 8.845518
vt 2.416110 -2.919847
vt 2.458703 -3.498229
vt 2.463378 -3.497948
vt 2.421574 -2.919518
vt 5.213071 7.603759
vt 8.360687 7.491727
vt 0.285473 7.703630
vt 2.416111 -4.070035
vt 7.863607 -5.749787
vt 8.034698 -6.285994
vt 8.040236 -6.284924
vt 7.869589 -5.747883
vt 8.687931 -5.214853
vt 8.619120 -5.774170
vt 8.624512 -5.774163
vt 8.693878 -5.215690
vt 8.681634 -5.214178
vt 8.613419 -5.774221
vt 8.045616 -6.284011
vt 7.875368 -5.746050
vt 2.968303 8.533622
vt 2.970003 7.974297
vt 2.975034 7.974468
vt 2.973917 8.534818
vt 2.962821 8.534895
vt 2.965243 7.973382
vt 8.688953 -6.334228
vt 8.693878 -6.333300
vt 8.069540 -6.846995
vt 8.074379 -6.848232
vt 3.087843 7.441623
vt 3.092278 7.440991
vt 1.855273 8.890534
vt 1.912662 8.345310
vt 1.916940 8.345345
vt 1.860178 8.890789
vt -4.599202 8.888534
vt -4.718182 8.354019
vt -4.713741 8.354591
vt -4.594167 8.888293
vt 7.908633 -7.371073
vt 7.912889 -7.371970
vt 2.962821 6.891807
vt 1.855273 7.797561
vt -4.594167 7.804938
vt 7.863607 -7.921504
vt 7.967418 8.899272
vt 8.032152 8.383525
vt 8.037519 8.383649
vt 7.973498 8.900447
vt -1.299910 8.885489
vt -1.360219 8.361014
vt -1.354772 8.360954
vt -1.293702 8.884943
vt 8.101643 8.900362
vt 8.037519 8.384183
vt 8.042915 8.384051
vt 8.107756 8.899180
vt -4.030323 8.884917
vt -3.968357 8.360587
vt -3.962913 8.360636
vt -4.024119 8.885450
vt -1.293702 7.842841
vt 8.107756 7.858761
vt -4.030323 7.841530
s 1
usemtl Material
f 1/1/1 5/2/2 8/3/3 4/4/4
f 2/5/5 6/6/6 5/7/2 1/8/1
f 3/9/7 7/10/8 6/11/6 2/12/5
f 4/13/4 8/14/3 7/15/8 3/16/7
f 5/2/2 9/17/9 12/18/10 8/3/3
f 6/6/6 10/19/11 9/20/9 5/7/2
f 7/10/8 11/21/12 10/22/11 6/11/6
f 8/14/3 12/23/10 11/24/12 7/15/8
f 9/17/9 13/25/13 16/26/14 12/18/10
f 10/19/11 14/27/15 13/28/13 9/20/9
f 11/21/12 15/29/16 14/30/15 10/22/11
f 12/23/10 16/31/14 15/32/16 11/24/12
f 13/25/13 17/33/17 20/34/18 16/26/14
f 14/27/15 18/35/19 17/36/17 13/28/13
f 15/29/16 19/37/20 18/38/19 14/30/15
f 16/31/14 20/39/18 19/40/20 15/32/16
f 17/33/17 21/41/21 24/42/22 20/34/18
f 18/35/19 22/43/23 21/44/21 17/36/17
f 19/37/20 23/45/24 22/46/23 18/38/19
f 20/39/18 24/47/22 23/48/24 19/40/20
f 21/41/21 25/49/25 28/50/26 24/42/22
f 22/43/23 26/51/27 25/52/25 21/44/21
f 23/45/24 27/53/28 26/54/27 22/46/23
f 24/47/22 28/55/26 27/56/28 23/48/24
f 25/49/25 29/57/29 32/58/30 28/50/26
f 26/51/27 30/59/31 29/60/29 25/52/25
f 27/53/28 31/61/32 30/62/31 26/54/27
f 28/55/26 32/63/30 31/64/32 27/56/28
f 29/57/29 33/65/33 36/66/34 32/58/30
f 30/59/31 34/67/35 33/68/33 29/60/29
f 31/61/32 35/69/36 34/70/35 30/62/31
f 32/63/30 36/71/34 35/72/36 31/64/32
f 37/73/37 41/74/38 44/75/39 40/76/40
f 38/77/41 42/78/42 41/79/38 37/80/37
f 39/81/43 43/82/44 42/83/42 38/84/41
f 40/85/40 44/86/39 43/87/44 39/88/43
f 41/74/38 45/89/45 48/90/46 44/75/39
f 42/78/42 46/91/47 45/92/45 41/79/38
f 43/82/44 47/93/48 46/94/47 42/83/42
f 44/86/39 48/95/46 47/96/48 43/87/44
f 45/89/45 49/97/49 52/98/50 48/90/46
f 46/91/47 50/99/51 49/100/49 45/92/45
f 47/93/48 51/101/52 50/102/51 46/94/47
f 48/95/46 52/103/50 51/104/52 47/96/48
f 49/97/49 53/105/53 56/106/54 52/98/50
f 50/99/51 54/107/55 53/108/53 49/100/49
f 51/101/52 55/109/56 54/110/55 50/102/51
f 52/103/50 56/111/54 55/112/56 51/104/52
f 53/105/53 57/113/57 60/114/58 56/106/54
f 54/107/55 58/115/59 57/116/57 53/108/53
f 55/109/56 59/117/60 58/118/59 54/110/55
f 56/111/54 60/119/58 59/120/60 55/112/56
f 57/113/57 61/121/61 64/122/62 60/114/58
f 58/115/59 62/123/63 61/124/61 57/116/57
f 59/117/60 63/125/64 62/126/63 58/118/59
f 60/119/58 64/127/62 63/128/64 59/120/60
f 61/121/61 65/129/65 68/130/66 64/122/62
f 62/123/63 66/131/67 65/132/65 61/124/61
f 63/125/64 67/133/68 66/134/67 62/126/63
f 64/127/62 68/135/66 67/136/68 63/128/64
f 69/137/69 73/138/70 76/139/71 72/140/72
f 70/141/73 74/142/74 73/143/70 69/144/69
f 71/145/75 75/146/76 74/147/74 70/148/73
f 72/149/72 76/150/71 75/151/76 71/152/75
f 73/138/70 77/153/77 80/154/78 76/139/71
f 74/142/74 78/155/79 77/156/77 73/143/70
f 75/146/76 79/157/80 78/158/79 74/147/74
f 76/150/71 80/159/78 79/160/80 75/151/76
f 77/153/77 81/161/81 84/162/82 80/154/78
f 78/155/79 82/163/83 81/164/81 77/156/77
f 79/157/80 83/165/84 82/166/83 78/158/79
f 80/159/78 84/167/82 83/168/84 79/160/80
f 81/161/81 85/169/85 88/170/86 84/162/82
f 82/163/83 86/171/87 85/172/85 81/164/81
f 83/165/84 87/173/88 86/174/87 82/166/83
f 84/167/82 88/175/86 87/176/88 83/168/84
f 85/169/85 89/177/89 92/178/90 88/170/86
f 86/171/87 90/179/91 89/180/89 85/172/85
f 87/173/88 91/181/92 90/182/91 86/174/87
f 88/175/86 92/183/90 91/184/92 87/176/88
f 89/177/89 93/185/93 96/186/94 92/178/90
f 90/179/91 94/187/95 93/188/93 89/180/89
f 91/181/92 95/189/96 94/190/95 90/182/91
f 92/183/90 96/191/94 95/192/96 91/184/92
f 93/185/93 97/193/97 100/135/98 96/186/94
f 94/187/95 98/194/99 97/195/97 93/188/93
f 95/189/96 99/196/100 98/197/99 94/190/95
f 96/191/94 100/198/98 99/199/100 95/192/96
f 101/200/101 105/201/102 108/202/103 104/203/104
f 102/204/105 106/205/106 105/206/102 101/207/101
f 103/208/107 107/209/108 106/210/106 102/211/105
f 104/212/104 108/213/103 107/214/108 103/215/107
f 105/201/102 109/216/109 112/217/110 108/202/103
f 106/205/106 110/218/111 109/219/109 105/206/102
f 107/209/108 111/220/112 110/221/111 106/210/106
f 108/213/103 112/222/110 111/223/112 107/214/108
f 109/216/109 113/224/113 116/225/114 112/217/110
f 110/218/111 114/226/115 113/227/113 109/219/109
f 111/220/112 115/228/116 114/229/115 110/221/111
f 112/222/110 116/230/114 115/231/116 111/223/112
f 113/224/113 117/232/117 120/233/118 116/225/114
f 114/226/115 118/234/119 117/235/117 113/227/113
f 115/228/116 119/236/120 118/237/119 114/229/115
f 116/230/114 120/238/118 119/239/120 115/231/116
f 117/232/117 121/240/121 124/241/122 120/233/118
f 118/234/119 122/242/123 121/243/121 117/235/117
f 119/236/120 123/244/124 122/245/123 118/237/119
f 120/238/118 124/246/122 123/247/124 119/239/120
f 121/240/121 125/248/125 128/249/126 124/241/122
f 122/242/123 126/250/127 125/251/125 121/243/121
f 123/244/124 127/252/128 126/253/127 122/245/123
f 124/246/122 128/254/126 127/255/128 123/247/124
f 125/248/125 129/256/129 132/257/130 128/249/126
f 126/250/127 130/258/131 129/259/129 125/251/125
f 127/252/128 131/260/132 130/261/131 126/253/127
f 128/254/126 132/262/130 131/263/132 127/255/128
f 133/264/133 137/265/134 140/266/135 136/267/136
f 134/268/137 138/269/138 137/270/134 133/271/133
f 135/272/139 139/273/140 138/274/138 134/275/137
f 136/276/136 140/277/135 139/278/140 135/279/139
f 137/265/134 141/280/141 144/281/142 140/266/135
f 138/269/138 142/282/143 141/283/141 137/270/134
f 139/273/140 143/284/144 142/285/143 138/274/138
f 140/277/135 144/286/142 143/287/144 139/278/140
f 141/280/141 145/288/145 148/289/146 144/281/142
f 142/282/143 146/290/147 145/291/145 141/283/141
f 143/284/144 147/292/148 146/293/147 142/285/143
f 144/286/142 148/294/146 147/295/148 143/287/144
f 145/288/145 149/296/149 152/297/150 148/289/146
f 146/290/147 150/298/151 149/299/149 145/291/145
f 147/292/148 151/300/152 150/301/151 146/293/147
f 148/294/146 152/302/150 151/303/152 147/295/148
f 153/304/153 157/305/154 160/306/155 156/307/156
f 154/308/157 158/309/158 157/310/154 153/311/153
f 155/312/159 159/313/160 158/314/158 154/315/157
f 156/316/156 160/317/155 159/318/160 155/319/159
f 157/305/154 161/320/161 164/321/162 160/306/155
f 158/309/158 162/322/163 161/323/161 157/310/154
f 159/313/160 163/324/164 162/325/163 158/314/158
f 160/317/155 164/326/162 163/327/164 159/318/160
f 161/320/161 165/328/165 168/329/166 164/321/162
f 162/322/163 166/330/167 165/331/165 161/323/161
f 163/324/164 167/332/168 166/333/167 162/325/163
f 164/326/162 168/334/166 167/335/168 163/327/164
f 165/328/165 169/336/169 172/337/170 168/329/166
f 166/330/167 170/338/171 169/339/169 165/331/165
f 167/332/168 171/340/172 170/341/171 166/333/167
f 168/334/166 172/342/170 171/343/172 167/335/168
f 173/344/173 177/345/174 180/346/175 176/347/176
f 174/348/177 178/349/178 177/350/174 173/351/173
f 175/352/179 179/353/180 178/354/178 174/355/177
f 176/356/176 180/357/175 179/358/180 175/359/179
f 177/345/174 181/360/181 184/361/182 180/346/175
f 178/349/178 182/362/183 181/363/181 177/350/174
f 179/353/180 183/364/184 182/365/183 178/354/178
f 180/357/175 184/366/182 183/367/184 179/358/180
f 181/360/181 185/368/185 188/369/186 184/361/182
f 182/362/183 186/370/187 185/371/185 181/363/181
f 183/364/184 187/372/188 186/373/187 182/365/183
f 184/366/182 188/374/186 187/375/188 183/367/184
f 185/368/185 189/376/189 192/377/190 188/369/186
f 186/370/187 190/378/191 189/379/189 185/371/185
f 187/372/188 191/380/192 190/381/191 186/373/187
f 188/374/186 192/382/190 191/383/192 187/375/188
f 193/384/193 197/385/194 200/386/195 196/387/196
f 194/388/197 198/389/198 197/390/194 193/391/193
f 195/392/199 199/393/200 198/394/198 194/395/197
f 196/396/196 200/397/195 199/398/200 195/399/199
f 197/385/194 201/400/201 204/401/202 200/386/195
f 198/389/198 202/402/203 201/403/201 197/390/194
f 199/393/200 203/404/204 202/405/203 198/394/198
f 200/397/195 204/406/202 203/407/204 199/398/200
f 201/400/201 205/408/205 208/409/206 204/401/202
f 202/402/203 206/410/207 205/411/205 201/403/201
f 203/404/204 207/412/208 206/413/207 202/405/203
f 204/406/202 208/414/206 207/415/208 203/407/204
f 205/408/205 209/416/209 212/417/210 208/409/206
f 206/410/207 210/418/211 209/419/209 205/411/205
f 207/412/208 211/420/212 210/421/211 206/413/207
f 208/414/206 212/422/210 211/423/212 207/415/208
f 213/424/213 217/425/214 220/426/215 216/427/216
f 214/428/217 218/429/218 217/430/214 213/431/213
f 215/432/219 219/433/220 218/434/218 214/435/217
f 216/436/216 220/437/215 219/438/220 215/439/219
f 217/425/214 221/440/221 224/441/222 220/426/215
f 218/429/218 222/442/223 221/443/221 217/430/214
f 219/433/220 223/444/224 222/445/223 218/434/218
f 220/437/215 224/446/222 223/447/224 219/438/220
f 225/448/225 229/449/226 232/450/227 228/451/228
f 226/452/229 230/453/230 229/454/226 225/455/225
f 227/456/231 231/457/232 230/458/230 226/459/229
f 228/460/228 232/461/227 231/462/232 227/463/231
f 229/449/226 233/464/233 236/465/234 232/450/227
f 230/453/230 234/466/235 233/467/233 229/454/226
f 231/457/232 235/468/236 234/469/235 230/458/230
f 232/461/227 236/470/234 235/471/236 231/462/232
f 237/472/237 241/473/237 244/474/238 240/475/238
f 238/476/239 242/477/239 241/478/237 237/479/237
f 239/480/240 243/481/240 242/482/239 238/483/239
f 240/484/238 244/485/238 243/486/240 239/487/240
f 245/488/241 249/489/241 252/490/242 248/491/242
f 246/492/243 250/493/243 249/494/241 245/495/241
f 247/496/244 251/497/244 250/498/243 246/499/243
f 248/491/242 252/490/242 251/500/244 247/501/244
f 253/502/245 257/503/246 260/504/247 256/505/248
f 254/506/249 258/507/250 257/508/246 253/509/245
f 255/510/251 259/511/252 258/512/250 254/513/249
f 256/514/248 260/515/247 259/516/252 255/517/251
f 257/503/246 261/518/253 264/519/254 260/504/247
f 258/507/250 262/520/255 261/521/253 257/508/246
f 259/511/252 263/522/256 262/523/255 258/512/250
f 260/515/247 264/524/254 263/525/256 259/516/252
f 261/518/253 265/526/257 268/527/258 264/519/254
f 262/520/255 266/528/259 265/529/257 261/521/253
f 263/522/256 267/530/260 266/531/259 262/523/255
f 264/524/254 268/532/258 267/533/260 263/525/256
f 265/526/257 269/534/261 272/535/262 268/527/258
f 266/528/259 270/536/263 269/537/261 265/529/257
f 267/530/260 271/538/264 270/539/263 266/531/259
f 268/532/258 272/540/262 271/541/264 267/533/260
f 269/534/261 273/542/265 276/542/266 272/535/262
f 270/536/263 274/543/267 273/543/265 269/537/261
f 271/538/264 275/544/268 274/544/267 270/539/263
f 272/540/262 276/545/266 275/545/268 271/541/264
f 277/546/269 281/547/270 284/548/271 280/549/272
f 278/550/273 282/551/274 281/552/270 277/553/269
f 279/554/275 283/555/276 282/556/274 278/557/273
f 280/558/272 284/559/271 283/560/276 279/561/275
f 281/547/270 285/562/277 288/563/278 284/548/271
f 282/551/274 286/564/279 285/565/277 281/552/270
f 283/555/276 287/566/280 286/567/279 282/556/274
f 284/559/271 288/568/278 287/569/280 283/560/276
f 285/562/277 289/570/281 292/571/282 288/563/278
f 286/564/279 290/572/283 289/573/281 285/565/277
f 287/566/280 291/574/284 290/575/283 286/567/279
f 288/568/278 292/576/282 291/577/284 287/569/280
f 289/570/281 293/578/285 296/579/286 292/571/282
f 290/572/283 294/580/287 293/581/285 289/573/281
f 291/574/284 295/582/288 294/583/287 290/575/283
f 292/576/282 296/584/286 295/585/288 291/577/284
f 293/578/285 297/586/289 300/586/290 296/579/286
f 294/580/287 298/587/291 297/587/289 293/581/285
f 295/582/288 299/588/292 298/588/291 294/583/287
f 296/584/286 300/589/290 299/589/292 295/585/288
f 301/590/293 305/591/294 308/592/295 304/593/296
f 302/594/297 306/595/298 305/596/294 301/597/293
f 303/598/299 307/599/300 306/600/298 302/601/297
f 304/602/296 308/603/295 307/604/300 303/605/299
f 305/591/294 309/606/301 312/607/302 308/592/295
f 306/595/298 310/608/303 309/609/301 305/596/294
f 307/599/300 311/610/304 310/611/303 306/600/298
f 308/603/295 312/612/302 311/613/304 307/604/300
f 309/606/301 313/614/305 316/615/306 312/607/302
f 310/608/303 314/616/307 313/617/305 309/609/301
f 311/610/304 315/618/308 314/619/307 310/611/303
f 312/612/302 316/620/306 315/621/308 311/613/304
f 313/614/305 317/622/309 320/623/310 316/615/306
f 314/616/307 318/624/311 317/625/309 313/617/305
f 315/618/308 319/626/312 318/627/311 314/619/307
f 316/620/306 320/628/310 319/629/312 315/621/308
f 317/622/309 321/630/313 324/630/314 320/623/310
f 318/624/311 322/631/315 321/631/313 317/625/309
f 319/626/312 323/632/316 322/632/315 318/627/311
f 320/628/310 324/633/314 323/633/316 319/629/312
f 325/634/317 329/635/318 332/636/319 328/637/320
f 326/638/321 330/639/322 329/640/318 325/641/317
f 327/642/323 331/643/324 330/644/322 326/645/321
f 328/646/320 332/647/319 331/648/324 327/649/323
f 329/635/318 333/650/325 336/651/326 332/636/319
f 330/639/322 334/652/327 333/653/325 329/640/318
f 331/643/324 335/654/328 334/655/327 330/644/322
f 332/636/319 336/651/326 335/656/328 331/657/324
f 333/653/325 337/658/329 340/659/330 336/660/326
f 334/652/327 338/661/331 337/658/329 333/653/325
f 335/662/328 339/663/332 338/664/331 334/665/327
f 336/651/326 340/666/330 339/667/332 335/656/328
f 337/668/329 341/669/333 344/670/334 340/666/330
f 338/661/331 342/671/335 341/672/333 337/658/329
f 339/673/332 343/674/336 342/675/335 338/676/331
f 340/666/330 344/670/334 343/677/336 339/667/332
f 341/672/333 345/678/337 348/678/338 344/679/334
f 342/671/335 346/678/339 345/678/337 341/672/333
f 343/680/336 347/681/340 346/681/339 342/682/335
f 344/683/334 348/681/338 347/681/340 343/680/336
f 349/684/341 353/685/342 356/686/343 352/687/344
f 350/688/345 354/689/346 353/690/342 349/691/341
f 351/692/347 355/693/348 354/694/346 350/695/345
f 352/696/344 356/697/343 355/698/348 351/699/347
f 353/685/342 357/700/349 360/701/350 356/686/343
f 354/689/346 358/702/351 357/703/349 353/690/342
f 355/693/348 359/704/352 358/705/351 354/694/346
f 356/697/343 360/706/350 359/707/352 355/698/348
f 357/700/349 361/708/353 364/709/354 360/701/350
f 358/702/351 362/710/355 361/711/353 357/703/349
f 359/704/352 363/712/356 362/713/355 358/705/351
f 360/706/350 364/714/354 363/715/356 359/707/352
f 361/708/353 365/716/357 368/717/358 364/709/354
f 362/710/355 366/718/359 365/719/357 361/711/353
f 363/712/356 367/720/360 366/721/359 362/713/355
f 364/714/354 368/722/358 367/723/360 363/715/356
f 365/716/357 369/724/361 372/724/362 368/717/358
f 366/718/359 370/725/363 369/725/361 365/719/357
f 367/720/360 371/726/364 370/726/363 366/721/359
f 368/722/358 372/727/362 371/727/364 367/723/360
f 373/728/365 377/729/366 380/730/367 376/731/368
f 374/732/369 378/733/370 377/734/366 373/735/365
f 375/736/371 379/737/372 378/738/370 374/739/369
f 376/740/368 380/741/367 379/742/372 375/743/371
f 377/729/366 381/744/373 384/745/374 380/730/367
f 378/733/370 382/746/375 381/747/373 377/734/366
f 379/737/372 383/748/376 382/749/375 378/738/370
f 380/741/367 384/750/374 383/751/376 379/742/372
f 381/744/373 385/752/377 388/753/378 384/745/374
f 382/746/375 386/754/379 385/755/377 381/747/373
f 383/748/376 387/756/380 386/757/379 382/749/375
f 384/750/374 388/758/378 387/759/380 383/751/376
f 385/752/377 389/760/381 392/761/382 388/753/378
f 386/754/379 390/762/383 389/763/381 385/755/377
f 387/756/380 391/764/384 390/765/383 386/757/379
f 388/758/378 392/766/382 391/767/384 387/759/380
f 389/760/381 393/768/385 396/768/386 392/761/382
f 390/762/383 394/769/387 393/769/385 389/763/381
f 391/764/384 395/770/388 394/770/387 390/765/383
f 392/766/382 396/771/386 395/771/388 391/767/384
f 397/772/389 401/773/390 404/774/391 400/775/392
f 398/776/393 402/777/394 401/778/390 397/779/389
f 399/780/395 403/781/396 402/782/394 398/783/393
f 400/784/392 404/785/391 403/786/396 399/787/395
f 401/773/390 405/788/397 408/789/398 404/774/391
f 402/777/394 406/790/399 405/791/397 401/778/390
f 403/781/396 407/792/400 406/793/399 402/782/394
f 404/785/391 408/794/398 407/795/400 403/786/396
f 405/788/397 409/796/401 412/797/402 408/789/398
f 406/790/399 410/798/403 409/799/401 405/791/397
f 407/792/400 411/800/404 410/801/403 406/793/399
f 408/794/398 412/802/402 411/803/404 407/795/400
f 409/796/401 413/804/405 416/805/406 412/797/402
f 410/798/403 414/806/407 413/807/405 409/799/401
f 411/800/404 415/808/408 414/809/407 410/801/403
f 412/802/402 416/810/406 415/811/408 411/803/404
f 413/804/405 417/812/409 420/812/410 416/805/406
f 414/806/407 418/813/411 417/813/409 413/807/405
f 415/808/408 419/814/412 418/814/411 414/809/407
f 416/810/406 420/815/410 419/815/412 415/811/408
f 421/816/413 425/817/414 428/818/415 424/819/416
f 422/820/417 426/821/418 425/822/414 421/823/413
f 423/824/419 427/825/420 426/826/418 422/827/417
f 424/828/416 428/829/415 427/830/420 423/831/419
f 425/817/414 429/832/421 432/833/422 428/818/415
f 426/821/418 430/834/423 429/835/421 425/822/414
f 427/825/420 431/836/424 430/837/423 426/826/418
f 428/829/415 432/838/422 431/839/424 427/830/420
f 429/832/421 433/840/425 436/841/426 432/833/422
f 430/834/423 434/842/427 433/843/425 429/835/421
f 431/836/424 435/844/428 434/845/427 430/837/423
f 432/838/422 436/846/426 435/847/428 431/839/424
f 433/840/425 437/848/429 440/849/430 436/841/426
f 434/842/427 438/850/431 437/851/429 433/843/425
f 435/844/428 439/852/432 438/853/431 434/845/427
f 436/846/426 440/854/430 439/855/432 435/847/428
f 437/848/429 441/856/433 444/856/434 440/849/430
f 438/850/431 442/857/435 441/857/433 437/851/429
f 439/852/432 443/858/436 442/858/435 438/853/431
f 440/854/430 444/859/434 443/859/436 439/855/432
f 445/860/437 449/861/438 452/862/439 448/863/440
f 446/864/441 450/865/442 449/866/438 445/867/437
f 447/868/443 451/869/444 450/870/442 446/871/441
f 448/872/440 452/873/439 451/874/444 447/875/443
f 449/861/438 453/876/445 456/877/446 452/862/439
f 450/865/442 454/878/447 453/879/445 449/866/438
f 451/869/444 455/880/448 454/881/447 450/870/442
f 452/873/439 456/882/446 455/883/448 451/874/444
f 453/876/445 457/884/449 460/885/450 456/877/446
f 454/878/447 458/886/451 457/887/449 453/879/445
f 455/880/448 459/888/452 458/889/451 454/881/447
f 456/882/446 460/890/450 459/891/452 455/883/448
f 457/884/449 461/892/453 464/893/454 460/885/450
f 458/886/451 462/894/455 461/895/453 457/887/449
f 459/888/452 463/896/456 462/897/455 458/889/451
f 460/890/450 464/898/454 463/899/456 459/891/452
f 461/892/453 465/900/457 468/900/458 464/893/454
f 462/894/455 466/901/459 465/901/457 461/895/453
f 463/896/456 467/902/460 466/902/459 462/897/455
f 464/898/454 468/903/458 467/903/460 463/899/456
f 469/904/461 473/905/462 476/906/463 472/907/464
f 470/908/465 474/909/466 473/910/462 469/911/461
f 471/912/467 475/913/468 474/914/466 470/915/465
f 472/916/464 476/917/463 475/918/468 471/919/467
f 473/905/462 477/920/469 480/921/470 476/906/463
f 474/909/466 478/922/471 477/923/469 473/910/462
f 475/913/468 479/924/472 478/925/471 474/914/466
f 476/917/463 480/926/470 479/927/472 475/918/468
f 477/920/469 481/928/473 484/929/474 480/921/470
f 478/922/471 482/930/475 481/931/473 477/923/469
f 479/924/472 483/932/476 482/933/475 478/925/471
f 480/926/470 484/934/474 483/935/476 479/927/472
f 481/928/473 485/936/477 488/937/478 484/929/474
f 482/930/475 486/938/479 485/939/477 481/931/473
f 483/932/476 487/940/480 486/941/479 482/933/475
f 484/934/474 488/942/478 487/943/480 483/935/476
f 485/936/477 489/944/481 492/944/482 488/937/478
f 486/938/479 490/945/483 489/945/481 485/939/477
f 487/940/480 491/946/484 490/946/483 486/941/479
f 488/942/478 492/947/482 491/947/484 487/943/480
f 493/948/485 497/949/486 500/950/487 496/951/488
f 494/952/489 498/953/490 497/954/486 493/955/485
f 495/956/491 499/957/492 498/958/490 494/959/489
f 496/960/488 500/961/487 499/962/492 495/963/491
f 497/949/486 501/964/493 504/965/494 500/950/487
f 498/953/490 502/966/495 501/967/493 497/954/486
f 499/957/492 503/968/496 502/969/495 498/958/490
f 500/961/487 504/970/494 503/971/496 499/962/492
f 501/964/493 505/972/497 508/973/498 504/965/494
f 502/966/495 506/974/499 505/975/497 501/967/493
f 503/968/496 507/976/500 506/977/499 502/969/495
f 504/970/494 508/978/498 507/979/500 503/971/496
f 505/972/497 509/980/501 512/981/502 508/973/498
f 506/974/499 510/982/503 509/983/501 505/975/497
f 507/976/500 511/984/504 510/985/503 506/977/499
f 508/978/498 512/986/502 511/987/504 507/979/500
f 509/980/501 513/988/505 516/988/506 512/981/502
f 510/982/503 514/989/507 513/989/505 509/983/501
f 511/984/504 515/990/508 514/990/507 510/985/503
f 512/986/502 516/991/506 515/991/508 511/987/504
f 517/992/509 521/993/510 524/994/511 520/995/512
f 518/996/513 522/997/514 521/998/510 517/999/509
f 519/1000/515 523/1001/516 522/1002/514 518/1003/513
f 520/1004/512 524/1005/511 523/1006/516 519/1007/515
f 521/993/510 525/1008/517 528/1009/518 524/994/511
f 522/997/514 526/1010/519 525/1011/517 521/998/510
f 523/1001/516 527/1012/520 526/1013/519 522/1002/514
f 524/1005/511 528/1014/518 527/1015/520 523/1006/516
f 525/1008/517 529/1016/521 532/1017/522 528/1009/518
f 526/1010/519 530/1018/523 529/1019/521 525/1011/517
f 527/1012/520 531/1020/524 530/1021/523 526/1013/519
f 528/1014/518 532/1022/522 531/1023/524 527/1015/520
f 529/1016/521 533/1024/525 536/1025/526 532/1017/522
f 530/1018/523 534/1026/527 533/1027/525 529/1019/521
f 531/1020/524 535/1028/528 534/1029/527 530/1021/523
f 532/1022/522 536/1030/526 535/1031/528 531/1023/524
f 533/1024/525 537/1032/529 540/1032/530 536/1025/526
f 534/1026/527 538/1033/531 537/1033/529 533/1027/525
f 535/1028/528 539/1034/532 538/1034/531 534/1029/527
f 536/1030/526 540/1035/530 539/1035/532 535/1031/528
f 541/1036/533 545/1037/534 548/1038/535 544/1039/536
f 542/1040/537 546/1041/538 545/1042/534 541/1043/533
f 543/1044/539 547/1045/540 546/1046/538 542/1047/537
f 544/1048/536 548/1049/535 547/1050/540 543/1051/539
f 545/1037/534 549/1052/541 552/1053/542 548/1038/535
f 546/1041/538 550/1054/543 549/1055/541 545/1042/534
f 547/1045/540 551/1056/544 550/1057/543 546/1046/538
f 548/1049/535 552/1058/542 551/1059/544 547/1050/540
f 549/1052/541 553/1060/545 556/1061/546 552/1053/542
f 550/1054/543 554/1062/547 553/1063/545 549/1055/541
f 551/1056/544 555/1064/548 554/1065/547 550/1057/543
f 552/1058/542 556/1066/546 555/1067/548 551/1059/544
f 553/1060/545 557/1068/549 560/1069/550 556/1061/546
f 554/1062/547 558/1070/551 557/1071/549 553/1063/545
f 555/1064/548 559/1072/552 558/1073/551 554/1065/547
f 556/1066/546 560/1074/550 559/1075/552 555/1067/548
f 557/1068/549 561/1076/553 564/1076/554 560/1069/550
f 558/1070/551 562/1077/555 561/1077/553 557/1071/549
f 559/1072/552 563/1078/556 562/1078/555 558/1073/551
f 560/1074/550 564/1079/554 563/1079/556 559/1075/552
f 565/1080/557 569/1081/558 572/1082/559 568/1083/560
f 566/1084/561 570/1085/562 569/1086/558 565/1087/557
f 567/1088/563 571/1089/564 570/1090/562 566/1091/561
f 568/1092/560 572/1093/559 571/1094/564 567/1095/563
f 569/1081/558 573/1096/565 576/1097/566 572/1082/559
f 570/1085/562 574/1098/567 573/1099/565 569/1086/558
f 571/1089/564 575/1100/568 574/1101/567 570/1090/562
f 572/1093/559 576/1102/566 575/1103/568 571/1094/564
f 573/1096/565 577/1104/569 580/1105/570 576/1097/566
f 574/1098/567 578/1106/571 577/1107/569 573/1099/565
f 575/1100/568 579/1108/572 578/1109/571 574/1101/567
f 576/1102/566 580/1110/570 579/1111/572 575/1103/568
f 577/1104/569 581/1112/573 584/1113/574 580/1105/570
f 578/1106/571 582/1114/575 581/1115/573 577/1107/569
f 579/1108/572 583/1116/576 582/1117/575 578/1109/571
f 580/1110/570 584/1118/574 583/1119/576 579/1111/572
f 581/1112/573 585/1120/577 588/1120/578 584/1113/574
f 582/1114/575 586/1121/579 585/1121/577 581/1115/573
f 583/1116/576 587/1122/580 586/1122/579 582/1117/575
f 584/1118/574 588/1123/578 587/1123/580 583/1119/576
f 589/1124/581 593/1125/582 596/1126/583 592/1127/584
f 590/1128/585 594/1129/586 593/1130/582 589/1131/581
f 591/1132/587 595/1133/588 594/1134/586 590/1135/585
f 592/1136/584 596/1137/583 595/1138/588 591/1139/587
f 593/1125/582 597/1140/589 600/1141/590 596/1126/583
f 594/1129/586 598/1142/591 597/1143/589 593/1130/582
f 595/1133/588 599/1144/592 598/1145/591 594/1134/586
f 596/1137/583 600/1146/590 599/1147/592 595/1138/588
f 597/1140/589 601/1148/593 604/1149/594 600/1141/590
f 598/1142/591 602/1150/595 601/1151/593 597/1143/589
f 599/1144/592 603/1152/596 602/1153/595 598/1145/591
f 600/1146/590 604/1154/594 603/1155/596 599/1147/592
f 601/1148/593 605/1156/597 608/1157/598 604/1149/594
f 602/1150/595 606/1158/599 605/1159/597 601/1151/593
f 603/1152/596 607/1160/600 606/1161/599 602/1153/595
f 604/1154/594 608/1162/598 607/1163/600 603/1155/596
f 605/1156/597 609/1164/601 612/1164/602 608/1157/598
f 606/1158/599 610/1165/603 609/1165/601 605/1159/597
f 607/1160/600 611/1166/604 610/1166/603 606/1161/599
f 608/1162/598 612/1167/602 611/1167/604 607/1163/600
f 613/1168/605 617/1169/606 620/1170/607 616/1171/608
f 614/1172/609 618/1173/610 617/1174/606 613/1175/605
f 615/1176/611 619/1177/612 618/1178/610 614/1179/609
f 616/1180/608 620/1181/607 619/1182/612 615/1183/611
f 617/1169/606 621/1184/613 624/1185/614 620/1170/607
f 618/1173/610 622/1186/615 621/1187/613 617/1174/606
f 619/1177/612 623/1188/616 622/1189/615 618/1178/610
f 620/1181/607 624/1190/614 623/1191/616 619/1182/612
f 621/1184/613 625/1192/617 628/1193/618 624/1185/614
f 622/1186/615 626/1194/619 625/1195/617 621/1187/613
f 623/1188/616 627/1196/620 626/1197/619 622/1189/615
f 624/1190/614 628/1198/618 627/1199/620 623/1191/616
f 625/1192/617 629/1200/621 632/1201/622 628/1193/618
f 626/1194/619 630/1202/623 629/1203/621 625/1195/617
f 627/1196/620 631/1204/624 630/1205/623 626/1197/619
f 628/1198/618 632/1206/622 631/1207/624 627/1199/620
f 629/1200/621 633/1208/625 636/1208/626 632/1201/622
f 630/1202/623 634/1209/627 633/1209/625 629/1203/621
f 631/1204/624 635/1210/628 634/1210/627 630/1205/623
f 632/1206/622 636/1211/626 635/1211/628 631/1207/624
f 637/1212/629 641/1213/630 644/1214/631 640/1215/632
f 638/1216/633 642/1217/634 641/1218/630 637/1219/629
f 639/1220/635 643/1221/636 642/1222/634 638/1223/633
f 640/1224/632 644/1225/631 643/1226/636 639/1227/635
f 641/1213/630 645/1228/637 648/1229/638 644/1214/631
f 642/1217/634 646/1230/639 645/1231/637 641/1218/630
f 643/1221/636 647/1232/640 646/1233/639 642/1222/634
f 644/1225/631 648/1234/638 647/1235/640 643/1226/636
f 645/1228/637 649/1236/641 652/1237/642 648/1229/638
f 646/1230/639 650/1238/643 649/1239/641 645/1231/637
f 647/1232/640 651/1240/644 650/1241/643 646/1233/639
f 648/1234/638 652/1242/642 651/1243/644 647/1235/640
f 649/1236/641 653/1244/645 656/1245/646 652/1237/642
f 650/1238/643 654/1246/647 653/1247/645 649/1239/641
f 651/1240/644 655/1248/648 654/1249/647 650/1241/643
f 652/1242/642 656/1250/646 655/1251/648 651/1243/644
f 653/1244/645 657/1252/649 660/1252/650 656/1245/646
f 654/1246/647 658/1253/651 657/1253/649 653/1247/645
f 655/1248/648 659/1254/652 658/1254/651 654/1249/647
f 656/1250/646 660/1255/650 659/1255/652 655/1251/648
f 661/1256/653 665/1257/654 668/1258/655 664/1259/656
f 662/1260/657 666/1261/658 665/1262/654 661/1263/653
f 663/1264/659 667/1265/660 666/1266/658 662/1267/657
f 664/1268/656 668/1269/655 667/1270/660 663/1271/659
f 665/1257/654 669/1272/661 672/1273/662 668/1258/655
f 666/1261/658 670/1274/663 669/1275/661 665/1262/654
f 667/1265/660 671/1276/664 670/1277/663 666/1266/658
f 668/1269/655 672/1278/662 671/1279/664 667/1270/660
f 669/1272/661 673/1280/665 676/1281/666 672/1273/662
f 670/1274/663 674/1282/667 673/1283/665 669/1275/661
f 671/1276/664 675/1284/668 674/1285/667 670/1277/663
f 672/1278/662 676/1286/666 675/1287/668 671/1279/664
f 673/1280/665 677/1288/669 680/1289/670 676/1281/666
f 674/1282/667 678/1290/671 677/1291/669 673/1283/665
f 675/1284/668 679/1292/672 678/1293/671 674/1285/667
f 676/1286/666 680/1294/670 679/1295/672 675/1287/668
f 677/1288/669 681/1296/673 684/1296/674 680/1289/670
f 678/1290/671 682/1297/675 681/1297/673 677/1291/669
f 679/1292/672 683/1298/676 682/1298/675 678/1293/671
f 680/1294/670 684/1299/674 683/1299/676 679/1295/672
f 685/1300/677 689/1301/678 692/1302/679 688/1303/680
f 686/1304/681 690/1305/682 689/1306/678 685/1307/677
f 687/1308/683 691/1309/684 690/1310/682 686/1311/681
f 688/1312/680 692/1313/679 691/1314/684 687/1315/683
f 689/1301/678 693/1316/685 696/1317/686 692/1302/679
f 690/1305/682 694/1318/687 693/1319/685 689/1306/678
f 691/1309/684 695/1320/688 694/1321/687 690/1310/682
f 692/1313/679 696/1322/686 695/1323/688 691/1314/684
f 693/1316/685 697/1324/689 700/1325/690 696/1317/686
f 694/1318/687 698/1326/691 697/1327/689 693/1319/685
f 695/1320/688 699/1328/692 698/1329/691 694/1321/687
f 696/1322/686 700/1330/690 699/1331/692 695/1323/688
f 697/1324/689 701/1332/693 704/1333/694 700/1325/690
f 698/1326/691 702/1334/695 701/1335/693 697/1327/689
f 699/1328/692 703/1336/696 702/1337/695 698/1329/691
f 700/1330/690 704/1338/694 703/1339/696 699/1331/692
f 701/1332/693 705/1340/697 708/1340/698 704/1333/694
f 702/1334/695 706/1341/699 705/1341/697 701/1335/693
f 703/1336/696 707/1342/700 706/1342/699 702/1337/695
f 704/1338/694 708/1343/698 707/1343/700 703/1339/696
f 709/1344/701 713/1345/702 716/1346/703 712/1347/704
f 710/1348/705 714/1349/706 713/1350/702 709/1351/701
f 711/1352/707 715/1353/708 714/1354/706 710/1355/705
f 712/1356/704 716/1357/703 715/1358/708 711/1359/707
f 713/1345/702 717/1360/709 720/1361/710 716/1346/703
f 714/1349/706 718/1362/711 717/1363/709 713/1350/702
f 715/1353/708 719/1364/712 718/1365/711 714/1354/706
f 716/1357/703 720/1366/710 719/1367/712 715/1358/708
f 717/1360/709 721/1368/713 724/1369/714 720/1361/710
f 718/1362/711 722/1370/715 721/1371/713 717/1363/709
f 719/1364/712 723/1372/716 722/1373/715 718/1365/711
f 720/1366/710 724/1374/714 723/1375/716 719/1367/712
f 721/1368/713 725/1376/717 728/1377/718 724/1369/714
f 722/1370/715 726/1378/719 725/1379/717 721/1371/713
f 723/1372/716 727/1380/720 726/1381/719 722/1373/715
f 724/1374/714 728/1382/718 727/1383/720 723/1375/716
f 725/1376/717 729/1384/721 732/1384/722 728/1377/718
f 726/1378/719 730/1385/723 729/1385/721 725/1379/717
f 727/1380/720 731/1386/724 730/1386/723 726/1381/719
f 728/1382/718 732/1387/722 731/1387/724 727/1383/720
f 733/1388/725 737/1389/726 740/1390/727 736/1391/728
f 734/1392/729 738/1393/730 737/1394/726 733/1395/725
f 735/1396/731 739/1397/732 738/1398/730 734/1399/729
f 736/1400/728 740/1401/727 739/1402/732 735/1403/731
f 737/1389/726 741/1404/733 744/1405/734 740/1390/727
f 738/1393/730 742/1406/735 741/1407/733 737/1394/726
f 739/1397/732 743/1408/736 742/1409/735 738/1398/730
f 740/1401/727 744/1410/734 743/1411/736 739/1402/732
f 741/1404/733 745/1412/737 748/1413/738 744/1405/734
f 742/1406/735 746/1414/739 745/1415/737 741/1407/733
f 743/1408/736 747/1416/740 746/1417/739 742/1409/735
f 744/1410/734 748/1418/738 747/1419/740 743/1411/736
f 745/1412/737 749/1420/741 752/1421/742 748/1413/738
f 746/1414/739 750/1422/743 749/1423/741 745/1415/737
f 747/1416/740 751/1424/744 750/1425/743 746/1417/739
f 748/1418/738 752/1426/742 751/1427/744 747/1419/740
f 749/1420/741 753/1428/745 756/1428/746 752/1421/742
f 750/1422/743 754/1429/747 753/1429/745 749/1423/741
f 751/1424/744 755/1430/748 754/1430/747 750/1425/743
f 752/1426/742 756/1431/746 755/1431/748 751/1427/744
f 757/1432/749 761/1433/750 764/1434/751 760/1435/752
f 758/1436/753 762/1437/754 761/1438/750 757/1439/749
f 759/1440/755 763/1441/756 762/1442/754 758/1443/753
f 760/1444/752 764/1445/751 763/1446/756 759/1447/755
f 761/1433/750 765/1448/757 768/1449/758 764/1434/751
f 762/1437/754 766/1450/759 765/1451/757 761/1438/750
f 763/1441/756 767/1452/760 766/1453/759 762/1442/754
f 764/1445/751 768/1454/758 767/1455/760 763/1446/756
f 765/1448/757 769/1456/761 772/1457/762 768/1449/758
f 766/1450/759 770/1458/763 769/1459/761 765/1451/757
f 767/1452/760 771/1460/764 770/1461/763 766/1453/759
f 768/1454/758 772/1462/762 771/1463/764 767/1455/760
f 769/1456/761 773/1464/765 776/1465/766 772/1457/762
f 770/1458/763 774/1466/767 773/1467/765 769/1459/761
f 771/1460/764 775/1468/768 774/1469/767 770/1461/763
f 772/1462/762 776/1470/766 775/1471/768 771/1463/764
f 773/1472/765 777/1473/769 780/1473/770 776/1470/766
f 774/1466/767 778/1474/771 777/1474/769 773/1467/765
f 775/1475/768 779/1474/772 778/1474/771 774/1466/767
f 776/1470/766 780/1473/770 779/1473/772 775/1471/768
f 781/1476/773 785/1477/774 788/1478/775 784/1479/776
f 782/1480/777 786/1481/778 785/1482/774 781/1483/773
f 783/1484/779 787/1485/780 786/1486/778 782/1487/777
f 784/1488/776 788/1489/775 787/1490/780 783/1491/779
f 785/1477/774 789/1492/781 792/1493/782 788/1478/775
f 786/1481/778 790/1494/783 789/1495/781 785/1482/774
f 787/1485/780 791/1496/784 790/1497/783 786/1486/778
f 788/1489/775 792/1498/782 791/1499/784 787/1490/780
f 789/1492/781 793/1500/785 796/1501/786 792/1493/782
f 790/1494/783 794/1502/787 793/1503/785 789/1495/781
f 791/1496/784 795/1504/788 794/1505/787 790/1497/783
f 792/1498/782 796/1506/786 795/1507/788 791/1499/784
f 793/1500/785 797/1508/789 800/1509/790 796/1501/786
f 794/1502/787 798/1510/791 797/1511/789 793/1503/785
f 795/1504/788 799/1512/792 798/1513/791 794/1505/787
f 796/1506/786 800/1514/790 799/1515/792 795/1507/788
f 797/1508/789 801/1516/793 804/1516/794 800/1509/790
f 798/1510/791 802/1517/795 801/1517/793 797/1511/789
f 799/1512/792 803/1518/796 802/1518/795 798/1513/791
f 800/1514/790 804/1519/794 803/1519/796 799/1515/792
f 805/1520/797 809/1521/798 812/1522/799 808/1523/800
f 806/1524/801 810/1525/802 809/1526/798 805/1527/797
f 807/1528/803 811/1529/804 810/1530/802 806/1531/801
f 808/1532/800 812/1533/799 811/1534/804 807/1535/803
f 809/1521/798 813/1536/805 816/1537/806 812/1522/799
f 810/1525/802 814/1538/807 813/1539/805 809/1526/798
f 811/1529/804 815/1540/808 814/1541/807 810/1530/802
f 812/1533/799 816/1542/806 815/1543/808 811/1534/804
f 813/1536/805 817/1544/809 820/1545/810 816/1537/806
f 814/1538/807 818/1546/811 817/1547/809 813/1539/805
f 815/1540/808 819/1548/812 818/1549/811 814/1541/807
f 816/1542/806 820/1550/810 819/1551/812 815/1543/808
f 817/1552/809 821/1553/813 824/1554/814 820/1550/810
f 818/1546/811 822/1555/815 821/1556/813 817/1547/809
f 819/1557/812 823/1558/816 822/1555/815 818/1546/811
f 820/1550/810 824/1554/814 823/1559/816 819/1551/812
f 821/1560/813 825/1561/817 828/1561/818 824/1562/814
f 822/1563/815 826/1561/819 825/1561/817 821/1560/813
f 823/1564/816 827/1565/820 826/1565/819 822/1566/815
f 824/1567/814 828/1565/818 827/1565/820 823/1564/816
f 829/1568/821 833/1569/822 836/1570/823 832/1571/824
f 830/1572/825 834/1573/826 833/1574/822 829/1575/821
f 831/1576/827 835/1577/828 834/1578/826 830/1579/825
f 832/1580/824 836/1581/823 835/1582/828 831/1583/827
f 833/1569/822 837/1584/829 840/1585/830 836/1570/823
f 834/1573/826 838/1586/831 837/1587/829 833/1574/822
f 835/1577/828 839/1588/832 838/1589/831 834/1578/826
f 836/1581/823 840/1590/830 839/1591/832 835/1582/828
f 837/1584/829 841/1592/833 844/1593/834 840/1585/830
f 838/1586/831 842/1594/835 841/1595/833 837/1587/829
f 839/1588/832 843/1596/836 842/1597/835 838/1589/831
f 840/1590/830 844/1598/834 843/1599/836 839/1591/832
f 841/1592/833 845/1600/837 848/1601/838 844/1593/834
f 842/1594/835 846/1602/839 845/1603/837 841/1595/833
f 843/1596/836 847/1604/840 846/1605/839 842/1597/835
f 844/1598/834 848/1606/838 847/1607/840 843/1599/836
f 845/1600/837 849/1608/841 852/1608/842 848/1601/838
f 846/1602/839 850/1609/843 849/1609/841 845/1603/837
f 847/1604/840 851/1610/844 850/1610/843 846/1605/839
f 848/1606/838 852/1611/842 851/1611/844 847/1607/840
f 853/1612/845 857/1613/846 860/1614/847 856/1615/848
f 854/1616/849 858/1617/850 857/1618/846 853/1619/845
f 855/1620/851 859/1621/852 858/1622/850 854/1623/849
f 856/1624/848 860/1625/847 859/1626/852 855/1627/851
f 857/1613/846 861/1628/853 864/1629/854 860/1614/847
f 858/1617/850 862/1630/855 861/1631/853 857/1618/846
f 859/1621/852 863/1632/856 862/1633/855 858/1622/850
f 860/1625/847 864/1634/854 863/1635/856 859/1626/852
f 861/1628/853 865/1636/857 868/1637/858 864/1629/854
f 862/1630/855 866/1638/859 865/1639/857 861/1631/853
f 863/1632/856 867/1640/860 866/1641/859 862/1633/855
f 864/1634/854 868/1642/858 867/1643/860 863/1635/856
f 865/1636/857 869/1644/861 872/1645/862 868/1637/858
f 866/1638/859 870/1646/863 869/1647/861 865/1639/857
f 867/1640/860 871/1648/864 870/1649/863 866/1641/859
f 868/1642/858 872/1650/862 871/1651/864 867/1643/860
f 869/1644/861 873/1652/865 876/1652/866 872/1645/862
f 870/1646/863 874/1653/867 873/1653/865 869/1647/861
f 871/1648/864 875/1654/868 874/1654/867 870/1649/863
f 872/1650/862 876/1655/866 875/1655/868 871/1651/864
f 877/1656/869 881/1657/870 884/1658/871 880/1659/872
f 878/1660/873 882/1661/874 881/1662/870 877/1663/869
f 879/1664/875 883/1665/876 882/1666/874 878/1667/873
f 880/1668/872 884/1669/871 883/1670/876 879/1671/875
f 881/1657/870 885/1672/877 888/1673/878 884/1658/871
f 882/1661/874 886/1674/879 885/1675/877 881/1662/870
f 883/1665/876 887/1676/880 886/1677/879 882/1666/874
f 884/1669/871 888/1678/878 887/1679/880 883/1670/876
f 885/1672/877 889/1680/881 892/1681/882 888/1673/878
f 886/1674/879 890/1682/883 889/1683/881 885/1675/877
f 887/1676/880 891/1684/884 890/1685/883 886/1677/879
f 888/1678/878 892/1686/882 891/1687/884 887/1679/880
f 889/1680/881 893/1688/885 896/1689/886 892/1681/882
f 890/1682/883 894/1690/887 893/1691/885 889/1683/881
f 891/1684/884 895/1692/888 894/1693/887 890/1685/883
f 892/1686/882 896/1694/886 895/1695/888 891/1687/884
f 893/1688/885 897/1696/889 900/1696/890 896/1689/886
f 894/1690/887 898/1697/891 897/1697/889 893/1691/885
f 895/1692/888 899/1698/892 898/1698/891 894/1693/887
f 896/1694/886 900/1699/890 899/1699/892 895/1695/888
f 901/1700/893 905/1701/894 908/1702/895 904/1703/896
f 902/1704/897 906/1705/898 905/1706/894 901/1707/893
f 903/1708/899 907/1709/900 906/1710/898 902/1711/897
f 904/1712/896 908/1713/895 907/1714/900 903/1715/899
f 905/1701/894 909/1716/901 912/1717/902 908/1702/895
f 906/1705/898 910/1718/903 909/1719/901 905/1706/894
f 907/1709/900 911/1720/904 910/1721/903 906/1710/898
f 908/1713/895 912/1722/902 911/1723/904 907/1714/900
f 909/1716/901 913/1724/905 916/1725/906 912/1717/902
f 910/1718/903 914/1726/907 913/1727/905 909/1719/901
f 911/1720/904 915/1728/908 914/1729/907 910/1721/903
f 912/1722/902 916/1730/906 915/1731/908 911/1723/904
f 913/1724/905 917/1732/909 920/1733/910 916/1725/906
f 914/1726/907 918/1734/911 917/1735/909 913/1727/905
f 915/1728/908 919/1736/912 918/1737/911 914/1729/907
f 916/1730/906 920/1738/910 919/1739/912 915/1731/908
f 917/1732/909 921/1740/913 924/1740/914 920/1733/910
f 918/1734/911 922/1741/915 921/1741/913 917/1735/909
f 919/1736/912 923/1742/916 922/1742/915 918/1737/911
f 920/1738/910 924/1743/914 923/1743/916 919/1739/912
f 925/1744/917 929/1745/918 932/1746/919 928/1747/920
f 926/1748/921 930/1749/922 929/1750/918 925/1751/917
f 927/1752/923 931/1753/924 930/1754/922 926/1755/921
f 928/1756/920 932/1757/919 931/1758/924 927/1759/923
f 929/1745/918 933/1760/925 936/1761/926 932/1746/919
f 930/1749/922 934/1762/927 933/1763/925 929/1750/918
f 931/1753/924 935/1764/928 934/1765/927 930/1754/922
f 932/1757/919 936/1766/926 935/1767/928 931/1758/924
f 933/1760/925 937/1768/929 940/1769/930 936/1761/926
f 934/1762/927 938/1770/931 937/1771/929 933/1763/925
f 935/1764/928 939/1772/932 938/1773/931 934/1765/927
f 936/1766/926 940/1774/930 939/1775/932 935/1767/928
f 937/1768/929 941/1776/933 944/1777/934 940/1769/930
f 938/1770/931 942/1778/935 941/1779/933 937/1771/929
f 939/1772/932 943/1780/936 942/1781/935 938/1773/931
f 940/1774/930 944/1782/934 943/1783/936 939/1775/932
f 941/1776/933 945/1784/937 948/1784/938 944/1777/934
f 942/1778/935 946/1785/939 945/1785/937 941/1779/933
f 943/1780/936 947/1786/940 946/1786/939 942/1781/935
f 944/1782/934 948/1787/938 947/1787/940 943/1783/936
f 949/1788/941 953/1789/942 956/1790/943 952/1791/944
f 950/1792/945 954/1793/946 953/1794/942 949/1795/941
f 951/1796/947 955/1797/948 954/1798/946 950/1799/945
f 952/1800/944 956/1801/943 955/1802/948 951/1803/947
f 953/1789/942 957/1804/949 960/1805/950 956/1790/943
f 954/1793/946 958/1806/951 957/1807/949 953/1794/942
f 955/1797/948 959/1808/952 958/1809/951 954/1798/946
f 956/1801/943 960/1810/950 959/1811/952 955/1802/948
f 957/1804/949 961/1812/953 964/1813/954 960/1805/950
f 958/1806/951 962/1814/955 961/1815/953 957/1807/949
f 959/1808/952 963/1816/956 962/1817/955 958/1809/951
f 960/1810/950 964/1818/954 963/1819/956 959/1811/952
f 961/1812/953 965/1820/957 968/1821/958 964/1813/954
f 962/1814/955 966/1822/959 965/1823/957 961/1815/953
f 963/1816/956 967/1824/960 966/1825/959 962/1817/955
f 964/1818/954 968/1826/958 967/1827/960 963/1819/956
f 965/1820/957 969/1828/961 972/1828/962 968/1821/958
f 966/1822/959 970/1829/963 969/1829/961 965/1823/957
f 967/1824/960 971/1830/964 970/1830/963 966/1825/959
f 968/1826/958 972/1831/962 971/1831/964 967/1827/960
f 973/1832/965 977/1833/966 980/1834/967 976/1835/968
f 974/1836/969 978/1837/970 977/1838/966 973/1839/965
f 975/1840/971 979/1841/972 978/1842/970 974/1843/969
f 976/1844/968 980/1845/967 979/1846/972 975/1847/971
f 977/1833/966 981/1848/973 984/1849/974 980/1834/967
f 978/1837/970 982/1850/975 981/1851/973 977/1838/966
f 979/1841/972 983/1852/976 982/1853/975 978/1842/970
f 980/1845/967 984/1854/974 983/1855/976 979/1846/972
f 981/1848/973 985/1856/977 988/1857/978 984/1849/974
f 982/1850/975 986/1858/979 985/1859/977 981/1851/973
f 983/1852/976 987/1860/980 986/1861/979 982/1853/975
f 984/1854/974 988/1862/978 987/1863/980 983/1855/976
f 985/1856/977 989/1864/981 992/1865/982 988/1857/978
f 986/1858/979 990/1866/983 989/1867/981 985/1859/977
f 987/1860/980 991/1868/984 990/1869/983 986/1861/979
f 988/1862/978 992/1870/982 991/1871/984 987/1863/980
f 989/1864/981 993/1872/985 996/1872/986 992/1865/982
f 990/1866/983 994/1873/987 993/1873/985 989/1867/981
f 991/1868/984 995/1874/988 994/1874/987 990/1869/983
f 992/1870/982 996/1875/986 995/1875/988 991/1871/984
f 997/1876/989 1001/1877/990 1004/1878/991 1000/1879/992
f 998/1880/993 1002/1881/994 1001/1882/990 997/1883/989
f 999/1884/995 1003/1885/996 1002/1886/994 998/1887/993
f 1000/1888/992 1004/1889/991 1003/1890/996 999/1891/995
f 1001/1877/990 1005/1892/997 1008/1893/998 1004/1878/991
f 1002/1881/994 1006/1894/999 1005/1895/997 1001/1882/990
f 1003/1885/996 1007/1896/1000 1006/1897/999 1002/1886/994
f 1004/1889/991 1008/1898/998 1007/1899/1000 1003/1890/996
f 1005/1892/997 1009/1900/1001 1012/1901/1002 1008/1893/998
f 1006/1894/999 1010/1902/1003 1009/1903/1001 1005/1895/997
f 1007/1896/1000 1011/1904/1004 1010/1905/1003 1006/1897/999
f 1008/1898/998 1012/1906/1002 1011/1907/1004 1007/1899/1000
f 1009/1900/1001 1013/1908/1005 1016/1909/1006 1012/1901/1002
f 1010/1902/1003 1014/1910/1007 1013/1911/1005 1009/1903/1001
f 1011/1904/1004 1015/1912/1008 1014/1913/1007 1010/1905/1003
f 1012/1906/1002 1016/1914/1006 1015/1915/1008 1011/1907/1004
f 1013/1908/1005 1017/1916/1009 1020/1916/1010 1016/1909/1006
f 1014/1910/1007 1018/1917/1011 1017/1917/1009 1013/1911/1005
f 1015/1912/1008 1019/1918/1012 1018/1918/1011 1014/1913/1007
f 1016/1914/1006 1020/1919/1010 1019/1919/1012 1015/1915/1008
f 1021/1920/1013 1025/1921/1014 1028/1922/1015 1024/1923/1016
f 1022/1924/1017 1026/1925/1018 1025/1926/1014 1021/1927/1013
f 1023/1928/1019 1027/1929/1020 1026/1930/1018 1022/1931/1017
f 1024/1932/1016 1028/1933/1015 1027/1934/1020 1023/1935/1019
f 1025/1921/1014 1029/1936/1021 1032/1937/1022 1028/1922/1015
f 1026/1925/1018 1030/1938/1023 1029/1939/1021 1025/1926/1014
f 1027/1929/1020 1031/1940/1024 1030/1941/1023 1026/1930/1018
f 1028/1933/1015 1032/1942/1022 1031/1943/1024 1027/1934/1020
f 1029/1936/1021 1033/1944/1025 1036/1945/1026 1032/1937/1022
f 1030/1938/1023 1034/1946/1027 1033/1947/1025 1029/1939/1021
f 1031/1940/1024 1035/1948/1028 1034/1949/1027 1030/1941/1023
f 1032/1942/1022 1036/1950/1026 1035/1951/1028 1031/1943/1024
f 1033/1944/1025 1037/1952/1029 1040/1953/1030 1036/1945/1026
f 1034/1946/1027 1038/1954/1031 1037/1955/1029 1033/1947/1025
f 1035/1948/1028 1039/1956/1032 1038/1957/1031 1034/1949/1027
f 1036/1950/1026 1040/1958/1030 1039/1959/1032 1035/1951/1028
f 1037/1952/1029 1041/1960/1033 1044/1960/1034 1040/1953/1030
f 1038/1954/1031 1042/1961/1035 1041/1961/1033 1037/1955/1029
f 1039/1956/1032 1043/1962/1036 1042/1962/1035 1038/1957/1031
f 1040/1958/1030 1044/1963/1034 1043/1963/1036 1039/1959/1032
f 1045/1964/1037 1049/1965/1038 1052/1966/1039 1048/1967/1040
f 1046/1968/1041 1050/1969/1042 1049/1970/1038 1045/1971/1037
f 1047/1972/1043 1051/1973/1044 1050/1974/1042 1046/1975/1041
f 1048/1976/1040 1052/1977/1039 1051/1978/1044 1047/1979/1043
f 1049/1965/1038 1053/1980/1045 1056/1981/1046 1052/1966/1039
f 1050/1969/1042 1054/1982/1047 1053/1983/1045 1049/1970/1038
f 1051/1973/1044 1055/1984/1048 1054/1985/1047 1050/1974/1042
f 1052/1977/1039 1056/1986/1046 1055/1987/1048 1051/1978/1044
f 1053/1980/1045 1057/1988/1049 1060/1989/1050 1056/1981/1046
f 1054/1982/1047 1058/1990/1051 1057/1991/1049 1053/1983/1045
f 1055/1984/1048 1059/1992/1052 1058/1993/1051 1054/1985/1047
f 1056/1986/1046 1060/1994/1050 1059/1995/1052 1055/1987/1048
f 1057/1988/1049 1061/1996/1053 1064/1997/1054 1060/1989/1050
f 1058/1990/1051 1062/1998/1055 1061/1999/1053 1057/1991/1049
f 1059/1992/1052 1063/2000/1056 1062/2001/1055 1058/1993/1051
f 1060/1994/1050 1064/2002/1054 1063/2003/1056 1059/1995/1052
f 1061/1996/1053 1065/2004/1057 1068/2004/1058 1064/1997/1054
f 1062/1998/1055 1066/2005/1059 1065/2005/1057 1061/1999/1053
f 1063/2000/1056 1067/2006/1060 1066/2006/1059 1062/2001/1055
f 1064/2002/1054 1068/2007/1058 1067/2007/1060 1063/2003/1056
f 1069/2008/1061 1073/2009/1062 1076/2010/1063 1072/2011/1064
f 1070/2012/1065 1074/2013/1066 1073/2014/1062 1069/2015/1061
f 1071/2016/1067 1075/2017/1068 1074/2018/1066 1070/2019/1065
f 1072/2020/1064 1076/2021/1063 1075/2022/1068 1071/2023/1067
f 1073/2009/1062 1077/2024/1069 1080/2025/1070 1076/2010/1063
f 1074/2013/1066 1078/2026/1071 1077/2027/1069 1073/2014/1062
f 1075/2017/1068 1079/2028/1072 1078/2029/1071 1074/2018/1066
f 1076/2021/1063 1080/2030/1070 1079/2031/1072 1075/2022/1068
f 1077/2024/1069 1081/2032/1073 1084/2033/1074 1080/2025/1070
f 1078/2026/1071 1082/2034/1075 1081/2035/1073 1077/2027/1069
f 1079/2028/1072 1083/2036/1076 1082/2037/1075 1078/2029/1071
f 1080/2030/1070 1084/2038/1074 1083/2039/1076 1079/2031/1072
f 1081/2032/1073 1085/2040/1077 1088/2041/1078 1084/2033/1074
f 1082/2034/1075 1086/2042/1079 1085/2043/1077 1081/2035/1073
f 1083/2036/1076 1087/2044/1080 1086/2045/1079 1082/2037/1075
f 1084/2038/1074 1088/2046/1078 1087/2047/1080 1083/2039/1076
f 1085/2040/1077 1089/2048/1081 1092/2048/1082 1088/2041/1078
f 1086/2042/1079 1090/2049/1083 1089/2049/1081 1085/2043/1077
f 1087/2044/1080 1091/2050/1084 1090/2050/1083 1086/2045/1079
f 1088/2046/1078 1092/2051/1082 1091/2051/1084 1087/2047/1080
f 1093/2052/1085 1097/2053/1086 1100/2054/1087 1096/2055/1088
f 1094/2056/1089 1098/2057/1090 1097/2058/1086 1093/2059/1085
f 1095/2060/1091 1099/2061/1092 1098/2062/1090 1094/2063/1089
f 1096/2064/1088 1100/2065/1087 1099/2066/1092 1095/2067/1091
f 1097/2053/1086 1101/2068/1093 1104/2069/1094 1100/2054/1087
f 1098/2057/1090 1102/2070/1095 1101/2071/1093 1097/2058/1086
f 1099/2061/1092 1103/2072/1096 1102/2073/1095 1098/2062/1090
f 1100/2065/1087 1104/2074/1094 1103/2075/1096 1099/2066/1092
f 1101/2068/1093 1105/2076/1097 1108/2077/1098 1104/2069/1094
f 1102/2070/1095 1106/2078/1099 1105/2079/1097 1101/2071/1093
f 1103/2072/1096 1107/2080/1100 1106/2081/1099 1102/2073/1095
f 1104/2074/1094 1108/2082/1098 1107/2083/1100 1103/2075/1096
f 1105/2076/1097 1109/2084/1101 1112/2085/1102 1108/2077/1098
f 1106/2078/1099 1110/2086/1103 1109/2087/1101 1105/2079/1097
f 1107/2080/1100 1111/2088/1104 1110/2089/1103 1106/2081/1099
f 1108/2082/1098 1112/2090/1102 1111/2091/1104 1107/2083/1100
f 1109/2084/1101 1113/2092/1105 1116/2092/1106 1112/2085/1102
f 1110/2086/1103 1114/2093/1107 1113/2093/1105 1109/2087/1101
f 1111/2088/1104 1115/2094/1108 1114/2094/1107 1110/2089/1103
f 1112/2090/1102 1116/2095/1106 1115/2095/1108 1111/2091/1104
f 1117/2096/1109 1121/2097/1110 1124/2098/1111 1120/2099/1112
f 1118/2100/1113 1122/2101/1114 1121/2102/1110 1117/2103/1109
f 1119/2104/1115 1123/2105/1116 1122/2106/1114 1118/2107/1113
f 1120/2108/1112 1124/2109/1111 1123/2110/1116 1119/2111/1115
f 1121/2097/1110 1125/2112/1117 1128/2113/1118 1124/2098/1111
f 1122/2101/1114 1126/2114/1119 1125/2115/1117 1121/2102/1110
f 1123/2105/1116 1127/2116/1120 1126/2117/1119 1122/2106/1114
f 1124/2109/1111 1128/2118/1118 1127/2119/1120 1123/2110/1116
f 1125/2112/1117 1129/2120/1121 1132/2121/1122 1128/2113/1118
f 1126/2114/1119 1130/2122/1123 1129/2123/1121 1125/2115/1117
f 1127/2116/1120 1131/2124/1124 1130/2125/1123 1126/2117/1119
f 1128/2118/1118 1132/2126/1122 1131/2127/1124 1127/2119/1120
f 1129/2120/1121 1133/2128/1125 1136/2129/1126 1132/2121/1122
f 1130/2122/1123 1134/2130/1127 1133/2131/1125 1129/2123/1121
f 1131/2124/1124 1135/2132/1128 1134/2133/1127 1130/2125/1123
f 1132/2126/1122 1136/2134/1126 1135/2135/1128 1131/2127/1124
f 1133/2128/1125 1137/2136/1129 1140/2136/1130 1136/2129/1126
f 1134/2130/1127 1138/2137/1131 1137/2137/1129 1133/2131/1125
f 1135/2132/1128 1139/2138/1132 1138/2138/1131 1134/2133/1127
f 1136/2134/1126 1140/2139/1130 1139/2139/1132 1135/2135/1128
f 1141/2140/1133 1145/2141/1134 1148/2142/1135 1144/2143/1136
f 1142/2144/1137 1146/2145/1138 1145/2146/1134 1141/2147/1133
f 1143/2148/1139 1147/2149/1140 1146/2150/1138 1142/2151/1137
f 1144/2152/1136 1148/2153/1135 1147/2154/1140 1143/2155/1139
f 1145/2141/1134 1149/2156/1141 1152/2157/1142 1148/2142/1135
f 1146/2145/1138 1150/2158/1143 1149/2159/1141 1145/2146/1134
f 1147/2149/1140 1151/2160/1144 1150/2161/1143 1146/2150/1138
f 1148/2153/1135 1152/2162/1142 1151/2163/1144 1147/2154/1140
f 1149/2156/1141 1153/2164/1145 1156/2165/1146 1152/2157/1142
f 1150/2158/1143 1154/2166/1147 1153/2167/1145 1149/2159/1141
f 1151/2160/1144 1155/2168/1148 1154/2169/1147 1150/2161/1143
f 1152/2162/1142 1156/2170/1146 1155/2171/1148 1151/2163/1144
f 1153/2164/1145 1157/2172/1149 1160/2173/1150 1156/2165/1146
f 1154/2166/1147 1158/2174/1151 1157/2175/1149 1153/2167/1145
f 1155/2168/1148 1159/2176/1152 1158/2177/1151 1154/2169/1147
f 1156/2170/1146 1160/2178/1150 1159/2179/1152 1155/2171/1148
f 1157/2172/1149 1161/2180/1153 1164/2180/1154 1160/2173/1150
f 1158/2174/1151 1162/2181/1155 1161/2181/1153 1157/2175/1149
f 1159/2176/1152 1163/2182/1156 1162/2182/1155 1158/2177/1151
f 1160/2178/1150 1164/2183/1154 1163/2183/1156 1159/2179/1152
f 1165/2184/1157 1169/2185/1158 1172/2186/1159 1168/2187/1160
f 1166/2188/1161 1170/2189/1162 1169/2190/1158 1165/2191/1157
f 1167/2192/1163 1171/2193/1164 1170/2194/1162 1166/2195/1161
f 1168/2196/1160 1172/2197/1159 1171/2198/1164 1167/2199/1163
f 1169/2185/1158 1173/2200/1165 1176/2201/1166 1172/2186/1159
f 1170/2189/1162 1174/2202/1167 1173/2203/1165 1169/2190/1158
f 1171/2193/1164 1175/2204/1168 1174/2205/1167 1170/2194/1162
f 1172/2197/1159 1176/2206/1166 1175/2207/1168 1171/2198/1164
f 1173/2200/1165 1177/2208/1169 1180/2209/1170 1176/2201/1166
f 1174/2202/1167 1178/2210/1171 1177/2211/1169 1173/2203/1165
f 1175/2204/1168 1179/2212/1172 1178/2213/1171 1174/2205/1167
f 1176/2206/1166 1180/2214/1170 1179/2215/1172 1175/2207/1168
f 1177/2208/1169 1181/2216/1173 1184/2217/1174 1180/2209/1170
f 1178/2210/1171 1182/2218/1175 1181/2219/1173 1177/2211/1169
f 1179/2212/1172 1183/2220/1176 1182/2221/1175 1178/2213/1171
f 1180/2214/1170 1184/2222/1174 1183/2223/1176 1179/2215/1172
f 1181/2216/1173 1185/2224/1177 1188/2224/1178 1184/2217/1174
f 1182/2218/1175 1186/2225/1179 1185/2225/1177 1181/2219/1173
f 1183/2220/1176 1187/2226/1180 1186/2226/1179 1182/2221/1175
f 1184/2222/1174 1188/2227/1178 1187/2227/1180 1183/2223/1176
f 1189/2228/1181 1193/2229/1182 1196/2230/1183 1192/2231/1184
f 1190/2232/1185 1194/2233/1186 1193/2234/1182 1189/2235/1181
f 1191/2236/1187 1195/2237/1188 1194/2238/1186 1190/2239/1185
f 1192/2240/1184 1196/2241/1183 1195/2242/1188 1191/2243/1187
f 1193/2229/1182 1197/2244/1189 1200/2245/1190 1196/2230/1183
f 1194/2233/1186 1198/2246/1191 1197/2247/1189 1193/2234/1182
f 1195/2237/1188 1199/2248/1192 1198/2249/1191 1194/2238/1186
f 1196/2241/1183 1200/2250/1190 1199/2251/1192 1195/2242/1188
f 1197/2244/1189 1201/2252/1193 1204/2253/1194 1200/2245/1190
f 1198/2246/1191 1202/2254/1195 1201/2255/1193 1197/2247/1189
f 1199/2248/1192 1203/2256/1196 1202/2257/1195 1198/2249/1191
f 1200/2250/1190 1204/2258/1194 1203/2259/1196 1199/2251/1192
f 1201/2252/1193 1205/2260/1197 1208/2261/1198 1204/2253/1194
f 1202/2254/1195 1206/2262/1199 1205/2263/1197 1201/2255/1193
f 1203/2256/1196 1207/2264/1200 1206/2265/1199 1202/2257/1195
f 1204/2258/1194 1208/2266/1198 1207/2267/1200 1203/2259/1196
f 1205/2260/1197 1209/2268/1201 1212/2268/1202 1208/2261/1198
f 1206/2262/1199 1210/2269/1203 1209/2269/1201 1205/2263/1197
f 1207/2264/1200 1211/2270/1204 1210/2270/1203 1206/2265/1199
f 1208/2266/1198 1212/2271/1202 1211/2271/1204 1207/2267/1200
f 1213/2272/1205 1217/2273/1206 1220/2274/1207 1216/2275/1208
f 1214/2276/1209 1218/2277/1210 1217/2278/1206 1213/2279/1205
f 1215/2280/1211 1219/2281/1212 1218/2282/1210 1214/2283/1209
f 1216/2284/1208 1220/2285/1207 1219/2286/1212 1215/2287/1211
f 1217/2273/1206 1221/2288/1213 1224/2289/1214 1220/2274/1207
f 1218/2277/1210 1222/2290/1215 1221/2291/1213 1217/2278/1206
f 1219/2281/1212 1223/2292/1216 1222/2293/1215 1218/2282/1210
f 1220/2285/1207 1224/2294/1214 1223/2295/1216 1219/2286/1212
f 1221/2288/1213 1225/2296/1217 1228/2297/1218 1224/2289/1214
f 1222/2290/1215 1226/2298/1219 1225/2299/1217 1221/2291/1213
f 1223/2292/1216 1227/2300/1220 1226/2301/1219 1222/2293/1215
f 1224/2294/1214 1228/2302/1218 1227/2303/1220 1223/2295/1216
f 1225/2296/1217 1229/2304/1221 1232/2305/1222 1228/2297/1218
f 1226/2298/1219 1230/2306/1223 1229/2307/1221 1225/2299/1217
f 1227/2300/1220 1231/2308/1224 1230/2309/1223 1226/2301/1219
f 1228/2302/1218 1232/2310/1222 1231/2311/1224 1227/2303/1220
f 1229/2304/1221 1233/2312/1225 1236/2312/1226 1232/2305/1222
f 1230/2306/1223 1234/2313/1227 1233/2313/1225 1229/2307/1221
f 1231/2308/1224 1235/2314/1228 1234/2314/1227 1230/2309/1223
f 1232/2310/1222 1236/2315/1226 1235/2315/1228 1231/2311/1224
f 1237/2316/1229 1241/2317/1230 1244/2318/1231 1240/2319/1232
f 1238/2320/1233 1242/2321/1234 1241/2322/1230 1237/2323/1229
f 1239/2324/1235 1243/2325/1236 1242/2326/1234 1238/2327/1233
f 1240/2328/1232 1244/2329/1231 1243/2330/1236 1239/2331/1235
f 1241/2317/1230 1245/2332/1237 1248/2333/1238 1244/2318/1231
f 1242/2321/1234 1246/2334/1239 1245/2335/1237 1241/2322/1230
f 1243/2325/1236 1247/2336/1240 1246/2337/1239 1242/2326/1234
f 1244/2329/1231 1248/2338/1238 1247/2339/1240 1243/2330/1236
f 1245/2332/1237 1249/2340/1241 1252/2341/1242 1248/2333/1238
f 1246/2334/1239 1250/2342/1243 1249/2343/1241 1245/2335/1237
f 1247/2336/1240 1251/2344/1244 1250/2345/1243 1246/2337/1239
f 1248/2338/1238 1252/2346/1242 1251/2347/1244 1247/2339/1240
f 1249/2340/1241 1253/2348/1245 1256/2349/1246 1252/2341/1242
f 1250/2342/1243 1254/2350/1247 1253/2351/1245 1249/2343/1241
f 1251/2344/1244 1255/2352/1248 1254/2353/1247 1250/2345/1243
f 1252/2346/1242 1256/2354/1246 1255/2355/1248 1251/2347/1244
f 1253/2348/1245 1257/2356/1249 1260/2356/1250 1256/2349/1246
f 1254/2350/1247 1258/2357/1251 1257/2357/1249 1253/2351/1245
f 1255/2352/1248 1259/2358/1252 1258/2358/1251 1254/2353/1247
f 1256/2354/1246 1260/2359/1250 1259/2359/1252 1255/2355/1248
f 1261/2360/1253 1265/2361/1254 1268/2362/1255 1264/2363/1256
f 1262/2364/1257 1266/2365/1258 1265/2366/1254 1261/2367/1253
f 1263/2368/1259 1267/2369/1260 1266/2370/1258 1262/2371/1257
f 1264/2372/1256 1268/2373/1255 1267/2374/1260 1263/2375/1259
f 1265/2361/1254 1269/2376/1261 1272/2377/1262 1268/2362/1255
f 1266/2365/1258 1270/2378/1263 1269/2379/1261 1265/2366/1254
f 1267/2369/1260 1271/2380/1264 1270/2381/1263 1266/2370/1258
f 1268/2373/1255 1272/2382/1262 1271/2383/1264 1267/2374/1260
f 1269/2376/1261 1273/2384/1265 1276/2385/1266 1272/2377/1262
f 1270/2378/1263 1274/2386/1267 1273/2387/1265 1269/2379/1261
f 1271/2380/1264 1275/2388/1268 1274/2389/1267 1270/2381/1263
f 1272/2382/1262 1276/2390/1266 1275/2391/1268 1271/2383/1264
f 1273/2384/1265 1277/2392/1269 1280/2393/1270 1276/2385/1266
f 1274/2386/1267 1278/2394/1271 1277/2395/1269 1273/2387/1265
f 1275/2388/1268 1279/2396/1272 1278/2397/1271 1274/2389/1267
f 1276/2390/1266 1280/2398/1270 1279/2399/1272 1275/2391/1268
f 1277/2392/1269 1281/2400/1273 1284/2400/1274 1280/2393/1270
f 1278/2394/1271 1282/2401/1275 1281/2401/1273 1277/2395/1269
f 1279/2396/1272 1283/2402/1276 1282/2402/1275 1278/2397/1271
f 1280/2398/1270 1284/2403/1274 1283/2403/1276 1279/2399/1272
f 1285/2404/1277 1289/2405/1278 1292/2406/1279 1288/2407/1280
f 1286/2408/1281 1290/2409/1282 1289/2410/1278 1285/2411/1277
f 1287/2412/1283 1291/2413/1284 1290/2414/1282 1286/2415/1281
f 1288/2416/1280 1292/2417/1279 1291/2418/1284 1287/2419/1283
f 1289/2405/1278 1293/2420/1285 1296/2421/1286 1292/2406/1279
f 1290/2409/1282 1294/2422/1287 1293/2423/1285 1289/2410/1278
f 1291/2413/1284 1295/2424/1288 1294/2425/1287 1290/2414/1282
f 1292/2417/1279 1296/2426/1286 1295/2427/1288 1291/2418/1284
f 1293/2420/1285 1297/2428/1289 1300/2429/1290 1296/2421/1286
f 1294/2422/1287 1298/2430/1291 1297/2431/1289 1293/2423/1285
f 1295/2424/1288 1299/2432/1292 1298/2433/1291 1294/2425/1287
f 1296/2426/1286 1300/2434/1290 1299/2435/1292 1295/2427/1288
f 1297/2428/1289 1301/2436/1293 1304/2437/1294 1300/2429/1290
f 1298/2430/1291 1302/2438/1295 1301/2439/1293 1297/2431/1289
f 1299/2432/1292 1303/2440/1296 1302/2441/1295 1298/2433/1291
f 1300/2434/1290 1304/2442/1294 1303/2443/1296 1299/2435/1292
f 1301/2436/1293 1305/2444/1297 1308/2444/1298 1304/2437/1294
f 1302/2438/1295 1306/2445/1299 1305/2445/1297 1301/2439/1293
f 1303/2440/1296 1307/2446/1300 1306/2446/1299 1302/2441/1295
f 1304/2442/1294 1308/2447/1298 1307/2447/1300 1303/2443/1296
f 1309/2448/1301 1313/2449/1302 1316/2450/1303 1312/2451/1304
f 1310/2452/1305 1314/2453/1306 1313/2454/1302 1309/2455/1301
f 1311/2456/1307 1315/2457/1308 1314/2458/1306 1310/2459/1305
f 1312/2460/1304 1316/2461/1303 1315/2462/1308 1311/2463/1307
f 1313/2449/1302 1317/2464/1309 1320/2465/1310 1316/2450/1303
f 1314/2453/1306 1318/2466/1311 1317/2467/1309 1313/2454/1302
f 1315/2457/1308 1319/2468/1312 1318/2469/1311 1314/2458/1306
f 1316/2461/1303 1320/2470/1310 1319/2471/1312 1315/2462/1308
f 1317/2464/1309 1321/2472/1313 1324/2473/1314 1320/2465/1310
f 1318/2466/1311 1322/2474/1315 1321/2475/1313 1317/2467/1309
f 1319/2468/1312 1323/2476/1316 1322/2477/1315 1318/2469/1311
f 1320/2470/1310 1324/2478/1314 1323/2479/1316 1319/2471/1312
f 1321/2472/1313 1325/2480/1317 1328/2481/1318 1324/2473/1314
f 1322/2474/1315 1326/2482/1319 1325/2483/1317 1321/2475/1313
f 1323/2476/1316 1327/2484/1320 1326/2485/1319 1322/2477/1315
f 1324/2478/1314 1328/2486/1318 1327/2487/1320 1323/2479/1316
f 1325/2480/1317 1329/2488/1321 1332/2488/1322 1328/2481/1318
f 1326/2482/1319 1330/2489/1323 1329/2489/1321 1325/2483/1317
f 1327/2484/1320 1331/2490/1324 1330/2490/1323 1326/2485/1319
f 1328/2486/1318 1332/2491/1322 1331/2491/1324 1327/2487/1320
f 1333/2492/1325 1337/2493/1326 1340/2494/1327 1336/2495/1328
f 1334/2496/1329 1338/2497/1330 1337/2498/1326 1333/2499/1325
f 1335/2500/1331 1339/2501/1332 1338/2502/1330 1334/2503/1329
f 1336/2504/1328 1340/2505/1327 1339/2506/1332 1335/2507/1331
f 1337/2493/1326 1341/2508/1333 1344/2509/1334 1340/2494/1327
f 1338/2497/1330 1342/2510/1335 1341/2511/1333 1337/2498/1326
f 1339/2501/1332 1343/2512/1336 1342/2513/1335 1338/2502/1330
f 1340/2505/1327 1344/2514/1334 1343/2515/1336 1339/2506/1332
f 1341/2508/1333 1345/2516/1337 1348/2517/1338 1344/2509/1334
f 1342/2510/1335 1346/2518/1339 1345/2519/1337 1341/2511/1333
f 1343/2512/1336 1347/2520/1340 1346/2521/1339 1342/2513/1335
f 1344/2514/1334 1348/2522/1338 1347/2523/1340 1343/2515/1336
f 1345/2516/1337 1349/2524/1341 1352/2525/1342 1348/2517/1338
f 1346/2518/1339 1350/2526/1343 1349/2527/1341 1345/2519/1337
f 1347/2520/1340 1351/2528/1344 1350/2529/1343 1346/2521/1339
f 1348/2522/1338 1352/2530/1342 1351/2531/1344 1347/2523/1340
f 1349/2524/1341 1353/2532/1345 1356/2532/1346 1352/2525/1342
f 1350/2526/1343 1354/2533/1347 1353/2533/1345 1349/2527/1341
f 1351/2528/1344 1355/2534/1348 1354/2534/1347 1350/2529/1343
f 1352/2530/1342 1356/2535/1346 1355/2535/1348 1351/2531/1344
f 1357/2536/1349 1361/2537/1350 1364/2538/1351 1360/2539/1352
f 1358/2540/1353 1362/2541/1354 1361/2542/1350 1357/2543/1349
f 1359/2544/1355 1363/2545/1356 1362/2546/1354 1358/2547/1353
f 1360/2548/1352 1364/2549/1351 1363/2550/1356 1359/2551/1355
f 1361/2537/1350 1365/2552/1357 1368/2553/1358 1364/2538/1351
f 1362/2541/1354 1366/2554/1359 1365/2555/1357 1361/2542/1350
f 1363/2545/1356 1367/2556/1360 1366/2557/1359 1362/2546/1354
f 1364/2549/1351 1368/2558/1358 1367/2559/1360 1363/2550/1356
f 1365/2552/1357 1369/2560/1361 1372/2561/1362 1368/2553/1358
f 1366/2554/1359 1370/2562/1363 1369/2563/1361 1365/2555/1357
f 1367/2556/1360 1371/2564/1364 1370/2565/1363 1366/2557/1359
f 1368/2558/1358 1372/2566/1362 1371/2567/1364 1367/2559/1360
f 1369/2560/1361 1373/2568/1365 1376/2569/1366 1372/2561/1362
f 1370/2562/1363 1374/2570/1367 1373/2571/1365 1369/2563/1361
f 1371/2564/1364 1375/2572/1368 1374/2573/1367 1370/2565/1363
f 1372/2566/1362 1376/2574/1366 1375/2575/1368 1371/2567/1364
f 1373/2568/1365 1377/2576/1369 1380/2576/1370 1376/2569/1366
f 1374/2570/1367 1378/2577/1371 1377/2577/1369 1373/2571/1365
f 1375/2572/1368 1379/2578/1372 1378/2578/1371 1374/2573/1367
f 1376/2574/1366 1380/2579/1370 1379/2579/1372 1375/2575/1368
f 1381/2580/1373 1385/2581/1374 1388/2582/1375 1384/2583/1376
f 1382/2584/1377 1386/2585/1378 1385/2586/1374 1381/2587/1373
f 1383/2588/1379 1387/2589/1380 1386/2590/1378 1382/2591/1377
f 1384/2592/1376 1388/2593/1375 1387/2594/1380 1383/2595/1379
f 1385/2581/1374 1389/2596/1381 1392/2597/1382 1388/2582/1375
f 1386/2585/1378 1390/2598/1383 1389/2599/1381 1385/2586/1374
f 1387/2589/1380 1391/2600/1384 1390/2601/1383 1386/2590/1378
f 1388/2593/1375 1392/2602/1382 1391/2603/1384 1387/2594/1380
f 1389/2596/1381 1393/2604/1385 1396/2605/1386 1392/2597/1382
f 1390/2598/1383 1394/2606/1387 1393/2607/1385 1389/2599/1381
f 1391/2600/1384 1395/2608/1388 1394/2609/1387 1390/2601/1383
f 1392/2602/1382 1396/2610/1386 1395/2611/1388 1391/2603/1384
f 1393/2604/1385 1397/2612/1389 1400/2613/1390 1396/2605/1386
f 1394/2606/1387 1398/2614/1391 1397/2615/1389 1393/2607/1385
f 1395/2608/1388 1399/2616/1392 1398/2617/1391 1394/2609/1387
f 1396/2610/1386 1400/2618/1390 1399/2619/1392 1395/2611/1388
f 1397/2612/1389 1401/2620/1393 1404/2620/1394 1400/2613/1390
f 1398/2614/1391 1402/2621/1395 1401/2621/1393 1397/2615/1389
f 1399/2616/1392 1403/2622/1396 1402/2622/1395 1398/2617/1391
f 1400/2618/1390 1404/2623/1394 1403/2623/1396 1399/2619/1392
f 1405/2624/1397 1409/2625/1398 1412/2626/1399 1408/2627/1400
f 1406/2628/1401 1410/2629/1402 1409/2630/1398 1405/2631/1397
f 1407/2632/1403 1411/2633/1404 1410/2634/1402 1406/2635/1401
f 1408/2636/1400 1412/2637/1399 1411/2638/1404 1407/2639/1403
f 1409/2625/1398 1413/2640/1405 1416/2641/1406 1412/2626/1399
f 1410/2629/1402 1414/2642/1407 1413/2643/1405 1409/2630/1398
f 1411/2633/1404 1415/2644/1408 1414/2645/1407 1410/2634/1402
f 1412/2637/1399 1416/2646/1406 1415/2647/1408 1411/2638/1404
f 1413/2640/1405 1417/2648/1409 1420/2649/1410 1416/2641/1406
f 1414/2642/1407 1418/2650/1411 1417/2651/1409 1413/2643/1405
f 1415/2644/1408 1419/2652/1412 1418/2653/1411 1414/2645/1407
f 1416/2646/1406 1420/2654/1410 1419/2655/1412 1415/2647/1408
f 1417/2648/1409 1421/2656/1413 1424/2657/1414 1420/2649/1410
f 1418/2650/1411 1422/2658/1415 1421/2659/1413 1417/2651/1409
f 1419/2652/1412 1423/2660/1416 1422/2661/1415 1418/2653/1411
f 1420/2654/1410 1424/2662/1414 1423/2663/1416 1419/2655/1412
f 1421/2656/1413 1425/2664/1417 1428/2664/1418 1424/2657/1414
f 1422/2658/1415 1426/1209/1419 1425/1209/1417 1421/2659/1413
f 1423/2660/1416 1427/2665/1420 1426/2665/1419 1422/2661/1415
f 1424/2662/1414 1428/2666/1418 1427/2666/1420 1423/2663/1416
f 1429/2667/1421 1433/2668/1422 1436/2669/1423 1432/2670/1424
f 1430/2671/1425 1434/2672/1426 1433/2673/1422 1429/2674/1421
f 1431/2675/1427 1435/2676/1428 1434/2677/1426 1430/2678/1425
f 1432/2679/1424 1436/2680/1423 1435/2681/1428 1431/2682/1427
f 1433/2668/1422 1437/2683/1429 1440/2684/1430 1436/2669/1423
f 1434/2672/1426 1438/2685/1431 1437/2686/1429 1433/2673/1422
f 1435/2676/1428 1439/2687/1432 1438/2688/1431 1434/2677/1426
f 1436/2680/1423 1440/2689/1430 1439/2690/1432 1435/2681/1428
f 1437/2683/1429 1441/2691/1433 1444/2692/1434 1440/2684/1430
f 1438/2688/1431 1442/2693/1435 1441/2694/1433 1437/2695/1429
f 1439/2687/1432 1443/2696/1436 1442/2693/1435 1438/2688/1431
f 1440/2689/1430 1444/2697/1434 1443/2698/1436 1439/2690/1432
f 1441/2691/1433 1445/2699/1437 1448/2700/1438 1444/2692/1434
f 1442/2701/1435 1446/2702/1439 1445/2703/1437 1441/2704/1433
f 1443/2696/1436 1447/2705/1440 1446/2706/1439 1442/2693/1435
f 1444/2697/1434 1448/2707/1438 1447/2708/1440 1443/2698/1436
f 1445/2699/1437 1449/2709/1441 1452/2709/1442 1448/2700/1438
f 1446/2702/1439 1450/2710/1443 1449/2710/1441 1445/2703/1437
f 1447/2705/1440 1451/2711/1444 1450/2711/1443 1446/2706/1439
f 1448/2707/1438 1452/2712/1442 1451/2712/1444 1447/2708/1440
f 1453/2713/1445 1457/2714/1446 1460/2715/1447 1456/2716/1448
f 1454/2717/1449 1458/2718/1450 1457/2719/1446 1453/2720/1445
f 1455/2721/1451 1459/2722/1452 1458/2723/1450 1454/2724/1449
f 1456/2725/1448 1460/2726/1447 1459/2727/1452 1455/2728/1451
f 1457/2714/1446 1461/2729/1453 1464/2730/1454 1460/2715/1447
f 1458/2718/1450 1462/2731/1455 1461/2732/1453 1457/2719/1446
f 1459/2722/1452 1463/2733/1456 1462/2734/1455 1458/2723/1450
f 1460/2726/1447 1464/2735/1454 1463/2736/1456 1459/2727/1452
f 1461/2729/1453 1465/2737/1457 1468/2737/1458 1464/2730/1454
f 1462/2731/1455 1466/2738/1459 1465/2738/1457 1461/2732/1453
f 1463/2733/1456 1467/2739/1460 1466/2739/1459 1462/2734/1455
f 1464/2735/1454 1468/2740/1458 1467/2740/1460 1463/2736/1456
f 1469/2741/1461 1473/2742/1461 1476/2742/1462 1472/2743/1462
f 1470/2744/1463 1474/2745/1463 1473/2745/1461 1469/2746/1461
f 1471/2747/1464 1475/2748/1464 1474/2748/1463 1470/2749/1463
f 1472/2750/1462 1476/2751/1462 1475/2751/1464 1471/2752/1464
f 1477/2753/1465 1481/2754/1465 1484/2754/1466 1480/2755/1466
f 1478/2756/1467 1482/2757/1467 1481/2757/1465 1477/2758/1465
f 1479/2759/1468 1483/2760/1468 1482/2760/1467 1478/2761/1467
f 1480/2762/1466 1484/2763/1466 1483/2763/1468 1479/2764/1468
f 1485/2765/1469 1489/2766/1470 1492/2767/1471 1488/2768/1472
f 1486/2769/1473 1490/2770/1474 1489/2771/1470 1485/2772/1469
f 1487/2773/1475 1491/2774/1476 1490/2775/1474 1486/2776/1473
f 1488/2768/1472 1492/2767/1471 1491/2777/1476 1487/2778/1475
f 1489/2779/1470 1493/2780/1477 1496/2781/1478 1492/2782/1471
f 1490/2770/1474 1494/2783/1479 1493/2784/1477 1489/2771/1470
f 1491/2774/1476 1495/2785/1480 1494/2786/1479 1490/2775/1474
f 1492/2767/1471 1496/2787/1478 1495/2788/1480 1491/2777/1476
f 1493/2780/1477 1497/2789/1481 1500/2790/1482 1496/2781/1478
f 1494/2783/1479 1498/2791/1483 1497/2792/1481 1493/2784/1477
f 1495/2785/1480 1499/2793/1484 1498/2794/1483 1494/2786/1479
f 1496/2787/1478 1500/2795/1482 1499/2796/1484 1495/2788/1480
f 1497/2789/1481 1501/2797/1485 1504/2797/1486 1500/2790/1482
f 1498/2791/1483 1502/2798/1487 1501/2798/1485 1497/2792/1481
f 1499/2793/1484 1503/2799/1488 1502/2799/1487 1498/2794/1483
f 1500/2795/1482 1504/2800/1486 1503/2800/1488 1499/2796/1484
f 1505/2801/1489 1509/2802/1490 1512/2803/1491 1508/2804/1492
f 1506/2805/1493 1510/2806/1494 1509/2807/1490 1505/2808/1489
f 1507/2809/1495 1511/2810/1496 1510/2811/1494 1506/2812/1493
f 1508/2813/1492 1512/2814/1491 1511/2815/1496 1507/2816/1495
f 1509/2802/1490 1513/2817/1497 1516/2817/1498 1512/2803/1491
f 1510/2806/1494 1514/2818/1499 1513/2818/1497 1509/2807/1490
f 1511/2810/1496 1515/2819/1500 1514/2819/1499 1510/2811/1494
f 1512/2814/1491 1516/2820/1498 1515/2820/1500 1511/2815/1496
f 1517/2821/1501 1521/2822/1502 1524/2823/1503 1520/2824/1504
f 1518/2825/1505 1522/2826/1506 1521/2827/1502 1517/2828/1501
f 1519/2829/1507 1523/2830/1508 1522/2831/1506 1518/2832/1505
f 1520/2833/1504 1524/2834/1503 1523/2835/1508 1519/2836/1507
f 1521/2822/1502 1525/2837/1509 1528/2837/1510 1524/2823/1503
f 1522/2826/1506 1526/2838/1511 1525/2838/1509 1521/2827/1502
f 1523/2830/1508 1527/2839/1512 1526/2839/1511 1522/2831/1506
f 1524/2834/1503 1528/2840/1510 1527/2840/1512 1523/2835/1508
f 1529/2841/1513 1533/2842/1513 1536/2842/1514 1532/2843/1514
f 1530/2844/1515 1534/2845/1515 1533/2845/1513 1529/2846/1513
f 1531/2847/1516 1535/2848/1516 1534/2848/1515 1530/2849/1515
f 1532/2850/1514 1536/2851/1514 1535/2851/1516 1531/2852/1516
f 1537/2853/1517 1541/2854/1518 1544/2855/1519 1540/2856/1520
f 1538/2857/1521 1542/2858/1522 1541/2859/1518 1537/2860/1517
f 1539/2861/1523 1543/2862/1524 1542/2863/1522 1538/2864/1521
f 1540/2865/1520 1544/2866/1519 1543/2867/1524 1539/2868/1523
f 1541/2854/1518 1545/2869/1525 1548/2870/1526 1544/2855/1519
f 1542/2858/1522 1546/2871/1527 1545/2872/1525 1541/2859/1518
f 1543/2862/1524 1547/2873/1528 1546/2874/1527 1542/2863/1522
f 1544/2866/1519 1548/2875/1526 1547/2876/1528 1543/2867/1524
f 1545/2869/1525 1549/2877/1529 1552/2877/1530 1548/2870/1526
f 1546/2871/1527 1550/2878/1531 1549/2878/1529 1545/2872/1525
f 1547/2873/1528 1551/2879/1532 1550/2879/1531 1546/2874/1527
f 1548/2875/1526 1552/2880/1530 1551/2880/1532 1547/2876/1528
f 1553/2881/1533 1557/2882/1534 1560/2883/1535 1556/2884/1536
f 1554/2885/1537 1558/2886/1538 1557/2887/1534 1553/2888/1533
f 1555/2889/1539 1559/2890/1540 1558/2891/1538 1554/2892/1537
f 1556/2893/1536 1560/2894/1535 1559/2895/1540 1555/2896/1539
f 1557/2882/1534 1561/2897/1541 1564/2897/1542 1560/2883/1535
f 1558/2886/1538 1562/2898/1543 1561/2898/1541 1557/2887/1534
f 1559/2890/1540 1563/2899/1544 1562/2899/1543 1558/2891/1538
f 1560/2894/1535 1564/2900/1542 1563/2900/1544 1559/2895/1540
f 1565/2901/1545 1569/2902/1546 1572/2903/1547 1568/2904/1548
f 1566/2905/1549 1570/2906/1550 1569/2907/1546 1565/2908/1545
f 1567/2909/1551 1571/2910/1552 1570/2911/1550 1566/2912/1549
f 1568/2913/1548 1572/2914/1547 1571/2915/1552 1567/2916/1551
f 1569/2902/1546 1573/2917/1553 1576/2918/1554 1572/2903/1547
f 1570/2906/1550 1574/2919/1555 1573/2920/1553 1569/2907/1546
f 1571/2910/1552 1575/2921/1556 1574/2922/1555 1570/2911/1550
f 1572/2914/1547 1576/2923/1554 1575/2924/1556 1571/2915/1552
f 1573/2917/1553 1577/2925/1557 1580/2925/1558 1576/2918/1554
f 1574/2919/1555 1578/2926/1559 1577/2926/1557 1573/2920/1553
f 1575/2921/1556 1579/2927/1560 1578/2927/1559 1574/2922/1555
f 1576/2923/1554 1580/2928/1558 1579/2928/1560 1575/2924/1556
f 1581/2929/1561 1585/2930/1562 1588/2931/1563 1584/2932/1564
f 1582/2933/1565 1586/2934/1566 1585/2935/1562 1581/2936/1561
f 1583/2937/1567 1587/2938/1568 1586/2939/1566 1582/2940/1565
f 1584/2941/1564 1588/2942/1563 1587/2943/1568 1583/2944/1567
f 1585/2930/1562 1589/2945/1569 1592/2945/1570 1588/2931/1563
f 1586/2934/1566 1590/2737/1571 1589/2737/1569 1585/2935/1562
f 1587/2938/1568 1591/2946/1572 1590/2946/1571 1586/2939/1566
f 1588/2942/1563 1592/2947/1570 1591/2947/1572 1587/2943/1568
f 1593/2948/1573 1597/2949/1573 1600/2949/1574 1596/2950/1574
f 1594/2951/1575 1598/2952/1575 1597/2952/1573 1593/2953/1573
f 1595/2954/1576 1599/2952/1576 1598/2952/1575 1594/2951/1575
f 1596/2950/1574 1600/2949/1574 1599/2949/1576 1595/2955/1576
f 1601/2956/1577 1605/2957/1578 1608/2958/1579 1604/2959/1580
f 1602/2960/1581 1606/2961/1582 1605/2962/1578 1601/2963/1577
f 1603/2964/1583 1607/2965/1584 1606/2966/1582 1602/2967/1581
f 1604/2968/1580 1608/2969/1579 1607/2970/1584 1603/2971/1583
f 1605/2957/1578 1609/2972/1585 1612/2973/1586 1608/2958/1579
f 1606/2961/1582 1610/2974/1587 1609/2975/1585 1605/2962/1578
f 1607/2965/1584 1611/2976/1588 1610/2977/1587 1606/2966/1582
f 1608/2969/1579 1612/2978/1586 1611/2979/1588 1607/2970/1584
f 1609/2972/1585 1613/2980/1589 1616/2980/1590 1612/2973/1586
f 1610/2974/1587 1614/2981/1591 1613/2981/1589 1609/2975/1585
f 1611/2976/1588 1615/2982/1592 1614/2982/1591 1610/2977/1587
f 1612/2978/1586 1616/2983/1590 1615/2983/1592 1611/2979/1588
f 1617/2984/1593 1621/2985/1594 1624/2986/1595 1620/2987/1596
f 1618/2988/1597 1622/2989/1598 1621/2990/1594 1617/2991/1593
f 1619/2992/1599 1623/2993/1600 1622/2994/1598 1618/2995/1597
f 1620/2996/1596 1624/2997/1595 1623/2998/1600 1619/2999/1599
f 1621/2985/1594 1625/3000/1601 1628/3000/1602 1624/2986/1595
f 1622/2989/1598 1626/3001/1603 1625/3001/1601 1621/2990/1594
f 1623/2993/1600 1627/3002/1604 1626/3002/1603 1622/2994/1598
f 1624/2997/1595 1628/3003/1602 1627/3003/1604 1623/2998/1600
f 1629/3004/1605 1633/3005/1605 1636/3005/1606 1632/3006/1606
f 1630/3007/1607 1634/3008/1607 1633/3008/1605 1629/3009/1605
f 1631/3010/1608 1635/3011/1608 1634/3011/1607 1630/3012/1607
f 1632/3013/1606 1636/3014/1606 1635/3014/1608 1631/3015/1608
f 1637/3016/1609 1641/3017/1610 1644/3018/1611 1640/3019/1612
f 1638/3020/1613 1642/3021/1614 1641/3022/1610 1637/3023/1609
f 1639/3024/1615 1643/3025/1616 1642/3026/1614 1638/3027/1613
f 1640/3028/1612 1644/3029/1611 1643/3030/1616 1639/3031/1615
f 1641/3017/1610 1645/3032/1617 1648/3033/1618 1644/3018/1611
f 1642/3021/1614 1646/3034/1619 1645/3035/1617 1641/3022/1610
f 1643/3025/1616 1647/3036/1620 1646/3037/1619 1642/3026/1614
f 1644/3029/1611 1648/3038/1618 1647/3039/1620 1643/3030/1616
f 1645/3032/1617 1649/3040/1621 1652/3041/1622 1648/3033/1618
f 1646/3034/1619 1650/3042/1623 1649/3043/1621 1645/3035/1617
f 1647/3036/1620 1651/3044/1624 1650/3045/1623 1646/3037/1619
f 1648/3038/1618 1652/3046/1622 1651/3047/1624 1647/3039/1620
f 1649/3040/1621 1653/3048/1625 1656/3048/1626 1652/3041/1622
f 1650/3042/1623 1654/3049/1627 1653/3049/1625 1649/3043/1621
f 1651/3044/1624 1655/3050/1628 1654/3050/1627 1650/3045/1623
f 1652/3046/1622 1656/3051/1626 1655/3051/1628 1651/3047/1624
f 1657/3052/1629 1661/3053/1630 1664/3054/1631 1660/3055/1632
f 1658/3056/1633 1662/3057/1634 1661/3058/1630 1657/3059/1629
f 1659/3060/1635 1663/3061/1636 1662/3062/1634 1658/3063/1633
f 1660/3064/1632 1664/3065/1631 1663/3066/1636 1659/3067/1635
f 1661/3053/1630 1665/3068/1637 1668/3068/1638 1664/3054/1631
f 1662/3057/1634 1666/3069/1639 1665/3069/1637 1661/3058/1630
f 1663/3061/1636 1667/3070/1640 1666/3070/1639 1662/3062/1634
f 1664/3065/1631 1668/3071/1638 1667/3071/1640 1663/3066/1636
f 1669/3072/1641 1673/3073/1642 1676/3074/1643 1672/3075/1644
f 1670/3076/1645 1674/3077/1646 1673/3078/1642 1669/3079/1641
f 1671/3080/1647 1675/3081/1648 1674/3082/1646 1670/3083/1645
f 1672/3084/1644 1676/3085/1643 1675/3086/1648 1671/3087/1647
f 1673/3073/1642 1677/3088/1649 1680/3088/1650 1676/3074/1643
f 1674/3077/1646 1678/3089/1651 1677/3089/1649 1673/3078/1642
f 1675/3081/1648 1679/3090/1652 1678/3090/1651 1674/3082/1646
f 1676/3085/1643 1680/3091/1650 1679/3091/1652 1675/3086/1648
f 1681/3092/1653 1685/3093/1653 1688/3093/1654 1684/3094/1654
f 1682/3095/1655 1686/3096/1655 1685/3096/1653 1681/3097/1653
f 1683/3098/1656 1687/3099/1656 1686/3099/1655 1682/3100/1655
f 1684/3101/1654 1688/3102/1654 1687/3102/1656 1683/3103/1656
f 1689/3104/1657 1693/3105/1658 1696/3106/1659 1692/3107/1660
f 1690/3108/1661 1694/3109/1662 1693/3110/1658 1689/3111/1657
f 1691/3112/1663 1695/3113/1664 1694/3114/1662 1690/3115/1661
f 1692/3116/1660 1696/3117/1659 1695/3118/1664 1691/3119/1663
f 1693/3105/1658 1697/3120/1665 1700/3121/1666 1696/3106/1659
f 1694/3109/1662 1698/3122/1667 1697/3123/1665 1693/3110/1658
f 1695/3113/1664 1699/3124/1668 1698/3125/1667 1694/3114/1662
f 1696/3117/1659 1700/3126/1666 1699/3127/1668 1695/3118/1664
f 1697/3120/1665 1701/3128/1669 1704/3129/1670 1700/3121/1666
f 1698/3122/1667 1702/3130/1671 1701/3131/1669 1697/3123/1665
f 1699/3124/1668 1703/3132/1672 1702/3133/1671 1698/3125/1667
f 1700/3126/1666 1704/3134/1670 1703/3135/1672 1699/3127/1668
f 1701/3128/1669 1705/3136/1673 1708/3136/1674 1704/3129/1670
f 1702/3130/1671 1706/3137/1675 1705/3137/1673 1701/3131/1669
f 1703/3132/1672 1707/3138/1676 1706/3138/1675 1702/3133/1671
f 1704/3134/1670 1708/3139/1674 1707/3139/1676 1703/3135/1672
f 1709/3140/1677 1713/3141/1678 1716/3142/1679 1712/3143/1680
f 1710/3144/1681 1714/3145/1682 1713/3146/1678 1709/3147/1677
f 1711/3148/1683 1715/3149/1684 1714/3150/1682 1710/3151/1681
f 1712/3152/1680 1716/3153/1679 1715/3154/1684 1711/3155/1683
f 1713/3141/1678 1717/3156/1685 1720/3156/1686 1716/3142/1679
f 1714/3145/1682 1718/3157/1687 1717/3157/1685 1713/3146/1678
f 1715/3149/1684 1719/3158/1688 1718/3158/1687 1714/3150/1682
f 1716/3153/1679 1720/3159/1686 1719/3159/1688 1715/3154/1684
f 1721/3160/1689 1725/3161/1689 1728/3161/1690 1724/3162/1690
f 1722/3163/1691 1726/3164/1691 1725/3164/1689 1721/3165/1689
f 1723/3166/1692 1727/3167/1692 1726/3167/1691 1722/3168/1691
f 1724/3169/1690 1728/3170/1690 1727/3170/1692 1723/3171/1692
f 1729/3172/1693 1733/3173/1693 1736/3173/1694 1732/3174/1694
f 1730/3175/1695 1734/3176/1695 1733/3176/1693 1729/3177/1693
f 1731/3178/1696 1735/3179/1696 1734/3179/1695 1730/3180/1695
f 1732/3181/1694 1736/3182/1694 1735/3182/1696 1731/3183/1696
f 1737/3184/1697 1741/3185/1698 1744/3186/1699 1740/3187/1700
f 1738/3188/1701 1742/3189/1702 1741/3190/1698 1737/3191/1697
f 1739/3192/1703 1743/3193/1704 1742/3194/1702 1738/3195/1701
f 1740/3196/1700 1744/3197/1699 1743/3198/1704 1739/3199/1703
f 1741/3185/1698 1745/3200/1705 1748/3201/1706 1744/3186/1699
f 1742/3189/1702 1746/3202/1707 1745/3203/1705 1741/3190/1698
f 1743/3193/1704 1747/3204/1708 1746/3205/1707 1742/3194/1702
f 1744/3197/1699 1748/3206/1706 1747/3207/1708 1743/3198/1704
f 1745/3200/1705 1749/3208/1709 1752/3209/1710 1748/3201/1706
f 1746/3202/1707 1750/3210/1711 1749/3211/1709 1745/3203/1705
f 1747/3204/1708 1751/3212/1712 1750/3213/1711 1746/3205/1707
f 1748/3206/1706 1752/3214/1710 1751/3215/1712 1747/3207/1708
f 1749/3208/1709 1753/3216/1713 1756/3216/1714 1752/3209/1710
f 1750/3210/1711 1754/3217/1715 1753/3217/1713 1749/3211/1709
f 1751/3212/1712 1755/3218/1716 1754/3218/1715 1750/3213/1711
f 1752/3214/1710 1756/3219/1714 1755/3219/1716 1751/3215/1712
f 1757/3220/1717 1761/3221/1718 1764/3222/1719 1760/3223/1720
f 1758/3224/1721 1762/3225/1722 1761/3226/1718 1757/3227/1717
f 1759/3228/1723 1763/3229/1724 1762/3230/1722 1758/3231/1721
f 1760/3232/1720 1764/3233/1719 1763/3234/1724 1759/3235/1723
f 1761/3221/1718 1765/3236/1725 1768/3237/1726 1764/3222/1719
f 1762/3225/1722 1766/3238/1727 1765/3239/1725 1761/3226/1718
f 1763/3229/1724 1767/3240/1728 1766/3241/1727 1762/3230/1722
f 1764/3233/1719 1768/3242/1726 1767/3243/1728 1763/3234/1724
f 1765/3236/1725 1769/3244/1729 1772/3244/1730 1768/3237/1726
f 1766/3238/1727 1770/3245/1731 1769/3245/1729 1765/3239/1725
f 1767/3240/1728 1771/3246/1732 1770/3246/1731 1766/3241/1727
f 1768/3242/1726 1772/3247/1730 1771/3247/1732 1767/3243/1728
f 1773/3248/1733 1777/3249/1734 1780/3250/1735 1776/3251/1736
f 1774/3252/1737 1778/3253/1738 1777/3254/1734 1773/3255/1733
f 1775/3256/1739 1779/3257/1740 1778/3258/1738 1774/3259/1737
f 1776/3260/1736 1780/3261/1735 1779/3262/1740 1775/3263/1739
f 1777/3249/1734 1781/3264/1741 1784/3264/1742 1780/3250/1735
f 1778/3253/1738 1782/3265/1743 1781/3265/1741 1777/3254/1734
f 1779/3257/1740 1783/3266/1744 1782/3266/1743 1778/3258/1738
f 1780/3261/1735 1784/3267/1742 1783/3267/1744 1779/3262/1740
f 1785/3268/1745 1789/3269/1745 1792/3269/1746 1788/3270/1746
f 1786/3271/1747 1790/3272/1747 1789/3272/1745 1785/3273/1745
f 1787/3274/1748 1791/3275/1748 1790/3275/1747 1786/3276/1747
f 1788/3277/1746 1792/3278/1746 1791/3278/1748 1787/3279/1748
f 1793/3280/1749 1797/3281/1750 1800/3282/1751 1796/3283/1752
f 1794/3284/1753 1798/3285/1754 1797/3286/1750 1793/3287/1749
f 1795/3288/1755 1799/3289/1756 1798/3290/1754 1794/3291/1753
f 1796/3292/1752 1800/3293/1751 1799/3294/1756 1795/3295/1755
f 1797/3281/1750 1801/3296/1757 1804/3297/1758 1800/3282/1751
f 1798/3285/1754 1802/3298/1759 1801/3299/1757 1797/3286/1750
f 1799/3289/1756 1803/3300/1760 1802/3301/1759 1798/3290/1754
f 1800/3293/1751 1804/3302/1758 1803/3303/1760 1799/3294/1756
f 1801/3296/1757 1805/3304/1761 1808/3305/1762 1804/3297/1758
f 1802/3298/1759 1806/3306/1763 1805/3307/1761 1801/3299/1757
f 1803/3300/1760 1807/3308/1764 1806/3309/1763 1802/3301/1759
f 1804/3302/1758 1808/3310/1762 1807/3311/1764 1803/3303/1760
f 1805/3304/1761 1809/3312/1765 1812/3312/1766 1808/3305/1762
f 1806/3306/1763 1810/3313/1767 1809/3313/1765 1805/3307/1761
f 1807/3308/1764 1811/3314/1768 1810/3314/1767 1806/3309/1763
f 1808/3310/1762 1812/3315/1766 1811/3315/1768 1807/3311/1764
f 1813/3316/1769 1817/3317/1769 1820/3317/1770 1816/3318/1770
f 1814/3319/1771 1818/3320/1771 1817/3320/1769 1813/3321/1769
f 1815/3322/1772 1819/3323/1772 1818/3323/1771 1814/3324/1771
f 1816/3325/1770 1820/3326/1770 1819/3326/1772 1815/3327/1772
f 1821/3328/1773 1825/3329/1774 1828/3330/1775 1824/3331/1776
f 1822/3332/1777 1826/3333/1778 1825/3334/1774 1821/3335/1773
f 1823/3336/1779 1827/3337/1780 1826/3338/1778 1822/3339/1777
f 1824/3340/1776 1828/3341/1775 1827/3342/1780 1823/3343/1779
f 1825/3329/1774 1829/3344/1781 1832/3345/1782 1828/3330/1775
f 1826/3333/1778 1830/3346/1783 1829/3347/1781 1825/3334/1774
f 1827/3337/1780 1831/3348/1784 1830/3349/1783 1826/3338/1778
f 1828/3341/1775 1832/3350/1782 1831/3351/1784 1827/3342/1780
f 1829/3344/1781 1833/3352/1785 1836/3353/1786 1832/3345/1782
f 1830/3346/1783 1834/3354/1787 1833/3355/1785 1829/3347/1781
f 1831/3348/1784 1835/3356/1788 1834/3357/1787 1830/3349/1783
f 1832/3350/1782 1836/3358/1786 1835/3359/1788 1831/3351/1784
f 1833/3352/1785 1837/3360/1789 1840/3360/1790 1836/3353/1786
f 1834/3354/1787 1838/3361/1791 1837/3361/1789 1833/3355/1785
f 1835/3356/1788 1839/3362/1792 1838/3362/1791 1834/3357/1787
f 1836/3358/1786 1840/3363/1790 1839/3363/1792 1835/3359/1788
f 1841/3364/1793 1845/3365/1794 1848/3366/1795 1844/3367/1796
f 1842/3368/1797 1846/3369/1798 1845/3370/1794 1841/3371/1793
f 1843/3372/1799 1847/3373/1800 1846/3374/1798 1842/3375/1797
f 1844/3376/1796 1848/3377/1795 1847/3378/1800 1843/3379/1799
f 1845/3365/1794 1849/3380/1801 1852/3380/1802 1848/3366/1795
f 1846/3369/1798 1850/3381/1803 1849/3381/1801 1845/3370/1794
f 1847/3373/1800 1851/3382/1804 1850/3382/1803 1846/3374/1798
f 1848/3377/1795 1852/3383/1802 1851/3383/1804 1847/3378/1800
f 1853/3384/1805 1857/3385/1805 1860/3385/1806 1856/3386/1806
f 1854/3387/1807 1858/3388/1807 1857/3388/1805 1853/3389/1805
f 1855/3390/1808 1859/3391/1808 1858/3391/1807 1854/3392/1807
f 1856/3393/1806 1860/3394/1806 1859/3394/1808 1855/3395/1808
f 1861/3396/1809 1865/3397/1809 1868/3397/1810 1864/3398/1810
f 1862/3399/1811 1866/3400/1811 1865/3400/1809 1861/3401/1809
f 1863/3402/1812 1867/3403/1812 1866/3403/1811 1862/3404/1811
f 1864/3405/1810 1868/3406/1810 1867/3406/1812 1863/3407/1812
f 1869/3408/1813 1873/3409/1814 1876/3410/1815 1872/3411/1816
f 1870/3412/1817 1874/3413/1818 1873/3414/1814 1869/3415/1813
f 1871/3416/1819 1875/3417/1820 1874/3418/1818 1870/3419/1817
f 1872/3420/1816 1876/3421/1815 1875/3422/1820 1871/3423/1819
f 1873/3409/1814 1877/3424/1821 1880/3424/1822 1876/3410/1815
f 1874/3413/1818 1878/3425/1823 1877/3425/1821 1873/3414/1814
f 1875/3417/1820 1879/3426/1824 1878/3426/1823 1874/3418/1818
f 1876/3421/1815 1880/3427/1822 1879/3427/1824 1875/3422/1820
f 1881/3428/1825 1885/3429/1826 1888/3430/1827 1884/3431/1828
f 1882/3432/1829 1886/3433/1830 1885/3434/1826 1881/3435/1825
f 1883/3436/1831 1887/3437/1832 1886/3438/1830 1882/3439/1829
f 1884/3440/1828 1888/3441/1827 1887/3442/1832 1883/3443/1831
f 1885/3429/1826 1889/3444/1833 1892/3445/1834 1888/3430/1827
f 1886/3433/1830 1890/3446/1835 1889/3447/1833 1885/3434/1826
f 1887/3437/1832 1891/3448/1836 1890/3449/1835 1886/3438/1830
f 1888/3441/1827 1892/3450/1834 1891/3451/1836 1887/3442/1832
f 1889/3444/1833 1893/3452/1837 1896/3453/1838 1892/3445/1834
f 1890/3446/1835 1894/3454/1839 1893/3455/1837 1889/3447/1833
f 1891/3448/1836 1895/3456/1840 1894/3457/1839 1890/3449/1835
f 1892/3450/1834 1896/3458/1838 1895/3459/1840 1891/3451/1836
f 1893/3452/1837 1897/3460/1841 1900/3460/1842 1896/3453/1838
f 1894/3454/1839 1898/3461/1843 1897/3461/1841 1893/3455/1837
f 1895/3456/1840 1899/3462/1844 1898/3462/1843 1894/3457/1839
f 1896/3458/1838 1900/3463/1842 1899/3463/1844 1895/3459/1840
f 1901/3464/1845 1905/3465/1846 1908/3466/1847 1904/3467/1848
f 1902/3468/1849 1906/3469/1850 1905/3470/1846 1901/3471/1845
f 1903/3472/1851 1907/3473/1852 1906/3474/1850 1902/3475/1849
f 1904/3476/1848 1908/3477/1847 1907/3478/1852 1903/3479/1851
f 1905/3465/1846 1909/3480/1853 1912/3480/1854 1908/3466/1847
f 1906/3469/1850 1910/3481/1855 1909/3481/1853 1905/3470/1846
f 1907/3473/1852 1911/3482/1856 1910/3482/1855 1906/3474/1850
f 1908/3477/1847 1912/3483/1854 1911/3483/1856 1907/3478/1852
f 1913/3484/1857 1917/3485/1858 1920/3486/1859 1916/3487/1860
f 1914/3488/1861 1918/3489/1862 1917/3490/1858 1913/3491/1857
f 1915/3492/1863 1919/3493/1864 1918/3494/1862 1914/3495/1861
f 1916/3496/1860 1920/3497/1859 1919/3498/1864 1915/3499/1863
f 1917/3485/1858 1921/3500/1865 1924/3500/1866 1920/3486/1859
f 1918/3489/1862 1922/3501/1867 1921/3501/1865 1917/3490/1858
f 1919/3493/1864 1923/3502/1868 1922/3502/1867 1918/3494/1862
f 1920/3497/1859 1924/3503/1866 1923/3503/1868 1919/3498/1864
f 1925/3504/1869 1929/3505/1870 1932/3506/1871 1928/3507/1872
f 1926/3508/1873 1930/3509/1874 1929/3510/1870 1925/3511/1869
f 1927/3512/1875 1931/3513/1876 1930/3514/1874 1926/3515/1873
f 1928/3516/1872 1932/3517/1871 1931/3518/1876 1927/3519/1875
f 1929/3505/1870 1933/3520/1877 1936/3521/1878 1932/3506/1871
f 1930/3509/1874 1934/3522/1879 1933/3523/1877 1929/3510/1870
f 1931/3513/1876 1935/3524/1880 1934/3525/1879 1930/3514/1874
f 1932/3517/1871 1936/3526/1878 1935/3527/1880 1931/3518/1876
f 1933/3520/1877 1937/3528/1881 1940/3529/1882 1936/3521/1878
f 1934/3522/1879 1938/3530/1883 1937/3531/1881 1933/3523/1877
f 1935/3524/1880 1939/3532/1884 1938/3533/1883 1934/3525/1879
f 1936/3526/1878 1940/3534/1882 1939/3535/1884 1935/3527/1880
f 1937/3528/1881 1941/3536/1885 1944/3536/1886 1940/3529/1882
f 1938/3530/1883 1942/3537/1887 1941/3537/1885 1937/3531/1881
f 1939/3532/1884 1943/3538/1888 1942/3538/1887 1938/3533/1883
f 1940/3534/1882 1944/3539/1886 1943/3539/1888 1939/3535/1884
f 1945/3540/1889 1949/3541/1890 1952/3542/1891 1948/3543/1892
f 1946/3544/1893 1950/3545/1894 1949/3546/1890 1945/3547/1889
f 1947/3548/1895 1951/3549/1896 1950/3550/1894 1946/3551/1893
f 1948/3552/1892 1952/3553/1891 1951/3554/1896 1947/3555/1895
f 1949/3541/1890 1953/3556/1897 1956/3556/1898 1952/3542/1891
f 1950/3545/1894 1954/3557/1899 1953/3557/1897 1949/3546/1890
f 1951/3549/1896 1955/3558/1900 1954/3558/1899 1950/3550/1894
f 1952/3553/1891 1956/3559/1898 1955/3559/1900 1951/3554/1896
f 1957/3560/1901 1961/3561/1901 1964/3561/1902 1960/3562/1902
f 1958/3563/1903 1962/3564/1903 1961/3564/1901 1957/3565/1901
f 1959/3566/1904 1963/3567/1904 1962/3567/1903 1958/3568/1903
f 1960/3569/1902 1964/3570/1902 1963/3570/1904 1959/3571/1904
f 1965/3572/1905 1969/3573/1906 1972/3574/1907 1968/3575/1908
f 1966/3576/1909 1970/3577/1910 1969/3578/1906 1965/3579/1905
f 1967/3580/1911 1971/3581/1912 1970/3582/1910 1966/3583/1909
f 1968/3584/1908 1972/3585/1907 1971/3586/1912 1967/3587/1911
f 1969/3573/1906 1973/3588/1913 1976/3589/1914 1972/3574/1907
f 1970/3577/1910 1974/3590/1915 1973/3591/1913 1969/3578/1906
f 1971/3581/1912 1975/3592/1916 1974/3593/1915 1970/3582/1910
f 1972/3585/1907 1976/3594/1914 1975/3595/1916 1971/3586/1912
f 1973/3588/1913 1977/3596/1917 1980/3597/1918 1976/3589/1914
f 1974/3590/1915 1978/3598/1919 1977/3599/1917 1973/3591/1913
f 1975/3592/1916 1979/3600/1920 1978/3601/1919 1974/3593/1915
f 1976/3594/1914 1980/3602/1918 1979/3603/1920 1975/3595/1916
f 1977/3596/1917 1981/3604/1921 1984/3604/1922 1980/3597/1918
f 1978/3598/1919 1982/3605/1923 1981/3605/1921 1977/3599/1917
f 1979/3600/1920 1983/3606/1924 1982/3606/1923 1978/3601/1919
f 1980/3602/1918 1984/3607/1922 1983/3607/1924 1979/3603/1920
f 1985/3608/1925 1989/3609/1925 1992/3609/1926 1988/3610/1926
f 1986/3611/1927 1990/3612/1927 1989/3612/1925 1985/3613/1925
f 1987/3614/1928 1991/3615/1928 1990/3615/1927 1986/3616/1927
f 1988/3617/1926 1992/3618/1926 1991/3618/1928 1987/3619/1928
f 1993/3620/1929 1997/3621/1929 2000/3621/1930 1996/3622/1930
f 1994/3623/1931 1998/3624/1931 1997/3624/1929 1993/3625/1929
f 1995/3626/1932 1999/3627/1932 1998/3627/1931 1994/3628/1931
f 1996/3629/1930 2000/3630/1930 1999/3630/1932 1995/3631/1932
f 2001/3632/1933 2005/3633/1934 2008/3634/1935 2004/3635/1936
f 2002/3636/1937 2006/3637/1938 2005/3638/1934 2001/3639/1933
f 2003/3640/1939 2007/3641/1940 2006/3642/1938 2002/3643/1937
f 2004/3644/1936 2008/3645/1935 2007/3646/1940 2003/3647/1939
f 2005/3633/1934 2009/3648/1941 2012/3649/1942 2008/3634/1935
f 2006/3637/1938 2010/3650/1943 2009/3651/1941 2005/3638/1934
f 2007/3641/1940 2011/3652/1944 2010/3653/1943 2006/3642/1938
f 2008/3645/1935 2012/3654/1942 2011/3655/1944 2007/3646/1940
f 2009/3648/1941 2013/3656/1945 2016/3657/1946 2012/3649/1942
f 2010/3650/1943 2014/3658/1947 2013/3659/1945 2009/3651/1941
f 2011/3652/1944 2015/3660/1948 2014/3661/1947 2010/3653/1943
f 2012/3654/1942 2016/3662/1946 2015/3663/1948 2011/3655/1944
f 2013/3656/1945 2017/3664/1949 2020/3664/1950 2016/3657/1946
f 2014/3658/1947 2018/3665/1951 2017/3665/1949 2013/3659/1945
f 2015/3660/1948 2019/3666/1952 2018/3666/1951 2014/3661/1947
f 2016/3662/1946 2020/3667/1950 2019/3667/1952 2015/3663/1948
f 2021/3668/1953 2025/3669/1954 2028/3670/1955 2024/3671/1956
f 2022/3672/1957 2026/3673/1958 2025/3674/1954 2021/3675/1953
f 2023/3676/1959 2027/3677/1960 2026/3678/1958 2022/3679/1957
f 2024/3680/1956 2028/3681/1955 2027/3682/1960 2023/3683/1959
f 2025/3669/1954 2029/3684/1961 2032/3684/1962 2028/3670/1955
f 2026/3673/1958 2030/3685/1963 2029/3685/1961 2025/3674/1954
f 2027/3677/1960 2031/3686/1964 2030/3686/1963 2026/3678/1958
f 2028/3681/1955 2032/3687/1962 2031/3687/1964 2027/3682/1960
f 2033/3688/1965 2037/3689/1966 2040/3690/1967 2036/3691/1968
f 2034/3692/1969 2038/3693/1970 2037/3694/1966 2033/3695/1965
f 2035/3696/1971 2039/3697/1972 2038/3698/1970 2034/3699/1969
f 2036/3700/1968 2040/3701/1967 2039/3702/1972 2035/3703/1971
f 2037/3689/1966 2041/3704/1973 2044/3704/1974 2040/3690/1967
f 2038/3693/1970 2042/3705/1975 2041/3705/1973 2037/3694/1966
f 2039/3697/1972 2043/3706/1976 2042/3706/1975 2038/3698/1970
f 2040/3701/1967 2044/3707/1974 2043/3707/1976 2039/3702/1972
f 2045/3708/1977 2049/3709/1978 2052/3710/1979 2048/3711/1980
f 2046/3712/1981 2050/3713/1982 2049/3714/1978 2045/3715/1977
f 2047/3716/1983 2051/3717/1984 2050/3718/1982 2046/3719/1981
f 2048/3720/1980 2052/3721/1979 2051/3722/1984 2047/3723/1983
f 2049/3709/1978 2053/3724/1985 2056/3725/1986 2052/3710/1979
f 2050/3713/1982 2054/3726/1987 2053/3727/1985 2049/3714/1978
f 2051/3717/1984 2055/3728/1988 2054/3729/1987 2050/3718/1982
f 2052/3721/1979 2056/3730/1986 2055/3731/1988 2051/3722/1984
f 2053/3724/1985 2057/3732/1989 2060/3732/1990 2056/3725/1986
f 2054/3726/1987 2058/3733/1991 2057/3733/1989 2053/3727/1985
f 2055/3728/1988 2059/3734/1992 2058/3734/1991 2054/3729/1987
f 2056/3730/1986 2060/3735/1990 2059/3735/1992 2055/3731/1988
f 2061/3736/1993 2065/3737/1994 2068/3738/1995 2064/3739/1996
f 2062/3740/1997 2066/3741/1998 2065/3742/1994 2061/3743/1993
f 2063/3744/1999 2067/3745/2000 2066/3746/1998 2062/3747/1997
f 2064/3748/1996 2068/3749/1995 2067/3750/2000 2063/3751/1999
f 2065/3737/1994 2069/3752/2001 2072/3752/2002 2068/3738/1995
f 2066/3741/1998 2070/3753/2003 2069/3753/2001 2065/3742/1994
f 2067/3745/2000 2071/3754/2004 2070/3754/2003 2066/3746/1998
f 2068/3749/1995 2072/3755/2002 2071/3755/2004 2067/3750/2000
f 2073/3756/2005 2077/3757/2005 2080/3757/2006 2076/3758/2006
f 2074/3759/2007 2078/3760/2007 2077/3760/2005 2073/3761/2005
f 2075/3762/2008 2079/3763/2008 2078/3763/2007 2074/3764/2007
f 2076/3765/2006 2080/3766/2006 2079/3766/2008 2075/3767/2008
f 2081/3768/2009 2085/3769/2009 2088/3769/2010 2084/3770/2010
f 2082/3771/2011 2086/3772/2011 2085/3772/2009 2081/3773/2009
f 2083/3774/2012 2087/3775/2012 2086/3775/2011 2082/3776/2011
f 2084/3777/2010 2088/3778/2010 2087/3778/2012 2083/3779/2012
f 2089/3780/2013 2093/3781/2014 2096/3782/2015 2092/3783/2016
f 2090/3784/2017 2094/3785/2018 2093/3786/2014 2089/3787/2013
f 2091/3788/2019 2095/3789/2020 2094/3790/2018 2090/3791/2017
f 2092/3792/2016 2096/3793/2015 2095/3794/2020 2091/3795/2019
f 2093/3781/2014 2097/3796/2021 2100/3796/2022 2096/3782/2015
f 2094/3785/2018 2098/3797/2023 2097/3797/2021 2093/3786/2014
f 2095/3789/2020 2099/3798/2024 2098/3798/2023 2094/3790/2018
f 2096/3793/2015 2100/3799/2022 2099/3799/2024 2095/3794/2020
f 2101/3800/2025 2105/3801/2026 2108/3802/2027 2104/3803/2028
f 2102/3804/2029 2106/3805/2030 2105/3806/2026 2101/3807/2025
f 2103/3808/2031 2107/3809/2032 2106/3810/2030 2102/3811/2029
f 2104/3812/2028 2108/3813/2027 2107/3814/2032 2103/3815/2031
f 2105/3801/2026 2109/3816/2033 2112/3817/2034 2108/3802/2027
f 2106/3805/2030 2110/3818/2035 2109/3819/2033 2105/3806/2026
f 2107/3809/2032 2111/3820/2036 2110/3821/2035 2106/3810/2030
f 2108/3813/2027 2112/3822/2034 2111/3823/2036 2107/3814/2032
f 2109/3816/2033 2113/3824/2037 2116/3824/2038 2112/3817/2034
f 2110/3818/2035 2114/3825/2039 2113/3825/2037 2109/3819/2033
f 2111/3820/2036 2115/3826/2040 2114/3826/2039 2110/3821/2035
f 2112/3822/2034 2116/3827/2038 2115/3827/2040 2111/3823/2036
f 2117/3828/2041 2121/3829/2041 2124/3829/2042 2120/3830/2043
f 2118/3831/2044 2122/3832/2044 2121/3832/2041 2117/3833/2041
f 2119/3834/2045 2123/3835/2045 2122/3835/2044 2118/3836/2044
f 2120/3837/2043 2124/3838/2042 2123/3838/2045 2119/3839/2045
f 2125/3840/2046 2129/3841/2047 2132/3842/2048 2128/3843/2049
f 2126/3844/2050 2130/3845/2051 2129/3846/2047 2125/3847/2046
f 2127/3848/2052 2131/3849/2053 2130/3850/2051 2126/3851/2050
f 2128/3852/2049 2132/3853/2048 2131/3854/2053 2127/3855/2052
f 2129/3841/2047 2133/3856/2054 2136/3857/2055 2132/3842/2048
f 2130/3845/2051 2134/3858/2056 2133/3859/2054 2129/3846/2047
f 2131/3849/2053 2135/3860/2057 2134/3861/2056 2130/3850/2051
f 2132/3853/2048 2136/3862/2055 2135/3863/2057 2131/3854/2053
f 2133/3856/2054 2137/3864/2058 2140/3865/2059 2136/3857/2055
f 2134/3858/2056 2138/3866/2060 2137/3867/2058 2133/3859/2054
f 2135/3860/2057 2139/3868/2061 2138/3869/2060 2134/3861/2056
f 2136/3862/2055 2140/3870/2059 2139/3871/2061 2135/3863/2057
f 2137/3864/2058 2141/3872/2062 2144/3872/2063 2140/3865/2059
f 2138/3866/2060 2142/3873/2064 2141/3873/2062 2137/3867/2058
f 2139/3868/2061 2143/3874/2065 2142/3874/2064 2138/3869/2060
f 2140/3870/2059 2144/3875/2063 2143/3875/2065 2139/3871/2061
f 2145/3876/2066 2149/3877/2067 2152/3878/2068 2148/3879/2069
f 2146/3880/2070 2150/3881/2071 2149/3882/2067 2145/3883/2066
f 2147/3884/2072 2151/3885/2073 2150/3886/2071 2146/3887/2070
f 2148/3888/2069 2152/3889/2068 2151/3890/2073 2147/3891/2072
f 2149/3877/2067 2153/3892/2074 2156/3893/2075 2152/3878/2068
f 2150/3881/2071 2154/3894/2076 2153/3895/2074 2149/3882/2067
f 2151/3885/2073 2155/3896/2077 2154/3897/2076 2150/3886/2071
f 2152/3889/2068 2156/3898/2075 2155/3899/2077 2151/3890/2073
f 2153/3892/2074 2157/3900/2078 2160/3900/2079 2156/3893/2075
f 2154/3894/2076 2158/3901/2080 2157/3901/2078 2153/3895/2074
f 2155/3896/2077 2159/3902/2081 2158/3902/2080 2154/3897/2076
f 2156/3898/2075 2160/3903/2079 2159/3903/2081 2155/3899/2077
f 2161/3904/2082 2165/3905/2083 2168/3906/2084 2164/3907/2085
f 2162/3908/2086 2166/3909/2087 2165/3910/2083 2161/3911/2082
f 2163/3912/2088 2167/3913/2089 2166/3914/2087 2162/3915/2086
f 2164/3916/2085 2168/3917/2084 2167/3918/2089 2163/3919/2088
f 2165/3905/2083 2169/3920/2090 2172/3920/2091 2168/3906/2084
f 2166/3909/2087 2170/3921/2092 2169/3921/2090 2165/3910/2083
f 2167/3913/2089 2171/3922/2093 2170/3922/2092 2166/3914/2087
f 2168/3917/2084 2172/3923/2091 2171/3923/2093 2167/3918/2089
f 2173/3924/2094 2177/3925/2095 2180/3926/2096 2176/3927/2097
f 2174/3928/2098 2178/3929/2099 2177/3930/2095 2173/3931/2094
f 2175/3932/2100 2179/3933/2101 2178/3934/2099 2174/3935/2098
f 2176/3936/2097 2180/3937/2096 2179/3938/2101 2175/3939/2100
f 2177/3925/2095 2181/3940/2102 2184/3941/2103 2180/3926/2096
f 2178/3929/2099 2182/3942/2104 2181/3943/2102 2177/3930/2095
f 2179/3933/2101 2183/3944/2105 2182/3945/2104 2178/3934/2099
f 2180/3937/2096 2184/3946/2103 2183/3947/2105 2179/3938/2101
f 2181/3940/2102 2185/3948/2106 2188/3948/2107 2184/3941/2103
f 2182/3942/2104 2186/3949/2108 2185/3949/2106 2181/3943/2102
f 2183/3944/2105 2187/3950/2109 2186/3950/2108 2182/3945/2104
f 2184/3946/2103 2188/3951/2107 2187/3951/2109 2183/3947/2105
f 2189/3952/2110 2193/3953/2111 2196/3954/2112 2192/3955/2113
f 2190/3956/2114 2194/3957/2115 2193/3958/2111 2189/3959/2110
f 2191/3960/2116 2195/3961/2117 2194/3962/2115 2190/3963/2114
f 2192/3964/2113 2196/3965/2112 2195/3966/2117 2191/3967/2116
f 2193/3953/2111 2197/3968/2118 2200/3968/2119 2196/3954/2112
f 2194/3957/2115 2198/3969/2120 2197/3969/2118 2193/3958/2111
f 2195/3961/2117 2199/3970/2121 2198/3970/2120 2194/3962/2115
f 2196/3965/2112 2200/3971/2119 2199/3971/2121 2195/3966/2117
f 2201/3972/2122 2205/3973/2123 2208/3974/2124 2204/3975/2125
f 2202/3976/2126 2206/3977/2127 2205/3978/2123 2201/3979/2122
f 2203/3980/2128 2207/3981/2129 2206/3982/2127 2202/3983/2126
f 2204/3984/2125 2208/3985/2124 2207/3986/2129 2203/3987/2128
f 2205/3973/2123 2209/3988/2130 2212/3989/2131 2208/3974/2124
f 2206/3977/2127 2210/3990/2132 2209/3991/2130 2205/3978/2123
f 2207/3981/2129 2211/3992/2133 2210/3993/2132 2206/3982/2127
f 2208/3985/2124 2212/3994/2131 2211/3995/2133 2207/3986/2129
f 2209/3988/2130 2213/3996/2134 2216/3997/2135 2212/3989/2131
f 2210/3998/2132 2214/3999/2136 2213/3996/2134 2209/3988/2130
f 2211/3992/2133 2215/4000/2137 2214/4001/2136 2210/3993/2132
f 2212/4002/2131 2216/4003/2135 2215/4000/2137 2211/3992/2133
f 2213/3996/2134 2217/4004/2138 2220/4004/2139 2216/3997/2135
f 2214/4005/2136 2218/3834/2140 2217/3834/2138 2213/4006/2134
f 2215/4000/2137 2219/4007/2141 2218/4007/2140 2214/4001/2136
f 2216/4008/2135 2220/4009/2139 2219/4009/2141 2215/4010/2137
f 2221/4011/2142 2225/4012/2143 2228/4013/2144 2224/4014/2145
f 2222/4015/2146 2226/4016/2147 2225/4017/2143 2221/4018/2142
f 2223/4019/2148 2227/4020/2149 2226/4021/2147 2222/4022/2146
f 2224/4023/2145 2228/4024/2144 2227/4025/2149 2223/4026/2148
f 2225/4012/2143 2229/4027/2150 2232/4027/2151 2228/4013/2144
f 2226/4016/2147 2230/4028/2152 2229/4028/2150 2225/4017/2143
f 2227/4020/2149 2231/4029/2153 2230/4029/2152 2226/4021/2147
f 2228/4024/2144 2232/4030/2151 2231/4030/2153 2227/4025/2149
f 2233/4031/2154 2237/4032/2155 2240/4033/2156 2236/4034/2157
f 2234/4035/2158 2238/4036/2159 2237/4037/2155 2233/4038/2154
f 2235/4039/2160 2239/4040/2161 2238/4041/2159 2234/4042/2158
f 2236/4043/2157 2240/4044/2156 2239/4045/2161 2235/4046/2160
f 2237/4032/2155 2241/4047/2162 2244/4047/2163 2240/4033/2156
f 2238/4036/2159 2242/4048/2164 2241/4048/2162 2237/4037/2155
f 2239/4040/2161 2243/4049/2165 2242/4049/2164 2238/4041/2159
f 2240/4044/2156 2244/4050/2163 2243/4050/2165 2239/4045/2161
f 2245/4051/2166 2249/4052/2167 2252/4053/2168 2248/4054/2169
f 2246/4055/2170 2250/4056/2171 2249/4057/2167 2245/4058/2166
f 2247/4059/2172 2251/4060/2173 2250/4061/2171 2246/4062/2170
f 2248/4063/2169 2252/4064/2168 2251/4065/2173 2247/4066/2172
f 2249/4052/2167 2253/4067/2174 2256/4068/2175 2252/4053/2168
f 2250/4056/2171 2254/4069/2176 2253/4070/2174 2249/4057/2167
f 2251/4060/2173 2255/4071/2177 2254/4072/2176 2250/4061/2171
f 2252/4064/2168 2256/4073/2175 2255/4074/2177 2251/4065/2173
f 2253/4067/2174 2257/4075/2178 2260/4076/2179 2256/4068/2175
f 2254/4069/2176 2258/4077/2180 2257/4078/2178 2253/4070/2174
f 2255/4071/2177 2259/4079/2181 2258/4080/2180 2254/4072/2176
f 2256/4073/2175 2260/4081/2179 2259/4082/2181 2255/4074/2177
f 2257/4075/2178 2261/4083/2182 2264/4083/2183 2260/4076/2179
f 2258/4077/2180 2262/4084/2184 2261/4084/2182 2257/4078/2178
f 2259/4079/2181 2263/4085/2185 2262/4085/2184 2258/4080/2180
f 2260/4081/2179 2264/4086/2183 2263/4086/2185 2259/4082/2181
f 2265/4087/2186 2269/4088/2187 2272/4089/2188 2268/4090/2189
f 2266/4091/2190 2270/4092/2191 2269/4093/2187 2265/4094/2186
f 2267/4095/2192 2271/4096/2193 2270/4097/2191 2266/4098/2190
f 2268/4099/2189 2272/4100/2188 2271/4101/2193 2267/4102/2192
f 2269/4088/2187 2273/4103/2194 2276/4103/2195 2272/4089/2188
f 2270/4092/2191 2274/4104/2196 2273/4104/2194 2269/4093/2187
f 2271/4096/2193 2275/4105/2197 2274/4105/2196 2270/4097/2191
f 2272/4100/2188 2276/4106/2195 2275/4106/2197 2271/4101/2193
f 2277/4107/2198 2281/4108/2198 2284/4108/2199 2280/4109/2199
f 2278/4110/2200 2282/4111/2200 2281/4111/2198 2277/4112/2198
f 2279/4113/2201 2283/4114/2201 2282/4114/2200 2278/4115/2200
f 2280/4116/2199 2284/4117/2199 2283/4117/2201 2279/4118/2201
f 2285/4119/2202 2289/4120/2203 2292/4121/2204 2288/4122/2205
f 2286/4123/2206 2290/4124/2207 2289/4125/2203 2285/4126/2202
f 2287/4127/2208 2291/4128/2209 2290/4129/2207 2286/4130/2206
f 2288/4131/2205 2292/4132/2204 2291/4133/2209 2287/4134/2208
f 2289/4120/2203 2293/4135/2210 2296/4136/2211 2292/4121/2204
f 2290/4124/2207 2294/4137/2212 2293/4138/2210 2289/4125/2203
f 2291/4128/2209 2295/4139/2213 2294/4140/2212 2290/4129/2207
f 2292/4132/2204 2296/4141/2211 2295/4142/2213 2291/4133/2209
f 2293/4135/2210 2297/4143/2214 2300/4143/2215 2296/4136/2211
f 2294/4137/2212 2298/4144/2216 2297/4144/2214 2293/4138/2210
f 2295/4139/2213 2299/4145/2217 2298/4145/2216 2294/4140/2212
f 2296/4141/2211 2300/4146/2215 2299/4146/2217 2295/4142/2213
f 2301/4147/2218 2305/4148/2219 2308/4149/2220 2304/4150/2221
f 2302/4151/2222 2306/4152/2223 2305/4153/2219 2301/4154/2218
f 2303/4155/2224 2307/4156/2225 2306/4157/2223 2302/4158/2222
f 2304/4159/2221 2308/4160/2220 2307/4161/2225 2303/4162/2224
f 2305/4148/2219 2309/4163/2226 2312/4163/2227 2308/4149/2220
f 2306/4152/2223 2310/4164/2228 2309/4164/2226 2305/4153/2219
f 2307/4156/2225 2311/4165/2229 2310/4165/2228 2306/4157/2223
f 2308/4160/2220 2312/4166/2227 2311/4166/2229 2307/4161/2225
f 2313/4167/2230 2317/4168/2230 2320/4168/2231 2316/4169/2231
f 2314/4170/2232 2318/4171/2233 2317/4171/2230 2313/4172/2230
f 2315/4173/2234 2319/4171/2234 2318/4171/2233 2314/4170/2232
f 2316/4169/2231 2320/4168/2231 2319/4168/2234 2315/4174/2234
f 2321/4175/2235 2325/4176/2235 2328/4176/2236 2324/4177/2236
f 2322/4178/2237 2326/4179/2237 2325/4179/2235 2321/4180/2235
f 2323/4181/2238 2327/4182/2238 2326/4182/2237 2322/4183/2237
f 2324/4184/2236 2328/4185/2236 2327/4185/2238 2323/4186/2238
f 2329/4187/2239 2333/4188/2240 2336/4189/2241 2332/4190/2242
f 2330/4191/2243 2334/4192/2244 2333/4193/2240 2329/4194/2239
f 2331/4195/2245 2335/4196/2246 2334/4197/2244 2330/4198/2243
f 2332/4199/2242 2336/4200/2241 2335/4201/2246 2331/4202/2245
f 2333/4188/2240 2337/4203/2247 2340/4204/2248 2336/4189/2241
f 2334/4192/2244 2338/4205/2249 2337/4206/2247 2333/4193/2240
f 2335/4196/2246 2339/4207/2250 2338/4208/2249 2334/4197/2244
f 2336/4200/2241 2340/4209/2248 2339/4210/2250 2335/4201/2246
f 2337/4203/2247 2341/4211/2251 2344/4211/2252 2340/4204/2248
f 2338/4205/2249 2342/4212/2253 2341/4212/2251 2337/4206/2247
f 2339/4207/2250 2343/4213/2254 2342/4213/2253 2338/4208/2249
f 2340/4209/2248 2344/4214/2252 2343/4214/2254 2339/4210/2250
f 2345/4215/2255 2349/4216/2256 2352/4217/2257 2348/4218/2258
f 2346/4219/2259 2350/4220/2260 2349/4221/2256 2345/4222/2255
f 2347/4223/2261 2351/4224/2262 2350/4225/2260 2346/4226/2259
f 2348/4227/2258 2352/4228/2257 2351/4229/2262 2347/4230/2261
f 2349/4216/2256 2353/4231/2263 2356/4232/2264 2352/4217/2257
f 2350/4220/2260 2354/4233/2265 2353/4234/2263 2349/4221/2256
f 2351/4224/2262 2355/4235/2266 2354/4236/2265 2350/4225/2260
f 2352/4228/2257 2356/4237/2264 2355/4238/2266 2351/4229/2262
f 2353/4231/2263 2357/4239/2267 2360/4240/2268 2356/4232/2264
f 2354/4233/2265 2358/4241/2269 2357/4242/2267 2353/4234/2263
f 2355/4235/2266 2359/4243/2270 2358/4244/2269 2354/4236/2265
f 2356/4237/2264 2360/4245/2268 2359/4246/2270 2355/4238/2266
f 2357/4239/2267 2361/4247/2271 2364/4247/2272 2360/4240/2268
f 2358/4241/2269 2362/4248/2273 2361/4248/2271 2357/4242/2267
f 2359/4243/2270 2363/4249/2274 2362/4249/2273 2358/4244/2269
f 2360/4245/2268 2364/4250/2272 2363/4250/2274 2359/4246/2270
f 2365/4251/2275 2369/4252/2276 2372/4253/2277 2368/4254/2278
f 2366/4255/2279 2370/4256/2280 2369/4257/2276 2365/4258/2275
f 2367/4259/2281 2371/4260/2282 2370/4261/2280 2366/4262/2279
f 2368/4263/2278 2372/4264/2277 2371/4265/2282 2367/4266/2281
f 2369/4252/2276 2373/4267/2283 2376/4268/2284 2372/4253/2277
f 2370/4256/2280 2374/4269/2285 2373/4270/2283 2369/4257/2276
f 2371/4260/2282 2375/4271/2286 2374/4272/2285 2370/4261/2280
f 2372/4264/2277 2376/4273/2284 2375/4274/2286 2371/4265/2282
f 2373/4267/2283 2377/4275/2287 2380/4275/2288 2376/4268/2284
f 2374/4269/2285 2378/4276/2289 2377/4276/2287 2373/4270/2283
f 2375/4271/2286 2379/4277/2290 2378/4277/2289 2374/4272/2285
f 2376/4273/2284 2380/4278/2288 2379/4278/2290 2375/4274/2286
f 2381/4279/2291 2385/4280/2292 2388/4281/2293 2384/4282/2294
f 2382/4283/2295 2386/4284/2296 2385/4285/2292 2381/4286/2291
f 2383/4287/2297 2387/4288/2298 2386/4289/2296 2382/4290/2295
f 2384/4291/2294 2388/4292/2293 2387/4293/2298 2383/4294/2297
f 2385/4280/2292 2389/4295/2299 2392/4296/2300 2388/4281/2293
f 2386/4284/2296 2390/4297/2301 2389/4298/2299 2385/4285/2292
f 2387/4288/2298 2391/4299/2302 2390/4300/2301 2386/4289/2296
f 2388/4292/2293 2392/4301/2300 2391/4302/2302 2387/4293/2298
f 2389/4295/2299 2393/4303/2303 2396/4304/2304 2392/4296/2300
f 2390/4297/2301 2394/4305/2305 2393/4306/2303 2389/4298/2299
f 2391/4299/2302 2395/4307/2306 2394/4308/2305 2390/4300/2301
f 2392/4301/2300 2396/4309/2304 2395/4310/2306 2391/4302/2302
f 2393/4303/2303 2397/4311/2307 2400/4311/2308 2396/4304/2304
f 2394/4305/2305 2398/4312/2309 2397/4312/2307 2393/4306/2303
f 2395/4307/2306 2399/4313/2310 2398/4313/2309 2394/4308/2305
f 2396/4309/2304 2400/4314/2308 2399/4314/2310 2395/4310/2306
f 2401/4315/2311 2405/4316/2312 2408/4317/2313 2404/4318/2314
f 2402/4319/2315 2406/4320/2316 2405/4321/2312 2401/4322/2311
f 2403/4323/2317 2407/4324/2318 2406/4325/2316 2402/4326/2315
f 2404/4327/2314 2408/4328/2313 2407/4329/2318 2403/4330/2317
f 2405/4316/2312 2409/4331/2319 2412/4332/2320 2408/4317/2313
f 2406/4320/2316 2410/4333/2321 2409/4334/2319 2405/4321/2312
f 2407/4324/2318 2411/4335/2322 2410/4336/2321 2406/4325/2316
f 2408/4328/2313 2412/4337/2320 2411/4338/2322 2407/4329/2318
f 2409/4331/2319 2413/4339/2323 2416/4339/2324 2412/4332/2320
f 2410/4333/2321 2414/4340/2325 2413/4340/2323 2409/4334/2319
f 2411/4335/2322 2415/4341/2326 2414/4341/2325 2410/4336/2321
f 2412/4337/2320 2416/4342/2324 2415/4342/2326 2411/4338/2322
f 2417/4343/2327 2421/4344/2328 2424/4345/2329 2420/4346/2330
f 2418/4347/2331 2422/4348/2332 2421/4349/2328 2417/4350/2327
f 2419/4351/2333 2423/4352/2334 2422/4353/2332 2418/4354/2331
f 2420/4355/2330 2424/4356/2329 2423/4357/2334 2419/4358/2333
f 2421/4344/2328 2425/4359/2335 2428/4359/2336 2424/4345/2329
f 2422/4348/2332 2426/4360/2337 2425/4360/2335 2421/4349/2328
f 2423/4352/2334 2427/4361/2338 2426/4361/2337 2422/4353/2332
f 2424/4356/2329 2428/4362/2336 2427/4362/2338 2423/4357/2334
f 2429/4363/2339 2433/4364/2340 2436/4365/2341 2432/4366/2342
f 2430/4367/2343 2434/4368/2344 2433/4369/2340 2429/4370/2339
f 2431/4371/2345 2435/4372/2346 2434/4373/2344 2430/4374/2343
f 2432/4375/2342 2436/4376/2341 2435/4377/2346 2431/4378/2345
f 2433/4364/2340 2437/4379/2347 2440/4380/2348 2436/4365/2341
f 2434/4368/2344 2438/4381/2349 2437/4382/2347 2433/4369/2340
f 2435/4372/2346 2439/4383/2350 2438/4384/2349 2434/4373/2344
f 2436/4376/2341 2440/4385/2348 2439/4386/2350 2435/4377/2346
f 2437/4379/2347 2441/4387/2351 2444/4387/2352 2440/4380/2348
f 2438/4381/2349 2442/4388/2353 2441/4388/2351 2437/4382/2347
f 2439/4383/2350 2443/4389/2354 2442/4389/2353 2438/4384/2349
f 2440/4385/2348 2444/4390/2352 2443/4390/2354 2439/4386/2350
f 2445/4391/2355 2449/4392/2355 2452/4392/2356 2448/4393/2356
f 2446/4394/2357 2450/4395/2357 2449/4395/2355 2445/4396/2355
f 2447/4397/2358 2451/4398/2358 2450/4398/2357 2446/4399/2357
f 2448/4400/2356 2452/4401/2356 2451/4401/2358 2447/4402/2358
f 2453/4403/2359 2457/4404/2359 2460/4404/2360 2456/4405/2360
f 2454/4406/2361 2458/4407/2362 2457/4407/2359 2453/4408/2359
f 2455/4409/2363 2459/4410/2363 2458/4410/2362 2454/4411/2361
f 2456/4412/2360 2460/4413/2360 2459/4413/2363 2455/4414/2363
f 2461/4415/2364 2465/4416/2365 2468/4417/2366 2464/4418/2367
f 2462/4419/2368 2466/4420/2369 2465/4421/2365 2461/4422/2364
f 2463/4423/2370 2467/4424/2371 2466/4425/2369 2462/4426/2368
f 2464/4427/2367 2468/4428/2366 2467/4429/2371 2463/4430/2370
f 2465/4416/2365 2469/4431/2372 2472/4432/2373 2468/4417/2366
f 2466/4420/2369 2470/4433/2374 2469/4434/2372 2465/4421/2365
f 2467/4424/2371 2471/4435/2375 2470/4436/2374 2466/4425/2369
f 2468/4428/2366 2472/4437/2373 2471/4438/2375 2467/4429/2371
f 2469/4431/2372 2473/4439/2376 2476/4439/2377 2472/4432/2373
f 2470/4433/2374 2474/4440/2378 2473/4440/2376 2469/4434/2372
f 2471/4435/2375 2475/4441/2379 2474/4441/2378 2470/4436/2374
f 2472/4437/2373 2476/4442/2377 2475/4442/2379 2471/4438/2375
f 2477/4443/2380 2481/4444/2380 2484/4444/2381 2480/4445/2381
f 2478/4446/2382 2482/4447/2382 2481/4447/2380 2477/4448/2380
f 2479/4449/2383 2483/4447/2383 2482/4447/2382 2478/4446/2382
f 2480/4445/2381 2484/4444/2381 2483/4444/2383 2479/4450/2383
f 2485/4451/2384 2489/4452/2385 2492/4453/2386 2488/4454/2387
f 2486/4455/2388 2490/4456/2389 2489/4457/2385 2485/4458/2384
f 2487/4459/2390 2491/4460/2391 2490/4461/2389 2486/4462/2388
f 2488/4463/2387 2492/4464/2386 2491/4465/2391 2487/4466/2390
f 2489/4452/2385 2493/4467/2392 2496/4468/2393 2492/4453/2386
f 2490/4456/2389 2494/4469/2394 2493/4470/2392 2489/4457/2385
f 2491/4460/2391 2495/4471/2395 2494/4472/2394 2490/4461/2389
f 2492/4464/2386 2496/4473/2393 2495/4474/2395 2491/4465/2391
f 2493/4467/2392 2497/4475/2396 2500/4475/2397 2496/4468/2393
f 2494/4469/2394 2498/4476/2398 2497/4476/2396 2493/4470/2392
f 2495/4471/2395 2499/4477/2399 2498/4477/2398 2494/4472/2394
f 2496/4473/2393 2500/4478/2397 2499/4478/2399 2495/4474/2395
f 2501/4479/2400 2505/4480/2401 2508/4481/2402 2504/4482/2403
f 2502/4483/2404 2506/4484/2405 2505/4485/2401 2501/4486/2400
f 2503/4487/2406 2507/4488/2407 2506/4489/2405 2502/4490/2404
f 2504/4491/2403 2508/4492/2402 2507/4493/2407 2503/4494/2406
f 2505/4480/2401 2509/4495/2408 2512/4496/2409 2508/4481/2402
f 2506/4484/2405 2510/4497/2410 2509/4498/2408 2505/4485/2401
f 2507/4488/2407 2511/4499/2411 2510/4500/2410 2506/4489/2405
f 2508/4492/2402 2512/4501/2409 2511/4502/2411 2507/4493/2407
f 2509/4495/2408 2513/4503/2412 2516/4503/2413 2512/4496/2409
f 2510/4497/2410 2514/4504/2414 2513/4504/2412 2509/4498/2408
f 2511/4499/2411 2515/4505/2415 2514/4505/2414 2510/4500/2410
f 2512/4501/2409 2516/4506/2413 2515/4506/2415 2511/4502/2411
f 2517/4507/2416 2521/4508/2416 2524/4508/2417 2520/4509/2417
f 2518/4510/2418 2522/4511/2418 2521/4511/2416 2517/4512/2416
f 2519/4513/2419 2523/4514/2419 2522/4514/2418 2518/4515/2418
f 2520/4516/2417 2524/4517/2417 2523/4517/2419 2519/4518/2419
f 2525/4519/2420 2529/4520/2421 2532/4521/2422 2528/4522/2423
f 2526/4523/2424 2530/4524/2425 2529/4525/2421 2525/4526/2420
f 2527/4527/2426 2531/4528/2427 2530/4529/2425 2526/4530/2424
f 2528/4531/2423 2532/4532/2422 2531/4533/2427 2527/4534/2426
f 2529/4520/2421 2533/4535/2428 2536/4536/2429 2532/4521/2422
f 2530/4524/2425 2534/4537/2430 2533/4538/2428 2529/4525/2421
f 2531/4528/2427 2535/4539/2431 2534/4540/2430 2530/4529/2425
f 2532/4532/2422 2536/4541/2429 2535/4542/2431 2531/4533/2427
f 2533/4535/2428 2537/4543/2432 2540/4544/2433 2536/4536/2429
f 2534/4537/2430 2538/4545/2434 2537/4546/2432 2533/4538/2428
f 2535/4539/2431 2539/4547/2435 2538/4548/2434 2534/4540/2430
f 2536/4541/2429 2540/4549/2433 2539/4550/2435 2535/4542/2431
f 2537/4543/2432 2541/4551/2436 2544/4551/2437 2540/4544/2433
f 2538/4545/2434 2542/4552/2438 2541/4552/2436 2537/4546/2432
f 2539/4547/2435 2543/4553/2439 2542/4553/2438 2538/4548/2434
f 2540/4549/2433 2544/4554/2437 2543/4554/2439 2539/4550/2435
f 2545/4555/2440 2549/4556/2440 2552/4556/2441 2548/4557/2441
f 2546/4558/2442 2550/4559/2443 2549/4559/2440 2545/4560/2440
f 2547/4561/2444 2551/4562/2444 2550/4562/2443 2546/4563/2442
f 2548/4564/2441 2552/4565/2441 2551/4565/2444 2547/4566/2444
f 2553/4567/2445 2557/4568/2445 2560/4568/2446 2556/4569/2446
f 2554/4570/2447 2558/4571/2447 2557/4571/2445 2553/4572/2445
f 2555/4573/2448 2559/4574/2448 2558/4574/2447 2554/4575/2447
f 2556/4576/2446 2560/4577/2446 2559/4577/2448 2555/4578/2448
f 2561/4579/2449 2565/4580/2450 2568/4581/2451 2564/4582/2452
f 2562/4583/2453 2566/4584/2454 2565/4585/2450 2561/4586/2449
f 2563/4587/2455 2567/4588/2456 2566/4589/2454 2562/4590/2453
f 2564/4591/2452 2568/4592/2451 2567/4593/2456 2563/4594/2455
f 2565/4580/2450 2569/4595/2457 2572/4596/2458 2568/4581/2451
f 2566/4584/2454 2570/4597/2459 2569/4598/2457 2565/4585/2450
f 2567/4588/2456 2571/4599/2460 2570/4600/2459 2566/4589/2454
f 2568/4592/2451 2572/4601/2458 2571/4602/2460 2567/4593/2456
f 2569/4595/2457 2573/4603/2461 2576/4604/2462 2572/4596/2458
f 2570/4597/2459 2574/4605/2463 2573/4606/2461 2569/4598/2457
f 2571/4599/2460 2575/4607/2464 2574/4608/2463 2570/4600/2459
f 2572/4601/2458 2576/4609/2462 2575/4610/2464 2571/4602/2460
f 2573/4603/2461 2577/4611/2465 2580/4611/2466 2576/4604/2462
f 2574/4605/2463 2578/4612/2467 2577/4612/2465 2573/4606/2461
f 2575/4607/2464 2579/4613/2468 2578/4613/2467 2574/4608/2463
f 2576/4609/2462 2580/4614/2466 2579/4614/2468 2575/4610/2464
f 2581/4615/2469 2585/4616/2470 2588/4617/2471 2584/4618/2472
f 2582/4619/2473 2586/4620/2474 2585/4621/2470 2581/4622/2469
f 2583/4623/2475 2587/4624/2476 2586/4625/2474 2582/4626/2473
f 2584/4627/2472 2588/4628/2471 2587/4629/2476 2583/4630/2475
f 2585/4616/2470 2589/4631/2477 2592/4631/2478 2588/4617/2471
f 2586/4620/2474 2590/4632/2479 2589/4632/2477 2585/4621/2470
f 2587/4624/2476 2591/4633/2480 2590/4633/2479 2586/4625/2474
f 2588/4628/2471 2592/4634/2478 2591/4634/2480 2587/4629/2476
f 2593/4635/2481 2597/4636/2482 2600/4637/2483 2596/4638/2484
f 2594/4639/2485 2598/4640/2486 2597/4641/2482 2593/4642/2481
f 2595/4643/2487 2599/4644/2488 2598/4645/2486 2594/4646/2485
f 2596/4647/2484 2600/4648/2483 2599/4649/2488 2595/4650/2487
f 2597/4636/2482 2601/4651/2489 2604/4652/2490 2600/4637/2483
f 2598/4640/2486 2602/4653/2491 2601/4654/2489 2597/4641/2482
f 2599/4644/2488 2603/4655/2492 2602/4656/2491 2598/4645/2486
f 2600/4648/2483 2604/4657/2490 2603/4658/2492 2599/4649/2488
f 2601/4651/2489 2605/4659/2493 2608/4660/2494 2604/4652/2490
f 2602/4653/2491 2606/4661/2495 2605/4662/2493 2601/4654/2489
f 2603/4655/2492 2607/4663/2496 2606/4664/2495 2602/4656/2491
f 2604/4657/2490 2608/4665/2494 2607/4666/2496 2603/4658/2492
f 2605/4659/2493 2609/4667/2497 2612/4667/2498 2608/4660/2494
f 2606/4661/2495 2610/4668/2499 2609/4668/2497 2605/4662/2493
f 2607/4663/2496 2611/4669/2500 2610/4669/2499 2606/4664/2495
f 2608/4665/2494 2612/4670/2498 2611/4670/2500 2607/4666/2496
f 2613/4671/2501 2617/4672/2502 2620/4673/2503 2616/4674/2504
f 2614/4675/2505 2618/4676/2506 2617/4677/2502 2613/4678/2501
f 2615/4679/2507 2619/4680/2508 2618/4681/2506 2614/4682/2505
f 2616/4683/2504 2620/4684/2503 2619/4685/2508 2615/4686/2507
f 2617/4672/2502 2621/4687/2509 2624/4687/2510 2620/4673/2503
f 2618/4676/2506 2622/4688/2511 2621/4688/2509 2617/4677/2502
f 2619/4680/2508 2623/4689/2512 2622/4689/2511 2618/4681/2506
f 2620/4684/2503 2624/4690/2510 2623/4690/2512 2619/4685/2508
f 2625/4691/2513 2629/4692/2514 2632/4693/2515 2628/4694/2516
f 2626/4695/2517 2630/4696/2518 2629/4697/2514 2625/4698/2513
f 2627/4699/2519 2631/4700/2520 2630/4701/2518 2626/4702/2517
f 2628/4703/2516 2632/4704/2515 2631/4705/2520 2627/4706/2519
f 2629/4692/2514 2633/4707/2521 2636/4707/2522 2632/4693/2515
f 2630/4696/2518 2634/4708/2523 2633/4708/2521 2629/4697/2514
f 2631/4700/2520 2635/4709/2524 2634/4709/2523 2630/4701/2518
f 2632/4704/2515 2636/4710/2522 2635/4710/2524 2631/4705/2520
f 2637/4711/2525 2641/4712/2526 2644/4713/2527 2640/4714/2528
f 2638/4715/2529 2642/4716/2530 2641/4717/2526 2637/4718/2525
f 2639/4719/2531 2643/4720/2532 2642/4721/2530 2638/4722/2529
f 2640/4723/2528 2644/4724/2527 2643/4725/2532 2639/4726/2531
f 2641/4712/2526 2645/4727/2533 2648/4728/2534 2644/4713/2527
f 2642/4716/2530 2646/4729/2535 2645/4730/2533 2641/4717/2526
f 2643/4720/2532 2647/4731/2536 2646/4732/2535 2642/4721/2530
f 2644/4724/2527 2648/4733/2534 2647/4734/2536 2643/4725/2532
f 2645/4727/2533 2649/4735/2537 2652/4736/2538 2648/4728/2534
f 2646/4729/2535 2650/4737/2539 2649/4738/2537 2645/4730/2533
f 2647/4731/2536 2651/4739/2540 2650/4740/2539 2646/4732/2535
f 2648/4733/2534 2652/4741/2538 2651/4742/2540 2647/4734/2536
f 2649/4735/2537 2653/4743/2541 2656/4743/2542 2652/4736/2538
f 2650/4737/2539 2654/4744/2543 2653/4744/2541 2649/4738/2537
f 2651/4739/2540 2655/4745/2544 2654/4745/2543 2650/4740/2539
f 2652/4741/2538 2656/4746/2542 2655/4746/2544 2651/4742/2540
f 2657/4747/2545 2661/4748/2545 2664/4748/2546 2660/4749/2547
f 2658/4750/2548 2662/4751/2548 2661/4751/2545 2657/4752/2545
f 2659/4753/2549 2663/4754/2549 2662/4754/2548 2658/4755/2548
f 2660/4756/2547 2664/4757/2546 2663/4757/2549 2659/4758/2549
f 2665/4759/2550 2669/4760/2551 2672/4761/2552 2668/4762/2553
f 2666/4763/2554 2670/4764/2555 2669/4765/2551 2665/4766/2550
f 2667/4767/2556 2671/4768/2557 2670/4769/2555 2666/4770/2554
f 2668/4771/2553 2672/4772/2552 2671/4773/2557 2667/4774/2556
f 2669/4760/2551 2673/4775/2558 2676/4776/2559 2672/4761/2552
f 2670/4764/2555 2674/4777/2560 2673/4778/2558 2669/4765/2551
f 2671/4768/2557 2675/4779/2561 2674/4780/2560 2670/4769/2555
f 2672/4772/2552 2676/4781/2559 2675/4782/2561 2671/4773/2557
f 2673/4775/2558 2677/4783/2562 2680/4784/2563 2676/4776/2559
f 2674/4777/2560 2678/4785/2564 2677/4786/2562 2673/4778/2558
f 2675/4779/2561 2679/4787/2565 2678/4788/2564 2674/4780/2560
f 2676/4781/2559 2680/4789/2563 2679/4790/2565 2675/4782/2561
f 2677/4783/2562 2681/4791/2566 2684/4791/2567 2680/4784/2563
f 2678/4785/2564 2682/4792/2568 2681/4792/2566 2677/4786/2562
f 2679/4787/2565 2683/4793/2569 2682/4793/2568 2678/4788/2564
f 2680/4789/2563 2684/4794/2567 2683/4794/2569 2679/4790/2565
f 2685/4795/2570 2689/4796/2571 2692/4797/2572 2688/4798/2573
f 2686/4799/2574 2690/4800/2575 2689/4801/2571 2685/4802/2570
f 2687/4803/2576 2691/4804/2577 2690/4805/2575 2686/4806/2574
f 2688/4807/2573 2692/4808/2572 2691/4809/2577 2687/4810/2576
f 2689/4796/2571 2693/4811/2578 2696/4811/2579 2692/4797/2572
f 2690/4800/2575 2694/4812/2580 2693/4812/2578 2689/4801/2571
f 2691/4804/2577 2695/4813/2581 2694/4813/2580 2690/4805/2575
f 2692/4808/2572 2696/4814/2579 2695/4814/2581 2691/4809/2577
f 2697/4815/2582 2701/4816/2583 2704/4817/2584 2700/4818/2585
f 2698/4819/2586 2702/4820/2587 2701/4821/2583 2697/4822/2582
f 2699/4823/2588 2703/4824/2589 2702/4825/2587 2698/4826/2586
f 2700/4827/2585 2704/4828/2584 2703/4829/2589 2699/4830/2588
f 2701/4816/2583 2705/4831/2590 2708/4831/2591 2704/4817/2584
f 2702/4820/2587 2706/4832/2592 2705/4832/2590 2701/4821/2583
f 2703/4824/2589 2707/4833/2593 2706/4833/2592 2702/4825/2587
f 2704/4828/2584 2708/4834/2591 2707/4834/2593 2703/4829/2589
f 2709/4835/2594 2713/4836/2595 2716/4837/2596 2712/4838/2597
f 2710/4839/2598 2714/4840/2599 2713/4841/2595 2709/4842/2594
f 2711/4843/2600 2715/4844/2601 2714/4845/2599 2710/4846/2598
f 2712/4847/2597 2716/4848/2596 2715/4849/2601 2711/4850/2600
f 2713/4836/2595 2717/4851/2602 2720/4852/2603 2716/4837/2596
f 2714/4840/2599 2718/4853/2604 2717/4854/2602 2713/4841/2595
f 2715/4844/2601 2719/4855/2605 2718/4856/2604 2714/4845/2599
f 2716/4848/2596 2720/4857/2603 2719/4858/2605 2715/4849/2601
f 2717/4851/2602 2721/4859/2606 2724/4860/2607 2720/4852/2603
f 2718/4853/2604 2722/4861/2608 2721/4862/2606 2717/4854/2602
f 2719/4855/2605 2723/4863/2609 2722/4864/2608 2718/4856/2604
f 2720/4857/2603 2724/4865/2607 2723/4866/2609 2719/4858/2605
f 2721/4859/2606 2725/4867/2610 2728/4867/2611 2724/4860/2607
f 2722/4861/2608 2726/4868/2612 2725/4868/2610 2721/4862/2606
f 2723/4863/2609 2727/4869/2613 2726/4869/2612 2722/4864/2608
f 2724/4865/2607 2728/4870/2611 2727/4870/2613 2723/4866/2609
f 2729/4871/2614 2733/4872/2615 2736/4873/2616 2732/4874/2617
f 2730/4875/2618 2734/4876/2619 2733/4877/2615 2729/4878/2614
f 2731/4879/2620 2735/4880/2621 2734/4881/2619 2730/4882/2618
f 2732/4883/2617 2736/4884/2616 2735/4885/2621 2731/4886/2620
f 2733/4872/2615 2737/4887/2622 2740/4888/2623 2736/4873/2616
f 2734/4876/2619 2738/4889/2624 2737/4890/2622 2733/4877/2615
f 2735/4880/2621 2739/4891/2625 2738/4892/2624 2734/4881/2619
f 2736/4884/2616 2740/4893/2623 2739/4894/2625 2735/4885/2621
f 2737/4887/2622 2741/4831/2626 2744/4831/2627 2740/4888/2623
f 2738/4889/2624 2742/4895/2628 2741/4895/2626 2737/4890/2622
f 2739/4891/2625 2743/4896/2629 2742/4896/2628 2738/4892/2624
f 2740/4893/2623 2744/4897/2627 2743/4897/2629 2739/4894/2625
f 2745/4898/2630 2749/4899/2631 2752/4900/2632 2748/4901/2633
f 2746/4902/2634 2750/4903/2635 2749/4904/2631 2745/4905/2630
f 2747/4906/2636 2751/4907/2637 2750/4908/2635 2746/4909/2634
f 2748/4910/2633 2752/4911/2632 2751/4912/2637 2747/4913/2636
f 2749/4899/2631 2753/4914/2638 2756/4915/2639 2752/4900/2632
f 2750/4903/2635 2754/4916/2640 2753/4917/2638 2749/4904/2631
f 2751/4907/2637 2755/4918/2641 2754/4919/2640 2750/4908/2635
f 2752/4911/2632 2756/4920/2639 2755/4921/2641 2751/4912/2637
f 2753/4914/2638 2757/4922/2642 2760/4922/2643 2756/4915/2639
f 2754/4916/2640 2758/4923/2644 2757/4923/2642 2753/4917/2638
f 2755/4918/2641 2759/4924/2645 2758/4924/2644 2754/4919/2640
f 2756/4920/2639 2760/4925/2643 2759/4925/2645 2755/4921/2641
f 2761/4926/2646 2765/4927/2646 2768/4927/2647 2764/4928/2648
f 2762/4929/2649 2766/4930/2650 2765/4930/2646 2761/4931/2646
f 2763/4932/2651 2767/4933/2651 2766/4933/2650 2762/4934/2649
f 2764/4935/2648 2768/4936/2647 2767/4936/2651 2763/4937/2651
f 2769/4938/2652 2773/4939/2652 2776/4939/2653 2772/4940/2654
f 2770/4941/2655 2774/4942/2655 2773/4942/2652 2769/4943/2652
f 2771/4944/2656 2775/4945/2657 2774/4945/2655 2770/4946/2655
f 2772/4947/2654 2776/4948/2653 2775/4948/2657 2771/4949/2656
f 2777/4950/2658 2781/4951/2659 2784/4952/2660 2780/4953/2661
f 2778/4954/2662 2782/4955/2663 2781/4956/2659 2777/4957/2658
f 2779/4958/2664 2783/4959/2665 2782/4960/2663 2778/4961/2662
f 2780/4962/2661 2784/4963/2660 2783/4964/2665 2779/4965/2664
f 2781/4951/2659 2785/4966/2666 2788/4967/2667 2784/4952/2660
f 2782/4955/2663 2786/4968/2668 2785/4969/2666 2781/4956/2659
f 2783/4959/2665 2787/4970/2669 2786/4971/2668 2782/4960/2663
f 2784/4963/2660 2788/4972/2667 2787/4973/2669 2783/4964/2665
f 2785/4966/2666 2789/4974/2670 2792/4975/2671 2788/4967/2667
f 2786/4968/2668 2790/4976/2672 2789/4977/2670 2785/4969/2666
f 2787/4970/2669 2791/4978/2673 2790/4979/2672 2786/4971/2668
f 2788/4972/2667 2792/4980/2671 2791/4981/2673 2787/4973/2669
f 2789/4974/2670 2793/4982/2674 2796/4982/2675 2792/4975/2671
f 2790/4976/2672 2794/4983/2676 2793/4983/2674 2789/4977/2670
f 2791/4978/2673 2795/4984/2677 2794/4984/2676 2790/4979/2672
f 2792/4980/2671 2796/4985/2675 2795/4985/2677 2791/4981/2673
f 2797/4986/2678 2801/4987/2679 2804/4988/2680 2800/4989/2681
f 2798/4990/2682 2802/4991/2683 2801/4992/2679 2797/4993/2678
f 2799/4994/2684 2803/4995/2685 2802/4996/2683 2798/4997/2682
f 2800/4998/2681 2804/4999/2680 2803/5000/2685 2799/5001/2684
f 2801/4987/2679 2805/5002/2686 2808/5003/2687 2804/4988/2680
f 2802/4991/2683 2806/5004/2688 2805/5005/2686 2801/4992/2679
f 2803/4995/2685 2807/5006/2689 2806/5007/2688 2802/4996/2683
f 2804/4999/2680 2808/5008/2687 2807/5009/2689 2803/5000/2685
f 2805/5002/2686 2809/5010/2690 2812/5010/2691 2808/5003/2687
f 2806/5004/2688 2810/5011/2692 2809/5011/2690 2805/5005/2686
f 2807/5006/2689 2811/5012/2693 2810/5012/2692 2806/5007/2688
f 2808/5008/2687 2812/5013/2691 2811/5013/2693 2807/5009/2689
f 2813/5014/2694 2817/5015/2694 2820/5015/2695 2816/5016/2695
f 2814/5017/2696 2818/5018/2697 2817/5018/2694 2813/5019/2694
f 2815/5020/2698 2819/5021/2698 2818/5021/2697 2814/5022/2696
f 2816/5023/2695 2820/5024/2695 2819/5024/2698 2815/5025/2698
f 2821/5026/2699 2825/5027/2700 2828/5028/2701 2824/5029/2702
f 2822/5030/2703 2826/5031/2704 2825/5032/2700 2821/5033/2699
f 2823/5034/2705 2827/5035/2706 2826/5036/2704 2822/5037/2703
f 2824/5038/2702 2828/5039/2701 2827/5040/2706 2823/5041/2705
f 2825/5027/2700 2829/5042/2707 2832/5043/2708 2828/5028/2701
f 2826/5031/2704 2830/5044/2709 2829/5045/2707 2825/5032/2700
f 2827/5035/2706 2831/5046/2710 2830/5047/2709 2826/5036/2704
f 2828/5039/2701 2832/5048/2708 2831/5049/2710 2827/5040/2706
f 2829/5042/2707 2833/5050/2711 2836/5050/2712 2832/5043/2708
f 2830/5044/2709 2834/5051/2713 2833/5051/2711 2829/5045/2707
f 2831/5046/2710 2835/5052/2714 2834/5052/2713 2830/5047/2709
f 2832/5048/2708 2836/5053/2712 2835/5053/2714 2831/5049/2710
f 2837/5054/2715 2841/5055/2716 2844/5056/2717 2840/5057/2718
f 2838/5058/2719 2842/5059/2720 2841/5060/2716 2837/5061/2715
f 2839/5062/2721 2843/5063/2722 2842/5064/2720 2838/5065/2719
f 2840/5066/2718 2844/5067/2717 2843/5068/2722 2839/5069/2721
f 2841/5055/2716 2845/5070/2723 2848/5070/2724 2844/5056/2717
f 2842/5059/2720 2846/5071/2725 2845/5071/2723 2841/5060/2716
f 2843/5063/2722 2847/5072/2726 2846/5072/2725 2842/5064/2720
f 2844/5067/2717 2848/5073/2724 2847/5073/2726 2843/5068/2722
f 2849/5074/2727 2853/5075/2727 2856/5075/2728 2852/5076/2729
f 2850/5077/2730 2854/5078/2730 2853/5078/2727 2849/5079/2727
f 2851/5080/2731 2855/5081/2731 2854/5081/2730 2850/5082/2730
f 2852/5083/2729 2856/5084/2728 2855/5084/2731 2851/5085/2731
f 2857/5086/2732 2861/5087/2732 2864/5087/2733 2860/5088/2734
f 2858/5089/2735 2862/5090/2735 2861/5090/2732 2857/5091/2732
f 2859/5092/2736 2863/5090/2736 2862/5090/2735 2858/5089/2735
f 2860/5088/2734 2864/5087/2733 2863/5087/2736 2859/5093/2736
f 2865/5094/2737 2869/5095/2738 2872/5096/2739 2868/5097/2740
f 2866/5098/2741 2870/5099/2742 2869/5100/2738 2865/5101/2737
f 2867/5102/2743 2871/5103/2744 2870/5104/2742 2866/5105/2741
f 2868/5106/2740 2872/5107/2739 2871/5108/2744 2867/5109/2743
f 2869/5095/2738 2873/5110/2745 2876/5110/2746 2872/5096/2739
f 2870/5099/2742 2874/5111/2747 2873/5111/2745 2869/5100/2738
f 2871/5103/2744 2875/5112/2748 2874/5112/2747 2870/5104/2742
f 2872/5107/2739 2876/5113/2746 2875/5113/2748 2871/5108/2744
f 2877/5114/2749 2881/5115/2750 2884/5116/2751 2880/5117/2752
f 2878/5118/2753 2882/5119/2754 2881/5120/2750 2877/5121/2749
f 2879/5122/2755 2883/5123/2756 2882/5119/2754 2878/5118/2753
f 2880/5117/2752 2884/5116/2751 2883/5124/2756 2879/5125/2755
f 2881/5126/2750 2885/5127/2757 2888/5128/2758 2884/5129/2751
f 2882/5130/2754 2886/5131/2759 2885/5127/2757 2881/5126/2750
f 2883/5123/2756 2887/5132/2760 2886/5133/2759 2882/5119/2754
f 2884/5116/2751 2888/5134/2758 2887/5135/2760 2883/5124/2756
f 2885/5127/2757 2889/5136/2761 2892/5137/2762 2888/5128/2758
f 2886/5138/2759 2890/5139/2763 2889/5140/2761 2885/5141/2757
f 2887/5142/2760 2891/5143/2764 2890/5144/2763 2886/5145/2759
f 2888/5134/2758 2892/5146/2762 2891/5147/2764 2887/5135/2760
f 2889/5136/2761 2893/5148/2765 2896/5148/2766 2892/5137/2762
f 2890/5139/2763 2894/5149/2767 2893/5149/2765 2889/5140/2761
f 2891/5143/2764 2895/5150/2768 2894/5150/2767 2890/5144/2763
f 2892/5146/2762 2896/5151/2766 2895/5151/2768 2891/5147/2764
f 2897/5152/2769 2901/5153/2770 2904/5154/2771 2900/5155/2772
f 2898/5156/2773 2902/5157/2774 2901/5158/2770 2897/5159/2769
f 2899/5160/2775 2903/5161/2776 2902/5162/2774 2898/5163/2773
f 2900/5164/2772 2904/5165/2771 2903/5166/2776 2899/5167/2775
f 2901/5153/2770 2905/2710/2777 2908/2710/2778 2904/5154/2771
f 2902/5157/2774 2906/5168/2779 2905/5168/2777 2901/5158/2770
f 2903/5161/2776 2907/5169/2780 2906/5169/2779 2902/5162/2774
f 2904/5165/2771 2908/5170/2778 2907/5170/2780 2903/5166/2776
o leaves
v 0.230587 1.797597 -0.110309
v -0.137084 2.070131 -0.499736
v -0.392354 2.264030 -0.408349
v -0.535221 2.379294 0.163851
v -0.167550 2.106760 0.553279
v 0.087720 1.912861 0.461892
v 0.183097 2.384317 -0.105409
v 0.459841 2.831321 0.185641
v 0.416258 3.153829 0.113524
v 0.052345 3.351838 -0.321758
v -0.224399 2.904833 -0.612809
v -0.180816 2.582326 -0.540692
v 0.251000 1.789867 -0.152404
v 0.783608 1.866658 0.115070
v 0.987973 2.121895 0.050260
v 0.864092 2.555579 -0.346833
v 0.331484 2.478789 -0.614307
v 0.127120 2.223551 -0.549497
v 0.222646 2.474196 -0.097171
v -0.062633 2.969610 0.088009
v 0.054459 3.172756 0.324931
v 0.573922 3.083636 0.613594
v 0.859201 2.588223 0.428414
v 0.742110 2.385076 0.191492
v 0.059364 2.393320 -0.122634
v 0.396357 2.557799 -0.592201
v 0.419465 2.871562 -0.702338
v 0.128686 3.334608 -0.453044
v -0.208307 3.170129 0.016523
v -0.231414 2.856366 0.126660
v 0.193698 2.422368 -0.015586
v -0.369325 2.392993 0.192387
v -0.451550 2.444388 0.511305
v -0.052976 2.576554 0.941168
v 0.510047 2.605929 0.733194
v 0.592272 2.554534 0.414277
v -0.044288 2.222136 0.221505
v -0.307091 2.722361 0.426002
v -0.178242 3.027493 0.388538
v 0.342262 3.137530 0.109112
v 0.605065 2.637304 -0.095386
v 0.476215 2.332172 -0.057921
v -0.022301 2.945905 0.320805
v -0.005842 3.069731 0.908603
v 0.140132 3.340762 1.036450
v 0.415619 3.759000 0.704344
v 0.399160 3.635175 0.116545
v 0.253187 3.364144 -0.011301
v -0.261738 2.292173 0.305305
v -0.129623 2.827827 0.067122
v -0.351028 3.074646 0.032896
v -0.925952 3.032630 0.202627
v -1.058066 2.496976 0.440810
v -0.836662 2.250157 0.475036
v -0.271802 3.203390 0.242676
v -0.736054 3.429874 -0.064385
v -0.832197 3.748503 -0.045861
v -0.560231 4.159277 0.298247
v -0.095980 3.932793 0.605307
v 0.000163 3.614164 0.586784
v 0.000124 2.952896 0.153707
v 0.435284 3.199849 0.486514
v 0.655671 3.420373 0.368573
v 0.661283 3.614469 -0.200115
v 0.226122 3.367517 -0.532922
v 0.005736 3.146992 -0.414981
v -0.268405 3.100569 0.231029
v -0.586902 3.580937 0.060978
v -0.538694 3.887383 0.182952
v -0.123780 4.019908 0.596950
v 0.194717 3.539540 0.767001
v 0.146509 3.233094 0.645027
v -0.130592 3.001528 0.360272
v -0.711759 3.110708 0.253337
v -0.858302 3.404550 0.310721
v -0.570219 3.883055 0.532426
v 0.010948 3.773875 0.639360
v 0.157491 3.480032 0.581976
v 0.231460 2.138465 0.353258
v 0.064470 2.538345 0.769577
v 0.268510 2.769464 0.896316
v 0.843580 2.831822 0.733475
v 1.010569 2.431942 0.317155
v 0.806529 2.200824 0.190416
v 0.251968 2.707109 0.439532
v 0.308923 2.999528 -0.082347
v 0.349522 3.329540 -0.105910
v 0.373764 3.697143 0.368843
v 0.316809 3.404724 0.890722
v 0.276210 3.074713 0.914285
v 0.184335 3.281635 0.357990
v 0.730662 3.265317 0.108248
v 0.820456 3.452608 -0.152463
v 0.453716 3.843509 -0.424142
v -0.092611 3.859827 -0.174400
v -0.182405 3.672536 0.086310
v 0.186763 3.880089 0.324583
v 0.470958 4.409338 0.340094
v 0.336328 4.694721 0.232659
v -0.217127 4.736239 0.002279
v -0.501322 4.206991 -0.013232
v -0.366692 3.921608 0.094203
v 0.334339 2.693552 0.402884
v 0.757979 2.862561 0.794132
v 0.863733 3.176872 0.827840
v 0.651600 3.636482 0.504006
v 0.227960 3.467473 0.112757
v 0.122206 3.153162 0.079050
v 0.432326 3.282015 0.393836
v 0.121925 3.552830 -0.043681
v -0.090372 3.804417 0.008706
v -0.204567 4.036778 0.550996
v 0.105834 3.765963 0.988514
v 0.318132 3.514375 0.936127
v 0.300713 3.756645 0.361443
v 0.432964 4.250758 0.046050
v 0.410041 4.559931 0.168513
v 0.231943 4.684166 0.728832
v 0.099692 4.190053 1.044226
v 0.122615 3.880880 0.921763
v 0.298995 3.259251 0.277850
v 0.710416 3.221834 -0.158549
v 0.751727 3.454022 -0.394118
v 0.422928 3.955814 -0.428860
v 0.011508 3.993231 0.007539
v -0.029803 3.761043 0.243109
v 0.316596 3.836263 0.230234
v 0.730197 4.271754 0.250032
v 0.758049 4.510921 0.019522
v 0.400152 4.553761 -0.461295
v -0.013449 4.118270 -0.481093
v -0.041301 3.879104 -0.250583
v -0.179195 2.283417 -0.418208
v 0.214808 2.574936 -0.070517
v 0.292942 2.896661 -0.109237
v 0.055205 3.248593 -0.534368
v -0.338798 2.957074 -0.882059
v -0.416931 2.635349 -0.843339
v -0.148269 2.785684 -0.503102
v -0.148922 2.784385 -1.104025
v -0.328544 2.995484 -1.289186
v -0.687133 3.418979 -1.058585
v -0.686479 3.420277 -0.457662
v -0.506858 3.209178 -0.272501
v -0.069962 3.308550 -0.558456
v 0.232521 3.801385 -0.394965
v 0.247235 4.078878 -0.579062
v -0.025820 4.141032 -1.110747
v -0.328303 3.648197 -1.274238
v -0.343017 3.370703 -1.090141
v -0.125515 3.715808 -0.555764
v -0.201855 3.915047 -1.117536
v -0.198150 4.237632 -1.201418
v -0.114398 4.683563 -0.807410
v -0.038058 4.484324 -0.245639
v -0.041763 4.161739 -0.161757
v -0.067277 2.783660 -0.487539
v 0.314624 3.002106 -0.078218
v 0.564746 3.210043 -0.151104
v 0.683088 3.407470 -0.706197
v 0.301187 3.189024 -1.115518
v 0.051065 2.981087 -1.042632
v -0.096681 3.321047 -0.469902
v -0.330725 3.857910 -0.604484
v -0.168464 4.146076 -0.562736
v 0.390101 4.185545 -0.344660
v 0.624145 3.648682 -0.210078
v 0.461885 3.360516 -0.251825
v -0.081961 3.778953 -0.400911
v -0.661146 3.835803 -0.251168
v -0.791496 4.112336 -0.118317
v -0.473010 4.608552 -0.002359
v 0.106176 4.551702 -0.152102
v 0.236526 4.275169 -0.284953
v -0.100742 3.272927 -0.346943
v -0.350929 3.613280 0.080464
v -0.185968 3.848182 0.249934
v 0.394141 3.977633 0.161466
v 0.644328 3.637279 -0.265941
v 0.479367 3.402377 -0.435411
v -0.137659 3.800562 -0.439138
v 0.345922 4.129911 -0.576211
v 0.366338 4.458643 -0.524929
v -0.076411 4.786756 -0.285292
v -0.559992 4.457407 -0.148219
v -0.580408 4.128675 -0.199501
v 0.090760 3.743364 -0.256537
v -0.212516 3.846875 0.251814
v -0.077825 3.988290 0.521945
v 0.494833 4.167609 0.553859
v 0.798109 4.064097 0.045509
v 0.663418 3.922683 -0.224623
v -0.358250 2.452381 0.259207
v -0.317746 2.820015 -0.214413
v -0.524803 3.075618 -0.268316
v -0.979421 3.219190 0.097499
v -1.019925 2.851557 0.571119
v -0.812868 2.595954 0.625021
v -0.385658 2.928215 0.247936
v -0.909048 3.024020 0.527212
v -1.020150 3.326315 0.613148
v -0.718964 3.835100 0.505744
v -0.195574 3.739295 0.226469
v -0.084472 3.437000 0.140533
v -0.455150 3.426469 0.190423
v -0.910648 3.630334 -0.144348
v -1.179090 3.782535 -0.018315
v -1.260478 3.883070 0.568524
v -0.804981 3.679205 0.903295
v -0.536538 3.527004 0.777261
v -0.529468 3.750623 0.287123
v -0.949018 4.173794 0.209566
v -0.916471 4.488088 0.315732
v -0.431828 4.693503 0.605622
v -0.012279 4.270332 0.683179
v -0.044825 3.956039 0.577013
v -0.463699 2.921055 0.159670
v -0.096438 2.864870 -0.312637
v -0.068329 3.093820 -0.553267
v -0.379372 3.607904 -0.562221
v -0.746633 3.664089 -0.089914
v -0.774742 3.435140 0.150716
v -0.454557 3.425760 0.167061
v -0.213496 3.846694 0.521766
v 0.036622 4.046214 0.428260
v 0.295799 4.024321 -0.113459
v 0.054739 3.603387 -0.468164
v -0.195380 3.403867 -0.374658
v -0.355318 3.924318 0.112204
v -0.149820 4.212246 0.597981
v -0.110207 4.542829 0.614010
v -0.236478 4.916066 0.160291
v -0.441976 4.628138 -0.325485
v -0.481589 4.297555 -0.341514
v -0.309945 3.421425 0.162828
v 0.055400 3.583580 0.611537
v 0.319153 3.783564 0.572139
v 0.481312 4.021377 0.044635
v 0.115966 3.859222 -0.404073
v -0.147787 3.659238 -0.364675
v -0.305052 3.761308 0.202740
v -0.667245 4.239110 0.162336
v -0.557437 4.553193 0.142206
v 0.024372 4.703557 0.142351
v 0.386565 4.225756 0.182754
v 0.276757 3.911673 0.202884
v -0.449539 3.423532 0.190824
v -1.021066 3.387169 0.372885
v -1.194303 3.646254 0.491099
v -0.969252 4.200787 0.545468
v -0.397725 4.237149 0.363408
v -0.224488 3.978064 0.245193
v -0.449123 3.818389 0.224401
v -0.821734 4.200716 0.500259
v -0.718790 4.457234 0.686571
v -0.140289 4.587943 0.783336
v 0.232322 4.205616 0.507478
v 0.129377 3.949098 0.321166
v 0.651546 2.630172 -0.318017
v 0.174164 2.983835 -0.408236
v 0.177526 3.314074 -0.363043
v 0.661632 3.620887 -0.182439
v 1.139014 3.267223 -0.092220
v 1.135652 2.936985 -0.137413
v 0.611658 3.314702 -0.284574
v 0.195658 3.336025 -0.717702
v -0.090019 3.505769 -0.691498
v -0.245373 3.823933 -0.205960
v 0.170626 3.802610 0.227169
v 0.456303 3.632867 0.200964
v 0.580613 3.980121 -0.246386
v 0.891571 4.484251 -0.145046
v 0.867743 4.757442 -0.334543
v 0.509130 4.799697 -0.814878
v 0.198172 4.295568 -0.916219
v 0.222000 4.022376 -0.726721
v 0.584679 2.615584 -0.423511
v 0.703999 2.821946 -0.975134
v 0.675956 3.142327 -1.062771
v 0.500551 3.576729 -0.686421
v 0.381231 3.370367 -0.134798
v 0.409274 3.049985 -0.047161
v 0.549998 3.295330 -0.407117
v 0.092373 3.483894 -0.066333
v 0.131154 3.654575 0.217348
v 0.666342 3.807374 0.443925
v 1.123967 3.618811 0.103142
v 1.085186 3.448129 -0.180539
v 0.550704 3.869949 -0.423198
v 0.932536 4.332126 -0.464521
v 0.836486 4.651239 -0.471761
v 0.262554 4.827287 -0.444918
v -0.119277 4.365110 -0.403595
v -0.023227 4.045997 -0.396355
v 0.611461 3.293470 -0.248207
v 0.030826 3.156582 -0.320563
v -0.218874 3.335979 -0.191807
v -0.137638 3.831658 0.138061
v 0.442998 3.968546 0.210418
v 0.692697 3.789150 0.081662
v 0.620656 3.837586 -0.174409
v 0.941500 4.251342 0.120506
v 1.170531 4.445486 -0.024284
v 1.307747 4.420018 -0.608778
v 0.986903 4.006262 -0.903694
v 0.757872 3.812118 -0.758904
v 0.498479 3.279675 -0.392886
v 0.071519 3.601378 -0.667337
v 0.075430 3.934025 -0.688349
v 0.510211 4.277616 -0.455924
v 0.937170 3.955913 -0.181474
v 0.933259 3.623266 -0.160461
v 0.479851 3.801816 -0.397187
v 1.068110 3.782142 -0.518332
v 1.219920 3.988272 -0.731816
v 0.935283 4.420205 -1.037637
v 0.347025 4.439878 -0.916491
v 0.195215 4.233749 -0.703008
v 0.697653 3.885535 -0.247033
v 0.954876 4.419980 -0.150512
v 0.990436 4.653280 -0.385921
v 0.804333 4.585436 -0.953260
v 0.547110 4.050992 -1.049781
v 0.511550 3.817691 -0.814372
v -0.541598 2.603916 -0.508226
v -0.060614 2.717262 -0.166294
v 0.088970 3.014721 -0.150362
v -0.092847 3.496293 -0.460429
v -0.573831 3.382947 -0.802361
v -0.723415 3.085488 -0.818294
v -0.507028 3.064952 -0.547561
v -1.036824 3.332576 -0.453727
v -1.101829 3.526878 -0.190797
v -0.702042 3.647860 0.241227
v -0.172247 3.380236 0.147393
v -0.107242 3.185934 -0.115537
v -0.407503 3.520217 -0.563696
v -0.362458 3.938907 -0.134999
v -0.414818 4.263859 -0.187680
v -0.564583 4.495075 -0.721741
v -0.609627 4.076385 -1.150438
v -0.557267 3.751433 -1.097756
v -0.413186 3.959212 -0.606931
v -0.037997 3.946850 -1.076176
v -0.021669 4.187498 -1.306248
v -0.364202 4.681156 -1.297146
v -0.739391 4.693519 -0.827900
v -0.755719 4.452871 -0.597829
v -0.507633 2.581166 -0.458069
v -0.350446 3.009279 -0.066760
v -0.045688 3.143512 -0.052090
v 0.406642 2.983863 -0.414059
v 0.249455 2.555750 -0.805367
v -0.055303 2.421518 -0.820037
v -0.325060 3.008178 -0.356043
v -0.424885 3.204023 0.203234
v -0.370755 3.517857 0.301668
v -0.162670 3.949680 -0.060741
v -0.062845 3.753836 -0.620018
v -0.116975 3.440001 -0.718452
v -0.260955 3.475158 -0.328989
v -0.593739 3.740943 0.094950
v -0.490055 4.001582 0.275027
v 0.050098 4.257075 0.211244
v 0.382883 3.991291 -0.212695
v 0.279199 3.730652 -0.392772
v -0.249639 3.900902 -0.285997
v -0.611401 4.376081 -0.352653
v -0.503385 4.680711 -0.434166
v 0.074409 4.814790 -0.530538
v 0.436171 4.339610 -0.463882
v 0.328155 4.034980 -0.382369
v -0.331342 3.486467 -0.528553
v -0.210829 3.439693 0.058303
v 0.002182 3.638859 0.219767
v 0.307689 4.083964 -0.044160
v 0.187176 4.130738 -0.631016
v -0.025834 3.931572 -0.792480
v -0.414765 3.949254 -0.579491
v -0.552247 4.319888 -1.032082
v -0.788550 4.554280 -1.013853
v -1.123673 4.652430 -0.524803
v -0.986191 4.281795 -0.072211
v -0.749888 4.047403 -0.090441
v -0.464211 3.928725 -0.538843
v -0.662058 4.189870 -1.042599
v -0.619669 4.513074 -1.112265
v -0.337042 4.898336 -0.747840
v -0.139194 4.637192 -0.244084
v -0.181584 4.313988 -0.174418
v -0.286577 3.887338 -0.629011
v 0.311779 3.901583 -0.682653
v 0.471266 4.048012 -0.936097
v 0.191882 4.326623 -1.389343
v -0.406474 4.312378 -1.335700
v -0.565961 4.165949 -1.082256
v 0.101551 2.891602 0.625865
v 0.075253 3.366684 0.992902
v 0.298331 3.614360 0.991024
v 0.770786 3.634631 0.620232
v 0.797083 3.159549 0.253195
v 0.574005 2.911872 0.255073
v 0.164751 3.495236 0.670360
v 0.527270 3.545952 0.193790
v 0.576713 3.831228 0.028612
v 0.313081 4.351065 0.174825
v -0.049438 4.300349 0.651395
v -0.098882 4.015073 0.816573
v 0.148301 4.092291 0.614000
v 0.664957 4.360484 0.763166
v 0.811507 4.595572 0.577780
v 0.587949 4.797556 0.057842
v 0.071293 4.529364 -0.091324
v -0.075257 4.294276 0.094062
v 0.022088 2.907280 0.595212
v -0.403118 3.329837 0.553304
v -0.338413 3.652858 0.502494
v 0.216203 3.876343 0.442780
v 0.641409 3.453787 0.484688
v 0.576704 3.130766 0.535499
v 0.085475 3.494726 0.519385
v -0.511106 3.439281 0.565507
v -0.708230 3.670441 0.702687
v -0.505897 4.188205 0.930925
v 0.090684 4.243649 0.884803
v 0.287809 4.012489 0.747624
v 0.096385 3.887973 0.393236
v 0.493704 4.223632 0.092268
v 0.410478 4.432567 -0.153762
v -0.153292 4.514777 -0.344854
v -0.550610 4.179117 -0.043886
v -0.467384 3.970182 0.202144
v 0.051768 3.509187 0.620862
v -0.281795 3.767612 1.048721
v -0.315480 4.097471 1.082917
v -0.049289 4.498764 0.723450
v 0.284274 4.240339 0.295591
v 0.317959 3.910480 0.261395
v 0.039886 3.953176 0.589831
v 0.425802 4.066432 0.143341
v 0.345777 4.237606 -0.131261
v -0.200188 4.466696 -0.233978
v -0.586104 4.353440 0.212512
v -0.506079 4.182266 0.487115
v 0.043681 3.495968 0.508445
v 0.427263 3.955225 0.453138
v 0.358325 4.234447 0.284633
v -0.163132 4.333633 0.002931
v -0.546713 3.874376 0.058239
v -0.477775 3.595154 0.226744
v 0.151052 4.020907 0.514800
v -0.127098 4.051452 1.046599
v -0.154413 4.331600 1.225156
v 0.069106 4.861349 1.050469
v 0.347256 4.830804 0.518669
v 0.374571 4.550656 0.340113
v 0.080894 3.916674 0.498630
v 0.463083 4.233022 0.159563
v 0.371385 4.490445 -0.031319
v -0.194200 4.688943 -0.074015
v -0.576389 4.372595 0.265051
v -0.484691 4.115172 0.455933
v -0.062209 2.817775 -0.191929
v 0.228442 3.261746 -0.473927
v 0.223470 3.579387 -0.372978
v -0.077125 3.770698 0.110915
v -0.367776 3.326727 0.392913
v -0.362804 3.009086 0.291965
v -0.073134 3.151513 -0.219692
v -0.657150 3.144240 -0.361055
v -0.880152 3.358575 -0.236789
v -0.742139 3.794516 0.153106
v -0.158123 3.801789 0.294470
v 0.064878 3.587454 0.170203
v -0.047330 3.478123 -0.162887
v 0.039804 3.997167 0.127134
v 0.246213 4.236184 0.020471
v 0.571898 4.195175 -0.482876
v 0.484765 3.676131 -0.772897
v 0.278356 3.437114 -0.666234
v -0.031581 3.801874 -0.159426
v -0.017922 3.831947 -0.759442
v -0.028863 4.117807 -0.930544
v -0.064403 4.659452 -0.672730
v -0.078061 4.629379 -0.072713
v -0.067121 4.343519 0.098388
v -0.089103 3.958847 -0.168281
v -0.304091 4.149481 -0.696059
v -0.579005 4.335351 -0.727463
v -0.913842 4.516456 -0.262495
v -0.698854 4.325822 0.265283
v -0.423940 4.139952 0.296687
v -0.065906 2.812172 -0.188675
v -0.177778 3.292836 -0.531542
v -0.249807 3.594452 -0.409270
v -0.281994 3.717021 0.178141
v -0.170123 3.236357 0.521008
v -0.098094 2.934741 0.398736
v -0.192667 3.125445 -0.201896
v -0.207575 3.191709 -0.798970
v -0.338680 3.457037 -0.952343
v -0.585982 3.921431 -0.662013
v -0.571073 3.855167 -0.064939
v -0.439968 3.589839 0.088434
v -0.220262 3.457788 -0.196100
v 0.028930 3.835834 0.198989
v 0.284932 4.036662 0.126588
v 0.547746 4.060272 -0.413303
v 0.298554 3.682226 -0.808392
v 0.042551 3.481399 -0.735992
v -0.136276 3.779666 -0.173552
v -0.627384 4.097222 -0.035414
v -0.664913 4.420475 -0.107595
v -0.248865 4.749425 -0.390095
v 0.242243 4.431869 -0.528234
v 0.279773 4.108616 -0.456053
v -0.206127 4.105537 -0.186096
v -0.362932 4.197810 -0.758817
v -0.560813 4.446834 -0.858523
v -0.799770 4.852607 -0.485216
v -0.642965 4.760334 0.087504
v -0.445084 4.511311 0.187211
v -0.000460 3.797031 -0.175498
v 0.276535 4.281538 -0.398293
v 0.120146 4.522561 -0.567294
v -0.469626 4.520100 -0.682503
v -0.746621 4.035593 -0.459708
v -0.590232 3.794570 -0.290707
v 0.009075 4.018929 -0.208850
v 0.537750 4.232163 -0.018734
v 0.606940 4.557065 0.008892
v 0.216644 4.993632 -0.125973
v -0.312031 4.780398 -0.316090
v -0.381221 4.455497 -0.343716
v -0.720303 2.774318 0.418528
v -0.127830 2.874748 0.418184
v 0.036111 3.013083 0.163041
v -0.228481 3.189322 -0.346902
v -0.820955 3.088891 -0.346559
v -0.984895 2.950556 -0.091416
v -0.713390 3.159580 0.352241
v -0.927307 3.633101 0.050367
v -0.926354 3.944309 0.169782
v -0.710531 4.093203 0.710487
v -0.496613 3.619682 1.012361
v -0.497566 3.308474 0.892945
v -0.621038 3.538729 0.313322
v -0.500378 3.595111 0.899302
v -0.326104 3.848090 1.028692
v -0.098216 4.297664 0.701491
v -0.218876 4.241282 0.115510
v -0.393150 3.988304 -0.013879
v -0.625996 3.900284 0.340752
v -0.998966 4.370450 0.371532
v -0.979221 4.607124 0.605427
v -0.566760 4.610305 1.042435
v -0.193789 4.140139 1.011655
v -0.213535 3.903465 0.777760
v -0.689792 2.758230 0.425038
v -0.448246 2.994578 0.921935
v -0.370511 3.317095 0.954352
v -0.456587 3.725782 0.522292
v -0.698133 3.489435 0.025395
v -0.775868 3.166918 -0.007023
v -0.539589 3.130251 0.393743
v -0.517757 3.281450 0.974926
v -0.311046 3.511980 1.098367
v 0.080542 3.821840 0.764068
v 0.058710 3.670641 0.182886
v -0.148001 3.440112 0.059444
v -0.498094 3.526825 0.381746
v -0.268829 4.082191 0.392521
v -0.426961 4.349872 0.272302
v -0.972491 4.329865 0.021089
v -1.201756 3.774498 0.010314
v -1.043623 3.506818 0.130533
v -0.452565 3.912210 0.340838
v -0.008780 3.959926 0.743192
v 0.107714 4.251026 0.856332
v -0.103083 4.785511 0.680259
v -0.546868 4.737795 0.277905
v -0.663362 4.446694 0.164764
v -0.522868 3.523010 0.344614
v -0.039933 3.752783 0.070591
v -0.054007 4.000597 -0.151898
v -0.565091 4.266450 -0.322854
v -1.048027 4.036676 -0.048831
v -1.033952 3.788863 0.173658
v -0.495312 3.850003 0.335097
v -0.543342 4.286813 0.744976
v -0.554677 4.611185 0.669046
v -0.529315 4.823119 0.107305
v -0.481285 4.386308 -0.302574
v -0.469950 4.061936 -0.226643
v -0.662121 3.887560 0.417175
v -1.225071 3.798965 0.226522
v -1.485743 3.979335 0.329613
v -1.444137 4.428670 0.726447
v -0.881187 4.517265 0.917100
v -0.620515 4.336895 0.814010
v -0.499569 3.934235 0.398191
v -0.761644 4.471927 0.455772
v -0.656617 4.707103 0.667367
v -0.184488 4.639763 1.032977
v 0.077586 4.102072 0.975396
v -0.027440 3.866896 0.763801
v 0.779252 2.661202 0.407151
v 0.967953 2.901664 0.924530
v 0.989872 3.229822 0.978775
v 0.845011 3.645678 0.569887
v 0.656310 3.405217 0.052508
v 0.634391 3.077058 -0.001738
v 0.769081 2.896878 0.408474
v 0.573326 3.038461 -0.141749
v 0.332940 3.261730 -0.200713
v 0.047922 3.566683 0.231583
v 0.243676 3.425099 0.781806
v 0.484063 3.201831 0.840769
v 0.800025 3.131350 0.389240
v 1.023299 3.619888 0.658665
v 1.057675 3.914979 0.507502
v 0.903153 4.016623 -0.064252
v 0.679879 3.528086 -0.333678
v 0.645503 3.232995 -0.182514
v 0.823426 3.363571 0.419893
v 0.228108 3.398037 0.494188
v 0.071991 3.667100 0.613952
v 0.355073 4.170761 0.779184
v 0.950391 4.136294 0.704889
v 1.106508 3.867231 0.585125
v 0.823065 3.596509 0.467419
v 0.992863 3.951196 0.921815
v 1.203949 4.206930 0.887844
v 1.456322 4.363711 0.365504
v 1.286523 4.009024 -0.088892
v 1.075438 3.753290 -0.054921
v 0.835677 3.774931 0.462208
v 0.612653 4.114264 0.905180
v 0.552252 4.440734 0.875512
v 0.654474 4.754341 0.373205
v 0.877497 4.415008 -0.069767
v 0.937898 4.088538 -0.040099
v 0.778318 3.353425 0.367548
v 0.790471 3.227610 -0.219933
v 0.582304 3.362920 -0.442348
v 0.153819 3.759357 -0.299699
v 0.141666 3.885173 0.287782
v 0.349833 3.749862 0.510197
v 0.733588 3.590907 0.335025
v 0.969000 4.141588 0.384443
v 0.911582 4.387437 0.166790
v 0.561333 4.328452 -0.317934
v 0.325921 3.777771 -0.367352
v 0.383340 3.531922 -0.149700
v 0.775002 3.819491 0.323430
v 1.097764 4.008732 0.793668
v 1.146740 4.330196 0.866970
v 0.921929 4.783884 0.543336
v 0.599167 4.594643 0.073098
v 0.550191 4.273178 -0.000204
v 0.002672 3.234889 -0.180755
v 0.445522 3.299727 0.220232
v 0.761038 3.368668 0.137722
v 0.949220 3.441712 -0.428284
v 0.506369 3.376873 -0.829271
v 0.190853 3.307932 -0.746762
v 0.035529 3.713869 -0.173573
v -0.332509 4.155107 0.002401
v -0.228275 4.434348 0.151635
v 0.348231 4.551591 0.274129
v 0.716270 4.110353 0.098155
v 0.612036 3.831112 -0.051079
v 0.018159 4.150749 -0.145316
v 0.602406 4.279674 -0.201394
v 0.717591 4.576189 -0.301006
v 0.363716 5.040293 -0.444150
v -0.220531 4.911368 -0.388072
v -0.335717 4.614853 -0.288461
v -0.035959 3.240092 -0.108250
v -0.111033 3.541540 0.406147
v 0.096534 3.779460 0.513017
v 0.586741 3.953852 0.212360
v 0.661816 3.652404 -0.302037
v 0.454249 3.414484 -0.408907
v 0.005038 3.733097 -0.084258
v -0.375949 4.111904 0.184935
v -0.338209 4.443093 0.185057
v 0.118260 4.726666 -0.083892
v 0.499248 4.347859 -0.353085
v 0.461507 4.016669 -0.353207
v 0.004139 4.182876 -0.040942
v -0.365828 4.159669 -0.513907
v -0.571971 4.407159 -0.599725
v -0.614288 4.925349 -0.298394
v -0.244320 4.948556 0.174571
v -0.038178 4.701065 0.260388
v 0.048397 3.709857 -0.178381
v -0.240071 4.147962 0.114809
v -0.091216 4.357660 0.326894
v 0.494962 4.338950 0.457874
v 0.783430 3.900844 0.164684
v 0.634575 3.691147 -0.047401
v 0.025830 4.139532 -0.173054
v 0.577105 4.257948 -0.380860
v 0.706021 4.564827 -0.398683
v 0.412575 5.060166 -0.226523
v -0.138701 4.941750 -0.018718
v -0.267616 4.634871 -0.000895
v -0.029107 3.710455 -0.047250
v -0.590555 3.900699 0.051211
v -0.700580 4.006712 0.347466
v -0.359181 4.028493 0.841514
v 0.202266 3.838249 0.743053
v 0.312291 3.732237 0.446798
v -0.136570 4.163245 0.102522
v -0.477675 4.573761 -0.173585
v -0.492199 4.893941 -0.082017
v -0.180142 5.123786 0.377224
v 0.160963 4.713270 0.653331
v 0.175487 4.393090 0.561763
v -0.086304 3.078780 0.707141
v 0.460970 3.139868 0.466580
v 0.546704 3.389637 0.263168
v 0.170897 3.828085 0.096905
v -0.376377 3.766997 0.337467
v -0.462111 3.517228 0.540879
v -0.083066 3.413363 0.697836
v -0.286275 3.941213 0.900791
v -0.089060 4.180935 1.022243
v 0.508578 4.132529 1.062192
v 0.711787 3.604679 0.859237
v 0.514572 3.364957 0.737785
v -0.122180 3.754357 0.692107
v 0.287268 3.847713 0.262284
v 0.419641 4.146071 0.194681
v 0.274941 4.649434 0.489297
v -0.134507 4.556078 0.919121
v -0.266881 4.257719 0.986724
v -0.091732 4.027214 0.697819
v -0.000668 4.310541 1.219877
v 0.257376 4.513516 1.277541
v 0.682402 4.636138 0.870814
v 0.591339 4.352810 0.348756
v 0.333295 4.149836 0.291092
v -0.055327 3.070134 0.712745
v 0.053800 3.522263 1.093246
v 0.041357 3.843907 1.006635
v -0.092655 4.035065 0.452911
v -0.201782 3.582935 0.072410
v -0.189340 3.261292 0.159021
v 0.007217 3.410301 0.697658
v 0.514004 3.492324 1.009988
v 0.675313 3.783499 1.027531
v 0.491143 4.283826 0.750285
v -0.015644 4.201803 0.437954
v -0.176952 3.910628 0.420412
v -0.065543 3.726879 0.607700
v -0.062681 4.089360 0.128419
v -0.330633 4.256056 0.021063
v -0.869398 4.226968 0.285632
v -0.872260 3.864487 0.764913
v -0.604308 3.697790 0.872269
v -0.034979 4.062879 0.651665
v -0.483637 4.329570 0.949478
v -0.524953 4.659995 0.964430
v -0.158926 5.054152 0.696522
v 0.289732 4.787461 0.398709
v 0.331048 4.457036 0.383756
v -0.077460 3.736244 0.603258
v 0.456782 3.710377 0.329348
v 0.538313 3.896544 0.065140
v 0.167133 4.294743 -0.189365
v -0.367109 4.320610 0.084545
v -0.448640 4.134443 0.348752
v -0.079887 3.985795 0.635255
v -0.348274 4.500024 0.792254
v -0.183180 4.771470 0.893112
v 0.415393 4.800134 0.937827
v 0.683779 4.285906 0.780828
v 0.518686 4.014460 0.679970
v -0.133419 4.023119 0.673669
v -0.619441 4.096893 0.328053
v -0.765951 4.391656 0.275515
v -0.572950 4.907410 0.516055
v -0.086927 4.833636 0.861671
v 0.059583 4.538872 0.914209
v 0.733825 2.872727 -0.461862
v 0.281586 3.115759 -0.149571
v 0.316428 3.246120 0.155229
v 0.838352 3.263810 0.452538
v 1.290592 3.020778 0.140247
v 1.255750 2.890417 -0.164553
v 0.742339 3.218907 -0.439976
v 0.893319 3.649008 -0.831549
v 0.917385 3.971709 -0.751574
v 0.814536 4.187010 -0.200050
v 0.663556 3.756909 0.191523
v 0.639491 3.434208 0.111548
v 0.682304 3.564970 -0.372061
v 1.204637 3.445689 -0.644185
v 1.347646 3.648380 -0.866840
v 1.111332 4.173044 -1.040028
v 0.588999 4.292325 -0.767904
v 0.445990 4.089634 -0.545249
v 0.681735 3.740101 -0.452151
v 1.048338 4.110846 -0.750918
v 0.943364 4.332141 -0.977016
v 0.366815 4.403987 -1.130444
v 0.000212 4.033242 -0.831677
v 0.105185 3.811947 -0.605579
v 0.760001 2.856073 -0.443236
v 0.272233 3.098301 -0.189230
v 0.241993 3.422818 -0.119335
v 0.669281 3.829623 -0.233549
v 1.157049 3.587395 -0.487555
v 1.187289 3.262878 -0.557451
v 0.865287 3.185753 -0.362845
v 1.209138 3.287363 0.119393
v 1.471252 3.493293 0.119513
v 1.651630 3.803542 -0.362483
v 1.307779 3.701932 -0.844720
v 1.045665 3.496002 -0.844841
v 0.860646 3.535636 -0.349478
v 0.606766 4.038970 -0.557591
v 0.631781 4.334912 -0.406253
v 0.935691 4.423463 0.104539
v 1.189572 3.920130 0.312652
v 1.164557 3.624187 0.161313
v 0.899859 3.891237 -0.306587
v 0.469290 3.932169 0.110601
v 0.397770 4.212842 0.275582
v 0.685299 4.733255 0.188356
v 1.115868 4.692322 -0.228832
v 1.187388 4.411649 -0.393813
v 0.690390 3.560740 -0.362806
v 0.808801 4.000045 0.029751
v 1.015042 4.254104 -0.033729
v 1.309112 4.322917 -0.553246
v 1.190702 3.883613 -0.945803
v 0.984461 3.629554 -0.882323
v 0.699760 3.757306 -0.362618
v 0.755012 4.102108 0.126432
v 0.717785 4.433349 0.124296
v 0.588081 4.751029 -0.369026
v 0.532829 4.406228 -0.858076
v 0.570055 4.074986 -0.855940
v 0.783956 3.864199 -0.382992
v 0.960189 3.947584 -0.951411
v 0.806669 4.153013 -1.164347
v 0.323397 4.480486 -1.021800
v 0.147164 4.397102 -0.453381
v 0.300683 4.191673 -0.240445
v -0.596513 3.147921 -0.521568
v -0.360735 3.699451 -0.558103
v -0.491083 3.944398 -0.742822
v -0.987557 3.882763 -1.075726
v -1.223335 3.331233 -1.039192
v -1.092987 3.086286 -0.854472
v -0.554513 3.575434 -0.512443
v -0.426493 3.689708 0.063459
v -0.206760 3.920268 0.161798
v 0.104686 4.267114 -0.217426
v -0.023335 4.152841 -0.793328
v -0.243068 3.922281 -0.891667
v -0.564793 3.925448 -0.644337
v -0.505891 4.125222 -1.208014
v -0.758964 4.244242 -1.389395
v -1.324013 4.282508 -1.188481
v -1.382915 4.082733 -0.624804
v -1.129842 3.963713 -0.443423
v -0.633620 3.123947 -0.576078
v -0.303061 3.549027 -0.842815
v -0.387319 3.871457 -0.849956
v -0.886392 4.091236 -0.597501
v -1.216951 3.666156 -0.330764
v -1.132693 3.343726 -0.323623
v -0.695822 3.548469 -0.658260
v -1.189769 3.568815 -0.316626
v -1.240386 3.796105 -0.078113
v -0.847675 4.230337 0.057279
v -0.353728 4.209990 -0.284355
v -0.303111 3.982701 -0.522868
v -0.681757 3.955720 -0.606264
v -1.037905 4.427059 -0.496226
v -0.940300 4.696974 -0.326727
v -0.388941 4.765465 -0.097766
v -0.032793 4.294126 -0.207803
v -0.130398 4.024211 -0.377302
v -0.601540 3.581553 -0.485976
v -1.108925 3.833456 -0.285435
v -1.150157 4.162172 -0.248605
v -0.725236 4.567702 -0.375485
v -0.217852 4.315800 -0.576026
v -0.176619 3.987084 -0.612857
v -0.571293 3.989147 -0.445037
v -0.688425 4.029628 0.142970
v -0.516531 4.223326 0.352839
v -0.055611 4.570240 0.184569
v 0.061521 4.529757 -0.403438
v -0.110373 4.336060 -0.613307
v -0.699961 3.542983 -0.684615
v -0.491468 4.096663 -0.789874
v -0.687248 4.359507 -0.850658
v -1.287299 4.331514 -0.866965
v -1.495791 3.777833 -0.761706
v -1.300012 3.514990 -0.700923
v -0.730125 3.980522 -0.659379
v -1.178451 3.973919 -1.059468
v -1.348273 4.245627 -1.151371
v -1.239592 4.795646 -0.935088
v -0.791265 4.802249 -0.534999
v -0.621443 4.530541 -0.443096
v 0.562016 3.127898 0.413063
v 0.146128 3.488630 0.653937
v 0.198807 3.677278 0.923655
v 0.720052 3.693842 1.222218
v 1.135940 3.333109 0.981345
v 1.083261 3.144461 0.711627
v 0.563100 3.442442 0.460843
v 0.106758 3.759852 0.232560
v 0.134182 4.076035 0.130641
v 0.645374 4.390989 0.155084
v 1.101717 4.073579 0.383367
v 1.074292 3.757396 0.485286
v 0.504437 3.741687 0.359341
v 1.072801 3.824924 0.182861
v 1.167701 4.065215 -0.027770
v 0.789137 4.462559 -0.272552
v 0.220774 4.379322 -0.096073
v 0.125874 4.139031 0.114559
v 0.564554 3.973723 0.353453
v 0.749354 4.477927 0.623154
v 0.878473 4.738293 0.459908
v 0.951908 4.754821 -0.136284
v 0.767108 4.250618 -0.405985
v 0.637990 3.990252 -0.242739
v 0.571985 3.431518 0.396774
v 1.165197 3.508555 0.454012
v 1.311424 3.807153 0.477844
v 1.010668 4.327311 0.468269
v 0.417457 4.250274 0.411031
v 0.271229 3.951676 0.387199
v 0.622887 3.747714 0.415189
v 0.219486 3.934227 0.819654
v 0.296083 4.122122 1.084115
v 0.852675 4.311398 1.208572
v 1.256076 4.124884 0.804108
v 1.179480 3.936990 0.539647
v 0.543906 4.061161 0.400269
v 0.545081 4.550050 0.050845
v 0.473194 4.856297 0.161099
v 0.328243 4.979901 0.731031
v 0.327067 4.491012 1.080454
v 0.398955 4.184765 0.970200
v 0.524736 3.741051 0.339728
v 0.855915 3.732715 -0.161633
v 0.865013 3.983171 -0.381406
v 0.552030 4.492416 -0.319593
v 0.220851 4.500752 0.181767
v 0.211754 4.250297 0.401541
v 0.542166 4.054392 0.324307
v 0.819372 4.511002 0.599580
v 0.965377 4.763233 0.437801
v 0.980183 4.811086 -0.161033
v 0.702978 4.354477 -0.436307
v 0.556972 4.102245 -0.274527
v 0.504798 3.741372 0.360103
v 0.097569 3.985613 0.728371
v 0.058006 4.314156 0.768440
v 0.386109 4.727000 0.480310
v 0.793338 4.482759 0.112042
v 0.832901 4.154216 0.071973
v 0.571916 3.983927 0.425955
v 0.357956 4.102735 0.974788
v 0.515730 4.294369 1.197261
v 1.045238 4.558831 1.093377
v 1.259198 4.440023 0.544545
v 1.101424 4.248389 0.322071
v 0.027316 3.191895 -0.571419
v -0.126537 3.690626 -0.869258
v -0.101208 3.997486 -0.741562
v 0.103303 4.112476 -0.188332
v 0.257156 3.613746 0.109506
v 0.231827 3.306886 -0.018189
v 0.041562 3.371599 -0.575841
v 0.381933 3.324093 -0.082889
v 0.564233 3.574277 0.040747
v 0.588463 4.122149 -0.204934
v 0.248092 4.169656 -0.697886
v 0.065792 3.919472 -0.821522
v 0.063706 3.547315 -0.586328
v -0.149058 3.970712 -0.955892
v -0.377111 4.196721 -0.866322
v -0.620456 4.225340 -0.317619
v -0.407693 3.801943 0.051944
v -0.179639 3.575934 -0.037625
v 0.041867 3.714691 -0.575709
v -0.457405 4.041496 -0.646683
v -0.458484 4.373579 -0.675510
v 0.038630 4.710938 -0.662191
v 0.537901 4.384133 -0.591217
v 0.538980 4.052051 -0.562389
v 0.076177 3.882319 -0.535601
v -0.256905 3.866374 -0.035688
v -0.157281 3.991121 0.256929
v 0.375048 4.256559 0.342248
v 0.708130 4.272503 -0.157665
v 0.608506 4.147757 -0.450281
v 0.071993 4.057840 -0.522209
v 0.070061 4.541518 -0.878808
v -0.092544 4.823508 -0.807030
v -0.415821 4.903811 -0.306875
v -0.413889 4.420134 0.049723
v -0.251284 4.138143 -0.022055
v 0.025474 4.199149 -0.540568
v 0.214764 4.344847 -1.091977
v 0.154020 4.638954 -1.236622
v -0.156757 5.081471 -0.974502
v -0.346047 4.935774 -0.423093
v -0.285303 4.641666 -0.278448
v 0.089916 4.053018 -0.532921
v 0.529027 4.404283 -0.744831
v 0.503287 4.584211 -1.024249
v 0.012696 4.592802 -1.371175
v -0.426414 4.241537 -1.159265
v -0.400674 4.061609 -0.879847
v 0.097199 4.229628 -0.557796
v 0.560275 4.589870 -0.427807
v 0.542148 4.922697 -0.430833
v 0.042819 5.228106 -0.566872
v -0.420256 4.867864 -0.696861
v -0.402130 4.535038 -0.693835
v -0.197772 3.423285 0.348298
v -0.419812 3.466725 0.905004
v -0.376956 3.732990 1.100906
v -0.069205 4.222078 0.936004
v 0.152835 4.178638 0.379297
v 0.109979 3.912373 0.183395
v -0.218582 3.622989 0.314063
v -0.025055 4.121004 0.039036
v -0.224186 4.374280 -0.046456
v -0.815973 4.382820 0.057588
v -1.009500 3.884806 0.332616
v -0.810370 3.631529 0.418108
v -0.218933 3.827685 0.325601
v -0.745118 4.016802 0.545771
v -0.812998 4.335918 0.614098
v -0.422572 4.785032 0.530580
v 0.103613 4.595915 0.310410
v 0.171492 4.276799 0.242084
v -0.215077 4.021154 0.271378
v 0.240915 4.016019 -0.119974
v 0.201762 4.043367 -0.449868
v -0.332534 4.103197 -0.718305
v -0.788526 4.108332 -0.326953
v -0.749373 4.080985 0.002941
v -0.229339 4.215674 0.224387
v -0.552964 4.678819 0.019754
v -0.492742 4.996536 0.100624
v -0.048672 5.168827 0.466996
v 0.274953 4.705683 0.671629
v 0.214731 4.387965 0.590760
v -0.246918 4.350984 0.250869
v -0.791240 4.383400 -0.001666
v -0.975168 4.661284 -0.009534
v -0.798702 5.184636 0.227264
v -0.254381 5.152220 0.479799
v -0.070452 4.874336 0.487667
v -0.203447 4.019922 0.279828
v 0.256294 4.372023 0.119282
v 0.260731 4.554670 -0.159521
v -0.190136 4.567867 -0.556580
v -0.649877 4.215766 -0.396034
v -0.654314 4.033118 -0.117231
v -0.188210 4.226162 0.234893
v -0.597503 4.508999 0.571930
v -0.664199 4.834662 0.547313
v -0.388301 5.203152 0.161040
v 0.020991 4.920315 -0.175997
v 0.087688 4.594652 -0.151379
v -0.185977 4.425654 0.260307
v -0.635147 4.455851 0.658359
v -0.651551 4.683009 0.901753
v -0.235188 5.107130 0.990492
v 0.213983 5.076933 0.592441
v 0.230386 4.849775 0.349046
v 0.337593 3.351243 -0.068106
v 0.246078 3.853747 0.248478
v 0.421810 4.133760 0.205790
v 0.864789 4.191281 -0.196169
v 0.956305 3.688777 -0.512753
v 0.780573 3.408765 -0.470066
v 0.388858 3.588660 -0.023911
v -0.010068 3.666636 0.418682
v -0.092605 3.964784 0.542805
v 0.141247 4.483102 0.348460
v 0.540173 4.405125 -0.094132
v 0.622710 4.106978 -0.218256
v 0.411458 3.832442 -0.004423
v 0.053998 4.107570 -0.401459
v -0.181868 4.327320 -0.316678
v -0.296140 4.491693 0.249921
v 0.061320 4.216566 0.646957
v 0.297186 3.996815 0.562176
v 0.349396 4.070282 -0.012191
v 0.751925 4.511102 -0.081174
v 0.704359 4.823291 0.025533
v 0.206696 5.006849 0.307932
v -0.195834 4.566030 0.376915
v -0.148267 4.253840 0.270207
v 0.353789 4.265708 -0.047203
v 0.928936 4.376672 -0.181380
v 1.031775 4.649393 -0.343117
v 0.662306 5.083869 -0.532414
v 0.087159 4.972905 -0.398237
v -0.015681 4.700185 -0.236500
v 0.384110 3.586092 -0.030259
v 0.699228 4.049480 -0.247245
v 0.560152 4.319915 -0.383752
v -0.033117 4.397396 -0.439779
v -0.348235 3.934007 -0.222794
v -0.209159 3.663573 -0.086287
v 0.366525 3.827984 -0.079848
v 0.912091 3.979861 -0.280852
v 1.018081 4.294722 -0.308048
v 0.684496 4.772567 -0.161435
v 0.138930 4.620690 0.039569
v 0.032940 4.305830 0.066764
v 0.355778 4.072611 -0.080116
v -0.092337 4.246108 -0.440952
v -0.347055 4.436482 -0.341014
v -0.408376 4.643733 0.219698
v 0.039739 4.470236 0.580534
v 0.294457 4.279862 0.480596
v 0.278264 4.302580 -0.047674
v 0.143416 4.814623 -0.331818
v 0.171238 5.116207 -0.192590
v 0.361730 5.207330 0.370011
v 0.496578 4.695286 0.654156
v 0.468756 4.393703 0.514927
v 0.356113 4.071200 -0.078173
v -0.231379 4.044910 -0.201758
v -0.456987 4.253635 -0.072740
v -0.320713 4.697374 0.308882
v 0.266779 4.723664 0.432467
v 0.492388 4.514940 0.303449
v 0.319364 4.282359 0.017648
v -0.121744 4.554314 0.321910
v -0.079268 4.699401 0.618990
v 0.446791 4.717619 0.908888
v 0.887898 4.445664 0.604627
v 0.845422 4.300577 0.307546
v -0.830534 3.210532 -0.678348
v -1.337304 3.511819 -0.794628
v -1.346733 3.837394 -0.865501
v -0.858821 4.187257 -0.890966
v -0.352051 3.885970 -0.774685
v -0.342622 3.560395 -0.703813
v -0.785113 3.609378 -0.626316
v -0.351208 3.619248 -0.210696
v -0.077221 3.807675 -0.233874
v 0.036848 4.174660 -0.695850
v -0.397057 4.164790 -1.111469
v -0.671044 3.976363 -1.088291
v -0.766762 3.948128 -0.566241
v -0.951369 4.516367 -0.501929
v -0.747335 4.770110 -0.430547
v -0.154659 4.709357 -0.352094
v 0.029948 4.141119 -0.416405
v -0.174086 3.887376 -0.487787
v -0.804563 3.208474 -0.726574
v -0.227728 3.301312 -0.586029
v -0.086416 3.602997 -0.574718
v -0.380628 4.113530 -0.692644
v -0.957463 4.020692 -0.833190
v -1.098775 3.719007 -0.844500
v -0.747318 3.589487 -0.720902
v -0.235143 3.792890 -0.481288
v 0.043424 3.844584 -0.656899
v 0.088383 3.744572 -1.247735
v -0.423793 3.541169 -1.487349
v -0.702359 3.489474 -1.311738
v -0.764811 3.871825 -0.777283
v -0.529868 4.265402 -1.165883
v -0.541015 4.595884 -1.123833
v -0.798252 4.863272 -0.651135
v -1.033195 4.469695 -0.262535
v -1.022048 4.139212 -0.304584
v -0.782992 3.601466 -0.745311
v -0.878910 3.586922 -1.338353
v -1.039284 3.826513 -1.505648
v -1.264114 4.320238 -1.247195
v -1.168196 4.334782 -0.654153
v -1.007822 4.095191 -0.486859
v -0.728429 3.989532 -0.713238
v -0.432090 4.354728 -0.339170
v -0.163065 4.530788 -0.427144
v 0.078647 4.517713 -0.977158
v -0.217692 4.152517 -1.351225
v -0.486717 3.976457 -1.263252
v -0.800768 3.603687 -0.673721
v -1.179289 3.912673 -0.323920
v -1.191458 4.245622 -0.313548
v -0.837276 4.602536 -0.642605
v -0.458755 4.293550 -0.992406
v -0.446586 3.960601 -1.002778
v -0.793384 3.984074 -0.619853
v -1.347763 4.070432 -0.404639
v -1.432951 4.328210 -0.211237
v -1.048950 4.757407 -0.039646
v -0.494571 4.671049 -0.254859
v -0.409382 4.413271 -0.448262
v -0.064213 3.287000 0.738606
v -0.355166 3.796412 0.868826
v -0.255058 4.011957 1.102555
v 0.236111 3.933637 1.439794
v 0.527063 3.424226 1.309574
v 0.426955 3.208680 1.075845
v -0.098195 3.571185 0.769810
v 0.496801 3.655327 0.766658
v 0.641096 3.955737 0.773311
v 0.334688 4.472413 0.789768
v -0.260308 4.388270 0.792920
v -0.404603 4.087861 0.786267
v -0.092729 3.856249 0.707704
v 0.448634 4.106497 0.634134
v 0.528295 4.302430 0.376500
v 0.146252 4.444048 -0.065199
v -0.395112 4.193800 0.008370
v -0.474772 3.997867 0.266004
v -0.047216 4.149770 0.683421
v -0.045031 4.577909 1.105089
v -0.099025 4.900585 1.041245
v -0.209197 5.117797 0.491889
v -0.211382 4.689659 0.070222
v -0.157388 4.366983 0.134066
v -0.072392 3.565118 0.792768
v -0.437305 3.609306 1.268159
v -0.389945 3.824556 1.518230
v 0.069686 4.210869 1.542980
v 0.434599 4.166680 1.067589
v 0.387239 3.951430 0.817518
v -0.102462 3.855786 0.774291
v -0.202397 4.342684 0.436572
v -0.449025 4.559629 0.493323
v -0.842345 4.506620 0.944544
v -0.742410 4.019722 1.282263
v -0.495782 3.802777 1.225512
v -0.108648 4.098493 0.730584
v 0.454886 4.302337 0.775173
v 0.537287 4.624539 0.752658
v 0.138556 5.065099 0.663039
v -0.424978 4.861254 0.618450
v -0.507379 4.539052 0.640965
v -0.021369 3.853696 0.803962
v 0.291853 3.948267 1.308004
v 0.579690 4.116076 1.318092
v 0.842140 4.357121 0.834224
v 0.528917 4.262550 0.330181
v 0.241081 4.094742 0.320094
v -0.001749 4.147547 0.805435
v -0.047795 4.624527 1.168037
v -0.039503 4.939959 1.060588
v 0.023127 5.093841 0.483086
v 0.069173 4.616861 0.120483
v 0.060881 4.301430 0.227933
v 0.713557 3.105043 -0.478400
v 0.279578 3.154682 -0.065714
v 0.230087 3.427971 0.118608
v 0.565081 3.924911 0.074566
v 0.999060 3.875273 -0.338120
v 1.048551 3.601984 -0.522442
v 0.692693 3.496599 -0.448187
v 0.181681 3.810976 -0.482011
v 0.059074 3.992172 -0.230522
v 0.324873 4.040187 0.306279
v 0.835886 3.725810 0.340104
v 0.958492 3.544614 0.088615
v 0.662130 3.825908 -0.459395
v 1.109275 4.194852 -0.617674
v 1.093596 4.526700 -0.590435
v 0.615093 4.821453 -0.377676
v 0.167948 4.452509 -0.219396
v 0.183627 4.120661 -0.246636
v 0.722729 3.105417 -0.496220
v 0.424987 3.209498 0.015275
v 0.490796 3.465160 0.218788
v 0.920156 3.872403 0.114317
v 1.217898 3.768322 -0.397179
v 1.152089 3.512661 -0.600691
v 0.694367 3.490993 -0.455268
v 0.203284 3.640937 -0.143073
v 0.207445 3.722946 0.179987
v 0.706851 3.737019 0.513915
v 1.197933 3.587075 0.201720
v 1.193772 3.505066 -0.121341
v 0.734601 3.814893 -0.448287
v 1.119953 3.983314 -0.019045
v 1.215993 4.298749 0.029823
v 1.022720 4.761199 -0.301684
v 0.637368 4.592778 -0.730926
v 0.541328 4.277343 -0.779794
v 0.727836 3.486928 -0.428540
v 0.326552 3.518131 0.017676
v 0.381506 3.678075 0.304920
v 0.892699 3.966759 0.433192
v 1.293984 3.935556 -0.013023
v 1.239029 3.775612 -0.300267
v 0.805096 3.815936 -0.427753
v 1.089800 4.276295 -0.166747
v 1.145733 4.568401 -0.317268
v 0.972894 4.692255 -0.879316
v 0.688189 4.231896 -1.140322
v 0.632256 3.939790 -0.989801
v 0.726013 3.499961 -0.477984
v 0.126246 3.506167 -0.441229
v -0.050111 3.770530 -0.340624
v 0.196945 4.293052 -0.176168
v 0.796713 4.286846 -0.212923
v 0.973069 4.022483 -0.313529
v 0.739323 3.888503 -0.448433
v 1.101721 4.261224 -0.147007
v 1.240679 4.532826 -0.281299
v 1.156197 4.703308 -0.851307
v 0.793798 4.330587 -1.152732
v 0.654840 4.058985 -1.018441
v -0.914472 3.225378 0.504104
v -0.969524 3.599179 0.036822
v -0.971087 3.931322 0.064921
v -0.919161 4.221807 0.588402
v -0.864109 3.848006 1.055685
v -0.862547 3.515863 1.027586
v -0.985490 3.610312 0.486288
v -0.458529 3.652458 0.200549
v -0.419058 3.805481 -0.092942
v -0.867076 4.069381 -0.394185
v -1.394037 4.027236 -0.108446
v -1.433508 3.874212 0.185045
v -0.998555 3.923228 0.477869
v -1.258304 4.462880 0.527040
v -1.096927 4.737496 0.625296
v -0.514425 4.747078 0.772638
v -0.254676 4.207427 0.723468
v -0.416052 3.932810 0.625211
v -0.875741 3.232066 0.528989
v -1.401459 3.381236 0.279031
v -1.513433 3.694419 0.256920
v -1.211663 4.171617 0.462657
v -0.685944 4.022447 0.712616
v -0.573970 3.709264 0.734726
v -0.849600 3.626634 0.497497
v -0.260641 3.718557 0.421412
v -0.119071 3.774842 0.124931
v -0.424888 3.795491 -0.391944
v -1.013846 3.703569 -0.315859
v -1.155417 3.647284 -0.019378
v -0.903144 3.982616 0.461988
v -1.040329 4.456749 0.119222
v -1.039781 4.771203 0.229812
v -0.901502 4.925975 0.793758
v -0.764317 4.451841 1.136524
v -0.764865 4.137388 1.025934
v -0.924731 3.604580 0.504041
v -0.695224 3.714929 1.048339
v -0.466500 3.949851 1.108406
v -0.238559 4.309347 0.684240
v -0.468066 4.198998 0.139942
v -0.696790 3.964077 0.079875
v -0.894721 3.947350 0.543820
v -1.195005 4.367708 0.850804
v -1.047327 4.614983 1.018606
v -0.451686 4.689175 1.047224
v -0.151402 4.268817 0.740240
v -0.299081 4.021542 0.572439
v -0.854031 4.004949 0.482993
v -1.355012 4.290112 0.313255
v -1.387978 4.621811 0.313209
v -0.952927 5.000046 0.482855
v -0.451946 4.714884 0.652593
v -0.418981 4.383184 0.652639
v 0.855197 2.848224 0.442777
v 0.538847 2.947583 0.943937
v 0.643564 3.142739 1.193054
v 1.169348 3.433692 1.190129
v 1.485698 3.334332 0.688969
v 1.380981 3.139176 0.439852
v 0.847099 2.988210 0.438326
v 0.839830 3.526051 0.170400
v 0.683236 3.792611 0.295041
v 0.377319 3.787890 0.812247
v 0.384588 3.250048 1.080173
v 0.541181 2.983488 0.955533
v 0.814495 3.108698 0.413809
v 1.053364 3.224851 -0.125228
v 1.051515 3.526438 -0.267189
v 0.808948 4.013458 -0.012075
v 0.570079 3.897305 0.526962
v 0.571928 3.595718 0.668923
v 0.808249 3.244340 0.409802
v 0.580315 3.607285 0.831023
v 0.745062 3.866453 0.960643
v 1.302491 4.021842 0.798663
v 1.530425 3.658897 0.377441
v 1.365678 3.399729 0.247821
v 0.793286 3.377945 0.403102
v 1.014357 3.785179 0.020480
v 1.009079 4.113697 0.076687
v 0.777453 4.363499 0.571722
v 0.556382 3.956265 0.954343
v 0.561660 3.627747 0.898136
v 0.733634 3.488420 0.372516
v 0.877033 3.553243 -0.207437
v 0.717016 3.758565 -0.415640
v 0.253583 4.104386 -0.252093
v 0.110184 4.039565 0.327860
v 0.270201 3.834242 0.536063
v 0.733071 3.621189 0.354824
v 1.073553 4.028569 0.636293
v 1.236440 4.273508 0.479501
v 1.221732 4.356005 -0.115553
v 0.881251 3.948625 -0.397022
v 0.718364 3.703686 -0.240229
v 0.782250 3.745209 0.352174
v 1.031045 3.987472 0.842603
v 1.098258 4.312390 0.874560
v 0.983888 4.719965 0.448047
v 0.735093 4.477701 -0.042382
v 0.667880 4.152782 -0.074339
v -0.092415 3.383080 -0.139427
v 0.056537 3.563247 0.414165
v 0.333315 3.735196 0.484443
v 0.737917 3.898927 0.071405
v 0.588964 3.718761 -0.482187
v 0.312187 3.546812 -0.552464
v -0.062345 3.757060 -0.110422
v -0.381033 4.264359 -0.063567
v -0.268821 4.540011 0.086551
v 0.274293 4.584016 0.339931
v 0.592982 4.076716 0.293075
v 0.480769 3.801064 0.142958
v -0.123912 4.048141 -0.081686
v -0.064456 4.161204 -0.668876
v -0.182571 4.435314 -0.817281
v -0.478256 4.870469 -0.526900
v -0.537712 4.757405 0.060291
v -0.419597 4.483295 0.208695
v -0.092911 3.770801 -0.139515
v -0.457936 4.132120 0.172440
v -0.350004 4.375326 0.373220
v 0.230887 4.500417 0.462826
v 0.595912 4.139097 0.150871
v 0.487979 3.895892 -0.049909
v -0.032344 4.145812 -0.086609
v -0.296524 4.405416 0.386599
v -0.369474 4.730281 0.402454
v -0.251194 5.120410 -0.039044
v 0.012986 4.860807 -0.512252
v 0.085936 4.535941 -0.528107
v -0.040231 3.763585 -0.152390
v -0.286110 3.898050 0.379187
v -0.168663 4.134452 0.582734
v 0.312109 4.472790 0.458252
v 0.557988 4.338325 -0.073325
v 0.440541 4.101923 -0.276872
v -0.074415 4.063672 -0.092052
v -0.374209 4.566441 -0.227914
v -0.329685 4.856640 -0.070075
v 0.059156 4.934270 0.381464
v 0.358950 4.431501 0.517325
v 0.314426 4.141302 0.359486
v -0.041033 4.126196 -0.058433
v -0.330747 4.169518 0.466257
v -0.349894 4.450710 0.644233
v -0.098475 4.969773 0.475494
v 0.191239 4.926451 -0.049196
v 0.210387 4.645259 -0.227172
v -0.053935 4.074367 -0.146533
v -0.132564 4.448271 -0.610347
v -0.386436 4.663009 -0.633757
v -0.815550 4.718579 -0.216762
v -0.736920 4.344674 0.247052
v -0.483048 4.129937 0.270461
v -0.229897 3.576379 0.314639
v -0.049131 3.959839 0.740541
v -0.084283 4.290584 0.718560
v -0.335353 4.568614 0.248694
v -0.516120 4.185154 -0.177208
v -0.480968 3.854409 -0.155227
v -0.174079 3.801769 0.316459
v 0.406507 3.933949 0.397442
v 0.548752 4.215601 0.289973
v 0.252656 4.646724 -0.005950
v -0.327931 4.514544 -0.086934
v -0.470176 4.232893 0.020536
v -0.226179 4.027332 0.298394
v -0.021301 4.541661 0.064725
v -0.216264 4.801665 -0.009428
v -0.811068 4.807343 0.075937
v -1.015946 4.293014 0.309606
v -0.820983 4.033010 0.383759
v -0.194303 4.252413 0.251044
v 0.063623 4.444574 0.758646
v 0.110276 4.766368 0.832014
v -0.054344 5.217796 0.471149
v -0.312270 5.025636 -0.036453
v -0.358923 4.703841 -0.109821
v -0.162498 4.481264 0.274187
v -0.282915 4.669427 0.832045
v -0.062871 4.829201 1.024826
v 0.497632 4.960583 0.852530
v 0.618048 4.772419 0.294673
v 0.398005 4.612646 0.101892
v -0.174079 3.801769 0.316459
v 0.117820 4.236616 0.611100
v 0.132395 4.552923 0.506944
v -0.130354 4.750690 0.003991
v -0.422254 4.315843 -0.290650
v -0.436829 3.999536 -0.186495
v -0.116680 4.025301 0.280895
v 0.097924 4.080375 0.839485
v 0.280250 4.339596 0.942793
v 0.430297 4.802966 0.590819
v 0.215693 4.747892 0.032229
v 0.033367 4.488671 -0.071079
v -0.093203 4.256459 0.273459
v 0.185886 4.700718 -0.019549
v 0.027310 4.929520 -0.202892
v -0.568933 4.942863 -0.276568
v -0.848022 4.498604 0.016441
v -0.689445 4.269803 0.199783
v -0.126170 4.437038 0.185363
v 0.440505 4.595805 0.063777
v 0.538169 4.911016 0.016716
v 0.166823 5.382671 0.044180
v -0.399853 5.223904 0.165766
v -0.497517 4.908693 0.212827
v 1.057834 3.088213 -0.523190
v 1.636368 3.247172 -0.489407
v 1.775797 3.479877 -0.683105
v 1.476120 3.786328 -1.104285
v 0.897586 3.627369 -1.138069
v 0.758158 3.394664 -0.944370
v 1.017083 3.498238 -0.503329
v 0.808781 4.039962 -0.659070
v 0.868747 4.318066 -0.485364
v 1.196982 4.332547 0.017789
v 1.405284 3.790822 0.173530
v 1.345318 3.512719 -0.000176
v 0.948565 3.894779 -0.521292
v 1.388918 4.009784 -0.913688
v 1.419195 4.297992 -1.078402
v 1.039397 4.759402 -1.015434
v 0.599044 4.644397 -0.623038
v 0.568767 4.356189 -0.458324
v 1.009637 3.085678 -0.472596
v 0.585025 3.510877 -0.477132
v 0.524678 3.714668 -0.220347
v 0.828596 3.697049 0.297760
v 1.253208 3.271850 0.302295
v 1.313555 3.068059 0.045510
v 0.982465 3.487260 -0.475580
v 0.474435 3.786009 -0.592906
v 0.430767 4.109736 -0.526538
v 0.851461 4.458442 -0.276476
v 1.359491 4.159693 -0.159150
v 1.403159 3.835966 -0.225518
v 0.993403 3.792353 -0.472929
v 1.508821 4.016887 -0.260705
v 1.679687 4.260898 -0.410288
v 1.506000 4.524384 -0.921676
v 0.990581 4.299850 -1.133900
v 0.819715 4.055840 -0.984318
v 1.030448 3.497625 -0.480866
v 1.027117 4.041063 -0.737332
v 1.057564 4.326039 -0.567117
v 1.121787 4.352552 0.029777
v 1.125117 3.809114 0.286243
v 1.094671 3.524138 0.116029
v 0.960527 3.845501 -0.416312
v 0.568193 3.882030 -0.870019
v 0.357095 4.136581 -0.911877
v 0.327233 4.609155 -0.541886
v 0.719567 4.572626 -0.088179
v 0.930665 4.318075 -0.046321
v -0.589235 3.177172 -0.428263
v -0.225385 3.579063 -0.687508
v -0.330161 3.812784 -0.900833
v -0.903563 3.878334 -1.068239
v -1.267412 3.476443 -0.808994
v -1.162636 3.242722 -0.595669
v -0.586030 3.413209 -0.509185
v -0.091836 3.755034 -0.515480
v -0.091350 4.080693 -0.444370
v -0.584571 4.390188 -0.295854
v -1.078764 4.048364 -0.289560
v -1.079251 3.722704 -0.360670
v -0.595317 3.662355 -0.519787
v -0.832439 3.637969 0.031837
v -0.718671 3.815486 0.290015
v -0.254012 4.194906 0.254746
v -0.016890 4.219292 -0.296878
v -0.130658 4.041775 -0.555056
v -0.510495 3.888539 -0.457189
v -0.633483 4.409486 -0.184060
v -0.444972 4.682796 -0.213661
v 0.055037 4.708470 -0.545990
v 0.178025 4.187524 -0.819118
v -0.010486 3.914213 -0.789518
v -0.550953 4.134554 -0.467763
v -0.372963 4.274984 -1.024279
v -0.375860 4.585041 -1.146621
v -0.559643 5.064723 -0.834790
v -0.737633 4.924294 -0.278274
v -0.734736 4.614237 -0.155932
v -0.589235 3.177172 -0.428263
v -0.111975 3.529378 -0.524623
v -0.086797 3.740494 -0.781347
v -0.513698 3.810520 -1.198435
v -0.990958 3.458313 -1.102075
v -1.016136 3.247198 -0.845351
v -0.582390 3.426784 -0.459985
v -1.043137 3.773866 -0.628379
v -1.017241 4.101568 -0.683626
v -0.504701 4.409888 -0.625725
v -0.043954 4.062806 -0.457331
v -0.069850 3.735105 -0.402085
v -0.573960 3.674199 -0.427158
v -0.281673 3.771099 0.088874
v -0.048426 4.006001 0.127968
v 0.125780 4.378902 -0.309875
v -0.166507 4.282002 -0.825908
v -0.399754 4.047101 -0.865002
v -0.523318 3.916565 -0.448454
v -0.801464 4.445911 -0.507932
v -0.708827 4.722599 -0.346768
v -0.245408 4.746626 0.035037
v 0.032739 4.217279 0.094515
v -0.059898 3.940592 -0.066648
v -0.537361 4.086276 -0.439770
v -0.827716 4.232159 -0.945263
v -0.878784 4.546047 -1.045150
v -0.690565 5.027940 -0.739430
v -0.400211 4.882056 -0.233937
v -0.349143 4.568168 -0.134050
v 0.562817 3.281749 0.461793
v -0.021051 3.409501 0.399429
v -0.200984 3.569438 0.629983
v 0.023017 3.761562 1.153455
v 0.606884 3.633811 1.215819
v 0.786818 3.473873 0.985265
v 0.568641 3.539060 0.484917
v 0.830371 4.028829 0.714558
v 0.823984 4.327981 0.567664
v 0.549479 4.436519 0.044235
v 0.287749 3.946750 -0.185405
v 0.294136 3.647597 -0.038511
v 0.578862 3.806669 0.453543
v 0.837232 3.882159 -0.083726
v 0.839564 4.171785 -0.248717
v 0.585858 4.675548 -0.041431
v 0.327488 4.600058 0.495837
v 0.325156 4.310431 0.660829
v 0.559096 4.042295 0.423200
v 0.729254 4.352318 -0.062643
v 0.554176 4.605081 -0.191366
v 0.033864 4.800584 0.037028
v -0.136294 4.490561 0.522871
v 0.038783 4.237798 0.651595
v 0.514849 3.537840 0.514416
v 0.207728 3.941181 0.191764
v 0.239840 4.270871 0.228969
v 0.611184 4.526911 0.626030
v 0.918305 4.123571 0.948682
v 0.886193 3.793881 0.911478
v 0.517578 3.810172 0.498603
v 1.103030 3.928488 0.564617
v 1.255384 4.190804 0.426450
v 0.974639 4.597119 0.084104
v 0.389186 4.478803 0.018091
v 0.236833 4.216488 0.156257
v 0.451582 4.073719 0.501754
v 0.232068 4.551300 0.210481
v 0.083763 4.808358 0.362264
v 0.006670 4.844893 0.957102
v 0.226184 4.367311 1.248375
v 0.374489 4.110253 1.096592
v 0.590656 3.803612 0.502814
v -0.004768 3.882643 0.521103
v -0.151908 4.181657 0.513939
v 0.149237 4.700655 0.481323
v 0.744661 4.621624 0.463035
v 0.891801 4.322609 0.470199
v 0.605355 4.078119 0.464592
v 1.137963 4.319155 0.325521
v 1.185801 4.526284 0.068771
v 0.748870 4.699504 -0.305657
v 0.216261 4.458468 -0.166586
v 0.168423 4.251340 0.090164
v 0.094167 3.309978 -0.606773
v 0.254111 3.759207 -0.241093
v 0.219204 4.081643 -0.318083
v -0.010556 4.277286 -0.837741
v -0.170500 3.828057 -1.203421
v -0.135593 3.505620 -1.126432
v 0.080618 3.456586 -0.598655
v -0.347335 3.526093 -1.014751
v -0.543264 3.794976 -1.035355
v -0.507171 4.263235 -0.660465
v -0.079218 4.193727 -0.244369
v 0.116712 3.924844 -0.223766
v 0.037338 3.581378 -0.577800
v -0.489286 3.834385 -0.718388
v -0.666279 4.022316 -0.507518
v -0.493641 4.145172 0.054810
v 0.032983 3.892164 0.195399
v 0.209976 3.704233 -0.015471
v 0.015474 3.722859 -0.574781
v 0.166819 4.154933 -0.964032
v 0.187721 4.477630 -0.883156
v 0.078178 4.690949 -0.332151
v -0.073168 4.258874 0.057101
v -0.094069 3.936177 -0.023776
v 0.021304 3.864635 -0.565446
v -0.400512 3.791090 -0.143813
v -0.427992 3.984859 0.126019
v -0.061137 4.445941 0.244052
v 0.360679 4.519485 -0.177580
v 0.388159 4.325717 -0.447413
v 0.060295 3.987158 -0.524002
v 0.168303 4.341288 -0.050677
v 0.434709 4.540036 -0.025420
v 0.859514 4.583403 -0.448233
v 0.751507 4.229273 -0.921559
v 0.485101 4.030524 -0.946815
v 0.067430 4.128942 -0.527571
v 0.498593 4.421551 -0.826886
v 0.502086 4.752071 -0.869959
v 0.077907 5.120503 -0.656790
v -0.353256 4.827895 -0.357475
v -0.356749 4.497375 -0.314402
v 0.045953 4.260663 -0.568104
v 0.414384 4.298255 -1.041344
v 0.370631 4.512181 -1.293201
v -0.085306 4.902442 -1.323676
v -0.453737 4.864850 -0.850436
v -0.409984 4.650924 -0.598578
v -0.864953 3.192363 0.506404
v -1.263544 3.638578 0.562329
v -1.223016 3.898061 0.767603
v -0.743369 3.970810 1.122225
v -0.344778 3.524595 1.066300
v -0.385306 3.265112 0.861027
v -0.933753 3.484456 0.580360
v -1.214292 3.605129 0.062821
v -1.294427 3.913019 -0.036641
v -1.174157 4.408127 0.281972
v -0.893617 4.287454 0.799510
v -0.813483 3.979563 0.898973
v -0.939280 3.790563 0.569983
v -0.365766 3.969735 0.560526
v -0.235028 4.158643 0.319005
v -0.547067 4.357286 -0.154580
v -1.120582 4.178115 -0.145123
v -1.251320 3.989207 0.096398
v -0.959725 4.086441 0.537977
v -0.641587 4.534710 0.295172
v -0.718236 4.856997 0.332138
v -1.189671 5.053305 0.648877
v -1.507808 4.605036 0.891683
v -1.431159 4.282748 0.854716
v -0.885201 3.483242 0.571492
v -1.249355 3.569731 1.041621
v -1.236116 3.838135 1.238839
v -0.845484 4.288455 1.163146
v -0.481329 4.201965 0.693017
v -0.494568 3.933561 0.495799
v -0.849164 3.794060 0.557501
v -0.470411 4.226346 0.382040
v -0.525662 4.425694 0.120662
v -1.014915 4.392107 -0.226633
v -1.393668 3.959822 -0.051172
v -1.338418 3.760473 0.210206
v -0.819742 4.106272 0.511453
v -0.374481 4.380021 0.807959
v -0.375539 4.704368 0.884829
v -0.822914 5.079313 0.742061
v -1.268174 4.805565 0.445555
v -1.267117 4.481218 0.368686
v -0.856111 4.032262 0.591487
v -0.838155 3.982981 1.190119
v -0.588830 4.099998 1.377882
v -0.108134 4.383312 1.154777
v -0.126090 4.432593 0.556145
v -0.375415 4.315576 0.368382
v -0.798010 4.057268 0.517527
v -0.511458 4.543986 0.722720
v -0.477345 4.825829 0.548044
v -0.695672 4.902798 -0.006501
v -0.982224 4.416080 -0.211694
v -1.016337 4.134236 -0.037018
v 0.871508 2.872878 0.432907
v 0.965890 2.981857 1.016282
v 0.991411 3.288103 1.145406
v 0.948071 3.791616 0.820279
v 0.853690 3.682636 0.236904
v 0.828169 3.376390 0.107780
v 0.864496 3.025260 0.431048
v 0.590254 3.161986 -0.085874
v 0.287515 3.300353 -0.103611
v -0.043721 3.440362 0.377836
v 0.230521 3.303636 0.894758
v 0.533260 3.165269 0.912495
v 0.821463 3.156821 0.425387
v 0.786172 3.655264 0.091592
v 0.783639 3.963295 0.218958
v 0.813864 4.080911 0.807485
v 0.849155 3.582468 1.141280
v 0.851688 3.274437 1.013914
v 0.816260 3.304121 0.434407
v 0.472847 3.300274 0.927523
v 0.412727 3.570575 1.113087
v 0.635900 4.115023 0.991100
v 0.979313 4.118869 0.497984
v 1.039433 3.848568 0.312419
v 0.809803 3.450580 0.432479
v 0.773584 3.743013 -0.091240
v 0.531324 3.959504 -0.165760
v 0.083024 4.100051 0.208919
v 0.119244 3.807618 0.732639
v 0.361504 3.591128 0.807159
v 0.763568 3.576464 0.395739
v 0.968238 3.955587 -0.023173
v 0.905991 4.283055 -0.022459
v 0.576826 4.558871 0.397884
v 0.372156 4.179749 0.816796
v 0.434403 3.852280 0.816081
v 0.754722 3.723481 0.376507
v 1.047439 3.741148 0.901022
v 1.239672 3.995995 0.996994
v 1.331421 4.488021 0.664423
v 1.038704 4.470354 0.139908
v 0.846471 4.215507 0.043937
v 0.778899 3.864882 0.375891
v 1.125574 4.293491 0.615101
v 1.244067 4.553060 0.442780
v 1.134378 4.643587 -0.141073
v 0.787703 4.214978 -0.380283
v 0.669210 3.955410 -0.207961
v -0.152036 3.257078 -0.141867
v -0.321285 3.451929 0.400811
v -0.407190 3.767443 0.465477
v -0.409752 4.203622 0.052134
v -0.240504 4.008770 -0.490543
v -0.154598 3.693256 -0.555210
v -0.080563 3.481366 -0.142890
v 0.468410 3.593069 -0.360288
v 0.533978 3.832411 -0.582835
v 0.116139 4.199393 -0.810532
v -0.432835 4.087691 -0.593134
v -0.498402 3.848348 -0.370587
v -0.118729 3.713279 -0.154573
v -0.210365 4.276551 0.033679
v -0.104050 4.546150 -0.131016
v 0.200215 4.522077 -0.648659
v 0.291850 3.958806 -0.836911
v 0.185535 3.689206 -0.672216
v -0.065246 3.941374 -0.131204
v -0.622252 4.054926 0.063631
v -0.730111 4.358687 0.148523
v -0.388823 4.852656 0.123474
v 0.168184 4.739104 -0.071361
v 0.276043 4.435343 -0.156254
v -0.085558 4.139492 -0.124343
v -0.587108 4.433539 -0.276313
v -0.758376 4.627759 -0.066414
v -0.599362 4.722149 0.505351
v -0.097812 4.428102 0.657320
v 0.073456 4.233883 0.447422
v -0.078542 3.479175 -0.142786
v 0.071100 3.897939 0.261385
v 0.064444 4.225404 0.199472
v -0.098510 4.461570 -0.328527
v -0.248153 4.042806 -0.732698
v -0.241497 3.715341 -0.670785
v -0.034870 3.711388 -0.150135
v -0.268003 3.835914 0.389544
v -0.220173 4.124411 0.549521
v 0.108620 4.576879 0.329798
v 0.341753 4.452353 -0.209881
v 0.293923 4.163857 -0.369859
v -0.058030 3.944520 -0.141880
v 0.067311 4.431700 0.186838
v 0.204239 4.708782 0.061989
v 0.352755 4.775765 -0.516429
v 0.227414 4.288585 -0.845148
v 0.090485 4.011504 -0.720298
v 0.015852 4.166914 -0.149819
v 0.050344 4.305302 0.433936
v 0.089736 4.615910 0.548312
v 0.134030 5.098738 0.193311
v 0.099539 4.960350 -0.390444
v 0.060146 4.649742 -0.504821
v -0.057546 3.943511 -0.140638
v -0.185154 3.985369 0.445088
v 0.030348 4.096570 0.673789
v 0.588962 4.277111 0.545465
v 0.716569 4.235253 -0.040261
v 0.501067 4.124053 -0.268962
v -0.004436 4.145671 -0.079161
v -0.109891 4.621282 0.272668
v 0.048565 4.912910 0.241745
v 0.470933 5.020553 -0.171933
v 0.576388 4.544941 -0.523763
v 0.417932 4.253314 -0.492839
v -0.071460 3.271363 0.742182
v -0.586414 3.361784 0.445942
v -0.731845 3.660089 0.414724
v -0.507754 4.166280 0.648528
v 0.007200 4.075861 0.944768
v 0.152631 3.777555 0.975986
v -0.109126 3.487998 0.793358
v -0.499417 3.828266 1.098320
v -0.421080 3.996483 1.375227
v 0.125883 3.992649 1.624079
v 0.516174 3.652381 1.319117
v 0.437837 3.484164 1.042210
v -0.075508 3.707386 0.834673
v -0.373651 4.038814 1.237633
v -0.397641 4.370936 1.222455
v -0.147478 4.703753 0.789139
v 0.150664 4.372324 0.386179
v 0.174654 4.040202 0.401357
v -0.086661 3.930715 0.803557
v 0.514022 3.923357 0.818967
v 0.705809 4.143942 0.658746
v 0.488701 4.592470 0.322893
v -0.111982 4.599828 0.307483
v -0.303769 4.379243 0.467704
v -0.045886 4.151274 0.777885
v 0.152325 4.709655 0.878053
v 0.174143 4.943357 0.641371
v 0.019570 4.852379 0.067837
v -0.178641 4.293998 -0.032332
v -0.200460 4.060296 0.204351
v -0.109126 3.487998 0.793358
v 0.490292 3.527801 0.778393
v 0.657357 3.814681 0.808398
v 0.392066 4.348639 0.883373
v -0.207352 4.308836 0.898337
v -0.374417 4.021955 0.868332
v -0.108379 3.714182 0.773487
v 0.471100 3.866224 0.726595
v 0.595957 4.042947 0.473039
v 0.266192 4.244353 0.012820
v -0.313287 4.092312 0.059712
v -0.438144 3.915588 0.313268
v -0.080955 3.936218 0.738373
v 0.260695 4.410346 0.598413
v 0.159511 4.726514 0.628591
v -0.384507 4.884722 0.828906
v -0.726157 4.410594 0.968866
v -0.624973 4.094426 0.938688
v -0.118402 4.127837 0.710778
v 0.202544 4.173103 0.204759
v 0.184891 4.433385 -0.002733
v -0.171363 4.908682 0.088303
v -0.492309 4.863415 0.594322
v -0.474656 4.603133 0.801814
v 0.715171 3.001181 -0.502160
v 0.658754 3.427147 -0.922256
v 0.436348 3.674881 -0.905681
v 0.047954 3.744382 -0.452437
v 0.104371 3.318415 -0.032342
v 0.326777 3.070682 -0.048916
v 0.650702 3.230183 -0.539902
v 0.922116 3.523220 -0.988872
v 0.938444 3.855507 -1.009602
v 0.699684 4.227045 -0.602092
v 0.428269 3.934007 -0.153122
v 0.411942 3.601720 -0.132392
v 0.618203 3.466731 -0.566589
v 0.030728 3.459315 -0.440378
v -0.114069 3.665264 -0.221907
v 0.183810 4.084578 0.088825
v 0.771285 4.091994 -0.037386
v 0.916083 3.886045 -0.255857
v 0.633364 3.699138 -0.506931
v 0.588989 4.250748 -0.272692
v 0.700731 4.525646 -0.424533
v 0.968590 4.523833 -0.962453
v 1.012966 3.972223 -1.196693
v 0.901223 3.697325 -1.044852
v 0.644011 3.911620 -0.540510
v 1.231081 4.024729 -0.479969
v 1.359457 4.331906 -0.463438
v 1.029138 4.833149 -0.490915
v 0.442067 4.720040 -0.551456
v 0.313692 4.412864 -0.567988
v 0.653078 3.229078 -0.538399
v 0.948210 3.501692 -0.091533
v 1.169539 3.746493 -0.138407
v 1.317062 3.963482 -0.679021
v 1.021930 3.690868 -1.125887
v 0.800601 3.446067 -1.079013
v 0.655847 3.470278 -0.538790
v 0.712306 3.921427 -0.931711
v 0.770828 4.237434 -0.843247
v 0.831411 4.418298 -0.273397
v 0.774952 3.967149 0.119524
v 0.716430 3.651142 0.031060
v 0.589109 3.700183 -0.523182
v 0.219329 3.671054 -0.995967
v 0.003115 3.911566 -1.076692
v -0.059532 4.421720 -0.765357
v 0.310248 4.450849 -0.292572
v 0.526461 4.210337 -0.211847
v 0.588332 3.936099 -0.513821
v 0.221980 4.399923 -0.405362
v 0.315679 4.675498 -0.242912
v 0.869429 4.762824 -0.026473
v 1.235781 4.298999 -0.134932
v 1.142082 4.023424 -0.297382
v 0.589579 3.699126 -0.521886
v 0.064038 3.951325 -0.667875
v -0.000113 4.276840 -0.635699
v 0.397127 4.675673 -0.425358
v 0.922669 4.423475 -0.279369
v 0.986819 4.097960 -0.311544
v 0.572562 3.926823 -0.447386
v -0.014082 3.985575 -0.331164
v -0.134752 4.101857 -0.043018
v 0.210552 4.275671 0.417052
v 0.797197 4.216918 0.300830
v 0.917866 4.100636 0.012684
v -0.859370 3.175575 0.507724
v -1.097524 3.714802 0.624464
v -0.951139 4.003074 0.543337
v -0.420216 4.040391 0.264342
v -0.182062 3.501165 0.147602
v -0.328447 3.212893 0.228729
v -0.826301 3.460219 0.553288
v -1.402604 3.544820 0.701030
v -1.524713 3.834973 0.810629
v -1.192626 4.330677 0.882087
v -0.616322 4.246077 0.734345
v -0.494214 3.955924 0.624745
v -0.817900 3.735261 0.464868
v -0.428844 4.150156 0.270939
v -0.498142 4.370693 0.030788
v -1.025794 4.396872 -0.255584
v -1.414850 3.981977 -0.061655
v -1.345552 3.761440 0.178496
v -0.804176 4.003039 0.529833
v -1.343099 4.242471 0.645355
v -1.401396 4.570516 0.655297
v -0.979069 4.987174 0.559658
v -0.440146 4.747742 0.444135
v -0.381848 4.419697 0.434194
v -0.832817 3.160485 0.491201
v -0.492674 3.197564 0.985205
v -0.173878 3.294912 0.983313
v 0.123571 3.452529 0.485527
v -0.216571 3.415451 -0.008477
v -0.535367 3.318103 -0.006585
v -0.693623 3.420173 0.487565
v -0.646261 3.929688 0.802625
v -0.486400 4.200795 0.692825
v -0.214039 4.233496 0.158165
v -0.261401 3.723981 -0.156895
v -0.421263 3.452874 -0.047095
v -0.678562 3.706625 0.468280
v -0.131323 3.775145 0.229648
v -0.012597 4.066683 0.120009
v -0.322384 4.581239 0.139360
v -0.869624 4.512719 0.377991
v -0.988350 4.221181 0.487631
v -0.615282 3.989223 0.521658
v -0.642353 4.311674 1.028021
v -0.381259 4.471988 1.159321
v 0.168003 4.470165 0.915560
v 0.195074 4.147714 0.409197
v -0.066021 3.987400 0.277896
v -0.899019 3.972855 0.467986
v -1.124627 4.322585 0.034511
v -1.169134 4.651370 0.066614
v -1.032541 4.959210 0.564296
v -0.806933 4.609480 0.997772
v -0.762426 4.280695 0.965669
v -0.701472 3.997255 0.452469
v -0.434185 4.035137 -0.084404
v -0.516626 4.259674 -0.316564
v -0.948794 4.670864 -0.244009
v -1.216080 4.632982 0.292865
v -1.133640 4.408445 0.525024
v 0.573655 3.320799 0.425286
v 0.383364 3.777893 0.765823
v 0.556094 4.059420 0.810740
v 1.091848 4.165380 0.560039
v 1.282140 3.708287 0.219502
v 1.109409 3.426760 0.174584
v 0.586152 3.622770 0.432450
v 1.162847 3.750334 0.321719
v 1.280779 4.060466 0.289768
v 0.939950 4.553166 0.336596
v 0.363255 4.425602 0.447327
v 0.245323 4.115470 0.479278
v 0.541809 3.922073 0.437280
v 0.032168 4.160794 0.226593
v -0.173954 4.347957 0.409882
v -0.076556 4.483560 0.987149
v 0.433085 4.244839 1.197835
v 0.639207 4.057676 1.014546
v 0.566688 4.231849 0.412838
v 0.805907 4.713923 0.680214
v 0.705528 5.026432 0.622134
v 0.265551 5.169376 0.238600
v 0.026333 4.687302 -0.028775
v 0.126712 4.374793 0.029304
v 0.561652 3.313232 0.434605
v 0.044246 3.310568 0.129000
v -0.203560 3.526850 0.183086
v -0.181764 3.962080 0.596863
v 0.335642 3.964745 0.902467
v 0.583448 3.748462 0.848381
v 0.554982 3.619012 0.448399
v 0.943140 4.045681 0.279882
v 0.854586 4.321578 0.115108
v 0.289322 4.446701 -0.045924
v -0.098836 4.020031 0.122593
v -0.010282 3.744135 0.287367
v 0.464052 3.907789 0.514787
v -0.068611 4.170109 0.607356
v -0.118816 4.498997 0.586778
v 0.313438 4.894452 0.453051
v 0.846101 4.632132 0.360482
v 0.896305 4.303244 0.381060
v 0.507980 4.084698 0.551198
v 0.190785 4.259153 1.030847
v 0.305661 4.470506 1.261594
v 0.852610 4.718758 1.243438
v 1.169805 4.544303 0.763789
v 1.054928 4.332950 0.533042
v 0.492088 3.925699 0.418969
v 0.812763 4.433839 0.410475
v 0.678600 4.737645 0.438993
v 0.089599 4.837116 0.504523
v -0.231076 4.328977 0.513016
v -0.096913 4.025171 0.484498
v 0.507766 4.116463 0.402857
v 1.063891 4.231053 0.599595
v 1.207982 4.531134 0.582273
v 0.940040 5.016706 0.350891
v 0.383916 4.902117 0.154154
v 0.239825 4.602036 0.171476
v 0.092590 3.580451 -0.579079
v 0.520628 3.964582 -0.753255
v 0.510353 4.135645 -1.039163
v 0.061766 4.093640 -1.436800
v -0.366272 3.709509 -1.262624
v -0.355998 3.538446 -0.976717
v 0.100821 3.984724 -0.531147
v -0.286727 4.190876 -0.120759
v -0.223988 4.450310 0.078913
v 0.289040 4.763026 0.067868
v 0.676589 4.556874 -0.342521
v 0.613849 4.297440 -0.542192
v 0.168118 4.318701 -0.575271
v 0.745860 4.307413 -0.740189
v 0.865456 4.469096 -1.006021
v 0.526907 4.803751 -1.372765
v -0.050835 4.815040 -1.207846
v -0.170431 4.653357 -0.942015
v 0.061750 3.581320 -0.560446
v -0.048447 4.039955 -0.932765
v -0.198650 4.322334 -0.838894
v -0.388859 4.428459 -0.278832
v -0.278662 3.969824 0.093487
v -0.128459 3.687444 -0.000384
v 0.066730 3.993913 -0.511218
v -0.134010 4.261975 -1.010175
v -0.116332 4.590548 -1.063449
v 0.119762 4.979632 -0.671042
v 0.320502 4.711571 -0.172086
v 0.302824 4.382998 -0.118811
v 0.033425 4.271784 -0.476878
v -0.500912 4.344805 -0.741951
v -0.753334 4.514475 -0.605547
v -0.723842 4.780795 -0.067667
v -0.189506 4.707774 0.197406
v 0.062916 4.538104 0.061002
v 0.109967 3.990930 -0.575075
v 0.268015 4.462590 -0.237927
v 0.408554 4.738806 -0.360665
v 0.531586 4.819577 -0.943288
v 0.373538 4.347917 -1.280436
v 0.232998 4.071702 -1.157699
v 0.108140 4.388353 -0.583898
v 0.320768 4.398428 -1.145857
v 0.380774 4.678810 -1.315847
v 0.288158 5.229498 -1.093866
v 0.075530 5.219423 -0.531907
v 0.015524 4.939041 -0.361917
v 0.058051 3.980672 -0.460053
v -0.486023 4.186814 -0.309721
v -0.543872 4.379108 -0.043662
v -0.115495 4.557555 0.338125
v 0.428579 4.351413 0.187793
v 0.486428 4.159119 -0.078266
v 0.009125 4.300423 -0.496053
v 0.267842 4.755074 -0.791805
v 0.176753 5.073842 -0.757145
v -0.264141 5.256725 -0.392074
v -0.522858 4.802074 -0.096323
v -0.431769 4.483307 -0.130982
v -0.859478 3.153373 0.503676
v -1.399936 3.079305 0.251624
v -1.641243 3.309087 0.260691
v -1.583399 3.842719 0.530879
v -1.042941 3.916788 0.782931
v -0.801634 3.687006 0.773863
v -0.880410 3.418018 0.531916
v -0.403445 3.783165 0.548733
v -0.367874 4.050043 0.352209
v -0.773696 4.218652 -0.057657
v -1.250661 3.853505 -0.074475
v -1.286232 3.586627 0.122049
v -0.813853 3.675493 0.492842
v -0.484061 4.031964 0.846787
v -0.455553 4.361128 0.802633
v -0.728328 4.662984 0.360381
v -1.058120 4.306514 0.006436
v -1.086629 3.977350 0.050590
v -0.838221 3.939819 0.518368
v -1.270782 3.962186 0.101833
v -1.528538 4.173190 0.114086
v -1.611489 4.572831 0.555126
v -1.178928 4.550464 0.971661
v -0.921172 4.339460 0.959408
v -0.880293 3.141687 0.502307
v -1.237387 3.578844 0.296178
v -1.413282 3.782222 0.493180
v -1.407978 3.751820 1.093312
v -1.050885 3.314663 1.299441
v -0.874990 3.111285 1.102439
v -0.990669 3.387607 0.542529
v -1.347527 3.437236 0.061592
v -1.455731 3.728506 -0.059093
v -1.315280 4.261415 0.180472
v -0.958422 4.211786 0.661409
v -0.850219 3.920516 0.782095
v -1.001420 3.655842 0.544322
v -0.874335 3.962688 1.045127
v -0.642021 4.201138 1.061940
v -0.304477 4.371192 0.594761
v -0.431562 4.064346 0.093955
v -0.663876 3.825897 0.077143
v -0.940827 3.880872 0.582200
v -1.170498 4.326826 0.913088
v -1.122743 4.649941 0.846553
v -0.797563 4.850218 0.382594
v -0.567892 4.404263 0.051706
v -0.615647 4.081148 0.118242
v -0.949608 3.924416 0.519869
v -0.576575 3.887617 0.989553
v -0.326807 4.101411 1.044497
v -0.200302 4.565798 0.684702
v -0.573335 4.602596 0.215018
v -0.823104 4.388803 0.160073
v -0.846249 3.025830 -0.677394
v -1.021058 3.428859 -1.087419
v -1.273682 3.641471 -1.041718
v -1.604119 3.663666 -0.540291
v -1.429311 3.260637 -0.130266
v -1.176687 3.048025 -0.175967
v -0.857792 3.181786 -0.688906
v -0.872760 3.461239 -0.157123
v -0.887905 3.792439 -0.122655
v -0.903228 4.175386 -0.585502
v -0.888261 3.895933 -1.117285
v -0.873115 3.564733 -1.151753
v -0.839564 3.322231 -0.683360
v -1.217283 3.509889 -0.255314
v -1.147067 3.755893 -0.041626
v -0.628915 4.060242 -0.042294
v -0.251195 3.872584 -0.470340
v -0.321411 3.626580 -0.684028
v -0.863130 3.471702 -0.675692
v -1.013073 3.926405 -1.038835
v -1.091394 4.231666 -0.930240
v -1.098093 4.387483 -0.349906
v -0.948150 3.932780 0.013236
v -0.869829 3.627519 -0.095359
v -0.876800 3.620863 -0.668377
v -0.961230 3.722074 -0.082085
v -0.877048 4.006227 0.070500
v -0.624256 4.473320 -0.210623
v -0.539826 4.372109 -0.796916
v -0.624007 4.087957 -0.949500
v -0.831864 3.755500 -0.666142
v -0.619666 4.161112 -0.276834
v -0.386097 4.386286 -0.353341
v -0.131158 4.431021 -0.895666
v -0.343357 4.025409 -1.284975
v -0.576926 3.800235 -1.208467
v -0.815698 3.907919 -0.661577
v -1.124302 4.174722 -1.102815
v -1.083522 4.493797 -1.190218
v -0.693359 4.865143 -0.923788
v -0.384755 4.598341 -0.482550
v -0.425535 4.279266 -0.395147
v -0.827311 4.053673 -0.655586
v -1.277363 4.253698 -0.999903
v -1.467574 4.515996 -0.921604
v -1.397943 4.840567 -0.420688
v -0.947891 4.640542 -0.076372
v -0.757680 4.378244 -0.154671
v 1.038190 3.100682 -0.508788
v 0.768955 3.628669 -0.409525
v 0.911689 3.923502 -0.471261
v 1.466393 3.985182 -0.693993
v 1.735628 3.457196 -0.793256
v 1.592894 3.162362 -0.731520
v 1.001336 3.505856 -0.473882
v 0.435026 3.490699 -0.674316
v 0.193718 3.691390 -0.562048
v 0.277411 4.107930 -0.137076
v 0.843722 4.123087 0.063358
v 1.085030 3.922395 -0.048911
v 1.052960 3.872003 -0.455583
v 1.487663 4.263411 -0.317948
v 1.661316 4.434396 -0.545369
v 1.573917 4.384957 -1.137845
v 1.139214 3.993548 -1.275480
v 0.965562 3.822563 -1.048060
v 0.977644 3.095917 -0.526504
v 1.073970 3.376741 -1.048970
v 1.059621 3.707653 -1.086418
v 0.934598 4.088653 -0.638848
v 0.838272 3.807830 -0.116383
v 0.852621 3.476918 -0.078934
v 0.956801 3.507552 -0.493479
v 0.387475 3.491526 -0.685107
v 0.131287 3.619480 -0.514501
v 0.188238 3.891415 0.018340
v 0.757564 3.907440 0.209968
v 1.013752 3.779486 0.039362
v 0.952429 3.896438 -0.477752
v 1.132827 4.385433 -0.178668
v 1.151031 4.689176 -0.314755
v 1.007041 4.807667 -0.886015
v 0.826644 4.318672 -1.185100
v 0.808440 4.014929 -1.049012
v 1.025257 3.506175 -0.491563
v 0.457649 3.475424 -0.296663
v 0.295602 3.731638 -0.158075
v 0.539118 4.274816 -0.075800
v 1.106726 4.305566 -0.270700
v 1.268773 4.049352 -0.409287
v 1.019323 3.881452 -0.500338
v 1.243302 4.322152 -0.841992
v 1.056060 4.522639 -1.031349
v 0.457596 4.482914 -1.068409
v 0.233616 4.042214 -0.726755
v 0.420858 3.841727 -0.537398
v 0.943685 3.499690 -0.512671
v 0.837092 3.796132 -1.024405
v 0.783654 4.124783 -1.040016
v 0.783369 4.485643 -0.559506
v 0.889961 4.189201 -0.047772
v 0.943400 3.860550 -0.032161
v 0.901673 3.894706 -0.577095
v 1.481941 3.826790 -0.717762
v 1.635236 3.999058 -0.958460
v 1.361559 4.411509 -1.299189
v 0.781291 4.479424 -1.158521
v 0.627996 4.307157 -0.917823
v -0.069481 3.194192 0.748246
v 0.188193 3.677737 0.995025
v 0.186419 3.980086 0.854693
v -0.074804 4.101239 0.327250
v -0.332478 3.617695 0.080472
v -0.330704 3.315346 0.220803
v -0.084254 3.355360 0.757968
v -0.531633 3.482802 0.377547
v -0.671473 3.784208 0.350898
v -0.503772 4.259579 0.678021
v -0.056393 4.132137 1.058443
v 0.083447 3.830731 1.085092
v -0.128630 3.491809 0.791748
v -0.689161 3.650793 0.644641
v -0.886147 3.835758 0.839821
v -0.719590 4.046706 1.377288
v -0.159059 3.887722 1.524395
v 0.037927 3.702757 1.329215
v -0.139415 3.647617 0.814153
v -0.510906 4.094335 0.967609
v -0.426414 4.416637 0.957971
v 0.114063 4.614526 0.785239
v 0.485554 4.167809 0.631783
v 0.401061 3.845505 0.641421
v -0.134233 3.803739 0.803416
v 0.465924 3.827695 0.822096
v 0.646441 4.062583 0.669282
v 0.407319 4.508404 0.344974
v -0.192838 4.484447 0.326294
v -0.373355 4.249559 0.479108
v -0.133414 3.937435 0.738572
v 0.230098 4.370864 0.535816
v 0.145108 4.586384 0.296152
v -0.388383 4.583996 0.019580
v -0.751895 4.150567 0.222335
v -0.666905 3.935047 0.461999
v -0.119587 4.093251 0.728867
v -0.594748 4.292389 1.038183
v -0.657885 4.615128 1.092629
v -0.308998 5.061467 0.892206
v 0.166163 4.862329 0.582890
v 0.229300 4.539590 0.528443
v -0.097761 4.239921 0.767794
v -0.420194 4.461916 1.223717
v -0.303500 4.686579 1.440558
v 0.252321 4.913910 1.418317
v 0.574754 4.691915 0.962395
v 0.458060 4.467251 0.745554
v -0.197512 3.753771 0.299096
v -0.122075 4.236414 0.649062
v -0.037848 4.537426 0.533267
v 0.055171 4.656808 -0.048289
v -0.020265 4.174165 -0.398254
v -0.104493 3.873152 -0.282459
v -0.140555 4.163474 0.277517
v 0.296580 4.179097 -0.134527
v 0.329607 4.422444 -0.359920
v -0.041474 4.893517 -0.398663
v -0.478609 4.877893 0.013381
v -0.511636 4.634546 0.238774
v -0.161370 4.564955 0.275774
v -0.547828 4.997575 0.432622
v -0.462286 5.266508 0.610017
v 0.095257 5.371753 0.807957
v 0.481715 4.939134 0.651109
v 0.396172 4.670201 0.473714
v -0.264680 3.760660 0.313904
v -0.569886 4.002686 -0.143681
v -0.529146 4.316796 -0.247535
v -0.142459 4.702991 0.002340
v 0.162747 4.460965 0.459924
v 0.122007 4.146855 0.563779
v -0.227505 4.172619 0.329351
v 0.137546 4.382754 -0.099242
v 0.043078 4.602917 -0.331007
v -0.510910 4.833108 -0.365945
v -0.875961 4.622973 0.062648
v -0.781492 4.402810 0.294413
v -0.218765 4.525356 0.299930
v 0.060847 4.993062 0.553266
v 0.044275 5.304402 0.435355
v -0.268482 5.459380 -0.053804
v -0.548094 4.991674 -0.307140
v -0.531522 4.680333 -0.189229
v -0.209536 4.166754 0.278712
v -0.775049 4.304143 0.428481
v -0.868800 4.603181 0.542051
v -0.490790 5.063869 0.619421
v 0.074723 4.926480 0.469651
v 0.168474 4.627441 0.356082
v -0.194399 4.460846 0.185845
v 0.223376 4.634720 -0.209558
v 0.153031 4.783044 -0.499666
v -0.405432 4.905819 -0.684479
v -0.823207 4.731946 -0.289076
v -0.752862 4.583621 0.001032
v 0.068500 3.464861 -0.593672
v 0.308037 3.877726 -0.228603
v 0.304012 4.205002 -0.291731
v 0.056427 4.446690 -0.783055
v -0.183110 4.033824 -1.148124
v -0.179085 3.706548 -1.084996
v 0.095579 3.740564 -0.633590
v 0.488770 3.830881 -1.078961
v 0.473538 4.088789 -1.289586
v 0.049886 4.514286 -1.265465
v -0.343304 4.423968 -0.820094
v -0.328073 4.166061 -0.609469
v 0.124235 4.014751 -0.579779
v -0.036533 4.551142 -0.361722
v 0.181201 4.786698 -0.271078
v 0.777437 4.721418 -0.307847
v 0.938205 4.185027 -0.525904
v 0.720471 3.949471 -0.616548
v 0.063338 4.245611 -0.652418
v 0.473157 4.434554 -1.049231
v 0.469192 4.736990 -1.189329
v 0.051444 5.152920 -1.072712
v -0.358375 4.963978 -0.675899
v -0.354410 4.661541 -0.535801
v 0.101254 3.737833 -0.607948
v -0.462665 3.945138 -0.596473
v -0.567321 4.184999 -0.390015
v -0.212716 4.457415 0.011427
v 0.351202 4.250110 -0.000048
v 0.455859 4.010250 -0.206506
v 0.086769 4.020820 -0.558354
v -0.166033 4.565976 -0.555643
v 0.001438 4.847136 -0.492295
v 0.589182 4.864303 -0.368310
v 0.841985 4.319148 -0.371020
v 0.674514 4.037987 -0.434368
v 0.048028 4.307546 -0.562789
v 0.197284 4.383894 -1.139854
v 0.178228 4.676361 -1.298633
v -0.009138 5.184947 -1.039126
v -0.158394 5.108600 -0.462060
v -0.139338 4.816133 -0.303281
v 0.121928 4.254169 -0.557739
v -0.332880 4.616584 -0.406360
v -0.298479 4.885102 -0.211872
v 0.225129 5.059725 0.025724
v 0.679937 4.697309 -0.125655
v 0.645537 4.428791 -0.320143
v 0.123282 4.274938 -0.481608
v -0.237325 4.649978 -0.180912
v -0.193593 4.980279 -0.170919
v 0.254478 5.265841 -0.451629
v 0.615085 4.890800 -0.752325
v 0.571353 4.560499 -0.762318
v -0.145739 3.430358 -0.175059
v 0.369863 3.521935 0.119694
v 0.606892 3.732427 0.016634
v 0.565347 4.061836 -0.484240
v 0.049745 3.970259 -0.778994
v -0.187283 3.759767 -0.675933
v -0.122849 3.848397 -0.164817
v -0.032897 4.323731 0.191661
v 0.171705 4.575696 0.115749
v 0.490958 4.604292 -0.392553
v 0.401006 4.128958 -0.749031
v 0.196404 3.876992 -0.673119
v -0.099363 4.249901 -0.186665
v 0.176100 4.331038 -0.714536
v 0.243548 4.630814 -0.843751
v 0.102983 5.149227 -0.574308
v -0.172480 5.068090 -0.046437
v -0.239929 4.768315 0.082777
v -0.083258 3.404817 -0.096971
v -0.039066 3.653958 0.448085
v 0.240255 3.792508 0.565960
v 0.754705 3.820469 0.256654
v 0.710512 3.571329 -0.288403
v 0.431192 3.432778 -0.406278
v -0.016649 3.813755 -0.142424
v -0.327104 4.260821 0.112251
v -0.272921 4.583436 0.048257
v 0.145902 4.781597 -0.334406
v 0.456357 4.334530 -0.589081
v 0.402173 4.011916 -0.525087
v -0.019060 4.184339 -0.080840
v -0.604401 4.282133 -0.175302
v -0.766210 4.553192 -0.068269
v -0.504488 4.997515 0.240258
v 0.080854 4.899720 0.334720
v 0.242663 4.628662 0.227687
v 0.040038 3.804257 -0.089904
v 0.266024 4.335687 -0.256104
v 0.103048 4.554006 -0.448164
v -0.448891 4.459212 -0.666081
v -0.674878 3.927782 -0.499881
v -0.511902 3.709464 -0.307821
v 0.079473 4.106729 -0.012107
v -0.427343 4.281070 0.259654
v -0.493353 4.597077 0.342679
v -0.118558 5.054750 0.236968
v 0.388258 4.880409 -0.034792
v 0.454268 4.564402 -0.117818
v -0.042913 4.115862 0.010463
v -0.637418 4.113805 -0.077123
v -0.858166 4.217228 0.150220
v -0.705158 4.426130 0.692493
v -0.110654 4.428186 0.780079
v 0.110095 4.324764 0.552735
v 0.871027 2.879075 0.433790
v 0.801239 3.435852 0.648825
v 0.830935 3.710933 0.462922
v 0.960114 3.704318 -0.123917
v 1.029902 3.147540 -0.338951
v 1.000206 2.872459 -0.153049
v 0.864267 3.038095 0.433568
v 0.769695 3.045699 -0.159819
v 0.683749 3.319211 -0.329865
v 0.606432 3.858631 -0.076570
v 0.701005 3.851027 0.516818
v 0.786950 3.577516 0.686864
v 0.822773 3.176206 0.430115
v 0.583420 3.519234 -0.001339
v 0.340548 3.741150 0.052304
v 0.094157 3.841953 0.591044
v 0.333510 3.498925 1.022498
v 0.576382 3.277009 0.968855
v 0.825447 3.329576 0.440470
v 0.436089 3.678535 0.736677
v 0.407251 4.006890 0.687050
v 0.738934 4.314639 0.291591
v 1.128292 3.965679 -0.004615
v 1.157130 3.637325 0.045011
v 0.823792 3.482131 0.442712
v 0.822645 3.455922 -0.157640
v 0.628859 3.646448 -0.350664
v 0.242437 4.053709 -0.136359
v 0.243584 4.079918 0.463993
v 0.437369 3.889392 0.657017
v 0.769125 3.614204 0.416378
v 0.698938 4.087094 0.052289
v 0.463935 4.319691 0.094520
v 0.064117 4.311996 0.543070
v 0.134304 3.839106 0.907159
v 0.369307 3.606509 0.864928
v 0.764681 3.767462 0.402127
v 0.751923 3.896961 0.988795
v 0.788268 4.204950 1.110994
v 0.873717 4.691429 0.768727
v 0.886475 4.561931 0.182060
v 0.850129 4.253942 0.059860
v 0.803529 3.912280 0.401242
v 1.164916 4.151066 0.817764
v 1.420342 4.353215 0.747020
v 1.569806 4.518725 0.189008
v 1.208419 4.279939 -0.227515
v 0.952993 4.077790 -0.156771
v 0.400741 3.570954 -0.010454
v 0.109405 4.036132 0.234176
v 0.183520 4.354841 0.170597
v 0.623084 4.527082 -0.201191
v 0.914420 4.061905 -0.445821
v 0.840306 3.743196 -0.382242
v 0.407782 3.950409 -0.044426
v -0.186657 3.864072 -0.027142
v -0.397271 4.060760 0.140389
v -0.224058 4.540473 0.458167
v 0.370381 4.626811 0.440883
v 0.580994 4.430122 0.273352
v 0.380094 4.301909 -0.027500
v 0.364226 4.719915 -0.458928
v 0.161299 4.984292 -0.452856
v -0.228687 5.095038 -0.009283
v -0.212819 4.677033 0.422146
v -0.009892 4.412657 0.416073
v 0.460498 3.954022 0.026711
v 0.460649 4.247360 0.551177
v 0.383948 4.570236 0.582467
v 0.230395 4.922650 0.120584
v 0.230244 4.629313 -0.403882
v 0.306946 4.306437 -0.435172
v 0.370123 4.245828 0.004270
v 0.316328 4.175044 -0.590041
v 0.050488 4.274560 -0.764789
v -0.427397 4.544378 -0.519972
v -0.373602 4.615163 0.074340
v -0.107762 4.515646 0.249087
v 0.416981 3.943087 -0.008390
v 0.581105 4.422904 -0.330803
v 0.381124 4.682844 -0.390382
v -0.182962 4.722908 -0.187126
v -0.347086 4.243092 0.135287
v -0.147105 3.983152 0.194866
v 0.431680 4.319350 -0.095292
v 0.876903 4.386625 0.302655
v 1.041981 4.672503 0.348848
v 0.926913 5.176986 0.043287
v 0.481690 5.109712 -0.354660
v 0.316612 4.823833 -0.400853
v 0.438558 4.322114 -0.001573
v 0.562251 4.701828 0.447457
v 0.822181 4.910506 0.446837
v 1.218350 4.948149 -0.003434
v 1.094658 4.568436 -0.452465
v 0.834727 4.359757 -0.451844
v 0.405922 4.274632 0.075811
v 0.080303 4.618517 -0.294088
v 0.083018 4.951765 -0.287049
v 0.414068 5.274375 0.096930
v 0.739687 4.930490 0.466830
v 0.736972 4.597241 0.459790
v 0.554884 3.146640 0.429053
v 1.073339 3.305627 0.170135
v 1.098339 3.541396 -0.064170
v 0.629883 3.853948 -0.273862
v 0.111428 3.694962 -0.014945
v 0.086428 3.459192 0.219360
v 0.549982 3.300493 0.416034
v 0.334873 3.855075 0.501347
v 0.527469 4.125378 0.532233
v 1.127770 4.111403 0.508691
v 1.342879 3.556821 0.423378
v 1.150283 3.286518 0.392492
v 0.554302 3.438735 0.436333
v 0.069268 3.573943 0.764314
v -0.029880 3.885770 0.827913
v 0.256858 4.374215 0.627132
v 0.741892 4.239007 0.299151
v 0.841040 3.927181 0.235552
v 0.559245 3.586565 0.415739
v 1.051130 3.712601 0.094375
v 1.044022 3.860684 -0.204175
v 0.537922 4.030812 -0.479910
v 0.046038 3.904776 -0.158546
v 0.053145 3.756693 0.140004
v 0.548745 3.733298 0.397707
v 0.321848 4.211797 0.113687
v 0.338270 4.522612 0.233000
v 0.598011 4.665741 0.755647
v 0.824907 4.187243 1.039667
v 0.808486 3.876428 0.920354
v 0.507419 3.864620 0.422916
v 0.099590 3.938403 -0.012219
v -0.099956 4.204398 -0.035440
v -0.091220 4.662603 0.353253
v 0.316608 4.588820 0.788388
v 0.516154 4.322825 0.811609
v 0.492064 4.014543 0.433653
v 0.877024 4.395729 0.693680
v 1.006873 4.661230 0.539539
v 0.881610 4.811047 -0.028770
v 0.496650 4.429861 -0.288797
v 0.366801 4.164360 -0.134656
v 0.501132 4.158547 0.429510
v 0.586857 4.568454 0.860485
v 0.454269 4.874211 0.853861
v 0.103367 5.075819 0.409639
v 0.017642 4.665913 -0.021335
v 0.150231 4.360156 -0.014711
v -0.600251 3.130278 -0.473162
v -0.155091 3.232258 -0.082594
v 0.023741 3.513465 -0.075361
v -0.063756 3.973902 -0.451464
v -0.508916 3.871923 -0.842032
v -0.687748 3.590715 -0.849265
v -0.569140 3.327366 -0.440638
v -0.663715 3.791284 -0.070575
v -0.443262 4.036397 -0.021265
v 0.092216 4.062705 -0.292708
v 0.186791 3.598787 -0.662771
v -0.033662 3.353674 -0.712081
v -0.548982 3.529482 -0.438226
v 0.017309 3.710640 -0.525443
v 0.109770 4.030776 -0.534116
v -0.271600 4.489890 -0.464244
v -0.837891 4.308732 -0.377026
v -0.930352 3.988596 -0.368354
v -0.530224 3.727417 -0.414689
v -0.839965 3.735791 0.100190
v -0.709654 3.827760 0.392887
v -0.139290 4.003326 0.463402
v 0.170452 3.994953 -0.051477
v 0.040140 3.902983 -0.344174
v -0.514634 3.912332 -0.339463
v -0.696306 4.401928 -0.636787
v -0.672809 4.711414 -0.515225
v -0.444142 4.840790 0.025223
v -0.262470 4.351194 0.322547
v -0.285968 4.041708 0.200985
v -0.573793 4.102105 -0.333546
v -0.845197 4.063560 -0.868303
v -1.030719 4.307443 -0.999503
v -1.130360 4.833755 -0.727146
v -0.858957 4.872300 -0.192389
v -0.673434 4.628417 -0.061189
v -0.530756 3.725124 -0.430147
v -0.497705 4.140753 0.002601
v -0.225101 4.322495 0.063987
v 0.287057 4.270347 -0.245990
v 0.254007 3.854717 -0.678738
v -0.018597 3.672976 -0.740123
v -0.509678 3.929616 -0.399994
v -1.012967 4.197349 -0.590072
v -1.030389 4.519151 -0.675225
v -0.561944 4.895022 -0.655451
v -0.058654 4.627288 -0.465373
v -0.041233 4.305487 -0.380221
v -0.525289 4.104626 -0.373927
v -1.063808 4.316152 -0.536299
v -1.220885 4.563513 -0.377395
v -0.996521 4.846707 0.102784
v -0.458002 4.635181 0.265156
v -0.300925 4.387821 0.106252
v 0.725032 3.041687 -0.483816
v 0.721852 3.596130 -0.715535
v 0.727543 3.873678 -0.531020
v 0.742106 3.874331 0.069728
v 0.745286 3.319888 0.301447
v 0.739594 3.042340 0.116932
v 0.716472 3.315592 -0.466605
v 0.477624 3.400655 0.078213
v 0.485408 3.691939 0.240089
v 0.739823 4.189446 0.019021
v 0.978671 4.104383 -0.525797
v 0.970887 3.813098 -0.687673
v 0.642115 3.574252 -0.441735
v 0.215961 3.734768 -0.833829
v -0.087604 3.839473 -0.744409
v -0.268580 3.888369 -0.173473
v 0.157574 3.727853 0.218622
v 0.461139 3.623147 0.129201
v 0.649167 3.837767 -0.463662
v 0.906898 4.269933 -0.135153
v 0.816471 4.590520 -0.147725
v 0.377886 4.799527 -0.501378
v 0.120156 4.367361 -0.829887
v 0.210583 4.046774 -0.817315
v 0.716142 3.032713 -0.501937
v 0.999754 3.045877 -1.031561
v 0.933554 3.267823 -1.271288
v 0.517539 3.698550 -1.221116
v 0.233926 3.685385 -0.691492
v 0.300127 3.463440 -0.451766
v 0.666361 3.304329 -0.559595
v 0.880046 3.781917 -0.855160
v 0.697958 4.051829 -0.926594
v 0.120099 4.114064 -0.773898
v -0.093586 3.636475 -0.478332
v 0.088502 3.366563 -0.406898
v 0.658062 3.570227 -0.494054
v 0.088731 3.751907 -0.431079
v -0.001613 4.071812 -0.406392
v 0.387028 4.529943 -0.419993
v 0.956358 4.348263 -0.482968
v 1.046703 4.028358 -0.507655
v 0.701972 3.846935 -0.505075
v 1.129093 4.051612 -0.135230
v 1.377240 4.251923 -0.232234
v 1.446412 4.447867 -0.796089
v 1.019291 4.243190 -1.165934
v 0.771144 4.042880 -1.068930
v 0.705444 3.586278 -0.413415
v 0.345207 4.059783 -0.497873
v 0.430197 4.372805 -0.421029
v 0.960414 4.525343 -0.182883
v 1.320650 4.051838 -0.098425
v 1.235660 3.738816 -0.175269
v 0.687524 3.832621 -0.442123
v 1.172458 3.836970 -0.796990
v 1.292941 4.111820 -0.942085
v 1.048973 4.657170 -0.877407
v 0.564039 4.652821 -0.522540
v 0.443556 4.377971 -0.377445
vn 0.6025 0.7981 -0.0103
vn -0.7566 0.0436 0.6524
vn -0.4395 0.5351 0.7215
vn 0.4785 0.5356 -0.6958
vn 0.7753 0.1576 0.6116
vn -0.1203 0.9747 -0.1881
vn -0.4868 0.0990 -0.8679
vn -0.8609 0.5022 -0.0817
vn 0.2427 0.3435 0.9072
vn 0.6122 0.2287 -0.7569
vn -0.6151 0.7480 0.2492
vn 0.6642 0.1839 -0.7246
vn 0.2261 0.2941 -0.9286
vn -0.2732 0.6367 -0.7211
vn 0.9920 -0.1191 0.0415
vn 0.3062 0.7200 0.6227
vn -0.3677 0.1707 0.9141
vn -0.7037 0.1626 0.6917
vn 0.7456 0.6549 -0.1236
vn 0.9481 -0.0538 0.3133
vn 0.6608 0.4733 0.5824
vn -0.6307 0.5753 0.5207
vn -0.7389 0.2545 0.6239
vn 0.7626 0.6469 -0.0022
vn -0.8166 0.3486 0.4601
vn 0.9870 -0.0509 -0.1522
vn -0.6062 0.7813 0.1486
vn 0.3672 -0.0724 -0.9273
vn -0.2031 0.3446 -0.9165
vn -0.2563 0.6774 -0.6895
vn 0.3717 -0.1656 0.9135
vn -0.2636 0.9024 -0.3410
vn 0.6075 0.6015 0.5188
vn -0.4571 0.0837 -0.8854
vn 0.4599 0.8836 -0.0876
vn 0.4599 0.8837 -0.0876
vn 0.4158 0.2521 -0.8738
vn 0.7299 0.4506 0.5140
vn -0.6608 0.6676 -0.3431
vn -0.9358 0.0957 0.3392
vn -0.5767 0.7965 0.1818
vn 0.0184 -0.0704 -0.9974
vn -0.3088 0.2161 -0.9262
vn 0.0028 0.5869 -0.8096
vn 0.2747 0.1276 -0.9530
vn 0.4445 0.8078 -0.3871
vn -0.7393 0.3391 0.5818
vn 0.9519 0.1556 0.2641
vn -0.0280 0.8582 -0.5125
vn 0.0590 0.0404 0.9974
vn -0.0279 0.5570 -0.8301
vn -0.7030 0.6840 -0.1948
vn 0.5072 -0.0603 -0.8597
vn 0.1750 0.6432 0.7455
vn -0.8900 0.3839 0.2460
vn -0.5994 0.2609 0.7567
vn 0.3128 0.7992 -0.5133
vn -0.9682 -0.1204 0.2194
vn 0.6946 0.4720 0.5429
vn -0.2775 0.7017 -0.6562
vn -0.9375 0.2406 -0.2516
vn -0.3758 0.6233 -0.6858
vn -0.1106 -0.2201 -0.9692
vn -0.7466 0.6333 0.2038
vn 0.6770 0.6567 0.3321
vn 0.8677 -0.2108 -0.4501
vn 0.0255 0.8586 0.5121
vn -0.5508 0.4910 -0.6750
vn 0.7655 0.2179 0.6055
vn -0.5087 0.7058 0.4929
vn -0.0476 -0.1459 -0.9882
vn -0.1096 0.4365 -0.8930
vn -0.1182 0.7368 0.6657
vn -0.7938 -0.0180 -0.6079
vn 0.2720 0.8502 0.4507
vn -0.3717 0.4107 0.8326
vn -0.8612 0.2108 -0.4625
vn 0.1614 0.6243 0.7644
vn 0.8064 -0.1676 0.5672
vn 0.1764 0.6246 -0.7608
vn -0.7481 0.4149 -0.5179
vn 0.9982 0.0534 0.0254
vn 0.5527 0.8300 0.0747
vn 0.9731 0.2303 0.0053
vn 0.8895 0.4560 0.0284
vn -0.6403 0.7151 -0.2804
vn -0.4055 -0.2438 -0.8810
vn 0.8005 0.5862 -0.1247
vn -0.1691 0.4899 0.8552
vn -0.3353 -0.0087 0.9421
vn -0.1535 0.9067 0.3930
vn 0.9029 0.1515 -0.4021
vn -0.8457 0.5191 0.1242
vn 0.6161 0.5271 -0.5853
vn -0.9156 0.1848 0.3572
vn -0.6919 0.7046 -0.1573
vn -0.4179 0.1551 0.8951
vn -0.6704 -0.0200 0.7418
vn 0.1007 0.6678 0.7375
vn -0.9967 -0.0498 -0.0638
vn 0.1515 0.6464 -0.7478
vn 0.6014 0.3690 -0.7086
vn -0.9404 0.0066 0.3399
vn 0.6870 0.7243 -0.0580
vn -0.9201 0.2581 0.2946
vn -0.0952 0.3582 -0.9288
vn -0.7695 0.6101 -0.1887
vn -0.9281 -0.2002 -0.3139
vn 0.6449 0.7500 -0.1473
vn -0.7920 0.2904 0.5370
vn -0.8238 -0.0038 0.5669
vn -0.1980 0.9783 0.0604
vn 0.1003 0.4396 -0.8926
vn 0.0227 0.3104 0.9503
vn -0.5410 0.6888 -0.4826
vn -0.5346 0.0612 -0.8429
vn 0.7143 0.3945 -0.5781
vn 0.1886 0.6289 -0.7542
vn 0.3700 -0.1018 0.9235
vn 0.2755 0.9330 -0.2315
vn 0.7560 0.2115 -0.6195
vn 0.2860 0.5442 0.7887
vn 0.0927 0.3882 -0.9169
vn 0.7316 -0.1753 0.6588
vn -0.5378 0.7768 -0.3278
vn -0.9693 0.0283 0.2444
vn -0.5370 0.2489 0.8060
vn 0.2459 0.7724 0.5856
vn -0.5665 -0.0336 -0.8234
vn 0.3470 0.7129 0.6094
vn 0.0555 0.3179 -0.9465
vn 0.5880 0.1506 -0.7947
vn 0.2002 0.8923 -0.4045
vn 0.9646 -0.1290 0.2302
vn 0.4903 0.4643 0.7376
vn -0.1063 0.6855 0.7203
vn -0.3930 0.1585 -0.9058
vn -0.5958 0.7582 0.2651
vn 0.8266 0.1993 -0.5263
vn 0.8266 0.1993 -0.5264
vn -0.6620 0.2472 -0.7075
vn -0.7657 0.5309 -0.3631
vn -0.9764 -0.1085 0.1868
vn 0.5941 0.7487 0.2940
vn -0.5576 0.2899 0.7779
vn -0.7293 0.6837 0.0264
vn 0.1851 0.9200 0.3454
vn 0.4978 0.1490 0.8544
vn -0.4368 0.6031 -0.6674
vn 0.3011 0.4266 -0.8528
vn -0.3399 0.0625 -0.9384
vn -0.6324 0.7539 -0.1779
vn -0.0359 0.1997 0.9792
vn 0.6559 0.1604 -0.7376
vn 0.3111 0.7492 -0.5848
vn 0.2390 -0.3166 -0.9180
vn 0.1492 0.6178 0.7720
vn -0.9152 0.3899 -0.1019
vn -0.0915 -0.0346 0.9952
vn -0.1600 0.8260 -0.5405
vn 0.9655 0.1499 0.2130
vn 0.7644 0.4093 0.4981
vn -0.8598 0.5102 0.0195
vn -0.6672 0.0105 -0.7448
vn -0.4725 0.8052 -0.3585
vn 0.9305 0.0726 -0.3591
vn -0.7752 0.2867 0.5629
vn 0.7287 0.6200 0.2908
vn 0.0849 -0.0859 -0.9927
vn -0.4022 0.8836 -0.2398
vn 0.8116 0.3487 0.4686
vn 0.8466 0.3652 0.3871
vn -0.3601 0.7689 0.5283
vn -0.2661 -0.0057 0.9639
vn -0.8383 0.4041 -0.3659
vn 0.1625 0.4279 0.8891
vn -0.3440 0.1260 -0.9305
vn 0.0744 0.9945 0.0736
vn 0.6148 0.0831 -0.7843
vn 0.4195 0.2530 -0.8718
vn -0.4131 0.7648 0.4945
vn -0.7003 -0.1953 -0.6866
vn -0.4984 0.6168 -0.6092
vn -0.6606 0.3104 -0.6836
vn -0.7337 0.0779 -0.6750
vn 0.6634 0.7437 -0.0820
vn 0.4114 -0.2380 0.8798
vn 0.1119 0.4753 0.8727
vn -0.0275 0.4392 0.8980
vn 0.3549 -0.0388 0.9341
vn 0.5162 0.8202 -0.2467
vn 0.9419 0.0652 -0.3295
vn 0.1344 0.6221 -0.7713
vn 0.2199 0.8638 -0.4533
vn 0.0990 -0.2089 -0.9729
vn -0.4713 0.7436 0.4743
vn 0.1455 0.1578 -0.9767
vn -0.2481 0.0800 0.9654
vn -0.2886 0.9402 -0.1811
vn 0.8699 -0.0333 0.4922
vn 0.8671 0.4744 -0.1519
vn -0.5879 0.7602 -0.2764
vn -0.6796 -0.0020 -0.7336
vn -0.2327 0.5333 -0.8133
vn 0.5460 0.4862 -0.6823
vn 0.0090 -0.0265 0.9996
vn -0.3003 0.8017 0.5168
vn -0.9804 -0.1358 0.1429
vn -0.5477 0.6826 -0.4838
vn 0.6054 0.5338 0.5904
vn -0.1137 0.0982 0.9886
vn -0.5018 0.8515 0.1520
vn -0.9938 -0.0116 -0.1109
vn -0.6218 0.3574 -0.6969
vn 0.5111 0.7960 -0.3243
vn 0.3754 -0.0582 0.9250
vn -0.6575 0.5655 -0.4978
vn 0.1370 0.9597 -0.2454
vn -0.7630 0.1344 0.6323
vn -0.3744 0.8387 -0.3954
vn -0.8732 0.3447 0.3445
vn -0.0546 0.3231 -0.9448
vn -0.7915 0.5433 0.2798
vn 0.9943 0.0137 -0.1062
vn 0.1881 0.8603 0.4738
vn 0.2371 0.2007 -0.9505
vn 0.4499 0.0982 -0.8877
vn -0.1378 0.9831 0.1208
vn 0.9613 0.0899 -0.2604
vn -0.7274 0.6643 0.1721
vn -0.0322 0.5743 -0.8180
vn 0.3377 0.0334 -0.9406
vn -0.4383 0.7877 -0.4329
vn 0.8307 0.2572 0.4937
vn 0.8765 0.2094 0.4335
vn -0.3727 0.5936 -0.7132
vn 0.8915 -0.0624 0.4487
vn 0.6335 0.7360 0.2389
vn -0.7969 0.5954 0.1022
vn -0.9096 0.1501 0.3873
vn -0.4952 0.8565 -0.1455
vn 0.3794 0.3186 -0.8686
vn 0.8651 0.4691 0.1779
vn -0.0199 0.6418 -0.7666
vn -0.8977 -0.1820 -0.4013
vn -0.5898 0.6749 -0.4435
vn 0.7127 0.2476 -0.6563
vn -0.8390 0.2491 -0.4838
vn 0.5451 0.6955 0.4682
vn -0.8958 -0.0660 0.4396
vn -0.2221 0.4435 0.8683
vn 0.1357 0.3645 0.9213
vn -0.8955 0.0285 0.4442
vn -0.3171 0.8758 -0.3639
vn -0.8309 0.2082 0.5160
vn -0.8347 0.4780 0.2735
vn -0.0865 0.5858 0.8058
vn 0.1851 0.0888 0.9787
vn -0.2319 0.7006 0.6748
vn 0.8245 0.1611 -0.5425
vn 0.5649 0.3639 0.7406
vn 0.6607 0.6558 -0.3652
vn 0.3469 0.2330 -0.9085
vn -0.5122 0.6802 0.5244
vn 0.9935 -0.0434 -0.1050
vn 0.6838 0.4761 -0.5529
vn -0.1509 0.6287 0.7629
vn 0.1581 -0.2109 0.9646
vn -0.6253 0.7439 -0.2359
vn -0.5404 0.2871 -0.7909
vn 0.9322 0.1403 0.3336
vn -0.4205 0.7206 0.5513
vn 0.2160 -0.1789 -0.9599
vn -0.7046 0.6536 0.2763
vn 0.6106 0.2359 -0.7560
vn 0.8646 -0.0191 -0.5021
vn 0.2366 0.8750 -0.4224
vn -0.8439 0.2219 0.4886
vn 0.8589 0.2483 0.4479
vn 0.4974 0.6418 0.5837
vn 0.7283 0.0064 -0.6852
vn -0.2020 0.5457 0.8133
vn 0.8842 0.4591 0.0864
vn -0.0362 -0.0417 -0.9985
vn -0.1985 0.7806 0.5927
vn -0.9150 -0.0027 0.4035
vn 0.6627 0.4363 -0.6087
vn 0.4786 0.8156 -0.3251
vn 0.9633 -0.1223 0.2388
vn -0.6093 0.6134 -0.5025
vn -0.5108 0.7402 -0.4373
vn 0.5180 0.1052 0.8489
vn 0.5506 0.6810 0.4828
vn 0.4625 0.5045 -0.7291
vn 0.8841 0.0814 -0.4602
vn -0.2489 0.8237 0.5095
vn 0.5689 0.0411 0.8213
vn -0.6548 0.4683 -0.5933
vn -0.4681 0.6522 0.5963
vn -0.4508 -0.2072 0.8683
vn -0.4758 0.8753 0.0863
vn -0.8571 0.3423 0.3850
vn -0.9875 0.0162 0.1567
vn 0.4146 0.9098 0.0207
vn 0.9978 0.0320 -0.0576
vn -0.8040 0.2045 -0.5583
vn 0.5495 0.7451 0.3780
vn 0.8247 0.1556 0.5437
vn -0.7919 0.4364 0.4272
vn -0.8157 0.5285 0.2352
vn -0.9517 -0.2140 -0.2200
vn 0.1630 0.6475 0.7444
vn -0.8611 0.0295 -0.5075
vn -0.2973 0.1576 -0.9417
vn 0.5474 0.7878 -0.2823
vn -0.9497 0.0394 0.3107
vn -0.8146 0.3787 -0.4393
vn -0.9114 0.3640 -0.1919
vn -0.9929 0.1143 0.0316
vn -0.3334 0.9325 -0.1393
vn -0.7039 0.3149 -0.6367
vn 0.5133 0.1620 -0.8428
vn 0.2575 0.7918 -0.5539
vn -0.8332 -0.0852 -0.5464
vn -0.0133 0.5952 0.8035
vn -0.9334 0.2946 0.2048
vn 0.0329 -0.1229 0.9919
vn -0.1816 0.8465 0.5005
vn 0.3514 0.0231 0.9360
vn 0.7339 0.4532 0.5060
vn 0.6668 0.5662 0.4846
vn 0.8587 -0.0102 0.5124
vn -0.1657 0.6604 -0.7324
vn -0.8889 0.1166 -0.4430
vn -0.1004 -0.0116 0.9949
vn -0.7330 0.6764 0.0715
vn 0.9845 -0.1679 -0.0514
vn 0.6964 0.4342 -0.5714
vn 0.2728 0.4181 -0.8665
vn 0.3338 0.1577 -0.9294
vn 0.0205 0.9301 -0.3668
vn -0.4644 -0.0134 -0.8855
vn -0.2016 0.2707 -0.9413
vn -0.3412 0.6412 0.6873
vn -0.2131 -0.0083 -0.9770
vn -0.2890 0.9488 0.1278
vn -0.8482 0.3334 -0.4117
vn 0.3723 0.1900 0.9084
vn -0.2330 0.8146 -0.5312
vn 0.9225 0.1592 -0.3517
vn 0.6705 0.6379 0.3788
vn -0.4520 0.4042 -0.7952
vn 0.1816 0.0322 0.9828
vn 0.4991 0.8210 -0.2771
vn -0.6693 -0.0777 0.7389
vn 0.3957 0.6223 -0.6754
vn -0.1429 0.4733 0.8692
vn -0.2151 -0.0937 -0.9721
vn -0.3667 0.7698 -0.5225
vn 0.1024 -0.0480 0.9936
vn -0.3661 0.2279 0.9022
vn -0.4802 0.7450 0.4630
vn -0.3918 0.6188 -0.6809
vn 0.1780 0.8031 0.5686
vn 0.8891 0.3976 0.2266
vn 0.8980 -0.1171 -0.4242
vn 0.3296 0.8388 -0.4334
vn -0.9061 0.4007 -0.1358
vn 0.9351 0.0145 0.3541
vn 0.1556 0.8164 -0.5562
vn 0.6602 0.1078 0.7433
vn 0.3435 0.3943 -0.8524
vn -0.4575 0.5660 0.6858
vn -0.7935 0.1479 0.5904
vn 0.5290 0.6760 -0.5130
vn 0.7683 0.6396 0.0256
vn 0.8046 0.0538 -0.5914
vn -0.6855 0.6852 -0.2459
vn -0.8195 0.0031 -0.5730
vn -0.6146 0.5809 0.5337
vn 0.6336 0.6694 0.3879
vn -0.9990 -0.0452 -0.0043
vn -0.3912 0.6646 -0.6366
vn 0.9614 0.2683 -0.0610
vn -0.9069 0.3734 -0.1951
vn -0.7122 0.6430 -0.2817
vn 0.7048 -0.2698 -0.6561
vn 0.6359 0.6044 -0.4800
vn -0.3712 -0.0147 -0.9284
vn 0.2311 0.6717 -0.7039
vn -0.6753 0.7366 0.0382
vn 0.9742 0.0666 0.2154
vn 0.1307 0.8773 -0.4617
vn -0.9443 0.1800 0.2754
vn -0.3252 0.2825 -0.9025
vn -0.0897 0.6383 0.7645
vn 0.9813 0.1541 -0.1151
vn 0.2435 0.7086 0.6622
vn -0.8548 0.2143 0.4726
vn 0.6676 0.2477 -0.7021
vn 0.3494 0.8303 -0.4342
vn -0.3226 0.0563 -0.9449
vn -0.0483 0.5705 0.8199
vn -0.3611 0.6261 0.6911
vn -0.5339 0.0380 -0.8447
vn -0.3257 0.7387 -0.5901
vn -0.9674 0.2293 -0.1077
vn 0.5805 0.5095 0.6352
vn 0.2074 0.4918 -0.8456
vn 0.7116 -0.3020 -0.6344
vn 0.2740 0.7506 0.6013
vn -0.8041 0.1726 0.5688
vn -0.1751 0.3011 -0.9374
vn 0.0492 0.8941 0.4452
vn -0.8733 0.0819 0.4803
vn 0.5750 0.5376 0.6167
vn -0.0165 0.3723 -0.9280
vn 0.5612 0.3539 0.7482
vn 0.2403 0.6913 -0.6814
vn 0.2026 0.0988 -0.9743
vn 0.9399 0.2082 0.2706
vn 0.1790 0.5620 -0.8076
vn -0.5734 0.1005 -0.8131
vn -0.4289 0.7380 0.5209
vn -0.7554 0.4786 -0.4475
vn 0.8866 -0.0001 0.4626
vn -0.2769 0.8822 -0.3808
vn -0.6646 -0.0364 -0.7463
vn 0.2164 0.4676 -0.8570
vn -0.3947 0.4229 0.8157
vn -0.4284 0.1448 -0.8919
vn 0.0515 0.9269 -0.3716
vn -0.9759 -0.0395 -0.2144
vn 0.9660 0.2095 -0.1513
vn 0.6849 0.7058 0.1812
vn -0.6875 -0.1672 -0.7067
vn 0.7167 0.6967 -0.0318
vn 0.6279 0.5312 0.5688
vn -0.9892 0.1373 -0.0518
vn -0.6066 0.7917 0.0724
vn -0.6452 -0.0024 -0.7640
vn -0.1072 0.5757 -0.8106
vn 0.6996 0.5259 0.4838
vn -0.9610 -0.2414 0.1353
vn 0.4291 0.8915 -0.1450
vn 0.3313 0.4455 0.8317
vn -0.6639 0.2708 0.6970
vn -0.5636 0.7008 -0.4373
vn 0.7541 0.0077 -0.6567
vn 0.1428 0.6900 0.7096
vn -0.0356 0.1384 -0.9897
vn -0.5620 -0.0100 -0.8270
vn 0.0598 0.8948 0.4424
vn 0.8722 0.1344 -0.4703
vn 0.6842 0.4642 -0.5625
vn -0.7668 0.5586 0.3163
vn -0.8069 -0.3394 0.4834
vn -0.6546 0.3998 0.6417
vn -0.4070 0.5175 -0.7527
vn 0.1581 -0.0189 0.9872
vn -0.2694 0.9465 -0.1775
vn 0.9092 0.0906 -0.4064
vn 0.8129 0.3816 -0.4401
vn -0.3188 0.6956 -0.6438
vn 0.2302 -0.2373 -0.9438
vn 0.4427 0.6665 -0.5999
vn 0.9997 -0.0044 -0.0242
vn -0.8696 0.2574 -0.4214
vn 0.3324 0.9428 0.0246
vn -0.6645 -0.1588 0.7302
vn 0.6864 0.6183 0.3829
vn 0.2740 0.4145 0.8678
vn -0.0940 0.0502 -0.9943
vn -0.5636 0.7993 0.2086
vn 0.3769 0.1230 -0.9180
vn 0.5814 0.1656 0.7966
vt 0.500000 0.000000
vt 0.000000 0.013432
vt 0.000000 0.985251
vt 0.500000 1.000000
vt 1.000000 0.996412
vt 1.000000 0.006049
s 0
usemtl Material.001
f 2909/5171/2781 2910/5172/2781 2911/5173/2781 2912/5174/2781
f 2909/5171/2781 2912/5174/2781 2913/5175/2781 2914/5176/2781
f 2915/5171/2782 2916/5172/2782 2917/5173/2782 2918/5174/2782
f 2915/5171/2782 2918/5174/2782 2919/5175/2782 2920/5176/2782
f 2921/5171/2783 2922/5172/2783 2923/5173/2783 2924/5174/2783
f 2921/5171/2783 2924/5174/2783 2925/5175/2783 2926/5176/2783
f 2927/5171/2784 2928/5172/2784 2929/5173/2784 2930/5174/2784
f 2927/5171/2784 2930/5174/2784 2931/5175/2784 2932/5176/2784
f 2933/5171/2785 2934/5172/2785 2935/5173/2785 2936/5174/2785
f 2933/5171/2785 2936/5174/2785 2937/5175/2785 2938/5176/2785
f 2939/5171/2786 2940/5172/2786 2941/5173/2786 2942/5174/2786
f 2939/5171/2786 2942/5174/2786 2943/5175/2786 2944/5176/2786
f 2945/5171/2787 2946/5172/2787 2947/5173/2787 2948/5174/2787
f 2945/5171/2787 2948/5174/2787 2949/5175/2787 2950/5176/2787
f 2951/5171/2788 2952/5172/2788 2953/5173/2788 2954/5174/2788
f 2951/5171/2788 2954/5174/2788 2955/5175/2788 2956/5176/2788
f 2957/5171/2789 2958/5172/2789 2959/5173/2789 2960/5174/2789
f 2957/5171/2789 2960/5174/2789 2961/5175/2789 2962/5176/2789
f 2963/5171/2790 2964/5172/2790 2965/5173/2790 2966/5174/2790
f 2963/5171/2790 2966/5174/2790 2967/5175/2790 2968/5176/2790
f 2969/5171/2791 2970/5172/2791 2971/5173/2791 2972/5174/2791
f 2969/5171/2791 2972/5174/2791 2973/5175/2791 2974/5176/2791
f 2975/5171/2792 2976/5172/2792 2977/5173/2792 2978/5174/2792
f 2975/5171/2792 2978/5174/2792 2979/5175/2792 2980/5176/2792
f 2981/5171/2793 2982/5172/2793 2983/5173/2793 2984/5174/2793
f 2981/5171/2793 2984/5174/2793 2985/5175/2793 2986/5176/2793
f 2987/5171/2794 2988/5172/2794 2989/5173/2794 2990/5174/2794
f 2987/5171/2794 2990/5174/2794 2991/5175/2794 2992/5176/2794
f 2993/5171/2795 2994/5172/2795 2995/5173/2795 2996/5174/2795
f 2993/5171/2795 2996/5174/2795 2997/5175/2795 2998/5176/2795
f 2999/5171/2796 3000/5172/2796 3001/5173/2796 3002/5174/2796
f 2999/5171/2796 3002/5174/2796 3003/5175/2796 3004/5176/2796
f 3005/5171/2797 3006/5172/2797 3007/5173/2797 3008/5174/2797
f 3005/5171/2797 3008/5174/2797 3009/5175/2797 3010/5176/2797
f 3011/5171/2798 3012/5172/2798 3013/5173/2798 3014/5174/2798
f 3011/5171/2798 3014/5174/2798 3015/5175/2798 3016/5176/2798
f 3017/5171/2799 3018/5172/2799 3019/5173/2799 3020/5174/2799
f 3017/5171/2799 3020/5174/2799 3021/5175/2799 3022/5176/2799
f 3023/5171/2800 3024/5172/2800 3025/5173/2800 3026/5174/2800
f 3023/5171/2800 3026/5174/2800 3027/5175/2800 3028/5176/2800
f 3029/5171/2801 3030/5172/2801 3031/5173/2801 3032/5174/2801
f 3029/5171/2801 3032/5174/2801 3033/5175/2801 3034/5176/2801
f 3035/5171/2802 3036/5172/2802 3037/5173/2802 3038/5174/2802
f 3035/5171/2802 3038/5174/2802 3039/5175/2802 3040/5176/2802
f 3041/5171/2803 3042/5172/2803 3043/5173/2803 3044/5174/2803
f 3041/5171/2803 3044/5174/2803 3045/5175/2803 3046/5176/2803
f 3047/5171/2804 3048/5172/2804 3049/5173/2804 3050/5174/2804
f 3047/5171/2804 3050/5174/2804 3051/5175/2804 3052/5176/2804
f 3053/5171/2805 3054/5172/2805 3055/5173/2805 3056/5174/2805
f 3053/5171/2805 3056/5174/2805 3057/5175/2805 3058/5176/2805
f 3059/5171/2806 3060/5172/2806 3061/5173/2806 3062/5174/2806
f 3059/5171/2806 3062/5174/2806 3063/5175/2806 3064/5176/2806
f 3065/5171/2807 3066/5172/2807 3067/5173/2807 3068/5174/2807
f 3065/5171/2807 3068/5174/2807 3069/5175/2807 3070/5176/2807
f 3071/5171/2808 3072/5172/2808 3073/5173/2808 3074/5174/2808
f 3071/5171/2808 3074/5174/2808 3075/5175/2808 3076/5176/2808
f 3077/5171/2809 3078/5172/2809 3079/5173/2809 3080/5174/2809
f 3077/5171/2809 3080/5174/2809 3081/5175/2809 3082/5176/2809
f 3083/5171/2810 3084/5172/2810 3085/5173/2810 3086/5174/2810
f 3083/5171/2810 3086/5174/2810 3087/5175/2810 3088/5176/2810
f 3089/5171/2811 3090/5172/2811 3091/5173/2811 3092/5174/2811
f 3089/5171/2811 3092/5174/2811 3093/5175/2811 3094/5176/2811
f 3095/5171/2812 3096/5172/2812 3097/5173/2812 3098/5174/2812
f 3095/5171/2812 3098/5174/2812 3099/5175/2812 3100/5176/2812
f 3101/5171/2813 3102/5172/2813 3103/5173/2813 3104/5174/2813
f 3101/5171/2813 3104/5174/2813 3105/5175/2813 3106/5176/2813
f 3107/5171/2814 3108/5172/2814 3109/5173/2814 3110/5174/2814
f 3107/5171/2814 3110/5174/2814 3111/5175/2814 3112/5176/2814
f 3113/5171/2815 3114/5172/2815 3115/5173/2815 3116/5174/2815
f 3113/5171/2816 3116/5174/2816 3117/5175/2816 3118/5176/2816
f 3119/5171/2817 3120/5172/2817 3121/5173/2817 3122/5174/2817
f 3119/5171/2817 3122/5174/2817 3123/5175/2817 3124/5176/2817
f 3125/5171/2818 3126/5172/2818 3127/5173/2818 3128/5174/2818
f 3125/5171/2818 3128/5174/2818 3129/5175/2818 3130/5176/2818
f 3131/5171/2819 3132/5172/2819 3133/5173/2819 3134/5174/2819
f 3131/5171/2819 3134/5174/2819 3135/5175/2819 3136/5176/2819
f 3137/5171/2820 3138/5172/2820 3139/5173/2820 3140/5174/2820
f 3137/5171/2820 3140/5174/2820 3141/5175/2820 3142/5176/2820
f 3143/5171/2821 3144/5172/2821 3145/5173/2821 3146/5174/2821
f 3143/5171/2821 3146/5174/2821 3147/5175/2821 3148/5176/2821
f 3149/5171/2822 3150/5172/2822 3151/5173/2822 3152/5174/2822
f 3149/5171/2822 3152/5174/2822 3153/5175/2822 3154/5176/2822
f 3155/5171/2823 3156/5172/2823 3157/5173/2823 3158/5174/2823
f 3155/5171/2823 3158/5174/2823 3159/5175/2823 3160/5176/2823
f 3161/5171/2824 3162/5172/2824 3163/5173/2824 3164/5174/2824
f 3161/5171/2824 3164/5174/2824 3165/5175/2824 3166/5176/2824
f 3167/5171/2825 3168/5172/2825 3169/5173/2825 3170/5174/2825
f 3167/5171/2825 3170/5174/2825 3171/5175/2825 3172/5176/2825
f 3173/5171/2826 3174/5172/2826 3175/5173/2826 3176/5174/2826
f 3173/5171/2826 3176/5174/2826 3177/5175/2826 3178/5176/2826
f 3179/5171/2827 3180/5172/2827 3181/5173/2827 3182/5174/2827
f 3179/5171/2827 3182/5174/2827 3183/5175/2827 3184/5176/2827
f 3185/5171/2828 3186/5172/2828 3187/5173/2828 3188/5174/2828
f 3185/5171/2828 3188/5174/2828 3189/5175/2828 3190/5176/2828
f 3191/5171/2829 3192/5172/2829 3193/5173/2829 3194/5174/2829
f 3191/5171/2829 3194/5174/2829 3195/5175/2829 3196/5176/2829
f 3197/5171/2830 3198/5172/2830 3199/5173/2830 3200/5174/2830
f 3197/5171/2830 3200/5174/2830 3201/5175/2830 3202/5176/2830
f 3203/5171/2831 3204/5172/2831 3205/5173/2831 3206/5174/2831
f 3203/5171/2831 3206/5174/2831 3207/5175/2831 3208/5176/2831
f 3209/5171/2832 3210/5172/2832 3211/5173/2832 3212/5174/2832
f 3209/5171/2832 3212/5174/2832 3213/5175/2832 3214/5176/2832
f 3215/5171/2833 3216/5172/2833 3217/5173/2833 3218/5174/2833
f 3215/5171/2833 3218/5174/2833 3219/5175/2833 3220/5176/2833
f 3221/5171/2834 3222/5172/2834 3223/5173/2834 3224/5174/2834
f 3221/5171/2834 3224/5174/2834 3225/5175/2834 3226/5176/2834
f 3227/5171/2835 3228/5172/2835 3229/5173/2835 3230/5174/2835
f 3227/5171/2835 3230/5174/2835 3231/5175/2835 3232/5176/2835
f 3233/5171/2836 3234/5172/2836 3235/5173/2836 3236/5174/2836
f 3233/5171/2836 3236/5174/2836 3237/5175/2836 3238/5176/2836
f 3239/5171/2837 3240/5172/2837 3241/5173/2837 3242/5174/2837
f 3239/5171/2837 3242/5174/2837 3243/5175/2837 3244/5176/2837
f 3245/5171/2838 3246/5172/2838 3247/5173/2838 3248/5174/2838
f 3245/5171/2838 3248/5174/2838 3249/5175/2838 3250/5176/2838
f 3251/5171/2839 3252/5172/2839 3253/5173/2839 3254/5174/2839
f 3251/5171/2839 3254/5174/2839 3255/5175/2839 3256/5176/2839
f 3257/5171/2840 3258/5172/2840 3259/5173/2840 3260/5174/2840
f 3257/5171/2840 3260/5174/2840 3261/5175/2840 3262/5176/2840
f 3263/5171/2841 3264/5172/2841 3265/5173/2841 3266/5174/2841
f 3263/5171/2841 3266/5174/2841 3267/5175/2841 3268/5176/2841
f 3269/5171/2842 3270/5172/2842 3271/5173/2842 3272/5174/2842
f 3269/5171/2842 3272/5174/2842 3273/5175/2842 3274/5176/2842
f 3275/5171/2843 3276/5172/2843 3277/5173/2843 3278/5174/2843
f 3275/5171/2843 3278/5174/2843 3279/5175/2843 3280/5176/2843
f 3281/5171/2844 3282/5172/2844 3283/5173/2844 3284/5174/2844
f 3281/5171/2844 3284/5174/2844 3285/5175/2844 3286/5176/2844
f 3287/5171/2845 3288/5172/2845 3289/5173/2845 3290/5174/2845
f 3287/5171/2845 3290/5174/2845 3291/5175/2845 3292/5176/2845
f 3293/5171/2846 3294/5172/2846 3295/5173/2846 3296/5174/2846
f 3293/5171/2846 3296/5174/2846 3297/5175/2846 3298/5176/2846
f 3299/5171/2847 3300/5172/2847 3301/5173/2847 3302/5174/2847
f 3299/5171/2847 3302/5174/2847 3303/5175/2847 3304/5176/2847
f 3305/5171/2848 3306/5172/2848 3307/5173/2848 3308/5174/2848
f 3305/5171/2848 3308/5174/2848 3309/5175/2848 3310/5176/2848
f 3311/5171/2849 3312/5172/2849 3313/5173/2849 3314/5174/2849
f 3311/5171/2849 3314/5174/2849 3315/5175/2849 3316/5176/2849
f 3317/5171/2850 3318/5172/2850 3319/5173/2850 3320/5174/2850
f 3317/5171/2850 3320/5174/2850 3321/5175/2850 3322/5176/2850
f 3323/5171/2851 3324/5172/2851 3325/5173/2851 3326/5174/2851
f 3323/5171/2851 3326/5174/2851 3327/5175/2851 3328/5176/2851
f 3329/5171/2852 3330/5172/2852 3331/5173/2852 3332/5174/2852
f 3329/5171/2852 3332/5174/2852 3333/5175/2852 3334/5176/2852
f 3335/5171/2853 3336/5172/2853 3337/5173/2853 3338/5174/2853
f 3335/5171/2853 3338/5174/2853 3339/5175/2853 3340/5176/2853
f 3341/5171/2854 3342/5172/2854 3343/5173/2854 3344/5174/2854
f 3341/5171/2854 3344/5174/2854 3345/5175/2854 3346/5176/2854
f 3347/5171/2855 3348/5172/2855 3349/5173/2855 3350/5174/2855
f 3347/5171/2855 3350/5174/2855 3351/5175/2855 3352/5176/2855
f 3353/5171/2856 3354/5172/2856 3355/5173/2856 3356/5174/2856
f 3353/5171/2856 3356/5174/2856 3357/5175/2856 3358/5176/2856
f 3359/5171/2857 3360/5172/2857 3361/5173/2857 3362/5174/2857
f 3359/5171/2857 3362/5174/2857 3363/5175/2857 3364/5176/2857
f 3365/5171/2858 3366/5172/2858 3367/5173/2858 3368/5174/2858
f 3365/5171/2858 3368/5174/2858 3369/5175/2858 3370/5176/2858
f 3371/5171/2859 3372/5172/2859 3373/5173/2859 3374/5174/2859
f 3371/5171/2859 3374/5174/2859 3375/5175/2859 3376/5176/2859
f 3377/5171/2860 3378/5172/2860 3379/5173/2860 3380/5174/2860
f 3377/5171/2860 3380/5174/2860 3381/5175/2860 3382/5176/2860
f 3383/5171/2861 3384/5172/2861 3385/5173/2861 3386/5174/2861
f 3383/5171/2861 3386/5174/2861 3387/5175/2861 3388/5176/2861
f 3389/5171/2862 3390/5172/2862 3391/5173/2862 3392/5174/2862
f 3389/5171/2862 3392/5174/2862 3393/5175/2862 3394/5176/2862
f 3395/5171/2863 3396/5172/2863 3397/5173/2863 3398/5174/2863
f 3395/5171/2863 3398/5174/2863 3399/5175/2863 3400/5176/2863
f 3401/5171/2864 3402/5172/2864 3403/5173/2864 3404/5174/2864
f 3401/5171/2864 3404/5174/2864 3405/5175/2864 3406/5176/2864
f 3407/5171/2865 3408/5172/2865 3409/5173/2865 3410/5174/2865
f 3407/5171/2865 3410/5174/2865 3411/5175/2865 3412/5176/2865
f 3413/5171/2866 3414/5172/2866 3415/5173/2866 3416/5174/2866
f 3413/5171/2866 3416/5174/2866 3417/5175/2866 3418/5176/2866
f 3419/5171/2867 3420/5172/2867 3421/5173/2867 3422/5174/2867
f 3419/5171/2867 3422/5174/2867 3423/5175/2867 3424/5176/2867
f 3425/5171/2868 3426/5172/2868 3427/5173/2868 3428/5174/2868
f 3425/5171/2868 3428/5174/2868 3429/5175/2868 3430/5176/2868
f 3431/5171/2869 3432/5172/2869 3433/5173/2869 3434/5174/2869
f 3431/5171/2869 3434/5174/2869 3435/5175/2869 3436/5176/2869
f 3437/5171/2870 3438/5172/2870 3439/5173/2870 3440/5174/2870
f 3437/5171/2870 3440/5174/2870 3441/5175/2870 3442/5176/2870
f 3443/5171/2871 3444/5172/2871 3445/5173/2871 3446/5174/2871
f 3443/5171/2871 3446/5174/2871 3447/5175/2871 3448/5176/2871
f 3449/5171/2872 3450/5172/2872 3451/5173/2872 3452/5174/2872
f 3449/5171/2872 3452/5174/2872 3453/5175/2872 3454/5176/2872
f 3455/5171/2873 3456/5172/2873 3457/5173/2873 3458/5174/2873
f 3455/5171/2873 3458/5174/2873 3459/5175/2873 3460/5176/2873
f 3461/5171/2874 3462/5172/2874 3463/5173/2874 3464/5174/2874
f 3461/5171/2874 3464/5174/2874 3465/5175/2874 3466/5176/2874
f 3467/5171/2875 3468/5172/2875 3469/5173/2875 3470/5174/2875
f 3467/5171/2875 3470/5174/2875 3471/5175/2875 3472/5176/2875
f 3473/5171/2876 3474/5172/2876 3475/5173/2876 3476/5174/2876
f 3473/5171/2876 3476/5174/2876 3477/5175/2876 3478/5176/2876
f 3479/5171/2877 3480/5172/2877 3481/5173/2877 3482/5174/2877
f 3479/5171/2877 3482/5174/2877 3483/5175/2877 3484/5176/2877
f 3485/5171/2878 3486/5172/2878 3487/5173/2878 3488/5174/2878
f 3485/5171/2878 3488/5174/2878 3489/5175/2878 3490/5176/2878
f 3491/5171/2879 3492/5172/2879 3493/5173/2879 3494/5174/2879
f 3491/5171/2879 3494/5174/2879 3495/5175/2879 3496/5176/2879
f 3497/5171/2880 3498/5172/2880 3499/5173/2880 3500/5174/2880
f 3497/5171/2880 3500/5174/2880 3501/5175/2880 3502/5176/2880
f 3503/5171/2881 3504/5172/2881 3505/5173/2881 3506/5174/2881
f 3503/5171/2881 3506/5174/2881 3507/5175/2881 3508/5176/2881
f 3509/5171/2882 3510/5172/2882 3511/5173/2882 3512/5174/2882
f 3509/5171/2882 3512/5174/2882 3513/5175/2882 3514/5176/2882
f 3515/5171/2883 3516/5172/2883 3517/5173/2883 3518/5174/2883
f 3515/5171/2883 3518/5174/2883 3519/5175/2883 3520/5176/2883
f 3521/5171/2884 3522/5172/2884 3523/5173/2884 3524/5174/2884
f 3521/5171/2884 3524/5174/2884 3525/5175/2884 3526/5176/2884
f 3527/5171/2885 3528/5172/2885 3529/5173/2885 3530/5174/2885
f 3527/5171/2885 3530/5174/2885 3531/5175/2885 3532/5176/2885
f 3533/5171/2886 3534/5172/2886 3535/5173/2886 3536/5174/2886
f 3533/5171/2886 3536/5174/2886 3537/5175/2886 3538/5176/2886
f 3539/5171/2887 3540/5172/2887 3541/5173/2887 3542/5174/2887
f 3539/5171/2887 3542/5174/2887 3543/5175/2887 3544/5176/2887
f 3545/5171/2888 3546/5172/2888 3547/5173/2888 3548/5174/2888
f 3545/5171/2888 3548/5174/2888 3549/5175/2888 3550/5176/2888
f 3551/5171/2889 3552/5172/2889 3553/5173/2889 3554/5174/2889
f 3551/5171/2889 3554/5174/2889 3555/5175/2889 3556/5176/2889
f 3557/5171/2890 3558/5172/2890 3559/5173/2890 3560/5174/2890
f 3557/5171/2890 3560/5174/2890 3561/5175/2890 3562/5176/2890
f 3563/5171/2891 3564/5172/2891 3565/5173/2891 3566/5174/2891
f 3563/5171/2891 3566/5174/2891 3567/5175/2891 3568/5176/2891
f 3569/5171/2892 3570/5172/2892 3571/5173/2892 3572/5174/2892
f 3569/5171/2892 3572/5174/2892 3573/5175/2892 3574/5176/2892
f 3575/5171/2893 3576/5172/2893 3577/5173/2893 3578/5174/2893
f 3575/5171/2893 3578/5174/2893 3579/5175/2893 3580/5176/2893
f 3581/5171/2894 3582/5172/2894 3583/5173/2894 3584/5174/2894
f 3581/5171/2894 3584/5174/2894 3585/5175/2894 3586/5176/2894
f 3587/5171/2895 3588/5172/2895 3589/5173/2895 3590/5174/2895
f 3587/5171/2895 3590/5174/2895 3591/5175/2895 3592/5176/2895
f 3593/5171/2896 3594/5172/2896 3595/5173/2896 3596/5174/2896
f 3593/5171/2896 3596/5174/2896 3597/5175/2896 3598/5176/2896
f 3599/5171/2897 3600/5172/2897 3601/5173/2897 3602/5174/2897
f 3599/5171/2897 3602/5174/2897 3603/5175/2897 3604/5176/2897
f 3605/5171/2898 3606/5172/2898 3607/5173/2898 3608/5174/2898
f 3605/5171/2898 3608/5174/2898 3609/5175/2898 3610/5176/2898
f 3611/5171/2899 3612/5172/2899 3613/5173/2899 3614/5174/2899
f 3611/5171/2899 3614/5174/2899 3615/5175/2899 3616/5176/2899
f 3617/5171/2900 3618/5172/2900 3619/5173/2900 3620/5174/2900
f 3617/5171/2900 3620/5174/2900 3621/5175/2900 3622/5176/2900
f 3623/5171/2901 3624/5172/2901 3625/5173/2901 3626/5174/2901
f 3623/5171/2901 3626/5174/2901 3627/5175/2901 3628/5176/2901
f 3629/5171/2902 3630/5172/2902 3631/5173/2902 3632/5174/2902
f 3629/5171/2902 3632/5174/2902 3633/5175/2902 3634/5176/2902
f 3635/5171/2903 3636/5172/2903 3637/5173/2903 3638/5174/2903
f 3635/5171/2903 3638/5174/2903 3639/5175/2903 3640/5176/2903
f 3641/5171/2904 3642/5172/2904 3643/5173/2904 3644/5174/2904
f 3641/5171/2904 3644/5174/2904 3645/5175/2904 3646/5176/2904
f 3647/5171/2905 3648/5172/2905 3649/5173/2905 3650/5174/2905
f 3647/5171/2905 3650/5174/2905 3651/5175/2905 3652/5176/2905
f 3653/5171/2906 3654/5172/2906 3655/5173/2906 3656/5174/2906
f 3653/5171/2906 3656/5174/2906 3657/5175/2906 3658/5176/2906
f 3659/5171/2907 3660/5172/2907 3661/5173/2907 3662/5174/2907
f 3659/5171/2907 3662/5174/2907 3663/5175/2907 3664/5176/2907
f 3665/5171/2908 3666/5172/2908 3667/5173/2908 3668/5174/2908
f 3665/5171/2908 3668/5174/2908 3669/5175/2908 3670/5176/2908
f 3671/5171/2909 3672/5172/2909 3673/5173/2909 3674/5174/2909
f 3671/5171/2909 3674/5174/2909 3675/5175/2909 3676/5176/2909
f 3677/5171/2910 3678/5172/2910 3679/5173/2910 3680/5174/2910
f 3677/5171/2910 3680/5174/2910 3681/5175/2910 3682/5176/2910
f 3683/5171/2911 3684/5172/2911 3685/5173/2911 3686/5174/2911
f 3683/5171/2911 3686/5174/2911 3687/5175/2911 3688/5176/2911
f 3689/5171/2912 3690/5172/2912 3691/5173/2912 3692/5174/2912
f 3689/5171/2912 3692/5174/2912 3693/5175/2912 3694/5176/2912
f 3695/5171/2913 3696/5172/2913 3697/5173/2913 3698/5174/2913
f 3695/5171/2913 3698/5174/2913 3699/5175/2913 3700/5176/2913
f 3701/5171/2914 3702/5172/2914 3703/5173/2914 3704/5174/2914
f 3701/5171/2914 3704/5174/2914 3705/5175/2914 3706/5176/2914
f 3707/5171/2915 3708/5172/2915 3709/5173/2915 3710/5174/2915
f 3707/5171/2915 3710/5174/2915 3711/5175/2915 3712/5176/2915
f 3713/5171/2916 3714/5172/2916 3715/5173/2916 3716/5174/2916
f 3713/5171/2916 3716/5174/2916 3717/5175/2916 3718/5176/2916
f 3719/5171/2917 3720/5172/2917 3721/5173/2917 3722/5174/2917
f 3719/5171/2917 3722/5174/2917 3723/5175/2917 3724/5176/2917
f 3725/5171/2918 3726/5172/2918 3727/5173/2918 3728/5174/2918
f 3725/5171/2918 3728/5174/2918 3729/5175/2918 3730/5176/2918
f 3731/5171/2919 3732/5172/2919 3733/5173/2919 3734/5174/2919
f 3731/5171/2920 3734/5174/2920 3735/5175/2920 3736/5176/2920
f 3737/5171/2921 3738/5172/2921 3739/5173/2921 3740/5174/2921
f 3737/5171/2921 3740/5174/2921 3741/5175/2921 3742/5176/2921
f 3743/5171/2922 3744/5172/2922 3745/5173/2922 3746/5174/2922
f 3743/5171/2922 3746/5174/2922 3747/5175/2922 3748/5176/2922
f 3749/5171/2923 3750/5172/2923 3751/5173/2923 3752/5174/2923
f 3749/5171/2923 3752/5174/2923 3753/5175/2923 3754/5176/2923
f 3755/5171/2924 3756/5172/2924 3757/5173/2924 3758/5174/2924
f 3755/5171/2924 3758/5174/2924 3759/5175/2924 3760/5176/2924
f 3761/5171/2925 3762/5172/2925 3763/5173/2925 3764/5174/2925
f 3761/5171/2925 3764/5174/2925 3765/5175/2925 3766/5176/2925
f 3767/5171/2926 3768/5172/2926 3769/5173/2926 3770/5174/2926
f 3767/5171/2926 3770/5174/2926 3771/5175/2926 3772/5176/2926
f 3773/5171/2927 3774/5172/2927 3775/5173/2927 3776/5174/2927
f 3773/5171/2927 3776/5174/2927 3777/5175/2927 3778/5176/2927
f 3779/5171/2928 3780/5172/2928 3781/5173/2928 3782/5174/2928
f 3779/5171/2928 3782/5174/2928 3783/5175/2928 3784/5176/2928
f 3785/5171/2929 3786/5172/2929 3787/5173/2929 3788/5174/2929
f 3785/5171/2929 3788/5174/2929 3789/5175/2929 3790/5176/2929
f 3791/5171/2930 3792/5172/2930 3793/5173/2930 3794/5174/2930
f 3791/5171/2930 3794/5174/2930 3795/5175/2930 3796/5176/2930
f 3797/5171/2931 3798/5172/2931 3799/5173/2931 3800/5174/2931
f 3797/5171/2931 3800/5174/2931 3801/5175/2931 3802/5176/2931
f 3803/5171/2932 3804/5172/2932 3805/5173/2932 3806/5174/2932
f 3803/5171/2932 3806/5174/2932 3807/5175/2932 3808/5176/2932
f 3809/5171/2933 3810/5172/2933 3811/5173/2933 3812/5174/2933
f 3809/5171/2933 3812/5174/2933 3813/5175/2933 3814/5176/2933
f 3815/5171/2934 3816/5172/2934 3817/5173/2934 3818/5174/2934
f 3815/5171/2934 3818/5174/2934 3819/5175/2934 3820/5176/2934
f 3821/5171/2935 3822/5172/2935 3823/5173/2935 3824/5174/2935
f 3821/5171/2935 3824/5174/2935 3825/5175/2935 3826/5176/2935
f 3827/5171/2936 3828/5172/2936 3829/5173/2936 3830/5174/2936
f 3827/5171/2936 3830/5174/2936 3831/5175/2936 3832/5176/2936
f 3833/5171/2937 3834/5172/2937 3835/5173/2937 3836/5174/2937
f 3833/5171/2937 3836/5174/2937 3837/5175/2937 3838/5176/2937
f 3839/5171/2938 3840/5172/2938 3841/5173/2938 3842/5174/2938
f 3839/5171/2938 3842/5174/2938 3843/5175/2938 3844/5176/2938
f 3845/5171/2939 3846/5172/2939 3847/5173/2939 3848/5174/2939
f 3845/5171/2939 3848/5174/2939 3849/5175/2939 3850/5176/2939
f 3851/5171/2940 3852/5172/2940 3853/5173/2940 3854/5174/2940
f 3851/5171/2940 3854/5174/2940 3855/5175/2940 3856/5176/2940
f 3857/5171/2941 3858/5172/2941 3859/5173/2941 3860/5174/2941
f 3857/5171/2941 3860/5174/2941 3861/5175/2941 3862/5176/2941
f 3863/5171/2942 3864/5172/2942 3865/5173/2942 3866/5174/2942
f 3863/5171/2942 3866/5174/2942 3867/5175/2942 3868/5176/2942
f 3869/5171/2943 3870/5172/2943 3871/5173/2943 3872/5174/2943
f 3869/5171/2943 3872/5174/2943 3873/5175/2943 3874/5176/2943
f 3875/5171/2944 3876/5172/2944 3877/5173/2944 3878/5174/2944
f 3875/5171/2944 3878/5174/2944 3879/5175/2944 3880/5176/2944
f 3881/5171/2945 3882/5172/2945 3883/5173/2945 3884/5174/2945
f 3881/5171/2945 3884/5174/2945 3885/5175/2945 3886/5176/2945
f 3887/5171/2946 3888/5172/2946 3889/5173/2946 3890/5174/2946
f 3887/5171/2946 3890/5174/2946 3891/5175/2946 3892/5176/2946
f 3893/5171/2947 3894/5172/2947 3895/5173/2947 3896/5174/2947
f 3893/5171/2947 3896/5174/2947 3897/5175/2947 3898/5176/2947
f 3899/5171/2948 3900/5172/2948 3901/5173/2948 3902/5174/2948
f 3899/5171/2948 3902/5174/2948 3903/5175/2948 3904/5176/2948
f 3905/5171/2949 3906/5172/2949 3907/5173/2949 3908/5174/2949
f 3905/5171/2949 3908/5174/2949 3909/5175/2949 3910/5176/2949
f 3911/5171/2950 3912/5172/2950 3913/5173/2950 3914/5174/2950
f 3911/5171/2950 3914/5174/2950 3915/5175/2950 3916/5176/2950
f 3917/5171/2951 3918/5172/2951 3919/5173/2951 3920/5174/2951
f 3917/5171/2951 3920/5174/2951 3921/5175/2951 3922/5176/2951
f 3923/5171/2952 3924/5172/2952 3925/5173/2952 3926/5174/2952
f 3923/5171/2952 3926/5174/2952 3927/5175/2952 3928/5176/2952
f 3929/5171/2953 3930/5172/2953 3931/5173/2953 3932/5174/2953
f 3929/5171/2953 3932/5174/2953 3933/5175/2953 3934/5176/2953
f 3935/5171/2954 3936/5172/2954 3937/5173/2954 3938/5174/2954
f 3935/5171/2954 3938/5174/2954 3939/5175/2954 3940/5176/2954
f 3941/5171/2955 3942/5172/2955 3943/5173/2955 3944/5174/2955
f 3941/5171/2955 3944/5174/2955 3945/5175/2955 3946/5176/2955
f 3947/5171/2956 3948/5172/2956 3949/5173/2956 3950/5174/2956
f 3947/5171/2956 3950/5174/2956 3951/5175/2956 3952/5176/2956
f 3953/5171/2957 3954/5172/2957 3955/5173/2957 3956/5174/2957
f 3953/5171/2957 3956/5174/2957 3957/5175/2957 3958/5176/2957
f 3959/5171/2958 3960/5172/2958 3961/5173/2958 3962/5174/2958
f 3959/5171/2958 3962/5174/2958 3963/5175/2958 3964/5176/2958
f 3965/5171/2959 3966/5172/2959 3967/5173/2959 3968/5174/2959
f 3965/5171/2959 3968/5174/2959 3969/5175/2959 3970/5176/2959
f 3971/5171/2960 3972/5172/2960 3973/5173/2960 3974/5174/2960
f 3971/5171/2960 3974/5174/2960 3975/5175/2960 3976/5176/2960
f 3977/5171/2961 3978/5172/2961 3979/5173/2961 3980/5174/2961
f 3977/5171/2961 3980/5174/2961 3981/5175/2961 3982/5176/2961
f 3983/5171/2962 3984/5172/2962 3985/5173/2962 3986/5174/2962
f 3983/5171/2962 3986/5174/2962 3987/5175/2962 3988/5176/2962
f 3989/5171/2963 3990/5172/2963 3991/5173/2963 3992/5174/2963
f 3989/5171/2963 3992/5174/2963 3993/5175/2963 3994/5176/2963
f 3995/5171/2964 3996/5172/2964 3997/5173/2964 3998/5174/2964
f 3995/5171/2964 3998/5174/2964 3999/5175/2964 4000/5176/2964
f 4001/5171/2965 4002/5172/2965 4003/5173/2965 4004/5174/2965
f 4001/5171/2965 4004/5174/2965 4005/5175/2965 4006/5176/2965
f 4007/5171/2966 4008/5172/2966 4009/5173/2966 4010/5174/2966
f 4007/5171/2966 4010/5174/2966 4011/5175/2966 4012/5176/2966
f 4013/5171/2967 4014/5172/2967 4015/5173/2967 4016/5174/2967
f 4013/5171/2967 4016/5174/2967 4017/5175/2967 4018/5176/2967
f 4019/5171/2968 4020/5172/2968 4021/5173/2968 4022/5174/2968
f 4019/5171/2968 4022/5174/2968 4023/5175/2968 4024/5176/2968
f 4025/5171/2969 4026/5172/2969 4027/5173/2969 4028/5174/2969
f 4025/5171/2969 4028/5174/2969 4029/5175/2969 4030/5176/2969
f 4031/5171/2970 4032/5172/2970 4033/5173/2970 4034/5174/2970
f 4031/5171/2970 4034/5174/2970 4035/5175/2970 4036/5176/2970
f 4037/5171/2971 4038/5172/2971 4039/5173/2971 4040/5174/2971
f 4037/5171/2971 4040/5174/2971 4041/5175/2971 4042/5176/2971
f 4043/5171/2972 4044/5172/2972 4045/5173/2972 4046/5174/2972
f 4043/5171/2972 4046/5174/2972 4047/5175/2972 4048/5176/2972
f 4049/5171/2973 4050/5172/2973 4051/5173/2973 4052/5174/2973
f 4049/5171/2973 4052/5174/2973 4053/5175/2973 4054/5176/2973
f 4055/5171/2974 4056/5172/2974 4057/5173/2974 4058/5174/2974
f 4055/5171/2974 4058/5174/2974 4059/5175/2974 4060/5176/2974
f 4061/5171/2975 4062/5172/2975 4063/5173/2975 4064/5174/2975
f 4061/5171/2975 4064/5174/2975 4065/5175/2975 4066/5176/2975
f 4067/5171/2976 4068/5172/2976 4069/5173/2976 4070/5174/2976
f 4067/5171/2976 4070/5174/2976 4071/5175/2976 4072/5176/2976
f 4073/5171/2977 4074/5172/2977 4075/5173/2977 4076/5174/2977
f 4073/5171/2977 4076/5174/2977 4077/5175/2977 4078/5176/2977
f 4079/5171/2978 4080/5172/2978 4081/5173/2978 4082/5174/2978
f 4079/5171/2978 4082/5174/2978 4083/5175/2978 4084/5176/2978
f 4085/5171/2979 4086/5172/2979 4087/5173/2979 4088/5174/2979
f 4085/5171/2979 4088/5174/2979 4089/5175/2979 4090/5176/2979
f 4091/5171/2980 4092/5172/2980 4093/5173/2980 4094/5174/2980
f 4091/5171/2980 4094/5174/2980 4095/5175/2980 4096/5176/2980
f 4097/5171/2981 4098/5172/2981 4099/5173/2981 4100/5174/2981
f 4097/5171/2981 4100/5174/2981 4101/5175/2981 4102/5176/2981
f 4103/5171/2982 4104/5172/2982 4105/5173/2982 4106/5174/2982
f 4103/5171/2982 4106/5174/2982 4107/5175/2982 4108/5176/2982
f 4109/5171/2983 4110/5172/2983 4111/5173/2983 4112/5174/2983
f 4109/5171/2983 4112/5174/2983 4113/5175/2983 4114/5176/2983
f 4115/5171/2984 4116/5172/2984 4117/5173/2984 4118/5174/2984
f 4115/5171/2984 4118/5174/2984 4119/5175/2984 4120/5176/2984
f 4121/5171/2985 4122/5172/2985 4123/5173/2985 4124/5174/2985
f 4121/5171/2985 4124/5174/2985 4125/5175/2985 4126/5176/2985
f 4127/5171/2986 4128/5172/2986 4129/5173/2986 4130/5174/2986
f 4127/5171/2986 4130/5174/2986 4131/5175/2986 4132/5176/2986
f 4133/5171/2987 4134/5172/2987 4135/5173/2987 4136/5174/2987
f 4133/5171/2987 4136/5174/2987 4137/5175/2987 4138/5176/2987
f 4139/5171/2988 4140/5172/2988 4141/5173/2988 4142/5174/2988
f 4139/5171/2988 4142/5174/2988 4143/5175/2988 4144/5176/2988
f 4145/5171/2989 4146/5172/2989 4147/5173/2989 4148/5174/2989
f 4145/5171/2989 4148/5174/2989 4149/5175/2989 4150/5176/2989
f 4151/5171/2990 4152/5172/2990 4153/5173/2990 4154/5174/2990
f 4151/5171/2990 4154/5174/2990 4155/5175/2990 4156/5176/2990
f 4157/5171/2991 4158/5172/2991 4159/5173/2991 4160/5174/2991
f 4157/5171/2991 4160/5174/2991 4161/5175/2991 4162/5176/2991
f 4163/5171/2992 4164/5172/2992 4165/5173/2992 4166/5174/2992
f 4163/5171/2992 4166/5174/2992 4167/5175/2992 4168/5176/2992
f 4169/5171/2993 4170/5172/2993 4171/5173/2993 4172/5174/2993
f 4169/5171/2993 4172/5174/2993 4173/5175/2993 4174/5176/2993
f 4175/5171/2994 4176/5172/2994 4177/5173/2994 4178/5174/2994
f 4175/5171/2994 4178/5174/2994 4179/5175/2994 4180/5176/2994
f 4181/5171/2995 4182/5172/2995 4183/5173/2995 4184/5174/2995
f 4181/5171/2995 4184/5174/2995 4185/5175/2995 4186/5176/2995
f 4187/5171/2996 4188/5172/2996 4189/5173/2996 4190/5174/2996
f 4187/5171/2996 4190/5174/2996 4191/5175/2996 4192/5176/2996
f 4193/5171/2997 4194/5172/2997 4195/5173/2997 4196/5174/2997
f 4193/5171/2997 4196/5174/2997 4197/5175/2997 4198/5176/2997
f 4199/5171/2998 4200/5172/2998 4201/5173/2998 4202/5174/2998
f 4199/5171/2998 4202/5174/2998 4203/5175/2998 4204/5176/2998
f 4205/5171/2999 4206/5172/2999 4207/5173/2999 4208/5174/2999
f 4205/5171/2999 4208/5174/2999 4209/5175/2999 4210/5176/2999
f 4211/5171/3000 4212/5172/3000 4213/5173/3000 4214/5174/3000
f 4211/5171/3000 4214/5174/3000 4215/5175/3000 4216/5176/3000
f 4217/5171/3001 4218/5172/3001 4219/5173/3001 4220/5174/3001
f 4217/5171/3001 4220/5174/3001 4221/5175/3001 4222/5176/3001
f 4223/5171/3002 4224/5172/3002 4225/5173/3002 4226/5174/3002
f 4223/5171/3002 4226/5174/3002 4227/5175/3002 4228/5176/3002
f 4229/5171/3003 4230/5172/3003 4231/5173/3003 4232/5174/3003
f 4229/5171/3003 4232/5174/3003 4233/5175/3003 4234/5176/3003
f 4235/5171/3004 4236/5172/3004 4237/5173/3004 4238/5174/3004
f 4235/5171/3004 4238/5174/3004 4239/5175/3004 4240/5176/3004
f 4241/5171/3005 4242/5172/3005 4243/5173/3005 4244/5174/3005
f 4241/5171/3005 4244/5174/3005 4245/5175/3005 4246/5176/3005
f 4247/5171/3006 4248/5172/3006 4249/5173/3006 4250/5174/3006
f 4247/5171/3006 4250/5174/3006 4251/5175/3006 4252/5176/3006
f 4253/5171/3007 4254/5172/3007 4255/5173/3007 4256/5174/3007
f 4253/5171/3007 4256/5174/3007 4257/5175/3007 4258/5176/3007
f 4259/5171/3008 4260/5172/3008 4261/5173/3008 4262/5174/3008
f 4259/5171/3008 4262/5174/3008 4263/5175/3008 4264/5176/3008
f 4265/5171/3009 4266/5172/3009 4267/5173/3009 4268/5174/3009
f 4265/5171/3009 4268/5174/3009 4269/5175/3009 4270/5176/3009
f 4271/5171/3010 4272/5172/3010 4273/5173/3010 4274/5174/3010
f 4271/5171/3010 4274/5174/3010 4275/5175/3010 4276/5176/3010
f 4277/5171/3011 4278/5172/3011 4279/5173/3011 4280/5174/3011
f 4277/5171/3011 4280/5174/3011 4281/5175/3011 4282/5176/3011
f 4283/5171/3012 4284/5172/3012 4285/5173/3012 4286/5174/3012
f 4283/5171/3012 4286/5174/3012 4287/5175/3012 4288/5176/3012
f 4289/5171/3013 4290/5172/3013 4291/5173/3013 4292/5174/3013
f 4289/5171/3013 4292/5174/3013 4293/5175/3013 4294/5176/3013
f 4295/5171/3014 4296/5172/3014 4297/5173/3014 4298/5174/3014
f 4295/5171/3014 4298/5174/3014 4299/5175/3014 4300/5176/3014
f 4301/5171/3015 4302/5172/3015 4303/5173/3015 4304/5174/3015
f 4301/5171/3015 4304/5174/3015 4305/5175/3015 4306/5176/3015
f 4307/5171/3016 4308/5172/3016 4309/5173/3016 4310/5174/3016
f 4307/5171/3016 4310/5174/3016 4311/5175/3016 4312/5176/3016
f 4313/5171/3017 4314/5172/3017 4315/5173/3017 4316/5174/3017
f 4313/5171/3017 4316/5174/3017 4317/5175/3017 4318/5176/3017
f 4319/5171/3018 4320/5172/3018 4321/5173/3018 4322/5174/3018
f 4319/5171/3018 4322/5174/3018 4323/5175/3018 4324/5176/3018
f 4325/5171/3019 4326/5172/3019 4327/5173/3019 4328/5174/3019
f 4325/5171/3019 4328/5174/3019 4329/5175/3019 4330/5176/3019
f 4331/5171/3020 4332/5172/3020 4333/5173/3020 4334/5174/3020
f 4331/5171/3020 4334/5174/3020 4335/5175/3020 4336/5176/3020
f 4337/5171/3021 4338/5172/3021 4339/5173/3021 4340/5174/3021
f 4337/5171/3021 4340/5174/3021 4341/5175/3021 4342/5176/3021
f 4343/5171/3022 4344/5172/3022 4345/5173/3022 4346/5174/3022
f 4343/5171/3022 4346/5174/3022 4347/5175/3022 4348/5176/3022
f 4349/5171/3023 4350/5172/3023 4351/5173/3023 4352/5174/3023
f 4349/5171/3023 4352/5174/3023 4353/5175/3023 4354/5176/3023
f 4355/5171/3024 4356/5172/3024 4357/5173/3024 4358/5174/3024
f 4355/5171/3024 4358/5174/3024 4359/5175/3024 4360/5176/3024
f 4361/5171/3025 4362/5172/3025 4363/5173/3025 4364/5174/3025
f 4361/5171/3025 4364/5174/3025 4365/5175/3025 4366/5176/3025
f 4367/5171/3026 4368/5172/3026 4369/5173/3026 4370/5174/3026
f 4367/5171/3026 4370/5174/3026 4371/5175/3026 4372/5176/3026
f 4373/5171/3027 4374/5172/3027 4375/5173/3027 4376/5174/3027
f 4373/5171/3027 4376/5174/3027 4377/5175/3027 4378/5176/3027
f 4379/5171/3028 4380/5172/3028 4381/5173/3028 4382/5174/3028
f 4379/5171/3028 4382/5174/3028 4383/5175/3028 4384/5176/3028
f 4385/5171/3029 4386/5172/3029 4387/5173/3029 4388/5174/3029
f 4385/5171/3029 4388/5174/3029 4389/5175/3029 4390/5176/3029
f 4391/5171/3030 4392/5172/3030 4393/5173/3030 4394/5174/3030
f 4391/5171/3030 4394/5174/3030 4395/5175/3030 4396/5176/3030
f 4397/5171/3031 4398/5172/3031 4399/5173/3031 4400/5174/3031
f 4397/5171/3031 4400/5174/3031 4401/5175/3031 4402/5176/3031
f 4403/5171/3032 4404/5172/3032 4405/5173/3032 4406/5174/3032
f 4403/5171/3032 4406/5174/3032 4407/5175/3032 4408/5176/3032
f 4409/5171/3033 4410/5172/3033 4411/5173/3033 4412/5174/3033
f 4409/5171/3033 4412/5174/3033 4413/5175/3033 4414/5176/3033
f 4415/5171/3034 4416/5172/3034 4417/5173/3034 4418/5174/3034
f 4415/5171/3034 4418/5174/3034 4419/5175/3034 4420/5176/3034
f 4421/5171/3035 4422/5172/3035 4423/5173/3035 4424/5174/3035
f 4421/5171/3035 4424/5174/3035 4425/5175/3035 4426/5176/3035
f 4427/5171/3036 4428/5172/3036 4429/5173/3036 4430/5174/3036
f 4427/5171/3036 4430/5174/3036 4431/5175/3036 4432/5176/3036
f 4433/5171/3037 4434/5172/3037 4435/5173/3037 4436/5174/3037
f 4433/5171/3037 4436/5174/3037 4437/5175/3037 4438/5176/3037
f 4439/5171/3038 4440/5172/3038 4441/5173/3038 4442/5174/3038
f 4439/5171/3038 4442/5174/3038 4443/5175/3038 4444/5176/3038
f 4445/5171/3039 4446/5172/3039 4447/5173/3039 4448/5174/3039
f 4445/5171/3039 4448/5174/3039 4449/5175/3039 4450/5176/3039
f 4451/5171/3040 4452/5172/3040 4453/5173/3040 4454/5174/3040
f 4451/5171/3040 4454/5174/3040 4455/5175/3040 4456/5176/3040
f 4457/5171/3041 4458/5172/3041 4459/5173/3041 4460/5174/3041
f 4457/5171/3041 4460/5174/3041 4461/5175/3041 4462/5176/3041
f 4463/5171/3042 4464/5172/3042 4465/5173/3042 4466/5174/3042
f 4463/5171/3042 4466/5174/3042 4467/5175/3042 4468/5176/3042
f 4469/5171/3043 4470/5172/3043 4471/5173/3043 4472/5174/3043
f 4469/5171/3043 4472/5174/3043 4473/5175/3043 4474/5176/3043
f 4475/5171/3044 4476/5172/3044 4477/5173/3044 4478/5174/3044
f 4475/5171/3044 4478/5174/3044 4479/5175/3044 4480/5176/3044
f 4481/5171/3045 4482/5172/3045 4483/5173/3045 4484/5174/3045
f 4481/5171/3045 4484/5174/3045 4485/5175/3045 4486/5176/3045
f 4487/5171/3046 4488/5172/3046 4489/5173/3046 4490/5174/3046
f 4487/5171/3046 4490/5174/3046 4491/5175/3046 4492/5176/3046
f 4493/5171/3047 4494/5172/3047 4495/5173/3047 4496/5174/3047
f 4493/5171/3047 4496/5174/3047 4497/5175/3047 4498/5176/3047
f 4499/5171/3048 4500/5172/3048 4501/5173/3048 4502/5174/3048
f 4499/5171/3048 4502/5174/3048 4503/5175/3048 4504/5176/3048
f 4505/5171/3049 4506/5172/3049 4507/5173/3049 4508/5174/3049
f 4505/5171/3049 4508/5174/3049 4509/5175/3049 4510/5176/3049
f 4511/5171/3050 4512/5172/3050 4513/5173/3050 4514/5174/3050
f 4511/5171/3050 4514/5174/3050 4515/5175/3050 4516/5176/3050
f 4517/5171/3051 4518/5172/3051 4519/5173/3051 4520/5174/3051
f 4517/5171/3051 4520/5174/3051 4521/5175/3051 4522/5176/3051
f 4523/5171/3052 4524/5172/3052 4525/5173/3052 4526/5174/3052
f 4523/5171/3052 4526/5174/3052 4527/5175/3052 4528/5176/3052
f 4529/5171/3053 4530/5172/3053 4531/5173/3053 4532/5174/3053
f 4529/5171/3053 4532/5174/3053 4533/5175/3053 4534/5176/3053
f 4535/5171/3054 4536/5172/3054 4537/5173/3054 4538/5174/3054
f 4535/5171/3054 4538/5174/3054 4539/5175/3054 4540/5176/3054
f 4541/5171/3055 4542/5172/3055 4543/5173/3055 4544/5174/3055
f 4541/5171/3055 4544/5174/3055 4545/5175/3055 4546/5176/3055
f 4547/5171/3056 4548/5172/3056 4549/5173/3056 4550/5174/3056
f 4547/5171/3056 4550/5174/3056 4551/5175/3056 4552/5176/3056
f 4553/5171/3057 4554/5172/3057 4555/5173/3057 4556/5174/3057
f 4553/5171/3057 4556/5174/3057 4557/5175/3057 4558/5176/3057
f 4559/5171/3058 4560/5172/3058 4561/5173/3058 4562/5174/3058
f 4559/5171/3058 4562/5174/3058 4563/5175/3058 4564/5176/3058
f 4565/5171/3059 4566/5172/3059 4567/5173/3059 4568/5174/3059
f 4565/5171/3059 4568/5174/3059 4569/5175/3059 4570/5176/3059
f 4571/5171/3060 4572/5172/3060 4573/5173/3060 4574/5174/3060
f 4571/5171/3060 4574/5174/3060 4575/5175/3060 4576/5176/3060
f 4577/5171/3061 4578/5172/3061 4579/5173/3061 4580/5174/3061
f 4577/5171/3061 4580/5174/3061 4581/5175/3061 4582/5176/3061
f 4583/5171/3062 4584/5172/3062 4585/5173/3062 4586/5174/3062
f 4583/5171/3062 4586/5174/3062 4587/5175/3062 4588/5176/3062
f 4589/5171/3063 4590/5172/3063 4591/5173/3063 4592/5174/3063
f 4589/5171/3063 4592/5174/3063 4593/5175/3063 4594/5176/3063
f 4595/5171/3064 4596/5172/3064 4597/5173/3064 4598/5174/3064
f 4595/5171/3064 4598/5174/3064 4599/5175/3064 4600/5176/3064
f 4601/5171/3065 4602/5172/3065 4603/5173/3065 4604/5174/3065
f 4601/5171/3065 4604/5174/3065 4605/5175/3065 4606/5176/3065
f 4607/5171/3066 4608/5172/3066 4609/5173/3066 4610/5174/3066
f 4607/5171/3066 4610/5174/3066 4611/5175/3066 4612/5176/3066
f 4613/5171/3067 4614/5172/3067 4615/5173/3067 4616/5174/3067
f 4613/5171/3067 4616/5174/3067 4617/5175/3067 4618/5176/3067
f 4619/5171/3068 4620/5172/3068 4621/5173/3068 4622/5174/3068
f 4619/5171/3068 4622/5174/3068 4623/5175/3068 4624/5176/3068
f 4625/5171/3069 4626/5172/3069 4627/5173/3069 4628/5174/3069
f 4625/5171/3069 4628/5174/3069 4629/5175/3069 4630/5176/3069
f 4631/5171/3070 4632/5172/3070 4633/5173/3070 4634/5174/3070
f 4631/5171/3070 4634/5174/3070 4635/5175/3070 4636/5176/3070
f 4637/5171/3071 4638/5172/3071 4639/5173/3071 4640/5174/3071
f 4637/5171/3071 4640/5174/3071 4641/5175/3071 4642/5176/3071
f 4643/5171/3072 4644/5172/3072 4645/5173/3072 4646/5174/3072
f 4643/5171/3072 4646/5174/3072 4647/5175/3072 4648/5176/3072
f 4649/5171/3073 4650/5172/3073 4651/5173/3073 4652/5174/3073
f 4649/5171/3073 4652/5174/3073 4653/5175/3073 4654/5176/3073
f 4655/5171/3074 4656/5172/3074 4657/5173/3074 4658/5174/3074
f 4655/5171/3074 4658/5174/3074 4659/5175/3074 4660/5176/3074
f 4661/5171/3075 4662/5172/3075 4663/5173/3075 4664/5174/3075
f 4661/5171/3075 4664/5174/3075 4665/5175/3075 4666/5176/3075
f 4667/5171/3076 4668/5172/3076 4669/5173/3076 4670/5174/3076
f 4667/5171/3076 4670/5174/3076 4671/5175/3076 4672/5176/3076
f 4673/5171/3077 4674/5172/3077 4675/5173/3077 4676/5174/3077
f 4673/5171/3077 4676/5174/3077 4677/5175/3077 4678/5176/3077
f 4679/5171/3078 4680/5172/3078 4681/5173/3078 4682/5174/3078
f 4679/5171/3078 4682/5174/3078 4683/5175/3078 4684/5176/3078
f 4685/5171/3079 4686/5172/3079 4687/5173/3079 4688/5174/3079
f 4685/5171/3079 4688/5174/3079 4689/5175/3079 4690/5176/3079
f 4691/5171/3080 4692/5172/3080 4693/5173/3080 4694/5174/3080
f 4691/5171/3080 4694/5174/3080 4695/5175/3080 4696/5176/3080
f 4697/5171/3081 4698/5172/3081 4699/5173/3081 4700/5174/3081
f 4697/5171/3081 4700/5174/3081 4701/5175/3081 4702/5176/3081
f 4703/5171/3082 4704/5172/3082 4705/5173/3082 4706/5174/3082
f 4703/5171/3082 4706/5174/3082 4707/5175/3082 4708/5176/3082
f 4709/5171/3083 4710/5172/3083 4711/5173/3083 4712/5174/3083
f 4709/5171/3083 4712/5174/3083 4713/5175/3083 4714/5176/3083
f 4715/5171/3084 4716/5172/3084 4717/5173/3084 4718/5174/3084
f 4715/5171/3084 4718/5174/3084 4719/5175/3084 4720/5176/3084
f 4721/5171/3085 4722/5172/3085 4723/5173/3085 4724/5174/3085
f 4721/5171/3085 4724/5174/3085 4725/5175/3085 4726/5176/3085
f 4727/5171/3086 4728/5172/3086 4729/5173/3086 4730/5174/3086
f 4727/5171/3086 4730/5174/3086 4731/5175/3086 4732/5176/3086
f 4733/5171/3087 4734/5172/3087 4735/5173/3087 4736/5174/3087
f 4733/5171/3087 4736/5174/3087 4737/5175/3087 4738/5176/3087
f 4739/5171/3088 4740/5172/3088 4741/5173/3088 4742/5174/3088
f 4739/5171/3088 4742/5174/3088 4743/5175/3088 4744/5176/3088
f 4745/5171/3089 4746/5172/3089 4747/5173/3089 4748/5174/3089
f 4745/5171/3089 4748/5174/3089 4749/5175/3089 4750/5176/3089
f 4751/5171/3090 4752/5172/3090 4753/5173/3090 4754/5174/3090
f 4751/5171/3090 4754/5174/3090 4755/5175/3090 4756/5176/3090
f 4757/5171/3091 4758/5172/3091 4759/5173/3091 4760/5174/3091
f 4757/5171/3091 4760/5174/3091 4761/5175/3091 4762/5176/3091
f 4763/5171/3092 4764/5172/3092 4765/5173/3092 4766/5174/3092
f 4763/5171/3092 4766/5174/3092 4767/5175/3092 4768/5176/3092
f 4769/5171/3093 4770/5172/3093 4771/5173/3093 4772/5174/3093
f 4769/5171/3093 4772/5174/3093 4773/5175/3093 4774/5176/3093
f 4775/5171/3094 4776/5172/3094 4777/5173/3094 4778/5174/3094
f 4775/5171/3094 4778/5174/3094 4779/5175/3094 4780/5176/3094
f 4781/5171/3095 4782/5172/3095 4783/5173/3095 4784/5174/3095
f 4781/5171/3095 4784/5174/3095 4785/5175/3095 4786/5176/3095
f 4787/5171/3096 4788/5172/3096 4789/5173/3096 4790/5174/3096
f 4787/5171/3096 4790/5174/3096 4791/5175/3096 4792/5176/3096
f 4793/5171/3097 4794/5172/3097 4795/5173/3097 4796/5174/3097
f 4793/5171/3097 4796/5174/3097 4797/5175/3097 4798/5176/3097
f 4799/5171/3098 4800/5172/3098 4801/5173/3098 4802/5174/3098
f 4799/5171/3098 4802/5174/3098 4803/5175/3098 4804/5176/3098
f 4805/5171/3099 4806/5172/3099 4807/5173/3099 4808/5174/3099
f 4805/5171/3099 4808/5174/3099 4809/5175/3099 4810/5176/3099
f 4811/5171/3100 4812/5172/3100 4813/5173/3100 4814/5174/3100
f 4811/5171/3100 4814/5174/3100 4815/5175/3100 4816/5176/3100
f 4817/5171/3101 4818/5172/3101 4819/5173/3101 4820/5174/3101
f 4817/5171/3101 4820/5174/3101 4821/5175/3101 4822/5176/3101
f 4823/5171/3102 4824/5172/3102 4825/5173/3102 4826/5174/3102
f 4823/5171/3102 4826/5174/3102 4827/5175/3102 4828/5176/3102
f 4829/5171/3103 4830/5172/3103 4831/5173/3103 4832/5174/3103
f 4829/5171/3103 4832/5174/3103 4833/5175/3103 4834/5176/3103
f 4835/5171/3104 4836/5172/3104 4837/5173/3104 4838/5174/3104
f 4835/5171/3104 4838/5174/3104 4839/5175/3104 4840/5176/3104
f 4841/5171/3105 4842/5172/3105 4843/5173/3105 4844/5174/3105
f 4841/5171/3105 4844/5174/3105 4845/5175/3105 4846/5176/3105
f 4847/5171/3106 4848/5172/3106 4849/5173/3106 4850/5174/3106
f 4847/5171/3106 4850/5174/3106 4851/5175/3106 4852/5176/3106
f 4853/5171/3107 4854/5172/3107 4855/5173/3107 4856/5174/3107
f 4853/5171/3107 4856/5174/3107 4857/5175/3107 4858/5176/3107
f 4859/5171/3108 4860/5172/3108 4861/5173/3108 4862/5174/3108
f 4859/5171/3108 4862/5174/3108 4863/5175/3108 4864/5176/3108
f 4865/5171/3109 4866/5172/3109 4867/5173/3109 4868/5174/3109
f 4865/5171/3109 4868/5174/3109 4869/5175/3109 4870/5176/3109
f 4871/5171/3110 4872/5172/3110 4873/5173/3110 4874/5174/3110
f 4871/5171/3110 4874/5174/3110 4875/5175/3110 4876/5176/3110
f 4877/5171/3111 4878/5172/3111 4879/5173/3111 4880/5174/3111
f 4877/5171/3111 4880/5174/3111 4881/5175/3111 4882/5176/3111
f 4883/5171/3112 4884/5172/3112 4885/5173/3112 4886/5174/3112
f 4883/5171/3112 4886/5174/3112 4887/5175/3112 4888/5176/3112
f 4889/5171/3113 4890/5172/3113 4891/5173/3113 4892/5174/3113
f 4889/5171/3113 4892/5174/3113 4893/5175/3113 4894/5176/3113
f 4895/5171/3114 4896/5172/3114 4897/5173/3114 4898/5174/3114
f 4895/5171/3114 4898/5174/3114 4899/5175/3114 4900/5176/3114
f 4901/5171/3115 4902/5172/3115 4903/5173/3115 4904/5174/3115
f 4901/5171/3115 4904/5174/3115 4905/5175/3115 4906/5176/3115
f 4907/5171/3116 4908/5172/3116 4909/5173/3116 4910/5174/3116
f 4907/5171/3116 4910/5174/3116 4911/5175/3116 4912/5176/3116
f 4913/5171/3117 4914/5172/3117 4915/5173/3117 4916/5174/3117
f 4913/5171/3117 4916/5174/3117 4917/5175/3117 4918/5176/3117
f 4919/5171/3118 4920/5172/3118 4921/5173/3118 4922/5174/3118
f 4919/5171/3118 4922/5174/3118 4923/5175/3118 4924/5176/3118
f 4925/5171/3119 4926/5172/3119 4927/5173/3119 4928/5174/3119
f 4925/5171/3119 4928/5174/3119 4929/5175/3119 4930/5176/3119
f 4931/5171/3120 4932/5172/3120 4933/5173/3120 4934/5174/3120
f 4931/5171/3120 4934/5174/3120 4935/5175/3120 4936/5176/3120
f 4937/5171/3121 4938/5172/3121 4939/5173/3121 4940/5174/3121
f 4937/5171/3121 4940/5174/3121 4941/5175/3121 4942/5176/3121
f 4943/5171/3122 4944/5172/3122 4945/5173/3122 4946/5174/3122
f 4943/5171/3122 4946/5174/3122 4947/5175/3122 4948/5176/3122
f 4949/5171/3123 4950/5172/3123 4951/5173/3123 4952/5174/3123
f 4949/5171/3123 4952/5174/3123 4953/5175/3123 4954/5176/3123
f 4955/5171/3124 4956/5172/3124 4957/5173/3124 4958/5174/3124
f 4955/5171/3124 4958/5174/3124 4959/5175/3124 4960/5176/3124
f 4961/5171/3125 4962/5172/3125 4963/5173/3125 4964/5174/3125
f 4961/5171/3125 4964/5174/3125 4965/5175/3125 4966/5176/3125
f 4967/5171/3126 4968/5172/3126 4969/5173/3126 4970/5174/3126
f 4967/5171/3126 4970/5174/3126 4971/5175/3126 4972/5176/3126
f 4973/5171/3127 4974/5172/3127 4975/5173/3127 4976/5174/3127
f 4973/5171/3127 4976/5174/3127 4977/5175/3127 4978/5176/3127
f 4979/5171/3128 4980/5172/3128 4981/5173/3128 4982/5174/3128
f 4979/5171/3128 4982/5174/3128 4983/5175/3128 4984/5176/3128
f 4985/5171/3129 4986/5172/3129 4987/5173/3129 4988/5174/3129
f 4985/5171/3129 4988/5174/3129 4989/5175/3129 4990/5176/3129
f 4991/5171/3130 4992/5172/3130 4993/5173/3130 4994/5174/3130
f 4991/5171/3130 4994/5174/3130 4995/5175/3130 4996/5176/3130
f 4997/5171/3131 4998/5172/3131 4999/5173/3131 5000/5174/3131
f 4997/5171/3131 5000/5174/3131 5001/5175/3131 5002/5176/3131
f 5003/5171/3132 5004/5172/3132 5005/5173/3132 5006/5174/3132
f 5003/5171/3132 5006/5174/3132 5007/5175/3132 5008/5176/3132
f 5009/5171/3133 5010/5172/3133 5011/5173/3133 5012/5174/3133
f 5009/5171/3133 5012/5174/3133 5013/5175/3133 5014/5176/3133
f 5015/5171/3134 5016/5172/3134 5017/5173/3134 5018/5174/3134
f 5015/5171/3134 5018/5174/3134 5019/5175/3134 5020/5176/3134
f 5021/5171/3135 5022/5172/3135 5023/5173/3135 5024/5174/3135
f 5021/5171/3135 5024/5174/3135 5025/5175/3135 5026/5176/3135
f 5027/5171/3136 5028/5172/3136 5029/5173/3136 5030/5174/3136
f 5027/5171/3136 5030/5174/3136 5031/5175/3136 5032/5176/3136
f 5033/5171/3137 5034/5172/3137 5035/5173/3137 5036/5174/3137
f 5033/5171/3137 5036/5174/3137 5037/5175/3137 5038/5176/3137
f 5039/5171/3138 5040/5172/3138 5041/5173/3138 5042/5174/3138
f 5039/5171/3138 5042/5174/3138 5043/5175/3138 5044/5176/3138
f 5045/5171/3139 5046/5172/3139 5047/5173/3139 5048/5174/3139
f 5045/5171/3139 5048/5174/3139 5049/5175/3139 5050/5176/3139
f 5051/5171/3140 5052/5172/3140 5053/5173/3140 5054/5174/3140
f 5051/5171/3140 5054/5174/3140 5055/5175/3140 5056/5176/3140
f 5057/5171/3141 5058/5172/3141 5059/5173/3141 5060/5174/3141
f 5057/5171/3141 5060/5174/3141 5061/5175/3141 5062/5176/3141
f 5063/5171/3142 5064/5172/3142 5065/5173/3142 5066/5174/3142
f 5063/5171/3142 5066/5174/3142 5067/5175/3142 5068/5176/3142
f 5069/5171/3143 5070/5172/3143 5071/5173/3143 5072/5174/3143
f 5069/5171/3143 5072/5174/3143 5073/5175/3143 5074/5176/3143
f 5075/5171/3144 5076/5172/3144 5077/5173/3144 5078/5174/3144
f 5075/5171/3144 5078/5174/3144 5079/5175/3144 5080/5176/3144
f 5081/5171/3145 5082/5172/3145 5083/5173/3145 5084/5174/3145
f 5081/5171/3145 5084/5174/3145 5085/5175/3145 5086/5176/3145
f 5087/5171/3146 5088/5172/3146 5089/5173/3146 5090/5174/3146
f 5087/5171/3146 5090/5174/3146 5091/5175/3146 5092/5176/3146
f 5093/5171/3147 5094/5172/3147 5095/5173/3147 5096/5174/3147
f 5093/5171/3147 5096/5174/3147 5097/5175/3147 5098/5176/3147
f 5099/5171/3148 5100/5172/3148 5101/5173/3148 5102/5174/3148
f 5099/5171/3148 5102/5174/3148 5103/5175/3148 5104/5176/3148
f 5105/5171/3149 5106/5172/3149 5107/5173/3149 5108/5174/3149
f 5105/5171/3149 5108/5174/3149 5109/5175/3149 5110/5176/3149
f 5111/5171/3150 5112/5172/3150 5113/5173/3150 5114/5174/3150
f 5111/5171/3150 5114/5174/3150 5115/5175/3150 5116/5176/3150
f 5117/5171/3151 5118/5172/3151 5119/5173/3151 5120/5174/3151
f 5117/5171/3151 5120/5174/3151 5121/5175/3151 5122/5176/3151
f 5123/5171/3152 5124/5172/3152 5125/5173/3152 5126/5174/3152
f 5123/5171/3152 5126/5174/3152 5127/5175/3152 5128/5176/3152
f 5129/5171/3153 5130/5172/3153 5131/5173/3153 5132/5174/3153
f 5129/5171/3153 5132/5174/3153 5133/5175/3153 5134/5176/3153
f 5135/5171/3154 5136/5172/3154 5137/5173/3154 5138/5174/3154
f 5135/5171/3154 5138/5174/3154 5139/5175/3154 5140/5176/3154
f 5141/5171/3155 5142/5172/3155 5143/5173/3155 5144/5174/3155
f 5141/5171/3155 5144/5174/3155 5145/5175/3155 5146/5176/3155
f 5147/5171/3156 5148/5172/3156 5149/5173/3156 5150/5174/3156
f 5147/5171/3156 5150/5174/3156 5151/5175/3156 5152/5176/3156
f 5153/5171/3157 5154/5172/3157 5155/5173/3157 5156/5174/3157
f 5153/5171/3157 5156/5174/3157 5157/5175/3157 5158/5176/3157
f 5159/5171/3158 5160/5172/3158 5161/5173/3158 5162/5174/3158
f 5159/5171/3158 5162/5174/3158 5163/5175/3158 5164/5176/3158
f 5165/5171/3159 5166/5172/3159 5167/5173/3159 5168/5174/3159
f 5165/5171/3159 5168/5174/3159 5169/5175/3159 5170/5176/3159
f 5171/5171/3160 5172/5172/3160 5173/5173/3160 5174/5174/3160
f 5171/5171/3160 5174/5174/3160 5175/5175/3160 5176/5176/3160
f 5177/5171/3161 5178/5172/3161 5179/5173/3161 5180/5174/3161
f 5177/5171/3161 5180/5174/3161 5181/5175/3161 5182/5176/3161
f 5183/5171/3162 5184/5172/3162 5185/5173/3162 5186/5174/3162
f 5183/5171/3162 5186/5174/3162 5187/5175/3162 5188/5176/3162
f 5189/5171/3163 5190/5172/3163 5191/5173/3163 5192/5174/3163
f 5189/5171/3163 5192/5174/3163 5193/5175/3163 5194/5176/3163
f 5195/5171/3164 5196/5172/3164 5197/5173/3164 5198/5174/3164
f 5195/5171/3164 5198/5174/3164 5199/5175/3164 5200/5176/3164
f 5201/5171/3165 5202/5172/3165 5203/5173/3165 5204/5174/3165
f 5201/5171/3165 5204/5174/3165 5205/5175/3165 5206/5176/3165
f 5207/5171/3166 5208/5172/3166 5209/5173/3166 5210/5174/3166
f 5207/5171/3166 5210/5174/3166 5211/5175/3166 5212/5176/3166
f 5213/5171/3167 5214/5172/3167 5215/5173/3167 5216/5174/3167
f 5213/5171/3167 5216/5174/3167 5217/5175/3167 5218/5176/3167
f 5219/5171/3168 5220/5172/3168 5221/5173/3168 5222/5174/3168
f 5219/5171/3168 5222/5174/3168 5223/5175/3168 5224/5176/3168
f 5225/5171/3169 5226/5172/3169 5227/5173/3169 5228/5174/3169
f 5225/5171/3169 5228/5174/3169 5229/5175/3169 5230/5176/3169
f 5231/5171/3170 5232/5172/3170 5233/5173/3170 5234/5174/3170
f 5231/5171/3170 5234/5174/3170 5235/5175/3170 5236/5176/3170
f 5237/5171/3171 5238/5172/3171 5239/5173/3171 5240/5174/3171
f 5237/5171/3171 5240/5174/3171 5241/5175/3171 5242/5176/3171
f 5243/5171/3172 5244/5172/3172 5245/5173/3172 5246/5174/3172
f 5243/5171/3172 5246/5174/3172 5247/5175/3172 5248/5176/3172
f 5249/5171/3173 5250/5172/3173 5251/5173/3173 5252/5174/3173
f 5249/5171/3173 5252/5174/3173 5253/5175/3173 5254/5176/3173
f 5255/5171/3174 5256/5172/3174 5257/5173/3174 5258/5174/3174
f 5255/5171/3174 5258/5174/3174 5259/5175/3174 5260/5176/3174
f 5261/5171/3175 5262/5172/3175 5263/5173/3175 5264/5174/3175
f 5261/5171/3175 5264/5174/3175 5265/5175/3175 5266/5176/3175
f 5267/5171/3176 5268/5172/3176 5269/5173/3176 5270/5174/3176
f 5267/5171/3176 5270/5174/3176 5271/5175/3176 5272/5176/3176
f 5273/5171/3177 5274/5172/3177 5275/5173/3177 5276/5174/3177
f 5273/5171/3177 5276/5174/3177 5277/5175/3177 5278/5176/3177
f 5279/5171/3178 5280/5172/3178 5281/5173/3178 5282/5174/3178
f 5279/5171/3178 5282/5174/3178 5283/5175/3178 5284/5176/3178
f 5285/5171/3179 5286/5172/3179 5287/5173/3179 5288/5174/3179
f 5285/5171/3179 5288/5174/3179 5289/5175/3179 5290/5176/3179
f 5291/5171/3180 5292/5172/3180 5293/5173/3180 5294/5174/3180
f 5291/5171/3180 5294/5174/3180 5295/5175/3180 5296/5176/3180
f 5297/5171/3181 5298/5172/3181 5299/5173/3181 5300/5174/3181
f 5297/5171/3181 5300/5174/3181 5301/5175/3181 5302/5176/3181
f 5303/5171/3182 5304/5172/3182 5305/5173/3182 5306/5174/3182
f 5303/5171/3182 5306/5174/3182 5307/5175/3182 5308/5176/3182
f 5309/5171/3183 5310/5172/3183 5311/5173/3183 5312/5174/3183
f 5309/5171/3183 5312/5174/3183 5313/5175/3183 5314/5176/3183
f 5315/5171/3184 5316/5172/3184 5317/5173/3184 5318/5174/3184
f 5315/5171/3184 5318/5174/3184 5319/5175/3184 5320/5176/3184
f 5321/5171/3185 5322/5172/3185 5323/5173/3185 5324/5174/3185
f 5321/5171/3185 5324/5174/3185 5325/5175/3185 5326/5176/3185
f 5327/5171/3186 5328/5172/3186 5329/5173/3186 5330/5174/3186
f 5327/5171/3186 5330/5174/3186 5331/5175/3186 5332/5176/3186
f 5333/5171/3187 5334/5172/3187 5335/5173/3187 5336/5174/3187
f 5333/5171/3187 5336/5174/3187 5337/5175/3187 5338/5176/3187
f 5339/5171/3188 5340/5172/3188 5341/5173/3188 5342/5174/3188
f 5339/5171/3188 5342/5174/3188 5343/5175/3188 5344/5176/3188
f 5345/5171/3189 5346/5172/3189 5347/5173/3189 5348/5174/3189
f 5345/5171/3189 5348/5174/3189 5349/5175/3189 5350/5176/3189
f 5351/5171/3190 5352/5172/3190 5353/5173/3190 5354/5174/3190
f 5351/5171/3190 5354/5174/3190 5355/5175/3190 5356/5176/3190
f 5357/5171/3191 5358/5172/3191 5359/5173/3191 5360/5174/3191
f 5357/5171/3191 5360/5174/3191 5361/5175/3191 5362/5176/3191
f 5363/5171/3192 5364/5172/3192 5365/5173/3192 5366/5174/3192
f 5363/5171/3192 5366/5174/3192 5367/5175/3192 5368/5176/3192
f 5369/5171/3193 5370/5172/3193 5371/5173/3193 5372/5174/3193
f 5369/5171/3193 5372/5174/3193 5373/5175/3193 5374/5176/3193
f 5375/5171/3194 5376/5172/3194 5377/5173/3194 5378/5174/3194
f 5375/5171/3194 5378/5174/3194 5379/5175/3194 5380/5176/3194
f 5381/5171/3195 5382/5172/3195 5383/5173/3195 5384/5174/3195
f 5381/5171/3195 5384/5174/3195 5385/5175/3195 5386/5176/3195
f 5387/5171/3196 5388/5172/3196 5389/5173/3196 5390/5174/3196
f 5387/5171/3196 5390/5174/3196 5391/5175/3196 5392/5176/3196
f 5393/5171/3197 5394/5172/3197 5395/5173/3197 5396/5174/3197
f 5393/5171/3197 5396/5174/3197 5397/5175/3197 5398/5176/3197
f 5399/5171/3198 5400/5172/3198 5401/5173/3198 5402/5174/3198
f 5399/5171/3198 5402/5174/3198 5403/5175/3198 5404/5176/3198
f 5405/5171/3199 5406/5172/3199 5407/5173/3199 5408/5174/3199
f 5405/5171/3199 5408/5174/3199 5409/5175/3199 5410/5176/3199
f 5411/5171/3200 5412/5172/3200 5413/5173/3200 5414/5174/3200
f 5411/5171/3200 5414/5174/3200 5415/5175/3200 5416/5176/3200
f 5417/5171/3201 5418/5172/3201 5419/5173/3201 5420/5174/3201
f 5417/5171/3201 5420/5174/3201 5421/5175/3201 5422/5176/3201
f 5423/5171/3202 5424/5172/3202 5425/5173/3202 5426/5174/3202
f 5423/5171/3202 5426/5174/3202 5427/5175/3202 5428/5176/3202
f 5429/5171/3203 5430/5172/3203 5431/5173/3203 5432/5174/3203
f 5429/5171/3203 5432/5174/3203 5433/5175/3203 5434/5176/3203
f 5435/5171/3204 5436/5172/3204 5437/5173/3204 5438/5174/3204
f 5435/5171/3204 5438/5174/3204 5439/5175/3204 5440/5176/3204
f 5441/5171/3205 5442/5172/3205 5443/5173/3205 5444/5174/3205
f 5441/5171/3205 5444/5174/3205 5445/5175/3205 5446/5176/3205
f 5447/5171/3206 5448/5172/3206 5449/5173/3206 5450/5174/3206
f 5447/5171/3206 5450/5174/3206 5451/5175/3206 5452/5176/3206
f 5453/5171/3207 5454/5172/3207 5455/5173/3207 5456/5174/3207
f 5453/5171/3207 5456/5174/3207 5457/5175/3207 5458/5176/3207
f 5459/5171/3208 5460/5172/3208 5461/5173/3208 5462/5174/3208
f 5459/5171/3208 5462/5174/3208 5463/5175/3208 5464/5176/3208
f 5465/5171/3209 5466/5172/3209 5467/5173/3209 5468/5174/3209
f 5465/5171/3209 5468/5174/3209 5469/5175/3209 5470/5176/3209
f 5471/5171/3210 5472/5172/3210 5473/5173/3210 5474/5174/3210
f 5471/5171/3210 5474/5174/3210 5475/5175/3210 5476/5176/3210
f 5477/5171/3211 5478/5172/3211 5479/5173/3211 5480/5174/3211
f 5477/5171/3211 5480/5174/3211 5481/5175/3211 5482/5176/3211
f 5483/5171/3212 5484/5172/3212 5485/5173/3212 5486/5174/3212
f 5483/5171/3212 5486/5174/3212 5487/5175/3212 5488/5176/3212
f 5489/5171/3213 5490/5172/3213 5491/5173/3213 5492/5174/3213
f 5489/5171/3213 5492/5174/3213 5493/5175/3213 5494/5176/3213
f 5495/5171/3214 5496/5172/3214 5497/5173/3214 5498/5174/3214
f 5495/5171/3214 5498/5174/3214 5499/5175/3214 5500/5176/3214
f 5501/5171/3215 5502/5172/3215 5503/5173/3215 5504/5174/3215
f 5501/5171/3215 5504/5174/3215 5505/5175/3215 5506/5176/3215
f 5507/5171/3216 5508/5172/3216 5509/5173/3216 5510/5174/3216
f 5507/5171/3216 5510/5174/3216 5511/5175/3216 5512/5176/3216
f 5513/5171/3217 5514/5172/3217 5515/5173/3217 5516/5174/3217
f 5513/5171/3217 5516/5174/3217 5517/5175/3217 5518/5176/3217
f 5519/5171/3218 5520/5172/3218 5521/5173/3218 5522/5174/3218
f 5519/5171/3218 5522/5174/3218 5523/5175/3218 5524/5176/3218
f 5525/5171/3219 5526/5172/3219 5527/5173/3219 5528/5174/3219
f 5525/5171/3219 5528/5174/3219 5529/5175/3219 5530/5176/3219
f 5531/5171/3220 5532/5172/3220 5533/5173/3220 5534/5174/3220
f 5531/5171/3220 5534/5174/3220 5535/5175/3220 5536/5176/3220
f 5537/5171/3221 5538/5172/3221 5539/5173/3221 5540/5174/3221
f 5537/5171/3221 5540/5174/3221 5541/5175/3221 5542/5176/3221
f 5543/5171/3222 5544/5172/3222 5545/5173/3222 5546/5174/3222
f 5543/5171/3222 5546/5174/3222 5547/5175/3222 5548/5176/3222
f 5549/5171/3223 5550/5172/3223 5551/5173/3223 5552/5174/3223
f 5549/5171/3223 5552/5174/3223 5553/5175/3223 5554/5176/3223
f 5555/5171/3224 5556/5172/3224 5557/5173/3224 5558/5174/3224
f 5555/5171/3224 5558/5174/3224 5559/5175/3224 5560/5176/3224
f 5561/5171/3225 5562/5172/3225 5563/5173/3225 5564/5174/3225
f 5561/5171/3225 5564/5174/3225 5565/5175/3225 5566/5176/3225
f 5567/5171/3226 5568/5172/3226 5569/5173/3226 5570/5174/3226
f 5567/5171/3226 5570/5174/3226 5571/5175/3226 5572/5176/3226
f 5573/5171/3227 5574/5172/3227 5575/5173/3227 5576/5174/3227
f 5573/5171/3227 5576/5174/3227 5577/5175/3227 5578/5176/3227
f 5579/5171/3228 5580/5172/3228 5581/5173/3228 5582/5174/3228
f 5579/5171/3228 5582/5174/3228 5583/5175/3228 5584/5176/3228
f 5585/5171/3229 5586/5172/3229 5587/5173/3229 5588/5174/3229
f 5585/5171/3229 5588/5174/3229 5589/5175/3229 5590/5176/3229
f 5591/5171/3230 5592/5172/3230 5593/5173/3230 5594/5174/3230
f 5591/5171/3230 5594/5174/3230 5595/5175/3230 5596/5176/3230
f 5597/5171/3231 5598/5172/3231 5599/5173/3231 5600/5174/3231
f 5597/5171/3231 5600/5174/3231 5601/5175/3231 5602/5176/3231
f 5603/5171/3232 5604/5172/3232 5605/5173/3232 5606/5174/3232
f 5603/5171/3232 5606/5174/3232 5607/5175/3232 5608/5176/3232
f 5609/5171/3233 5610/5172/3233 5611/5173/3233 5612/5174/3233
f 5609/5171/3233 5612/5174/3233 5613/5175/3233 5614/5176/3233
f 5615/5171/3234 5616/5172/3234 5617/5173/3234 5618/5174/3234
f 5615/5171/3234 5618/5174/3234 5619/5175/3234 5620/5176/3234
f 5621/5171/3235 5622/5172/3235 5623/5173/3235 5624/5174/3235
f 5621/5171/3235 5624/5174/3235 5625/5175/3235 5626/5176/3235
f 5627/5171/3236 5628/5172/3236 5629/5173/3236 5630/5174/3236
f 5627/5171/3236 5630/5174/3236 5631/5175/3236 5632/5176/3236
f 5633/5171/3237 5634/5172/3237 5635/5173/3237 5636/5174/3237
f 5633/5171/3237 5636/5174/3237 5637/5175/3237 5638/5176/3237
f 5639/5171/3238 5640/5172/3238 5641/5173/3238 5642/5174/3238
f 5639/5171/3238 5642/5174/3238 5643/5175/3238 5644/5176/3238
f 5645/5171/3239 5646/5172/3239 5647/5173/3239 5648/5174/3239
f 5645/5171/3239 5648/5174/3239 5649/5175/3239 5650/5176/3239
f 5651/5171/3240 5652/5172/3240 5653/5173/3240 5654/5174/3240
f 5651/5171/3240 5654/5174/3240 5655/5175/3240 5656/5176/3240
f 5657/5171/3241 5658/5172/3241 5659/5173/3241 5660/5174/3241
f 5657/5171/3241 5660/5174/3241 5661/5175/3241 5662/5176/3241
f 5663/5171/3242 5664/5172/3242 5665/5173/3242 5666/5174/3242
f 5663/5171/3242 5666/5174/3242 5667/5175/3242 5668/5176/3242
f 5669/5171/3243 5670/5172/3243 5671/5173/3243 5672/5174/3243
f 5669/5171/3243 5672/5174/3243 5673/5175/3243 5674/5176/3243
f 5675/5171/3244 5676/5172/3244 5677/5173/3244 5678/5174/3244
f 5675/5171/3244 5678/5174/3244 5679/5175/3244 5680/5176/3244
f 5681/5171/3245 5682/5172/3245 5683/5173/3245 5684/5174/3245
f 5681/5171/3245 5684/5174/3245 5685/5175/3245 5686/5176/3245
f 5687/5171/3246 5688/5172/3246 5689/5173/3246 5690/5174/3246
f 5687/5171/3246 5690/5174/3246 5691/5175/3246 5692/5176/3246
f 5693/5171/3247 5694/5172/3247 5695/5173/3247 5696/5174/3247
f 5693/5171/3247 5696/5174/3247 5697/5175/3247 5698/5176/3247
f 5699/5171/3248 5700/5172/3248 5701/5173/3248 5702/5174/3248
f 5699/5171/3248 5702/5174/3248 5703/5175/3248 5704/5176/3248
f 5705/5171/3249 5706/5172/3249 5707/5173/3249 5708/5174/3249
f 5705/5171/3249 5708/5174/3249 5709/5175/3249 5710/5176/3249
f 5711/5171/3250 5712/5172/3250 5713/5173/3250 5714/5174/3250
f 5711/5171/3250 5714/5174/3250 5715/5175/3250 5716/5176/3250
f 5717/5171/3251 5718/5172/3251 5719/5173/3251 5720/5174/3251
f 5717/5171/3251 5720/5174/3251 5721/5175/3251 5722/5176/3251
f 5723/5171/3252 5724/5172/3252 5725/5173/3252 5726/5174/3252
f 5723/5171/3252 5726/5174/3252 5727/5175/3252 5728/5176/3252
f 5729/5171/3253 5730/5172/3253 5731/5173/3253 5732/5174/3253
f 5729/5171/3253 5732/5174/3253 5733/5175/3253 5734/5176/3253
f 5735/5171/3254 5736/5172/3254 5737/5173/3254 5738/5174/3254
f 5735/5171/3254 5738/5174/3254 5739/5175/3254 5740/5176/3254
f 5741/5171/3255 5742/5172/3255 5743/5173/3255 5744/5174/3255
f 5741/5171/3255 5744/5174/3255 5745/5175/3255 5746/5176/3255
f 5747/5171/3256 5748/5172/3256 5749/5173/3256 5750/5174/3256
f 5747/5171/3256 5750/5174/3256 5751/5175/3256 5752/5176/3256
