# Blender 3.6.0
# www.blender.org
mtllib Drzewo_9.mtl
o tree
v -0.011871 0.000000 0.020561
v 0.011871 0.000000 0.020561
v 0.023742 0.000000 0.000000
v 0.011871 0.000000 -0.020561
v -0.011871 0.000000 -0.020561
v -0.023742 0.000000 0.000000
v -0.008956 0.066541 0.015640
v 0.008608 0.070612 0.015439
v 0.017564 0.071127 -0.000201
v 0.008956 0.067572 -0.015640
v -0.008608 0.063502 -0.015439
v -0.017564 0.062987 0.000201
v -0.037900 0.127872 0.000670
v -0.022675 0.132574 0.000252
v -0.014121 0.130711 -0.013069
v -0.020793 0.124146 -0.025972
v -0.036019 0.119444 -0.025554
v -0.044572 0.121307 -0.012233
v -0.042516 0.166986 -0.019447
v -0.028797 0.168839 -0.018983
v -0.020980 0.165461 -0.029906
v -0.026881 0.160231 -0.041293
v -0.040599 0.158378 -0.041756
v -0.048416 0.161756 -0.030833
v -0.045303 0.207404 -0.034460
v -0.033918 0.210350 -0.034483
v -0.027731 0.209839 -0.044471
v -0.032929 0.206381 -0.054438
v -0.044315 0.203435 -0.054415
v -0.050502 0.203946 -0.044427
v -0.065344 0.257082 -0.040886
v -0.056279 0.260446 -0.041028
v -0.051726 0.261722 -0.049464
v -0.056238 0.259633 -0.057758
v -0.065304 0.256269 -0.057616
v -0.069857 0.254993 -0.049180
v -0.079732 0.304757 -0.042985
v -0.072448 0.306854 -0.043095
v -0.068973 0.308141 -0.049709
v -0.072783 0.307331 -0.056212
v -0.080067 0.305234 -0.056103
v -0.083541 0.303947 -0.049489
v -0.092678 0.360527 -0.039712
v -0.087399 0.362036 -0.039792
v -0.084791 0.362649 -0.044584
v -0.087462 0.361754 -0.049298
v -0.092741 0.360246 -0.049218
v -0.095349 0.359632 -0.044425
v -0.110036 0.417661 -0.050112
v -0.106797 0.418697 -0.050171
v -0.105098 0.418801 -0.053115
v -0.106637 0.417868 -0.056000
v -0.109876 0.416832 -0.055942
v -0.111575 0.416729 -0.052998
v -0.007752 0.071246 0.005064
v 0.001564 0.071246 0.009127
v 0.009316 0.067057 0.004062
v 0.007752 0.062868 -0.005064
v -0.001564 0.062868 -0.009127
v -0.009316 0.067057 -0.004062
v 0.001254 0.107301 -0.014409
v 0.009393 0.106647 -0.010660
v 0.016688 0.105923 -0.015856
v 0.015843 0.105854 -0.024801
v 0.007704 0.106508 -0.028550
v 0.000409 0.107232 -0.023354
v 0.001216 0.130420 -0.004067
v 0.008278 0.129450 -0.000882
v 0.014682 0.131280 -0.004955
v 0.014025 0.134080 -0.012213
v 0.006963 0.135049 -0.015398
v 0.000559 0.133220 -0.011325
v 0.000925 0.162022 0.005784
v 0.006918 0.161288 0.008521
v 0.012364 0.162622 0.004983
v 0.011816 0.164689 -0.001291
v 0.005823 0.165424 -0.004028
v 0.000378 0.164090 -0.000491
v 0.001297 0.197646 0.016868
v 0.006089 0.198146 0.019419
v 0.010511 0.199695 0.016633
v 0.010141 0.200744 0.011296
v 0.005349 0.200245 0.008746
v 0.000927 0.198695 0.011532
v -0.012401 0.232580 0.019329
v -0.008829 0.233612 0.021434
v -0.005437 0.235085 0.019293
v -0.005617 0.235525 0.015046
v -0.009189 0.234493 0.012941
v -0.012581 0.233020 0.015082
v -0.020967 0.264899 0.023459
v -0.018196 0.264993 0.024835
v -0.015728 0.266020 0.023275
v -0.016031 0.266954 0.020340
v -0.018802 0.266860 0.018964
v -0.021270 0.265833 0.020524
v -0.023284 0.298393 0.040961
v -0.021524 0.298169 0.041688
v -0.020001 0.298839 0.040737
v -0.020237 0.299733 0.039058
v -0.021996 0.299958 0.038330
v -0.023520 0.299288 0.039281
v -0.008985 0.074489 -0.013753
v -0.016191 0.074489 0.002775
v -0.007207 0.067057 0.016527
v 0.008985 0.059625 0.013753
v 0.016191 0.059625 -0.002775
v 0.007207 0.067057 -0.016527
v 0.044712 0.179817 0.010828
v 0.037148 0.176721 0.024514
v 0.045011 0.169943 0.036610
v 0.060439 0.166261 0.035021
v 0.068003 0.169357 0.021336
v 0.060140 0.176135 0.009239
v 0.049534 0.244419 0.048106
v 0.042640 0.239738 0.059170
v 0.049586 0.234549 0.069971
v 0.063424 0.234041 0.069710
v 0.070318 0.238723 0.058646
v 0.063373 0.243911 0.047844
v 0.052817 0.312864 0.074973
v 0.046991 0.309615 0.084658
v 0.052921 0.306072 0.094177
v 0.064676 0.305777 0.094009
v 0.070502 0.309025 0.084323
v 0.064573 0.312568 0.074805
v 0.056469 0.404935 0.108373
v 0.051819 0.403553 0.116738
v 0.056685 0.400548 0.124537
v 0.066201 0.398925 0.123969
v 0.070852 0.400306 0.115604
v 0.065986 0.403311 0.107805
v 0.090034 0.497684 0.128216
v 0.086558 0.497299 0.134942
v 0.090357 0.494883 0.141040
v 0.097634 0.492853 0.140414
v 0.101111 0.493238 0.133688
v 0.097311 0.495654 0.127590
v 0.113106 0.586076 0.150129
v 0.110520 0.585527 0.154941
v 0.113318 0.583960 0.159398
v 0.118702 0.582942 0.159043
v 0.121288 0.583491 0.154230
v 0.118490 0.585058 0.149773
v 0.129895 0.683116 0.173326
v 0.128284 0.682722 0.176295
v 0.130031 0.681828 0.179073
v 0.133390 0.681330 0.178882
v 0.135001 0.681724 0.175913
v 0.133254 0.682617 0.173135
v 0.013753 0.074489 -0.008985
v -0.002775 0.074489 -0.016191
v -0.016527 0.067057 -0.007207
v -0.013753 0.059625 0.008985
v 0.002775 0.059625 0.016191
v 0.016527 0.067057 0.007207
v -0.006075 0.156773 0.033836
v -0.020703 0.156886 0.027504
v -0.033384 0.153880 0.036683
v -0.031437 0.150762 0.052194
v -0.016809 0.150649 0.058526
v -0.004128 0.153654 0.049347
v -0.005633 0.214811 0.032352
v -0.018347 0.215041 0.026862
v -0.029448 0.215640 0.035123
v -0.027835 0.216009 0.048874
v -0.015121 0.215779 0.054364
v -0.004020 0.215180 0.046103
v -0.004378 0.313385 0.031436
v -0.015160 0.313946 0.026774
v -0.024598 0.314109 0.033788
v -0.023254 0.313712 0.045465
v -0.012471 0.313151 0.050127
v -0.003033 0.312988 0.043112
v -0.001263 0.411736 0.040667
v -0.010115 0.412538 0.036857
v -0.017892 0.412301 0.042600
v -0.016817 0.411262 0.052155
v -0.007965 0.410460 0.055965
v -0.000188 0.410697 0.050222
v 0.001236 0.508326 0.054088
v -0.005691 0.509194 0.051133
v -0.011799 0.508771 0.055603
v -0.010980 0.507480 0.063028
v -0.004053 0.506613 0.065983
v 0.002055 0.507036 0.061513
v 0.005579 0.602170 0.075087
v 0.000564 0.602849 0.072957
v -0.003871 0.602308 0.076148
v -0.003291 0.601087 0.081470
v 0.001724 0.600408 0.083601
v 0.006159 0.600949 0.080409
v 0.005259 0.691089 0.097676
v 0.002151 0.691456 0.096344
v -0.000599 0.691029 0.098300
v -0.000241 0.690235 0.101588
v 0.002867 0.689868 0.102920
v 0.005617 0.690295 0.100964
v -0.020588 0.129280 -0.013686
v -0.026504 0.129280 -0.021000
v -0.035263 0.126009 -0.019965
v -0.038106 0.122737 -0.011616
v -0.032190 0.122737 -0.004302
v -0.023431 0.126009 -0.005337
v -0.036313 0.171584 -0.001763
v -0.041484 0.171679 -0.008093
v -0.049206 0.169191 -0.007100
v -0.051758 0.166609 0.000223
v -0.046588 0.166513 0.006553
v -0.038866 0.169001 0.005560
v -0.050084 0.223668 0.010370
v -0.054517 0.223919 0.005036
v -0.061188 0.222256 0.005986
v -0.063426 0.220342 0.012271
v -0.058993 0.220091 0.017605
v -0.052322 0.221754 0.016655
v -0.062971 0.282575 0.023935
v -0.066676 0.283855 0.019786
v -0.072254 0.284188 0.020944
v -0.074128 0.283240 0.026250
v -0.070424 0.281960 0.030399
v -0.064846 0.281627 0.029241
v -0.039417 0.341214 0.036135
v -0.042189 0.342803 0.033004
v -0.046345 0.344035 0.034113
v -0.047728 0.343678 0.038353
v -0.044955 0.342089 0.041484
v -0.040800 0.340857 0.040375
v -0.026209 0.392415 0.046225
v -0.028263 0.393413 0.043926
v -0.031349 0.394054 0.044678
v -0.032381 0.393697 0.047729
v -0.030326 0.392699 0.050028
v -0.027240 0.392058 0.049276
v -0.013421 0.452655 0.059459
v -0.014697 0.453259 0.058033
v -0.016620 0.453609 0.058489
v -0.017267 0.453353 0.060371
v -0.015991 0.452748 0.061798
v -0.014068 0.452399 0.061342
v 0.008104 0.106926 -0.019191
v 0.008790 0.106926 -0.019048
v 0.009234 0.106577 -0.019462
v 0.008993 0.106229 -0.020020
v 0.008307 0.106229 -0.020163
v 0.007863 0.106577 -0.019748
v 0.008886 0.111916 -0.022713
v 0.009482 0.111914 -0.022588
v 0.009874 0.111661 -0.022978
v 0.009671 0.111411 -0.023495
v 0.009075 0.111413 -0.023620
v 0.008683 0.111666 -0.023230
v 0.009301 0.115763 -0.024292
v 0.009806 0.115761 -0.024185
v 0.010147 0.115621 -0.024548
v 0.009981 0.115483 -0.025018
v 0.009475 0.115485 -0.025124
v 0.009135 0.115625 -0.024761
v 0.009754 0.123225 -0.026223
v 0.010159 0.123152 -0.026117
v 0.010438 0.123035 -0.026415
v 0.010313 0.122990 -0.026819
v 0.009907 0.123063 -0.026924
v 0.009628 0.123180 -0.026626
v 0.013209 0.131474 -0.027195
v 0.013514 0.131373 -0.027107
v 0.013733 0.131282 -0.027340
v 0.013647 0.131292 -0.027662
v 0.013342 0.131393 -0.027750
v 0.013123 0.131484 -0.027517
v 0.015352 0.138622 -0.027374
v 0.015576 0.138559 -0.027310
v 0.015742 0.138518 -0.027480
v 0.015685 0.138541 -0.027713
v 0.015461 0.138604 -0.027777
v 0.015294 0.138644 -0.027607
v 0.017563 0.147029 -0.026811
v 0.017702 0.146991 -0.026772
v 0.017807 0.146972 -0.026876
v 0.017773 0.146991 -0.027021
v 0.017634 0.147029 -0.027060
v 0.017529 0.147048 -0.026955
v 0.042245 0.177826 0.028034
v 0.052953 0.177826 0.034443
v 0.063283 0.173039 0.029334
v 0.062905 0.168252 0.017815
v 0.052198 0.168252 0.011406
v 0.041868 0.173039 0.016516
v 0.057666 0.232600 0.003857
v 0.066948 0.232506 0.009462
v 0.076054 0.228900 0.004810
v 0.075879 0.225388 -0.005447
v 0.066597 0.225482 -0.011052
v 0.057491 0.229088 -0.006400
v 0.070888 0.295613 -0.014171
v 0.078731 0.295337 -0.009357
v 0.086621 0.293086 -0.013535
v 0.086667 0.291111 -0.022527
v 0.078824 0.291387 -0.027342
v 0.070935 0.293639 -0.023163
v 0.084786 0.376923 -0.028492
v 0.091191 0.376419 -0.024487
v 0.097756 0.375053 -0.028003
v 0.097915 0.374192 -0.035523
v 0.091510 0.374696 -0.039527
v 0.084945 0.376062 -0.036012
v 0.099251 0.467386 -0.034446
v 0.104247 0.466809 -0.031295
v 0.109445 0.466114 -0.034075
v 0.109646 0.465996 -0.040005
v 0.104650 0.466574 -0.043155
v 0.099452 0.467268 -0.040376
v 0.110961 0.561409 -0.032768
v 0.114546 0.561988 -0.030468
v 0.118265 0.562816 -0.032457
v 0.118400 0.563066 -0.036746
v 0.114815 0.562487 -0.039046
v 0.111095 0.561659 -0.037057
v 0.066484 0.647061 -0.026529
v 0.068491 0.648018 -0.025065
v 0.070550 0.649219 -0.026251
v 0.070601 0.649463 -0.028902
v 0.068594 0.648506 -0.030366
v 0.066535 0.647305 -0.029180
v -0.006591 0.160234 0.034997
v -0.021215 0.160234 0.028654
v -0.033380 0.153767 0.036673
v -0.030921 0.147301 0.051033
v -0.016297 0.147301 0.057376
v -0.004132 0.153767 0.049357
v -0.025096 0.239466 0.075030
v -0.037824 0.239577 0.069568
v -0.048544 0.234747 0.076890
v -0.046535 0.229806 0.089672
v -0.033807 0.229695 0.095133
v -0.023088 0.234525 0.087812
v -0.037855 0.325530 0.105962
v -0.048683 0.325767 0.101377
v -0.057911 0.322550 0.107920
v -0.056311 0.319096 0.119048
v -0.045483 0.318859 0.123632
v -0.036255 0.322076 0.117089
v -0.051297 0.437420 0.142053
v -0.060224 0.437858 0.138361
v -0.067845 0.435543 0.143847
v -0.066538 0.432790 0.153025
v -0.057610 0.432352 0.156717
v -0.049990 0.434667 0.151231
v -0.059367 0.554913 0.180056
v -0.066374 0.555377 0.177199
v -0.072356 0.553693 0.181539
v -0.071332 0.551545 0.188737
v -0.064326 0.551081 0.191594
v -0.058343 0.552766 0.187253
v -0.068644 0.673400 0.217113
v -0.073669 0.674757 0.215365
v -0.077964 0.674333 0.218760
v -0.077233 0.672553 0.223903
v -0.072207 0.671196 0.225650
v -0.067913 0.671619 0.222255
v -0.026156 0.784541 0.257146
v -0.029097 0.786009 0.256274
v -0.031627 0.786223 0.258537
v -0.031216 0.784969 0.261672
v -0.028274 0.783501 0.262543
v -0.025745 0.783287 0.260281
v -0.049301 0.210140 -0.039546
v -0.039432 0.210140 -0.033150
v -0.029247 0.206893 -0.038053
v -0.028932 0.203645 -0.049352
v -0.038801 0.203645 -0.055748
v -0.048986 0.206893 -0.050845
v -0.028085 0.315628 -0.070371
v -0.020016 0.315365 -0.065047
v -0.011577 0.313056 -0.069168
v -0.011208 0.311009 -0.078612
v -0.019277 0.311272 -0.083936
v -0.027715 0.313581 -0.079816
v -0.008723 0.424967 -0.086627
v -0.002436 0.424519 -0.082415
v 0.004262 0.423238 -0.085728
v 0.004671 0.422405 -0.093252
v -0.001616 0.422853 -0.097463
v -0.008314 0.424134 -0.094150
v 0.008127 0.548537 -0.095793
v 0.012660 0.548052 -0.092733
v 0.017548 0.547409 -0.095150
v 0.017903 0.547251 -0.100627
v 0.013370 0.547735 -0.103687
v 0.008482 0.548379 -0.101270
v 0.025677 0.677713 -0.093566
v 0.028474 0.677328 -0.091670
v 0.031510 0.676997 -0.093167
v 0.031748 0.677050 -0.096560
v 0.028951 0.677435 -0.098455
v 0.025915 0.677767 -0.096958
v 0.003466 0.201299 0.009587
v 0.000694 0.201299 0.014281
v 0.002948 0.199195 0.018777
v 0.007973 0.197091 0.018578
v 0.010744 0.197091 0.013884
v 0.008490 0.199195 0.009388
v 0.039988 0.284882 0.031829
v 0.037767 0.284760 0.035478
v 0.039573 0.283209 0.039027
v 0.043599 0.281780 0.038927
v 0.045819 0.281903 0.035278
v 0.044014 0.283454 0.031729
v 0.061166 0.354325 0.050527
v 0.059516 0.354099 0.053136
v 0.060872 0.353133 0.055745
v 0.063877 0.352393 0.055746
v 0.065527 0.352619 0.053137
v 0.064171 0.353584 0.050527
v 0.078301 0.437987 0.070928
v 0.077273 0.437819 0.072537
v 0.078124 0.437274 0.074166
v 0.080004 0.436898 0.074186
v 0.081032 0.437066 0.072577
v 0.080181 0.437611 0.070948
v 0.067015 0.403777 0.114139
v 0.062097 0.403777 0.110187
v 0.056417 0.401930 0.112219
v 0.055655 0.400082 0.118203
v 0.060573 0.400082 0.122156
v 0.066253 0.401930 0.120124
v 0.054804 0.452163 0.128241
v 0.050918 0.452315 0.125185
v 0.046432 0.451030 0.126824
v 0.045832 0.449594 0.131518
v 0.049718 0.449442 0.134574
v 0.054204 0.450727 0.132935
v 0.046701 0.500169 0.142462
v 0.043828 0.500797 0.140416
v 0.040542 0.500196 0.141710
v 0.040128 0.498967 0.145049
v 0.043001 0.498339 0.147095
v 0.046287 0.498940 0.145802
v 0.048678 0.548489 0.164553
v 0.046902 0.549126 0.163386
v 0.044868 0.548882 0.164239
v 0.044610 0.548000 0.166259
v 0.046387 0.547363 0.167426
v 0.048421 0.547608 0.166573
v -0.065146 0.284490 0.027063
v -0.065334 0.284490 0.022828
v -0.068738 0.282907 0.020857
v -0.071954 0.281325 0.023122
v -0.071766 0.281325 0.027357
v -0.068362 0.282907 0.029328
v -0.091288 0.337363 0.027763
v -0.091481 0.337467 0.024446
v -0.094248 0.336451 0.022910
v -0.096821 0.335332 0.024690
v -0.096628 0.335228 0.028007
v -0.093862 0.336244 0.029543
v -0.106406 0.381799 0.031183
v -0.106592 0.382009 0.028792
v -0.108679 0.381513 0.027700
v -0.110580 0.380809 0.028998
v -0.110394 0.380600 0.031389
v -0.108307 0.381095 0.032482
v -0.121939 0.436373 0.038142
v -0.122064 0.436539 0.036665
v -0.123370 0.436278 0.035994
v -0.124550 0.435851 0.036799
v -0.124425 0.435686 0.038276
v -0.123119 0.435947 0.038947
v 0.010279 0.123262 -0.026210
v 0.010419 0.123262 -0.026611
v 0.010173 0.123108 -0.026922
v 0.009788 0.122953 -0.026831
v 0.009648 0.122953 -0.026430
v 0.009893 0.123108 -0.026119
v -0.023817 0.201399 -0.038151
v -0.023712 0.201409 -0.038467
v -0.023913 0.201311 -0.038713
v -0.024221 0.201203 -0.038644
v -0.024326 0.201193 -0.038328
v -0.024125 0.201291 -0.038081
v -0.044194 0.266313 -0.040561
v -0.044121 0.266332 -0.040790
v -0.044276 0.266286 -0.040970
v -0.044502 0.266220 -0.040920
v -0.044575 0.266201 -0.040691
v -0.044421 0.266247 -0.040511
v -0.065675 0.345059 -0.039043
v -0.065631 0.345074 -0.039185
v -0.065728 0.345050 -0.039297
v -0.065869 0.345011 -0.039266
v -0.065913 0.344996 -0.039124
v -0.065816 0.345020 -0.039013
v -0.089203 0.361624 -0.045799
v -0.090833 0.361624 -0.045863
v -0.091700 0.361141 -0.044569
v -0.090937 0.360658 -0.043211
v -0.089308 0.360658 -0.043146
v -0.088441 0.361141 -0.044440
v -0.089853 0.383691 -0.037215
v -0.090862 0.383691 -0.037255
v -0.091399 0.383392 -0.036454
v -0.090927 0.383093 -0.035612
v -0.089918 0.383093 -0.035573
v -0.089381 0.383392 -0.036374
v -0.019224 0.266576 0.023206
v -0.017598 0.266576 0.023092
v -0.016873 0.265927 0.021785
v -0.017774 0.265277 0.020593
v -0.019399 0.265277 0.020707
v -0.020124 0.265927 0.022014
v -0.020303 0.303588 0.003443
v -0.019296 0.303588 0.003373
v -0.018847 0.303186 0.002563
v -0.019405 0.302783 0.001825
v -0.020412 0.302783 0.001895
v -0.020861 0.303186 0.002705
v 0.113334 0.562932 -0.035472
v 0.113490 0.562932 -0.033804
v 0.114837 0.562237 -0.033089
v 0.116027 0.561543 -0.034042
v 0.115871 0.561543 -0.035710
v 0.114524 0.562237 -0.036425
v 0.128647 0.589954 -0.036587
v 0.128744 0.589954 -0.035554
v 0.129578 0.589524 -0.035111
v 0.130315 0.589094 -0.035701
v 0.130218 0.589094 -0.036734
v 0.129384 0.589524 -0.037177
v -0.070202 0.675209 0.224712
v -0.067989 0.675209 0.219687
v -0.070725 0.672976 0.215482
v -0.075674 0.670744 0.216303
v -0.077887 0.670744 0.221328
v -0.075151 0.672976 0.225533
v -0.125352 0.785541 0.199286
v -0.123982 0.785541 0.196173
v -0.125676 0.784159 0.193569
v -0.128742 0.782776 0.194077
v -0.130112 0.782776 0.197190
v -0.128418 0.784159 0.199794
v 0.046420 0.500377 0.145530
v 0.046399 0.500377 0.141947
v 0.043394 0.499568 0.140173
v 0.040409 0.498760 0.141981
v 0.040429 0.498760 0.145564
v 0.043435 0.499568 0.147338
v 0.011907 0.623673 0.145044
v 0.011894 0.623673 0.142825
v 0.010033 0.623172 0.141726
v 0.008184 0.622672 0.142846
v 0.008197 0.622672 0.145065
v 0.010058 0.623172 0.146164
v 0.065116 0.302789 0.071635
v 0.053119 0.302789 0.070833
v 0.046463 0.299467 0.080278
v 0.051803 0.296145 0.090525
v 0.063800 0.296145 0.091327
v 0.070456 0.299467 0.081882
v 0.062442 0.363296 0.094032
v 0.052783 0.363384 0.093414
v 0.047419 0.361132 0.101148
v 0.051712 0.358790 0.109500
v 0.061370 0.358702 0.110118
v 0.066735 0.360954 0.102384
v 0.061390 0.425588 0.110685
v 0.054075 0.425922 0.110287
v 0.050015 0.424621 0.116254
v 0.053270 0.422985 0.122619
v 0.060585 0.422651 0.123017
v 0.064646 0.423952 0.117050
v 0.063957 0.488253 0.128056
v 0.058979 0.488405 0.127767
v 0.056214 0.487432 0.131804
v 0.058428 0.486306 0.136131
v 0.063407 0.486153 0.136420
v 0.066171 0.487127 0.132383
v 0.060813 0.550801 0.146280
v 0.058182 0.551057 0.146181
v 0.056710 0.550406 0.148279
v 0.057869 0.549499 0.150477
v 0.060499 0.549243 0.150576
v 0.061971 0.549894 0.148478
v 0.071393 0.607617 0.176197
v 0.071099 0.607677 0.176199
v 0.070931 0.607596 0.176434
v 0.071058 0.607456 0.176668
v 0.071351 0.607396 0.176666
v 0.071519 0.607476 0.176430
v 0.069799 0.383721 0.057794
v 0.067182 0.383721 0.058458
v 0.066351 0.382421 0.060673
v 0.068137 0.381121 0.062226
v 0.070755 0.381121 0.061562
v 0.071586 0.382421 0.059346
v 0.086560 0.486202 0.124802
v 0.084399 0.485821 0.125138
v 0.083719 0.484883 0.127032
v 0.085200 0.484327 0.128590
v 0.087361 0.484708 0.128253
v 0.088041 0.485646 0.126359
v 0.046819 0.598737 0.157101
v 0.045157 0.598258 0.157291
v 0.044614 0.597582 0.158800
v 0.045732 0.597384 0.160118
v 0.047395 0.597863 0.159927
v 0.047938 0.598539 0.158419
v 0.030655 0.711188 0.206662
v 0.029458 0.710813 0.206787
v 0.029109 0.710147 0.207798
v 0.029956 0.709856 0.208684
v 0.031153 0.710231 0.208560
v 0.031502 0.710897 0.207549
v -0.006338 0.806483 0.276810
v -0.007080 0.806256 0.276891
v -0.007264 0.805701 0.277407
v -0.006705 0.805372 0.277842
v -0.005963 0.805598 0.277760
v -0.005780 0.806153 0.277244
v -0.002222 0.879051 0.377047
v -0.002509 0.878987 0.377106
v -0.002578 0.878753 0.377280
v -0.002360 0.878582 0.377395
v -0.002073 0.878646 0.377336
v -0.002004 0.878880 0.377162
v 0.064708 0.440098 0.118970
v 0.063951 0.440098 0.127860
v 0.070469 0.436661 0.132892
v 0.077742 0.433223 0.129033
v 0.078499 0.433223 0.120143
v 0.071981 0.436661 0.115111
v 0.193936 0.697876 0.130777
v 0.192790 0.696410 0.137731
v 0.198203 0.694061 0.141853
v 0.204761 0.693178 0.139022
v 0.205907 0.694643 0.132069
v 0.200494 0.696992 0.127947
v 0.193865 0.960094 0.251680
v 0.192860 0.958144 0.256695
v 0.197005 0.956541 0.259889
v 0.202156 0.956888 0.258069
v 0.203161 0.958838 0.253055
v 0.199016 0.960441 0.249860
v 0.236661 1.228692 0.347716
v 0.235973 1.227648 0.351250
v 0.238812 1.227175 0.353652
v 0.242340 1.227747 0.352520
v 0.243028 1.228791 0.348986
v 0.240189 1.229264 0.346584
v 0.157632 1.500378 0.406062
v 0.157270 1.499624 0.407905
v 0.158813 1.499173 0.409136
v 0.160719 1.499476 0.408522
v 0.161081 1.500230 0.406679
v 0.159538 1.500681 0.405448
v 0.224284 1.739114 0.555942
v 0.224227 1.738970 0.556199
v 0.224447 1.738822 0.556340
v 0.224723 1.738818 0.556224
v 0.224781 1.738962 0.555968
v 0.224561 1.739110 0.555826
v 0.119188 0.546574 -0.039358
v 0.114641 0.546574 -0.039620
v 0.112143 0.545986 -0.035858
v 0.114192 0.545398 -0.031833
v 0.118739 0.545398 -0.031570
v 0.121237 0.545986 -0.035333
v 0.116937 0.746461 -0.008445
v 0.113253 0.746784 -0.008648
v 0.111260 0.747227 -0.005558
v 0.112951 0.747347 -0.002265
v 0.116635 0.747024 -0.002062
v 0.118628 0.746581 -0.005152
v 0.154077 0.934883 -0.070344
v 0.151256 0.935257 -0.070541
v 0.149869 0.936736 -0.068534
v 0.151303 0.937840 -0.066329
v 0.154125 0.937466 -0.066132
v 0.155511 0.935988 -0.068139
v 0.174368 1.078662 -0.211381
v 0.172387 1.078918 -0.211513
v 0.171501 1.080410 -0.210515
v 0.172597 1.081646 -0.209384
v 0.174578 1.081390 -0.209251
v 0.175463 1.079898 -0.210250
v 0.205627 1.178411 -0.385186
v 0.204509 1.178619 -0.385362
v 0.204045 1.179610 -0.385005
v 0.204699 1.180393 -0.384472
v 0.205817 1.180185 -0.384296
v 0.206281 1.179194 -0.384653
v 0.261274 1.249452 -0.567121
v 0.260987 1.249514 -0.567185
v 0.260873 1.249782 -0.567116
v 0.261045 1.249989 -0.566984
v 0.261332 1.249927 -0.566920
v 0.261446 1.249658 -0.566988
v 0.095967 0.612078 -0.030597
v 0.094661 0.612078 -0.033729
v 0.091590 0.610747 -0.034287
v 0.089825 0.609417 -0.031713
v 0.091131 0.609417 -0.028581
v 0.094202 0.610747 -0.028023
v 0.073161 0.659197 -0.021468
v 0.072333 0.658771 -0.024081
v 0.070049 0.657280 -0.024588
v 0.068594 0.656213 -0.022480
v 0.069422 0.656638 -0.019867
v 0.071706 0.658130 -0.019361
v 0.037503 0.698032 -0.026693
v 0.037246 0.697143 -0.028640
v 0.035588 0.695815 -0.029008
v 0.034187 0.695377 -0.027429
v 0.034444 0.696266 -0.025482
v 0.036102 0.697594 -0.025114
v 0.014480 0.738467 -0.050516
v 0.014426 0.737570 -0.051763
v 0.013102 0.736910 -0.052180
v 0.011831 0.737147 -0.051349
v 0.011884 0.738044 -0.050101
v 0.013208 0.738704 -0.049685
v 0.014153 0.778531 -0.084393
v 0.014138 0.777871 -0.085032
v 0.013335 0.777558 -0.085350
v 0.012547 0.777905 -0.085030
v 0.012562 0.778565 -0.084391
v 0.013365 0.778878 -0.084073
v 0.014839 0.810745 -0.126112
v 0.014833 0.810509 -0.126296
v 0.014571 0.810398 -0.126391
v 0.014314 0.810524 -0.126300
v 0.014319 0.810760 -0.126115
v 0.014582 0.810871 -0.126021
v 0.026569 0.676809 -0.097801
v 0.025232 0.676809 -0.094657
v 0.027242 0.676274 -0.091946
v 0.030588 0.675740 -0.092379
v 0.031925 0.675740 -0.095523
v 0.029915 0.676274 -0.098234
v 0.032029 0.706818 -0.095139
v 0.030941 0.706853 -0.092567
v 0.032601 0.706531 -0.090344
v 0.035349 0.706174 -0.090694
v 0.036437 0.706139 -0.093266
v 0.034777 0.706461 -0.095489
v 0.035505 0.737167 -0.094158
v 0.034668 0.737260 -0.092159
v 0.035974 0.737153 -0.090429
v 0.038118 0.736954 -0.090700
v 0.038955 0.736862 -0.092699
v 0.037649 0.736968 -0.094428
v 0.038378 0.767744 -0.094624
v 0.037781 0.767812 -0.093199
v 0.038712 0.767740 -0.091967
v 0.040240 0.767600 -0.092159
v 0.040837 0.767532 -0.093584
v 0.039906 0.767604 -0.094817
v 0.041783 0.798200 -0.093766
v 0.041432 0.798315 -0.092919
v 0.041995 0.798362 -0.092189
v 0.042909 0.798294 -0.092305
v 0.043259 0.798179 -0.093151
v 0.042697 0.798132 -0.093881
v 0.042753 0.828100 -0.100309
v 0.042640 0.828166 -0.100039
v 0.042824 0.828217 -0.099808
v 0.043121 0.828202 -0.099846
v 0.043234 0.828136 -0.100117
v 0.043050 0.828085 -0.100348
v 0.123970 0.641183 0.163028
v 0.121259 0.641183 0.166330
v 0.122743 0.640750 0.170312
v 0.126938 0.640317 0.170993
v 0.129649 0.640317 0.167691
v 0.128165 0.640750 0.163709
v 0.133460 0.742282 0.171329
v 0.131325 0.742707 0.174041
v 0.132520 0.742280 0.177278
v 0.135850 0.741428 0.177803
v 0.137985 0.741002 0.175092
v 0.136790 0.741429 0.171854
v 0.173273 0.836169 0.172254
v 0.171699 0.836716 0.174356
v 0.172570 0.836234 0.176847
v 0.175017 0.835204 0.177236
v 0.176592 0.834656 0.175134
v 0.175720 0.835139 0.172643
v 0.211546 0.929783 0.182043
v 0.210498 0.930318 0.183520
v 0.211197 0.930191 0.185270
v 0.212945 0.929529 0.185543
v 0.213993 0.928994 0.184066
v 0.213294 0.929121 0.182316
v 0.246792 1.022168 0.158069
v 0.246189 1.022489 0.158925
v 0.246568 1.022355 0.159942
v 0.247550 1.021901 0.160105
v 0.248153 1.021580 0.159250
v 0.247774 1.021713 0.158232
v 0.296699 1.109420 0.175659
v 0.296518 1.109478 0.175891
v 0.296592 1.109383 0.176166
v 0.296847 1.109230 0.176209
v 0.297027 1.109172 0.175977
v 0.296954 1.109267 0.175702
v 0.128896 0.680734 0.173368
v 0.128086 0.680734 0.176702
v 0.130564 0.680547 0.179070
v 0.133851 0.680359 0.178103
v 0.134661 0.680359 0.174768
v 0.132184 0.680547 0.172400
v 0.136122 0.790174 0.175415
v 0.135497 0.789687 0.178106
v 0.137497 0.789866 0.180065
v 0.140122 0.790534 0.179334
v 0.140747 0.791021 0.176643
v 0.138747 0.790842 0.174683
v 0.085377 0.884459 0.200875
v 0.085062 0.883530 0.202821
v 0.086646 0.883571 0.204317
v 0.088544 0.884541 0.203867
v 0.088859 0.885471 0.201922
v 0.087275 0.885430 0.200426
v 0.059285 0.978098 0.253491
v 0.059098 0.977305 0.254812
v 0.060327 0.976987 0.255707
v 0.061742 0.977461 0.255279
v 0.061929 0.978254 0.253957
v 0.060700 0.978573 0.253063
v 0.056046 1.072532 0.310302
v 0.055958 1.071893 0.310967
v 0.056709 1.071568 0.311400
v 0.057549 1.071884 0.311169
v 0.057637 1.072523 0.310505
v 0.056886 1.072847 0.310071
v 0.042436 1.133128 0.401226
v 0.042414 1.132878 0.401390
v 0.042661 1.132756 0.401510
v 0.042928 1.132884 0.401466
v 0.042950 1.133134 0.401302
v 0.042704 1.133256 0.401182
v -0.090255 0.713665 0.216241
v -0.087498 0.713665 0.212399
v -0.089115 0.711882 0.208328
v -0.093489 0.710099 0.208099
v -0.096247 0.710099 0.211941
v -0.094630 0.711882 0.216013
v -0.159934 0.889913 0.165641
v -0.157517 0.889482 0.162683
v -0.158614 0.887497 0.159579
v -0.162126 0.885944 0.159433
v -0.164543 0.886376 0.162391
v -0.163447 0.888360 0.165494
v -0.227623 1.037279 0.055726
v -0.225819 1.037057 0.053393
v -0.226573 1.035352 0.051098
v -0.229131 1.033868 0.051135
v -0.230936 1.034090 0.053468
v -0.230181 1.035795 0.055764
v -0.336823 1.189032 -0.000710
v -0.335565 1.188889 -0.002350
v -0.336173 1.187844 -0.004033
v -0.338038 1.186943 -0.004075
v -0.339295 1.187086 -0.002435
v -0.338688 1.188131 -0.000752
v -0.380006 1.357417 -0.090183
v -0.379312 1.357387 -0.091143
v -0.379675 1.356822 -0.092120
v -0.380734 1.356287 -0.092137
v -0.381429 1.356318 -0.091176
v -0.381065 1.356883 -0.090199
v -0.497454 1.509050 -0.128118
v -0.497312 1.509096 -0.128378
v -0.497409 1.508961 -0.128627
v -0.497648 1.508779 -0.128617
v -0.497790 1.508734 -0.128356
v -0.497693 1.508869 -0.128107
v -0.103125 0.738229 0.210678
v -0.100057 0.738229 0.207739
v -0.100707 0.736339 0.203990
v -0.104424 0.734448 0.203180
v -0.107492 0.734448 0.206119
v -0.106843 0.736339 0.209868
v -0.131011 0.804895 0.180986
v -0.128571 0.805038 0.178539
v -0.129191 0.803723 0.175400
v -0.132251 0.802266 0.174709
v -0.134691 0.802123 0.177156
v -0.134071 0.803438 0.180295
v -0.158265 0.874716 0.162413
v -0.156526 0.875290 0.160471
v -0.157333 0.875337 0.157928
v -0.159880 0.874811 0.157326
v -0.161619 0.874237 0.159268
v -0.160811 0.874190 0.161812
v -0.163535 0.945654 0.192350
v -0.162399 0.946569 0.191165
v -0.163119 0.947478 0.189686
v -0.164976 0.947473 0.189393
v -0.166112 0.946558 0.190578
v -0.165392 0.945648 0.192057
v -0.172476 1.001786 0.245918
v -0.171869 1.002543 0.245423
v -0.172313 1.003187 0.244664
v -0.173364 1.003073 0.244400
v -0.173971 1.002315 0.244895
v -0.173527 1.001671 0.245654
v -0.202828 1.048929 0.300716
v -0.202673 1.049161 0.300605
v -0.202793 1.049335 0.300393
v -0.203070 1.049278 0.300291
v -0.203225 1.049046 0.300401
v -0.203105 1.048872 0.300614
v -0.113577 0.758544 0.205848
v -0.110450 0.758544 0.203560
v -0.110402 0.756381 0.200346
v -0.113480 0.754218 0.199420
v -0.116607 0.754218 0.201708
v -0.116655 0.756381 0.204922
v -0.164368 0.860150 0.135713
v -0.162040 0.860602 0.133624
v -0.162328 0.859504 0.130676
v -0.164943 0.857954 0.129815
v -0.167271 0.857502 0.131904
v -0.166983 0.858599 0.134853
v -0.221979 0.980911 0.132221
v -0.220452 0.981723 0.130493
v -0.220815 0.981111 0.128155
v -0.222706 0.979688 0.127543
v -0.224234 0.978876 0.129270
v -0.223871 0.979488 0.131609
v -0.314856 1.073325 0.101824
v -0.313918 1.074067 0.100574
v -0.314114 1.073562 0.098931
v -0.315247 1.072316 0.098538
v -0.316184 1.071573 0.099789
v -0.315989 1.072078 0.101432
v -0.412824 1.164481 0.097034
v -0.412631 1.165194 0.096338
v -0.413014 1.165107 0.095402
v -0.413591 1.164307 0.095163
v -0.413784 1.163594 0.095858
v -0.413401 1.163681 0.096794
v -0.518521 1.198111 0.172317
v -0.518554 1.198364 0.172160
v -0.518729 1.198367 0.171916
v -0.518871 1.198117 0.171830
v -0.518838 1.197864 0.171987
v -0.518663 1.197861 0.172231
v -0.120197 0.773384 0.202431
v -0.117817 0.773384 0.199720
v -0.118576 0.771644 0.196653
v -0.121716 0.769904 0.196296
v -0.124097 0.769904 0.199007
v -0.123337 0.771644 0.202074
v -0.177679 0.886941 0.151439
v -0.176175 0.887641 0.149004
v -0.176997 0.886540 0.146398
v -0.179322 0.884739 0.146227
v -0.180826 0.884039 0.148662
v -0.180004 0.885140 0.151268
v -0.277807 0.979487 0.163500
v -0.277151 0.980620 0.161628
v -0.278140 0.980172 0.159617
v -0.279784 0.978592 0.159480
v -0.280439 0.977459 0.161352
v -0.279451 0.977907 0.163363
v -0.366484 1.078100 0.200272
v -0.365800 1.078662 0.198911
v -0.366373 1.078199 0.197464
v -0.367628 1.077174 0.197379
v -0.368311 1.076612 0.198740
v -0.367739 1.077075 0.200186
v -0.445771 1.184225 0.162932
v -0.445376 1.184570 0.162126
v -0.445721 1.184303 0.161269
v -0.446461 1.183691 0.161218
v -0.446856 1.183346 0.162024
v -0.446511 1.183614 0.162881
v -0.534874 1.280464 0.203477
v -0.534803 1.280631 0.203238
v -0.534956 1.280600 0.202982
v -0.535180 1.280401 0.202964
v -0.535251 1.280234 0.203203
v -0.535098 1.280265 0.203459
v -0.124741 0.782972 0.200166
v -0.122644 0.782972 0.197430
v -0.123557 0.781295 0.194559
v -0.126566 0.779619 0.194424
v -0.128663 0.779619 0.197160
v -0.127751 0.781295 0.200031
v -0.172636 0.871316 0.163030
v -0.171287 0.871867 0.160618
v -0.172143 0.870663 0.158219
v -0.174348 0.868909 0.158231
v -0.175697 0.868357 0.160643
v -0.174840 0.869561 0.163043
v -0.252543 0.942290 0.164348
v -0.251962 0.943232 0.162460
v -0.252903 0.942601 0.160588
v -0.254425 0.941029 0.160603
v -0.255006 0.940087 0.162491
v -0.254065 0.940718 0.164363
v -0.324741 1.017890 0.188687
v -0.324152 1.018369 0.187325
v -0.324778 1.017871 0.185987
v -0.325992 1.016894 0.186011
v -0.326581 1.016415 0.187373
v -0.325956 1.016913 0.188711
v -0.383616 1.104238 0.163844
v -0.383299 1.104564 0.163033
v -0.383682 1.104279 0.162236
v -0.384382 1.103668 0.162249
v -0.384700 1.103342 0.163060
v -0.384317 1.103627 0.163857
v -0.459765 1.171974 0.197016
v -0.459724 1.172142 0.196770
v -0.459884 1.172087 0.196522
v -0.460084 1.171864 0.196520
v -0.460126 1.171696 0.196765
v -0.459966 1.171751 0.197013
v -0.106488 0.418557 -0.050313
v -0.105046 0.418557 -0.053394
v -0.106894 0.417765 -0.056137
v -0.110185 0.416972 -0.055799
v -0.111627 0.416972 -0.052719
v -0.109778 0.417765 -0.049976
v -0.113153 0.443423 -0.053775
v -0.111962 0.443371 -0.056288
v -0.113488 0.442787 -0.058538
v -0.116205 0.442255 -0.058276
v -0.117396 0.442307 -0.055764
v -0.115870 0.442890 -0.053513
v -0.117626 0.468732 -0.057315
v -0.116710 0.468740 -0.059272
v -0.117911 0.468367 -0.061028
v -0.120029 0.467986 -0.060828
v -0.120944 0.467978 -0.058871
v -0.119743 0.468351 -0.057115
v -0.123398 0.494098 -0.059051
v -0.122751 0.494133 -0.060449
v -0.123600 0.493828 -0.061698
v -0.125095 0.493487 -0.061549
v -0.125741 0.493452 -0.060152
v -0.124893 0.493758 -0.058903
v -0.130262 0.519075 -0.062579
v -0.129876 0.519096 -0.063414
v -0.130362 0.518842 -0.064153
v -0.131235 0.518566 -0.064057
v -0.131621 0.518544 -0.063222
v -0.131134 0.518798 -0.062483
v -0.140288 0.542865 -0.066266
v -0.140165 0.542879 -0.066540
v -0.140319 0.542784 -0.066779
v -0.140597 0.542676 -0.066745
v -0.140720 0.542663 -0.066472
v -0.140566 0.542757 -0.066233
v -0.020550 0.299766 0.038699
v -0.022437 0.299766 0.038359
v -0.023647 0.299063 0.039669
v -0.022970 0.298360 0.041320
v -0.021083 0.298360 0.041659
v -0.019873 0.299063 0.040349
v -0.023438 0.331517 0.053603
v -0.024995 0.331811 0.053433
v -0.025987 0.331593 0.054661
v -0.025421 0.331079 0.056060
v -0.023864 0.330785 0.056231
v -0.022873 0.331004 0.055002
v -0.010875 0.364114 0.058746
v -0.012072 0.364530 0.058659
v -0.012818 0.364538 0.059687
v -0.012367 0.364131 0.060802
v -0.011170 0.363715 0.060890
v -0.010424 0.363707 0.059861
v -0.002097 0.397402 0.069451
v -0.003025 0.397497 0.069293
v -0.003650 0.397101 0.069884
v -0.003345 0.396609 0.070633
v -0.002417 0.396513 0.070792
v -0.001792 0.396910 0.070201
v -0.011775 0.419651 0.095961
v -0.012382 0.419678 0.095822
v -0.012773 0.419246 0.096043
v -0.012556 0.418786 0.096404
v -0.011949 0.418758 0.096543
v -0.011559 0.419191 0.096322
v -0.013859 0.436712 0.127120
v -0.014155 0.436744 0.127084
v -0.014343 0.436535 0.127189
v -0.014234 0.436294 0.127330
v -0.013938 0.436261 0.127366
v -0.013751 0.436470 0.127261
v 0.131310 0.682798 0.172769
v 0.128565 0.682798 0.174776
v 0.128897 0.682223 0.178112
v 0.131975 0.681648 0.179440
v 0.134720 0.681648 0.177432
v 0.134388 0.682223 0.174096
v 0.134816 0.711993 0.178087
v 0.132566 0.711937 0.179720
v 0.132845 0.711540 0.182458
v 0.135374 0.711199 0.183563
v 0.137624 0.711255 0.181930
v 0.137345 0.711652 0.179191
v 0.135835 0.741531 0.182086
v 0.134090 0.741525 0.183359
v 0.134314 0.741330 0.185499
v 0.136284 0.741142 0.186366
v 0.138030 0.741149 0.185093
v 0.137805 0.741343 0.182953
v 0.138391 0.771272 0.184347
v 0.137150 0.771312 0.185259
v 0.137310 0.771178 0.186785
v 0.138711 0.771003 0.187399
v 0.139953 0.770962 0.186488
v 0.139792 0.771097 0.184962
v 0.141356 0.800961 0.187987
v 0.140621 0.801029 0.188536
v 0.140704 0.800863 0.189438
v 0.141522 0.800629 0.189789
v 0.142256 0.800561 0.189240
v 0.142174 0.800727 0.188338
v 0.150879 0.828547 0.195038
v 0.150644 0.828585 0.195220
v 0.150665 0.828510 0.195510
v 0.150922 0.828397 0.195617
v 0.151157 0.828359 0.195435
v 0.151135 0.828434 0.195145
v 0.004021 0.691149 0.096625
v 0.000627 0.691149 0.096842
v -0.000885 0.690662 0.099849
v 0.000997 0.690175 0.102639
v 0.004391 0.690175 0.102422
v 0.005903 0.690662 0.099415
v 0.004794 0.789148 0.113579
v 0.002019 0.789094 0.113748
v 0.000783 0.788765 0.116217
v 0.002322 0.788490 0.118517
v 0.005097 0.788545 0.118348
v 0.006333 0.788873 0.115879
v 0.001167 0.888391 0.122861
v -0.000965 0.888673 0.123068
v -0.001942 0.888191 0.124934
v -0.000787 0.887427 0.126593
v 0.001345 0.887145 0.126385
v 0.002322 0.887627 0.124520
v 0.033647 0.966495 0.175969
v 0.032156 0.966817 0.176177
v 0.031403 0.966235 0.177388
v 0.032143 0.965329 0.178391
v 0.033634 0.965006 0.178183
v 0.034387 0.965589 0.176972
v 0.050071 1.047595 0.231404
v 0.049177 1.047776 0.231520
v 0.048717 1.047392 0.232219
v 0.049151 1.046827 0.232801
v 0.050046 1.046646 0.232685
v 0.050506 1.047030 0.231986
v 0.079328 1.120629 0.292371
v 0.079042 1.120703 0.292420
v 0.078892 1.120577 0.292647
v 0.079027 1.120376 0.292824
v 0.079314 1.120302 0.292774
v 0.079464 1.120428 0.292547
v -0.015900 0.453413 0.058030
v -0.017265 0.453413 0.059502
v -0.016709 0.453004 0.061387
v -0.014788 0.452595 0.061800
v -0.013423 0.452595 0.060328
v -0.013979 0.453004 0.058443
v -0.015186 0.456829 0.058925
v -0.016326 0.456778 0.060138
v -0.015858 0.456481 0.061709
v -0.014250 0.456234 0.062067
v -0.013110 0.456285 0.060853
v -0.013578 0.456582 0.059283
v -0.014872 0.460303 0.059752
v -0.015779 0.460255 0.060716
v -0.015402 0.460069 0.061971
v -0.014118 0.459932 0.062264
v -0.013211 0.459981 0.061300
v -0.013588 0.460166 0.060045
v -0.014434 0.463839 0.060455
v -0.015110 0.463746 0.061162
v -0.014830 0.463618 0.062095
v -0.013874 0.463583 0.062321
v -0.013198 0.463676 0.061614
v -0.013478 0.463804 0.060680
v -0.014648 0.467432 0.061385
v -0.015086 0.467278 0.061828
v -0.014901 0.467125 0.062422
v -0.014278 0.467126 0.062574
v -0.013840 0.467280 0.062132
v -0.014025 0.467433 0.061537
v -0.014725 0.470748 0.063058
v -0.014929 0.470657 0.063258
v -0.014841 0.470555 0.063526
v -0.014549 0.470543 0.063593
v -0.014345 0.470634 0.063392
v -0.014433 0.470736 0.063125
v 0.017465 0.147059 -0.027131
v 0.017381 0.147059 -0.026843
v 0.017584 0.147010 -0.026628
v 0.017871 0.146961 -0.026700
v 0.017955 0.146961 -0.026988
v 0.017752 0.147010 -0.027204
v 0.017533 0.147426 -0.027111
v 0.017449 0.147427 -0.026823
v 0.017654 0.147390 -0.026607
v 0.017943 0.147353 -0.026679
v 0.018027 0.147352 -0.026967
v 0.017822 0.147388 -0.027183
v 0.017567 0.147787 -0.027104
v 0.017484 0.147793 -0.026816
v 0.017691 0.147779 -0.026599
v 0.017982 0.147759 -0.026671
v 0.018065 0.147754 -0.026959
v 0.017858 0.147768 -0.027175
v 0.017583 0.148179 -0.027111
v 0.017500 0.148189 -0.026823
v 0.017707 0.148169 -0.026607
v 0.017997 0.148139 -0.026678
v 0.018080 0.148129 -0.026966
v 0.017873 0.148149 -0.027183
v 0.017644 0.148549 -0.027107
v 0.017569 0.148610 -0.026823
v 0.017777 0.148601 -0.026607
v 0.018061 0.148531 -0.026675
v 0.018136 0.148471 -0.026959
v 0.017928 0.148479 -0.027175
v 0.017728 0.148879 -0.027221
v 0.017664 0.148987 -0.026949
v 0.017878 0.149004 -0.026740
v 0.018157 0.148913 -0.026803
v 0.018221 0.148804 -0.027075
v 0.018007 0.148787 -0.027284
v 0.070818 0.649218 -0.026716
v 0.070416 0.649218 -0.029348
v 0.068141 0.648262 -0.030348
v 0.066267 0.647306 -0.028715
v 0.066669 0.647306 -0.026083
v 0.068944 0.648262 -0.025083
v 0.011419 0.779976 -0.017923
v 0.011001 0.780245 -0.020056
v 0.008970 0.779948 -0.020820
v 0.007357 0.779381 -0.019451
v 0.007775 0.779112 -0.017318
v 0.009806 0.779410 -0.016554
v 0.013387 0.919186 0.018085
v 0.013045 0.919607 0.016455
v 0.011421 0.919849 0.015954
v 0.010138 0.919671 0.017082
v 0.010480 0.919250 0.018712
v 0.012105 0.919008 0.019213
v 0.031270 1.058625 0.049403
v 0.031041 1.059012 0.048242
v 0.029940 1.059521 0.047961
v 0.029068 1.059643 0.048841
v 0.029297 1.059256 0.050002
v 0.030398 1.058747 0.050283
v 0.113145 1.172447 0.082331
v 0.113080 1.172813 0.081654
v 0.112529 1.173346 0.081554
v 0.112044 1.173513 0.082131
v 0.112109 1.173147 0.082809
v 0.112660 1.172614 0.082908
v 0.209877 1.261715 0.141505
v 0.209876 1.261882 0.141255
v 0.209684 1.262110 0.141229
v 0.209492 1.262172 0.141451
v 0.209493 1.262005 0.141700
v 0.209685 1.261776 0.141727
v -0.029587 0.785943 0.256352
v -0.031833 0.785943 0.258907
v -0.030931 0.784755 0.261963
v -0.027785 0.783566 0.262465
v -0.025539 0.783566 0.259911
v -0.026440 0.784755 0.256855
v 0.024248 0.947658 0.304053
v 0.022324 0.947105 0.305984
v 0.023102 0.946388 0.308556
v 0.025802 0.946225 0.309197
v 0.027726 0.946778 0.307267
v 0.026949 0.947495 0.304695
v -0.031213 1.109748 0.348404
v -0.032523 1.108616 0.349696
v -0.031976 1.108275 0.351758
v -0.030119 1.109067 0.352528
v -0.028809 1.110199 0.351236
v -0.029356 1.110540 0.349173
v -0.139245 1.242019 0.397428
v -0.140020 1.240943 0.398213
v -0.139426 1.240353 0.399505
v -0.138055 1.240839 0.400014
v -0.137279 1.241914 0.399230
v -0.137874 1.242504 0.397937
v -0.183622 1.351497 0.530277
v -0.184043 1.350775 0.530663
v -0.183569 1.350201 0.531204
v -0.182674 1.350349 0.531359
v -0.182253 1.351071 0.530973
v -0.182727 1.351644 0.530432
v -0.220242 1.439611 0.679739
v -0.220376 1.439366 0.679851
v -0.220216 1.439167 0.680008
v -0.219923 1.439212 0.680054
v -0.219789 1.439456 0.679942
v -0.219949 1.439656 0.679785
v 0.026163 0.677538 -0.097308
v 0.025495 0.677538 -0.093973
v 0.028044 0.677382 -0.091728
v 0.031262 0.677225 -0.092817
v 0.031931 0.677225 -0.096152
v 0.029381 0.677382 -0.098397
v 0.031124 0.763700 -0.095990
v 0.030635 0.764218 -0.093303
v 0.032727 0.764160 -0.091472
v 0.035309 0.763584 -0.092329
v 0.035799 0.763066 -0.095017
v 0.033706 0.763124 -0.096847
v 0.054967 0.842009 -0.123126
v 0.054660 0.842771 -0.121127
v 0.056311 0.842850 -0.119736
v 0.058269 0.842169 -0.120343
v 0.058577 0.841408 -0.122342
v 0.056925 0.841328 -0.123733
v 0.070425 0.922664 -0.149835
v 0.070191 0.923139 -0.148388
v 0.071369 0.923202 -0.147398
v 0.072782 0.922790 -0.147855
v 0.073015 0.922315 -0.149301
v 0.071837 0.922252 -0.150291
v 0.087755 1.004521 -0.170501
v 0.087656 1.005047 -0.169752
v 0.088394 1.005283 -0.169255
v 0.089230 1.004994 -0.169507
v 0.089329 1.004468 -0.170256
v 0.088591 1.004232 -0.170753
v 0.089956 1.055613 -0.239816
v 0.089930 1.055854 -0.239639
v 0.090176 1.055990 -0.239534
v 0.090448 1.055884 -0.239605
v 0.090473 1.055642 -0.239781
v 0.090227 1.055507 -0.239886
v 0.078828 0.437814 0.070704
v 0.077372 0.437814 0.071951
v 0.077696 0.437443 0.073804
v 0.079477 0.437072 0.074409
v 0.080933 0.437072 0.073163
v 0.080609 0.437443 0.071310
v 0.085094 0.479274 0.078250
v 0.083884 0.478945 0.079234
v 0.084154 0.478757 0.080793
v 0.085633 0.478900 0.081369
v 0.086842 0.479230 0.080385
v 0.086573 0.479417 0.078826
v 0.066660 0.517597 0.083047
v 0.065761 0.517077 0.083779
v 0.065999 0.516837 0.085003
v 0.067136 0.517117 0.085496
v 0.068035 0.517636 0.084765
v 0.067797 0.517877 0.083540
v 0.057375 0.556208 0.099407
v 0.056697 0.555851 0.099964
v 0.056917 0.555512 0.100820
v 0.057814 0.555529 0.101120
v 0.058493 0.555885 0.100564
v 0.058273 0.556225 0.099707
v 0.053981 0.594842 0.117592
v 0.053532 0.594650 0.117980
v 0.053681 0.594340 0.118500
v 0.054279 0.594222 0.118632
v 0.054727 0.594414 0.118244
v 0.054579 0.594724 0.117724
v 0.062637 0.628914 0.142009
v 0.062422 0.628832 0.142202
v 0.062489 0.628652 0.142432
v 0.062771 0.628555 0.142470
v 0.062985 0.628637 0.142277
v 0.062918 0.628817 0.142046
v 0.047476 0.548909 0.163459
v 0.045281 0.548909 0.163786
v 0.044450 0.548245 0.165733
v 0.045813 0.547581 0.167353
v 0.048008 0.547581 0.167026
v 0.048839 0.548245 0.165079
v 0.051799 0.630831 0.193679
v 0.049995 0.630555 0.193871
v 0.049303 0.630116 0.195513
v 0.050415 0.629954 0.196963
v 0.052219 0.630230 0.196772
v 0.052911 0.630668 0.195130
v 0.025581 0.714102 0.199197
v 0.024178 0.713754 0.199326
v 0.023624 0.713446 0.200631
v 0.024472 0.713488 0.201808
v 0.025875 0.713837 0.201679
v 0.026430 0.714144 0.200373
v 0.011833 0.798736 0.217046
v 0.010784 0.798565 0.217156
v 0.010382 0.798311 0.218111
v 0.011027 0.798229 0.218958
v 0.012075 0.798400 0.218848
v 0.012478 0.798653 0.217893
v 0.001211 0.883726 0.234836
v 0.000544 0.883593 0.234903
v 0.000276 0.883487 0.235523
v 0.000677 0.883515 0.236077
v 0.001344 0.883647 0.236011
v 0.001611 0.883753 0.235390
v -0.020692 0.968399 0.232724
v -0.020981 0.968326 0.232753
v -0.021104 0.968303 0.233026
v -0.020937 0.968353 0.233270
v -0.020647 0.968426 0.233241
v -0.020525 0.968449 0.232968
v -0.121784 0.436397 0.037574
v -0.122451 0.436397 0.036240
v -0.123911 0.436112 0.036137
v -0.124704 0.435827 0.037367
v -0.124037 0.435827 0.038701
v -0.122577 0.436112 0.038804
v -0.140509 0.527733 0.046808
v -0.141066 0.527712 0.045686
v -0.142299 0.527508 0.045602
v -0.142976 0.527324 0.046640
v -0.142419 0.527345 0.047763
v -0.141186 0.527550 0.047846
v -0.153635 0.620454 0.049657
v -0.154089 0.620452 0.048749
v -0.155092 0.620318 0.048684
v -0.155643 0.620186 0.049526
v -0.155189 0.620187 0.050433
v -0.154186 0.620321 0.050499
v -0.166532 0.712761 0.059233
v -0.166861 0.712592 0.058550
v -0.167633 0.712522 0.058497
v -0.168075 0.712620 0.059128
v -0.167747 0.712790 0.059810
v -0.166975 0.712860 0.059863
v -0.167506 0.794370 0.012910
v -0.167711 0.794145 0.012466
v -0.168221 0.793971 0.012465
v -0.168524 0.794022 0.012906
v -0.168318 0.794248 0.013350
v -0.167809 0.794422 0.013351
v -0.220920 0.871022 0.003766
v -0.221041 0.870909 0.003516
v -0.221288 0.870740 0.003533
v -0.221415 0.870684 0.003799
v -0.221294 0.870797 0.004049
v -0.221047 0.870967 0.004033
v -0.065507 0.345086 -0.039024
v -0.065529 0.345086 -0.039323
v -0.065794 0.345035 -0.039454
v -0.066037 0.344984 -0.039285
v -0.066015 0.344984 -0.038986
v -0.065750 0.345035 -0.038855
v -0.080826 0.422271 -0.037889
v -0.080858 0.422309 -0.038185
v -0.081120 0.422248 -0.038317
v -0.081351 0.422150 -0.038153
v -0.081320 0.422113 -0.037857
v -0.081057 0.422174 -0.037725
v -0.111074 0.491517 -0.015848
v -0.111112 0.491571 -0.016141
v -0.111367 0.491488 -0.016277
v -0.111583 0.491351 -0.016120
v -0.111545 0.491297 -0.015828
v -0.111291 0.491380 -0.015692
v -0.144469 0.561779 -0.003824
v -0.144485 0.561785 -0.004123
v -0.144727 0.561676 -0.004263
v -0.144953 0.561561 -0.004103
v -0.144937 0.561555 -0.003804
v -0.144695 0.561664 -0.003664
v -0.178401 0.632674 -0.009243
v -0.178381 0.632624 -0.009538
v -0.178571 0.632434 -0.009672
v -0.178782 0.632295 -0.009510
v -0.178803 0.632346 -0.009215
v -0.178612 0.632535 -0.009082
v -0.240336 0.676660 -0.030072
v -0.240291 0.676587 -0.030360
v -0.240424 0.676344 -0.030475
v -0.240602 0.676175 -0.030304
v -0.240647 0.676248 -0.030016
v -0.240514 0.676490 -0.029900
v -0.089852 0.383633 -0.037234
v -0.090861 0.383633 -0.037274
v -0.091399 0.383392 -0.036454
v -0.090928 0.383151 -0.035594
v -0.089918 0.383151 -0.035554
v -0.089381 0.383392 -0.036374
v -0.089945 0.385163 -0.036670
v -0.090812 0.385137 -0.036711
v -0.091275 0.384954 -0.036000
v -0.090871 0.384798 -0.035247
v -0.090004 0.384824 -0.035206
v -0.089541 0.385007 -0.035918
v -0.090133 0.386721 -0.036277
v -0.090856 0.386667 -0.036317
v -0.091245 0.386551 -0.035716
v -0.090912 0.386489 -0.035073
v -0.090189 0.386543 -0.035033
v -0.089799 0.386659 -0.035635
v -0.090359 0.388278 -0.035993
v -0.090938 0.388210 -0.036027
v -0.091257 0.388173 -0.035539
v -0.090997 0.388205 -0.035017
v -0.090418 0.388273 -0.034983
v -0.090099 0.388310 -0.035471
v -0.090667 0.389898 -0.036052
v -0.091091 0.389775 -0.036074
v -0.091332 0.389746 -0.035704
v -0.091149 0.389839 -0.035313
v -0.090725 0.389962 -0.035291
v -0.090484 0.389991 -0.035660
v -0.091412 0.391418 -0.036091
v -0.091686 0.391297 -0.036102
v -0.091842 0.391255 -0.035849
v -0.091723 0.391334 -0.035585
v -0.091449 0.391455 -0.035574
v -0.091294 0.391497 -0.035827
v -0.020301 0.303533 0.003470
v -0.019294 0.303533 0.003399
v -0.018847 0.303186 0.002563
v -0.019407 0.302839 0.001799
v -0.020414 0.302839 0.001869
v -0.020861 0.303186 0.002705
v -0.021493 0.344801 -0.014484
v -0.020628 0.344815 -0.014551
v -0.020245 0.344562 -0.015287
v -0.020728 0.344293 -0.015956
v -0.021592 0.344279 -0.015890
v -0.021975 0.344533 -0.015154
v -0.023982 0.387689 -0.027795
v -0.023262 0.387746 -0.027865
v -0.022948 0.387615 -0.028506
v -0.023354 0.387427 -0.029077
v -0.024074 0.387369 -0.029007
v -0.024388 0.387500 -0.028366
v -0.030422 0.431453 -0.036923
v -0.029840 0.431459 -0.036965
v -0.029579 0.431251 -0.037444
v -0.029901 0.431037 -0.037882
v -0.030484 0.431031 -0.037840
v -0.030744 0.431239 -0.037360
v -0.027283 0.467178 -0.064418
v -0.026846 0.467217 -0.064472
v -0.026641 0.466986 -0.064788
v -0.026873 0.466715 -0.065049
v -0.027309 0.466676 -0.064995
v -0.027515 0.466907 -0.064680
v -0.043250 0.497301 -0.093859
v -0.042969 0.497373 -0.093938
v -0.042834 0.497227 -0.094162
v -0.042979 0.497008 -0.094308
v -0.043259 0.496936 -0.094230
v -0.043394 0.497082 -0.094005
v 0.128619 0.589898 -0.036584
v 0.128716 0.589898 -0.035551
v 0.129578 0.589524 -0.035111
v 0.130343 0.589150 -0.035704
v 0.130246 0.589150 -0.036737
v 0.129384 0.589524 -0.037177
v 0.133484 0.600256 -0.036966
v 0.133562 0.600244 -0.036080
v 0.134313 0.599950 -0.035703
v 0.134986 0.599667 -0.036212
v 0.134908 0.599679 -0.037099
v 0.134157 0.599974 -0.037476
v 0.137421 0.610988 -0.036919
v 0.137487 0.610982 -0.036179
v 0.138128 0.610777 -0.035866
v 0.138703 0.610578 -0.036292
v 0.138637 0.610585 -0.037031
v 0.137995 0.610790 -0.037345
v 0.140910 0.621912 -0.037293
v 0.140965 0.621912 -0.036700
v 0.141480 0.621749 -0.036449
v 0.141939 0.621586 -0.036790
v 0.141884 0.621586 -0.037383
v 0.141370 0.621749 -0.037634
v 0.144908 0.632713 -0.037472
v 0.144957 0.632732 -0.037028
v 0.145331 0.632576 -0.036837
v 0.145656 0.632402 -0.037090
v 0.145607 0.632382 -0.037535
v 0.145233 0.632538 -0.037726
v 0.150761 0.642480 -0.039117
v 0.150801 0.642507 -0.038821
v 0.151044 0.642388 -0.038691
v 0.151246 0.642242 -0.038857
v 0.151206 0.642214 -0.039152
v 0.150963 0.642333 -0.039282
v -0.125270 0.785357 0.199322
v -0.123899 0.785357 0.196209
v -0.125676 0.784159 0.193569
v -0.128824 0.782960 0.194041
v -0.130195 0.782960 0.197153
v -0.128418 0.784159 0.199794
v -0.206792 0.984405 0.163078
v -0.205951 0.984949 0.160484
v -0.207434 0.984027 0.158319
v -0.209758 0.982562 0.158749
v -0.210599 0.982018 0.161343
v -0.209116 0.982940 0.163508
v -0.351641 1.143435 0.200321
v -0.350997 1.143871 0.198306
v -0.352074 1.143044 0.196625
v -0.353795 1.141782 0.196959
v -0.354439 1.141346 0.198975
v -0.353362 1.142172 0.200656
v -0.460712 1.327500 0.155378
v -0.460025 1.327518 0.153999
v -0.460562 1.326631 0.152860
v -0.461784 1.325725 0.153099
v -0.462471 1.325706 0.154478
v -0.461934 1.326594 0.155618
v -0.612773 1.461369 0.074000
v -0.612500 1.461512 0.073133
v -0.612797 1.460960 0.072460
v -0.613368 1.460265 0.072654
v -0.613642 1.460122 0.073521
v -0.613344 1.460674 0.074194
v -0.793358 1.582346 0.091625
v -0.793327 1.582435 0.091340
v -0.793456 1.582277 0.091119
v -0.793615 1.582031 0.091183
v -0.793646 1.581943 0.091468
v -0.793517 1.582100 0.091689
v 0.011937 0.623543 0.145044
v 0.011925 0.623543 0.142825
v 0.010033 0.623172 0.141726
v 0.008154 0.622802 0.142846
v 0.008166 0.622802 0.145065
v 0.010058 0.623172 0.146164
v 0.007862 0.642562 0.144875
v 0.007850 0.642568 0.143040
v 0.006272 0.642339 0.142131
v 0.004706 0.642105 0.143058
v 0.004717 0.642099 0.144893
v 0.006295 0.642328 0.145801
v 0.005626 0.661844 0.144814
v 0.005610 0.661907 0.143364
v 0.004350 0.661828 0.142648
v 0.003106 0.661687 0.143382
v 0.003122 0.661624 0.144832
v 0.004382 0.661702 0.145548
v 0.003823 0.681171 0.146212
v 0.003807 0.681274 0.145150
v 0.002876 0.681275 0.144627
v 0.001961 0.681172 0.145167
v 0.001977 0.681068 0.146230
v 0.002908 0.681067 0.146752
v 0.002842 0.700495 0.148240
v 0.002828 0.700655 0.147575
v 0.002230 0.700720 0.147251
v 0.001644 0.700625 0.147592
v 0.001658 0.700465 0.148257
v 0.002257 0.700400 0.148581
v 0.002340 0.718791 0.154915
v 0.002333 0.718897 0.154634
v 0.002070 0.718945 0.154499
v 0.001814 0.718888 0.154644
v 0.001820 0.718783 0.154924
v 0.002083 0.718734 0.155060
v 0.085788 0.486029 0.125854
v 0.085033 0.486029 0.126709
v 0.085125 0.485265 0.127551
v 0.085972 0.484501 0.127538
v 0.086727 0.484501 0.126683
v 0.086635 0.485265 0.125841
v 0.122787 0.526288 0.158690
v 0.122182 0.526273 0.159348
v 0.122247 0.525667 0.160002
v 0.122918 0.525075 0.159998
v 0.123523 0.525091 0.159340
v 0.123458 0.525697 0.158686
v 0.157422 0.566455 0.193962
v 0.157022 0.566488 0.194469
v 0.157114 0.566101 0.194980
v 0.157606 0.565680 0.194982
v 0.158006 0.565647 0.194474
v 0.157914 0.566035 0.193964
v 0.197002 0.613074 0.211854
v 0.196770 0.613113 0.212178
v 0.196838 0.612885 0.212501
v 0.197138 0.612619 0.212500
v 0.197370 0.612581 0.212175
v 0.197302 0.612808 0.211852
v 0.236290 0.654682 0.240070
v 0.236195 0.654690 0.240191
v 0.236213 0.654593 0.240310
v 0.236326 0.654489 0.240308
v 0.236421 0.654480 0.240187
v 0.236403 0.654577 0.240068
v 0.029890 0.710730 0.206982
v 0.029500 0.710730 0.207718
v 0.029916 0.710522 0.208410
v 0.030721 0.710313 0.208365
v 0.031111 0.710313 0.207628
v 0.030695 0.710522 0.206937
v 0.051031 0.789278 0.218357
v 0.050773 0.789217 0.218800
v 0.051013 0.789025 0.219214
v 0.051511 0.788893 0.219185
v 0.051769 0.788953 0.218743
v 0.051529 0.789146 0.218329
v 0.072567 0.860648 0.252835
v 0.072461 0.860602 0.252996
v 0.072546 0.860505 0.253146
v 0.072738 0.860453 0.253135
v 0.072843 0.860498 0.252974
v 0.072758 0.860596 0.252823
v 0.157782 0.566597 0.194212
v 0.157154 0.566597 0.194370
v 0.156886 0.566068 0.194630
v 0.157245 0.565539 0.194731
v 0.157873 0.565539 0.194574
v 0.158142 0.566068 0.194314
v 0.203666 0.632796 0.377115
v 0.203295 0.632814 0.377267
v 0.203132 0.632489 0.377434
v 0.203338 0.632146 0.377451
v 0.203709 0.632129 0.377299
v 0.203873 0.632454 0.377131
v 0.305742 0.672165 0.544363
v 0.305609 0.672177 0.544441
v 0.305548 0.672053 0.544508
v 0.305618 0.671916 0.544497
v 0.305751 0.671904 0.544419
v 0.305812 0.672028 0.544352
v 0.194804 0.699042 0.133674
v 0.197148 0.699042 0.139061
v 0.201692 0.695527 0.140287
v 0.203893 0.692012 0.136126
v 0.201549 0.692012 0.130739
v 0.197004 0.695527 0.129513
v 0.284324 0.798992 0.095616
v 0.285291 0.798204 0.099906
v 0.288094 0.794900 0.100993
v 0.289930 0.792384 0.097790
v 0.288962 0.793172 0.093501
v 0.286159 0.796476 0.092414
v 0.403431 0.867498 0.118976
v 0.403051 0.866161 0.121702
v 0.404552 0.863578 0.122361
v 0.406434 0.862332 0.120295
v 0.406814 0.863669 0.117569
v 0.405313 0.866253 0.116910
v 0.491586 0.941802 0.196002
v 0.491251 0.940996 0.197405
v 0.491952 0.939530 0.197702
v 0.492987 0.938870 0.196597
v 0.493322 0.939676 0.195194
v 0.492621 0.941142 0.194897
v 0.613820 0.989639 0.240969
v 0.613786 0.989528 0.241184
v 0.613866 0.989299 0.241217
v 0.613980 0.989181 0.241035
v 0.614014 0.989293 0.240819
v 0.613934 0.989522 0.240786
v 0.283396 0.797706 0.098105
v 0.287042 0.797706 0.100688
v 0.290772 0.795688 0.099285
v 0.290857 0.793670 0.095301
v 0.287212 0.793670 0.092719
v 0.283482 0.795688 0.094121
v 0.372886 1.046963 -0.027047
v 0.375155 1.046356 -0.025085
v 0.377781 1.045162 -0.026106
v 0.378138 1.044574 -0.029087
v 0.375869 1.045181 -0.031048
v 0.373244 1.046375 -0.030028
v 0.490022 1.311285 0.020202
v 0.491085 1.310582 0.021254
v 0.492534 1.310011 0.020705
v 0.492921 1.310142 0.019104
v 0.491858 1.310845 0.018052
v 0.490408 1.311417 0.018601
v 0.620000 1.568492 0.073972
v 0.620155 1.568382 0.074126
v 0.620368 1.568293 0.074044
v 0.620426 1.568314 0.073807
v 0.620271 1.568424 0.073653
v 0.620058 1.568512 0.073735
v 0.238490 1.230233 0.347399
v 0.236613 1.230233 0.350390
v 0.237623 1.228219 0.353109
v 0.240511 1.226206 0.352837
v 0.242388 1.226206 0.349846
v 0.241377 1.228219 0.347128
v 0.328246 1.349800 0.404701
v 0.327160 1.349708 0.406265
v 0.327577 1.348459 0.407643
v 0.329080 1.347301 0.407457
v 0.330166 1.347392 0.405893
v 0.329749 1.348642 0.404515
v 0.423891 1.445166 0.490687
v 0.423719 1.445140 0.490909
v 0.423761 1.444933 0.491097
v 0.423975 1.444752 0.491062
v 0.424147 1.444778 0.490840
v 0.424105 1.444985 0.490652
v 0.404222 0.867461 0.118095
v 0.404176 0.867461 0.121154
v 0.404886 0.864915 0.122695
v 0.405642 0.862369 0.121176
v 0.405689 0.862369 0.118117
v 0.404979 0.864915 0.116576
v 0.658284 0.939368 0.122672
v 0.658158 0.939341 0.124319
v 0.658436 0.937938 0.125146
v 0.658839 0.936562 0.124326
v 0.658964 0.936588 0.122678
v 0.658687 0.937992 0.121851
v 0.914715 0.989953 0.160396
v 0.914681 0.989946 0.160638
v 0.914707 0.989734 0.160759
v 0.914766 0.989530 0.160637
v 0.914799 0.989537 0.160395
v 0.914774 0.989749 0.160274
v 0.373499 1.048061 -0.027837
v 0.376023 1.048061 -0.026106
v 0.378035 1.045768 -0.026336
v 0.377525 1.043476 -0.028296
v 0.375002 1.043476 -0.030027
v 0.372989 1.045768 -0.029798
v 0.526088 1.202249 -0.248987
v 0.527341 1.202155 -0.247914
v 0.528315 1.200821 -0.247896
v 0.528037 1.199581 -0.248951
v 0.526784 1.199674 -0.250024
v 0.525810 1.201008 -0.250042
v 0.746177 1.311259 -0.437777
v 0.746344 1.311233 -0.437599
v 0.746468 1.311024 -0.437577
v 0.746426 1.310840 -0.437733
v 0.746260 1.310865 -0.437911
v 0.746136 1.311075 -0.437933
v 0.115435 0.747180 -0.005620
v 0.114885 0.747180 -0.005910
v 0.114393 0.746904 -0.005646
v 0.114452 0.746629 -0.005091
v 0.115003 0.746629 -0.004800
v 0.115494 0.746904 -0.005065
v 0.111023 0.762590 0.002581
v 0.110586 0.762666 0.002398
v 0.110198 0.762513 0.002634
v 0.110246 0.762284 0.003052
v 0.110683 0.762208 0.003235
v 0.111071 0.762361 0.002999
v 0.113384 0.777860 0.011567
v 0.113113 0.778049 0.011502
v 0.112882 0.778100 0.011741
v 0.112922 0.777962 0.012045
v 0.113193 0.777773 0.012110
v 0.113424 0.777723 0.011871
v 0.127088 0.789372 0.012748
v 0.126972 0.789524 0.012722
v 0.126893 0.789614 0.012874
v 0.126931 0.789550 0.013053
v 0.127046 0.789398 0.013079
v 0.127125 0.789308 0.012927
v 0.141737 0.799910 0.013631
v 0.141708 0.799951 0.013624
v 0.141689 0.799975 0.013664
v 0.141698 0.799958 0.013710
v 0.141727 0.799917 0.013717
v 0.141746 0.799893 0.013677
v 0.152548 0.937074 -0.070602
v 0.150604 0.937074 -0.069231
v 0.150746 0.936362 -0.066965
v 0.152832 0.935650 -0.066071
v 0.154776 0.935650 -0.067442
v 0.154635 0.936362 -0.069707
v 0.170416 1.020885 -0.044626
v 0.169119 1.021130 -0.043603
v 0.169256 1.020765 -0.041980
v 0.170690 1.020156 -0.041379
v 0.171986 1.019911 -0.042402
v 0.171849 1.020275 -0.044025
v 0.209089 1.101099 -0.037063
v 0.208374 1.101341 -0.036469
v 0.208529 1.101380 -0.035523
v 0.209398 1.101176 -0.035170
v 0.210112 1.100934 -0.035763
v 0.209958 1.100895 -0.036710
v 0.215454 1.188024 -0.057463
v 0.215266 1.188076 -0.057306
v 0.215313 1.188131 -0.057066
v 0.215550 1.188134 -0.056984
v 0.215738 1.188082 -0.057140
v 0.215690 1.188028 -0.057380
v 0.171766 1.081183 -0.210426
v 0.172891 1.081183 -0.208771
v 0.174607 1.080154 -0.208726
v 0.175198 1.079124 -0.210338
v 0.174074 1.079124 -0.211994
v 0.172357 1.080154 -0.212038
v 0.259032 1.222486 -0.269195
v 0.259753 1.222603 -0.268305
v 0.260725 1.221989 -0.268268
v 0.260977 1.221258 -0.269121
v 0.260257 1.221141 -0.270010
v 0.259284 1.221755 -0.270048
v 0.339976 1.334168 -0.378790
v 0.340182 1.334225 -0.378580
v 0.340432 1.334060 -0.378566
v 0.340476 1.333837 -0.378762
v 0.340269 1.333779 -0.378972
v 0.340019 1.333945 -0.378986
v 0.113372 0.778034 0.011583
v 0.113043 0.778034 0.011513
v 0.112824 0.777911 0.011736
v 0.112933 0.777788 0.012029
v 0.113262 0.777788 0.012099
v 0.113482 0.777911 0.011876
v 0.100220 0.912310 0.072998
v 0.100034 0.912356 0.072977
v 0.099910 0.912323 0.073122
v 0.099972 0.912243 0.073287
v 0.100159 0.912197 0.073307
v 0.100283 0.912230 0.073162
v 0.166028 1.037618 0.117065
v 0.165983 1.037642 0.117064
v 0.165954 1.037643 0.117105
v 0.165970 1.037620 0.117147
v 0.166014 1.037596 0.117148
v 0.166043 1.037595 0.117107
v 0.209129 1.101304 -0.036338
v 0.208998 1.101304 -0.036068
v 0.209112 1.101138 -0.035846
v 0.209358 1.100971 -0.035894
v 0.209489 1.100971 -0.036164
v 0.209374 1.101138 -0.036386
v 0.228549 1.127052 -0.026780
v 0.228515 1.127052 -0.026710
v 0.228544 1.127009 -0.026652
v 0.228608 1.126965 -0.026664
v 0.228643 1.126965 -0.026735
v 0.228613 1.127009 -0.026793
v 0.071918 0.658451 -0.023936
v 0.069580 0.658451 -0.023776
v 0.068540 0.657705 -0.021814
v 0.069838 0.656958 -0.020012
v 0.072175 0.656958 -0.020172
v 0.073215 0.657705 -0.022134
v 0.073593 0.729209 0.004505
v 0.071790 0.729379 0.004694
v 0.070991 0.728914 0.006262
v 0.071995 0.728278 0.007641
v 0.073797 0.728107 0.007452
v 0.074596 0.728573 0.005884
v 0.090168 0.799326 0.028484
v 0.088935 0.799686 0.028667
v 0.088456 0.799770 0.029871
v 0.089210 0.799494 0.030890
v 0.090443 0.799133 0.030707
v 0.090923 0.799049 0.029504
v 0.115154 0.869330 0.012322
v 0.114479 0.869698 0.012423
v 0.114267 0.869932 0.013131
v 0.114730 0.869798 0.013739
v 0.115405 0.869430 0.013638
v 0.115617 0.869195 0.012930
v 0.158626 0.931875 0.006258
v 0.158421 0.932021 0.006287
v 0.158350 0.932095 0.006519
v 0.158484 0.932023 0.006722
v 0.158689 0.931876 0.006692
v 0.158760 0.931803 0.006461
v 0.090004 0.800225 0.028727
v 0.088799 0.800225 0.029210
v 0.088484 0.799410 0.030170
v 0.089374 0.798595 0.030647
v 0.090579 0.798595 0.030165
v 0.090894 0.799410 0.029205
v 0.117070 0.869416 0.097054
v 0.116422 0.869541 0.097460
v 0.116261 0.869102 0.098079
v 0.116749 0.868538 0.098291
v 0.117398 0.868413 0.097885
v 0.117559 0.868852 0.097266
v 0.185930 0.926117 0.144298
v 0.185754 0.926195 0.144462
v 0.185715 0.926066 0.144677
v 0.185852 0.925859 0.144726
v 0.186028 0.925781 0.144562
v 0.186067 0.925910 0.144347
v 0.137511 0.742995 0.176188
v 0.137368 0.742995 0.172714
v 0.134511 0.741855 0.171092
v 0.131799 0.740714 0.172944
v 0.131942 0.740714 0.176418
v 0.134799 0.741855 0.178040
v 0.078929 0.884356 0.178194
v 0.078700 0.884668 0.175539
v 0.076397 0.884052 0.174309
v 0.074322 0.883123 0.175734
v 0.074550 0.882811 0.178389
v 0.076854 0.883428 0.179619
v 0.037880 1.026311 0.217241
v 0.037623 1.026882 0.215459
v 0.035903 1.026812 0.214684
v 0.034438 1.026171 0.215690
v 0.034695 1.025601 0.217472
v 0.036416 1.025670 0.218248
v 0.021678 1.166589 0.276059
v 0.021512 1.167098 0.275104
v 0.020493 1.167298 0.274760
v 0.019639 1.166990 0.275371
v 0.019804 1.166481 0.276326
v 0.020823 1.166281 0.276670
v 0.041216 1.294145 0.358556
v 0.041173 1.294312 0.358310
v 0.040897 1.294403 0.358237
v 0.040663 1.294328 0.358410
v 0.040706 1.294161 0.358656
v 0.040982 1.294070 0.358729
v 0.212300 0.929822 0.183604
v 0.212066 0.929822 0.183712
v 0.212012 0.929656 0.183901
v 0.212191 0.929491 0.183982
v 0.212425 0.929491 0.183874
v 0.212479 0.929656 0.183685
v 0.216866 0.939573 0.193607
v 0.216741 0.939589 0.193686
v 0.216713 0.939498 0.193801
v 0.216810 0.939391 0.193837
v 0.216935 0.939374 0.193758
v 0.216963 0.939465 0.193643
v 0.225930 0.947940 0.201596
v 0.225900 0.947949 0.201621
v 0.225893 0.947926 0.201654
v 0.225917 0.947893 0.201661
v 0.225948 0.947885 0.201635
v 0.225954 0.947908 0.201603
v 0.135565 0.791499 0.177227
v 0.136964 0.791499 0.179659
v 0.139521 0.790354 0.179806
v 0.140679 0.789209 0.177522
v 0.139280 0.789209 0.175090
v 0.136723 0.790354 0.174942
v 0.175976 0.877175 0.154395
v 0.176781 0.876663 0.156354
v 0.178613 0.875493 0.156507
v 0.179639 0.874834 0.154701
v 0.178834 0.875346 0.152742
v 0.177002 0.876516 0.152589
v 0.237671 0.949017 0.177023
v 0.237977 0.948267 0.178348
v 0.239196 0.947309 0.178434
v 0.240109 0.947101 0.177195
v 0.239803 0.947851 0.175871
v 0.238584 0.948809 0.175784
v 0.288677 1.023834 0.212074
v 0.288934 1.023483 0.212892
v 0.289657 1.022906 0.212942
v 0.290123 1.022680 0.212174
v 0.289866 1.023030 0.211356
v 0.289143 1.023607 0.211306
v 0.354123 1.095182 0.203768
v 0.354239 1.095107 0.204034
v 0.354462 1.094907 0.204050
v 0.354569 1.094782 0.203799
v 0.354452 1.094856 0.203533
v 0.354229 1.095056 0.203517
v 0.176126 0.876844 0.155650
v 0.178117 0.876844 0.156535
v 0.179799 0.876004 0.155433
v 0.179489 0.875165 0.153446
v 0.177498 0.875165 0.152561
v 0.175816 0.876004 0.153663
v 0.206226 1.023432 0.088687
v 0.207553 1.023121 0.089432
v 0.208727 1.022441 0.088677
v 0.208574 1.022072 0.087177
v 0.207248 1.022383 0.086431
v 0.206074 1.023062 0.087187
v 0.290370 1.163171 0.072928
v 0.291145 1.162946 0.073383
v 0.291851 1.162555 0.072929
v 0.291782 1.162388 0.072020
v 0.291007 1.162613 0.071566
v 0.290300 1.163004 0.072020
v 0.328673 1.315077 0.025143
v 0.328940 1.315053 0.025278
v 0.329176 1.314947 0.025125
v 0.329144 1.314865 0.024838
v 0.328877 1.314889 0.024704
v 0.328642 1.314995 0.024856
v 0.056633 1.072658 0.309943
v 0.055997 1.072658 0.310616
v 0.056161 1.072208 0.311409
v 0.056962 1.071758 0.311528
v 0.057598 1.071758 0.310855
v 0.057434 1.072208 0.310062
v 0.113323 1.187171 0.363912
v 0.113117 1.187171 0.364130
v 0.113170 1.187025 0.364387
v 0.113430 1.186880 0.364425
v 0.113636 1.186880 0.364207
v 0.113582 1.187025 0.363951
v 0.289520 1.023955 0.211527
v 0.288791 1.023955 0.212099
v 0.288671 1.023257 0.212696
v 0.289280 1.022559 0.212721
v 0.290009 1.022559 0.212149
v 0.290129 1.023257 0.211552
v 0.384157 1.110413 0.332537
v 0.383921 1.110413 0.332722
v 0.383882 1.110187 0.332916
v 0.384079 1.109961 0.332924
v 0.384315 1.109961 0.332739
v 0.384354 1.110187 0.332545
v 0.291064 1.163031 0.072192
v 0.290794 1.163031 0.072457
v 0.290805 1.162779 0.072739
v 0.291087 1.162528 0.072757
v 0.291358 1.162528 0.072492
v 0.291346 1.162779 0.072210
v 0.312331 1.188169 0.094108
v 0.312243 1.188169 0.094194
v 0.312247 1.188087 0.094285
v 0.312338 1.188006 0.094291
v 0.312426 1.188006 0.094205
v 0.312422 1.188087 0.094113
v -0.159159 0.888576 0.161609
v -0.161012 0.888576 0.160449
v -0.162883 0.887929 0.161376
v -0.162901 0.887282 0.163465
v -0.161049 0.887282 0.164625
v -0.159177 0.887929 0.163698
v -0.173793 0.962013 0.184490
v -0.175226 0.962059 0.183611
v -0.176673 0.961598 0.184336
v -0.176685 0.961091 0.185940
v -0.175251 0.961045 0.186819
v -0.173805 0.961506 0.186094
v -0.183880 1.036152 0.208625
v -0.184802 1.035927 0.207926
v -0.185729 1.035334 0.208348
v -0.185734 1.034966 0.209467
v -0.184812 1.035191 0.210166
v -0.183885 1.035784 0.209744
v -0.237872 1.090344 0.226924
v -0.238311 1.090088 0.226480
v -0.238739 1.089603 0.226671
v -0.238729 1.089375 0.227305
v -0.238290 1.089630 0.227749
v -0.237862 1.090115 0.227559
v -0.289602 1.144481 0.249945
v -0.289716 1.144420 0.249834
v -0.289824 1.144298 0.249882
v -0.289819 1.144236 0.250041
v -0.289704 1.144297 0.250152
v -0.289596 1.144420 0.250104
v -0.337328 1.188111 -0.002307
v -0.337337 1.188111 -0.002488
v -0.337439 1.187987 -0.002574
v -0.337532 1.187864 -0.002479
v -0.337523 1.187864 -0.002297
v -0.337421 1.187987 -0.002211
v -0.346832 1.195547 -0.001879
v -0.346838 1.195548 -0.001983
v -0.346889 1.195472 -0.002033
v -0.346933 1.195395 -0.001979
v -0.346927 1.195395 -0.001875
v -0.346877 1.195471 -0.001825
v -0.357729 1.200699 -0.001148
v -0.357731 1.200699 -0.001175
v -0.357741 1.200679 -0.001187
v -0.357750 1.200658 -0.001174
v -0.357748 1.200658 -0.001147
v -0.357738 1.200678 -0.001135
v -0.184807 1.035828 0.208151
v -0.185604 1.035828 0.208639
v -0.185604 1.035559 0.209534
v -0.184807 1.035291 0.209941
v -0.184010 1.035291 0.209453
v -0.184010 1.035559 0.208558
v -0.165893 1.138781 0.239449
v -0.166358 1.138710 0.239704
v -0.166364 1.138512 0.240201
v -0.165904 1.138386 0.240444
v -0.165439 1.138457 0.240189
v -0.165433 1.138654 0.239692
v -0.171681 1.236067 0.288833
v -0.171798 1.236032 0.288889
v -0.171800 1.235971 0.289010
v -0.171683 1.235946 0.289075
v -0.171566 1.235981 0.289018
v -0.171564 1.236042 0.288897
v -0.238163 1.090076 0.227128
v -0.238391 1.090076 0.227011
v -0.238529 1.089859 0.226997
v -0.238438 1.089643 0.227101
v -0.238210 1.089643 0.227219
v -0.238072 1.089859 0.227232
v -0.261579 1.101918 0.272446
v -0.261636 1.101918 0.272416
v -0.261671 1.101863 0.272413
v -0.261648 1.101808 0.272439
v -0.261590 1.101808 0.272469
v -0.261556 1.101863 0.272472
v -0.158670 0.876297 0.161604
v -0.157301 0.876297 0.159695
v -0.157703 0.874763 0.157961
v -0.159474 0.873230 0.158136
v -0.160844 0.873230 0.160045
v -0.160442 0.874763 0.161779
v -0.228776 0.950964 0.110862
v -0.228128 0.951255 0.109368
v -0.228539 0.950292 0.108087
v -0.229596 0.949038 0.108300
v -0.230244 0.948747 0.109794
v -0.229833 0.949710 0.111076
v -0.326999 1.009183 0.113827
v -0.326871 1.009531 0.112943
v -0.327259 1.009083 0.112189
v -0.327777 1.008287 0.112320
v -0.327906 1.007938 0.113204
v -0.327517 1.008386 0.113958
v -0.417765 1.076385 0.132074
v -0.417739 1.076488 0.131832
v -0.417864 1.076377 0.131627
v -0.418015 1.076164 0.131664
v -0.418041 1.076062 0.131906
v -0.417916 1.076172 0.132111
v -0.163220 0.947187 0.191927
v -0.162868 0.947187 0.190361
v -0.163903 0.946563 0.189306
v -0.165291 0.945939 0.189816
v -0.165643 0.945939 0.191382
v -0.164608 0.946563 0.192437
v -0.212265 1.046052 0.180537
v -0.212158 1.046240 0.179632
v -0.212808 1.045974 0.179021
v -0.213565 1.045520 0.179316
v -0.213672 1.045333 0.180221
v -0.213023 1.045599 0.180831
v -0.266575 1.135262 0.217972
v -0.266573 1.135363 0.217736
v -0.266767 1.135315 0.217575
v -0.266961 1.135166 0.217650
v -0.266963 1.135066 0.217885
v -0.266770 1.135114 0.218046
v -0.165297 0.861168 0.135022
v -0.162468 0.861168 0.133614
v -0.161827 0.859052 0.131357
v -0.164014 0.856936 0.130507
v -0.166843 0.856936 0.131914
v -0.167484 0.859052 0.134172
v -0.227491 0.975560 0.008992
v -0.225611 0.976043 0.007505
v -0.225431 0.974900 0.005352
v -0.227131 0.973273 0.004685
v -0.229010 0.972790 0.006172
v -0.229190 0.973933 0.008326
v -0.346142 1.110078 -0.013925
v -0.345178 1.110919 -0.015090
v -0.345565 1.110811 -0.016773
v -0.346917 1.109863 -0.017290
v -0.347881 1.109023 -0.016125
v -0.347493 1.109131 -0.014443
v -0.437698 1.258196 0.038162
v -0.437066 1.258584 0.037470
v -0.437295 1.258523 0.036483
v -0.438155 1.258073 0.036188
v -0.438787 1.257684 0.036880
v -0.438559 1.257746 0.037867
v -0.515173 1.419552 0.004472
v -0.514959 1.419613 0.004271
v -0.514996 1.419536 0.003983
v -0.515248 1.419398 0.003896
v -0.515462 1.419337 0.004097
v -0.515425 1.419413 0.004385
v -0.221376 0.981231 0.127839
v -0.223800 0.981231 0.128155
v -0.224767 0.980300 0.130198
v -0.223309 0.979368 0.131925
v -0.220885 0.979368 0.131609
v -0.219918 0.980300 0.129566
v -0.212621 1.125226 0.198587
v -0.214250 1.124656 0.198467
v -0.214864 1.123539 0.199637
v -0.213849 1.122993 0.200927
v -0.212221 1.123564 0.201048
v -0.211607 1.124680 0.199878
v -0.312775 1.204983 0.295371
v -0.313475 1.204313 0.295068
v -0.313764 1.203565 0.295689
v -0.313353 1.203485 0.296614
v -0.312653 1.204155 0.296917
v -0.312364 1.204903 0.296296
v -0.435914 1.305372 0.314052
v -0.436102 1.305159 0.313956
v -0.436228 1.304970 0.314153
v -0.436165 1.304994 0.314445
v -0.435976 1.305207 0.314541
v -0.435850 1.305396 0.314344
v -0.227597 0.975651 0.007816
v -0.226293 0.975651 0.006887
v -0.226008 0.974416 0.005910
v -0.227025 0.973182 0.005861
v -0.228328 0.973182 0.006790
v -0.228614 0.974416 0.007767
v -0.269446 1.012196 -0.051331
v -0.268715 1.012325 -0.052186
v -0.268572 1.011492 -0.052939
v -0.269161 1.010530 -0.052838
v -0.269892 1.010401 -0.051983
v -0.270035 1.011234 -0.051230
v -0.341312 1.035315 -0.081139
v -0.341021 1.035447 -0.081721
v -0.340971 1.034972 -0.082183
v -0.341212 1.034364 -0.082062
v -0.341503 1.034232 -0.081479
v -0.341553 1.034707 -0.081018
v -0.412852 1.056143 -0.113560
v -0.412764 1.056181 -0.113731
v -0.412745 1.056040 -0.113866
v -0.412815 1.055860 -0.113830
v -0.412903 1.055821 -0.113658
v -0.412922 1.055963 -0.113524
v -0.346527 1.110396 -0.015279
v -0.346221 1.110396 -0.015720
v -0.346223 1.109971 -0.016049
v -0.346532 1.109546 -0.015937
v -0.346838 1.109546 -0.015495
v -0.346835 1.109971 -0.015166
v -0.375429 1.125934 -0.035454
v -0.375306 1.125960 -0.035743
v -0.375319 1.125716 -0.035942
v -0.375455 1.125446 -0.035852
v -0.375578 1.125420 -0.035563
v -0.375565 1.125664 -0.035364
v -0.412460 1.134730 -0.041377
v -0.412443 1.134743 -0.041468
v -0.412451 1.134672 -0.041528
v -0.412476 1.134588 -0.041497
v -0.412493 1.134575 -0.041406
v -0.412485 1.134646 -0.041347
v -0.213172 1.124413 0.199087
v -0.213825 1.124413 0.199432
v -0.213888 1.124110 0.200103
v -0.213298 1.123806 0.200428
v -0.212646 1.123806 0.200082
v -0.212582 1.124110 0.199412
v -0.201440 1.170952 0.221597
v -0.201833 1.170857 0.221752
v -0.201873 1.170655 0.222133
v -0.201519 1.170546 0.222359
v -0.201126 1.170641 0.222204
v -0.201086 1.170844 0.221823
v -0.216130 1.214768 0.247571
v -0.216241 1.214713 0.247602
v -0.216252 1.214646 0.247710
v -0.216151 1.214634 0.247788
v -0.216039 1.214689 0.247757
v -0.216029 1.214756 0.247649
v -0.412739 1.164955 0.096665
v -0.412556 1.164955 0.095758
v -0.413024 1.164394 0.095192
v -0.413676 1.163833 0.095532
v -0.413859 1.163833 0.096438
v -0.413391 1.164394 0.097005
v -0.490725 1.245255 0.080571
v -0.490671 1.245255 0.080303
v -0.490810 1.245089 0.080135
v -0.491002 1.244924 0.080236
v -0.491057 1.244924 0.080504
v -0.490918 1.245089 0.080671
v -0.437831 1.258260 0.037202
v -0.437930 1.258260 0.037076
v -0.438025 1.258134 0.037049
v -0.438022 1.258009 0.037148
v -0.437924 1.258009 0.037274
v -0.437828 1.258134 0.037301
v -0.451858 1.266452 0.048085
v -0.451887 1.266452 0.048048
v -0.451915 1.266415 0.048040
v -0.451914 1.266378 0.048070
v -0.451885 1.266378 0.048107
v -0.451857 1.266415 0.048115
v -0.312715 1.204770 0.295989
v -0.313304 1.204770 0.295740
v -0.313653 1.204234 0.295743
v -0.313412 1.203698 0.295996
v -0.312823 1.203698 0.296245
v -0.312475 1.204234 0.296242
v -0.342446 1.223971 0.365753
v -0.342620 1.223971 0.365679
v -0.342723 1.223813 0.365680
v -0.342652 1.223654 0.365755
v -0.342478 1.223654 0.365828
v -0.342375 1.223813 0.365827
v -0.179480 0.886669 0.150409
v -0.177448 0.886669 0.150361
v -0.176469 0.885840 0.148785
v -0.177521 0.885011 0.147257
v -0.179553 0.885011 0.147305
v -0.180532 0.885840 0.148880
v -0.180154 0.959211 0.111220
v -0.178599 0.959424 0.111081
v -0.177859 0.958990 0.109759
v -0.178675 0.958342 0.108576
v -0.180230 0.958129 0.108715
v -0.180970 0.958564 0.110037
v -0.204856 1.033859 0.086762
v -0.203810 1.034220 0.086594
v -0.203354 1.034162 0.085573
v -0.203945 1.033743 0.084719
v -0.204991 1.033382 0.084887
v -0.205447 1.033440 0.085908
v -0.236910 1.108951 0.076355
v -0.236375 1.109332 0.076260
v -0.236258 1.109597 0.075664
v -0.236676 1.109483 0.075162
v -0.237211 1.109102 0.075256
v -0.237329 1.108837 0.075853
v -0.284418 1.155920 0.124618
v -0.284278 1.156072 0.124609
v -0.284290 1.156215 0.124460
v -0.284442 1.156206 0.124320
v -0.284582 1.156054 0.124329
v -0.284570 1.155911 0.124478
v -0.365962 1.078836 0.198822
v -0.367170 1.078836 0.197738
v -0.368264 1.077637 0.197741
v -0.368150 1.076438 0.198829
v -0.366942 1.076438 0.199913
v -0.365848 1.077637 0.199909
v -0.476536 1.179095 0.321458
v -0.477054 1.178976 0.320657
v -0.477483 1.178133 0.320483
v -0.477394 1.177410 0.321110
v -0.476876 1.177529 0.321911
v -0.476446 1.178372 0.322085
v -0.662254 1.192331 0.372951
v -0.662336 1.192276 0.372667
v -0.662383 1.191994 0.372576
v -0.662346 1.191767 0.372768
v -0.662264 1.191821 0.373051
v -0.662217 1.192103 0.373143
v -0.236672 1.109342 0.076035
v -0.236491 1.109342 0.075763
v -0.236612 1.109217 0.075486
v -0.236915 1.109092 0.075481
v -0.237096 1.109092 0.075754
v -0.236975 1.109217 0.076031
v -0.258466 1.162359 0.061404
v -0.258409 1.162359 0.061319
v -0.258447 1.162320 0.061232
v -0.258541 1.162281 0.061231
v -0.258598 1.162281 0.061316
v -0.258560 1.162320 0.061402
v -0.476369 1.178983 0.321096
v -0.477259 1.178983 0.320732
v -0.477855 1.178253 0.320920
v -0.477561 1.177522 0.321471
v -0.476671 1.177522 0.321835
v -0.476075 1.178253 0.321647
v -0.526143 1.249809 0.442055
v -0.526421 1.249809 0.441942
v -0.526607 1.249581 0.442000
v -0.526515 1.249353 0.442172
v -0.526238 1.249353 0.442286
v -0.526052 1.249581 0.442227
v -0.174777 0.870987 0.162692
v -0.172195 0.870987 0.162685
v -0.170910 0.870112 0.160624
v -0.172207 0.869237 0.158570
v -0.174789 0.869237 0.158577
v -0.176074 0.870112 0.160638
v -0.174585 0.969436 0.120285
v -0.172607 0.969740 0.120163
v -0.171632 0.969328 0.118459
v -0.172636 0.968612 0.116878
v -0.174614 0.968307 0.117001
v -0.175588 0.968720 0.118704
v -0.208657 1.067419 0.094359
v -0.207265 1.067719 0.094260
v -0.206660 1.067888 0.092977
v -0.207449 1.067757 0.091793
v -0.208842 1.067457 0.091893
v -0.209446 1.067288 0.093176
v -0.216720 1.169600 0.125599
v -0.215893 1.169795 0.125542
v -0.215578 1.170110 0.124816
v -0.216091 1.170230 0.124147
v -0.216918 1.170035 0.124204
v -0.217233 1.169720 0.124929
v -0.250100 1.265353 0.161041
v -0.249841 1.265446 0.161033
v -0.249745 1.265566 0.160805
v -0.249907 1.265592 0.160585
v -0.250165 1.265499 0.160592
v -0.250261 1.265379 0.160820
v -0.324612 1.018364 0.187409
v -0.325554 1.018364 0.186616
v -0.326309 1.017392 0.186556
v -0.326121 1.016420 0.187289
v -0.325179 1.016420 0.188082
v -0.324425 1.017392 0.188143
v -0.379356 1.056214 0.252019
v -0.379872 1.056186 0.251497
v -0.380278 1.055580 0.251414
v -0.380167 1.055001 0.251853
v -0.379651 1.055030 0.252375
v -0.379246 1.055636 0.252458
v -0.449157 1.084205 0.306317
v -0.449307 1.084188 0.306134
v -0.449422 1.083985 0.306093
v -0.449387 1.083798 0.306236
v -0.449237 1.083815 0.306418
v -0.449122 1.084019 0.306459
v -0.207578 1.068504 0.094063
v -0.207006 1.068504 0.092755
v -0.207481 1.067588 0.091767
v -0.208529 1.066671 0.092089
v -0.209101 1.066671 0.093398
v -0.208625 1.067588 0.094385
v -0.319616 1.178839 0.044768
v -0.319445 1.178985 0.043947
v -0.319782 1.178486 0.043346
v -0.320291 1.177839 0.043565
v -0.320463 1.177692 0.044387
v -0.320125 1.178192 0.044988
v -0.459904 1.259844 0.074997
v -0.459910 1.259933 0.074737
v -0.460038 1.259784 0.074544
v -0.460161 1.259548 0.074612
v -0.460155 1.259459 0.074872
v -0.460027 1.259608 0.075064
v -0.023134 0.332224 0.054891
v -0.024054 0.332224 0.053590
v -0.025350 0.331298 0.053531
v -0.025726 0.330373 0.054772
v -0.024805 0.330373 0.056074
v -0.023509 0.331298 0.056133
v -0.055574 0.375626 0.077632
v -0.056362 0.375705 0.076639
v -0.057435 0.375025 0.076624
v -0.057720 0.374266 0.077602
v -0.056932 0.374187 0.078595
v -0.055859 0.374867 0.078610
v -0.080355 0.420181 0.106863
v -0.080959 0.420268 0.106140
v -0.081784 0.419804 0.106153
v -0.082004 0.419251 0.106890
v -0.081400 0.419163 0.107613
v -0.080575 0.419628 0.107600
v -0.106823 0.466789 0.131112
v -0.107239 0.466879 0.130655
v -0.107787 0.466583 0.130671
v -0.107921 0.466198 0.131142
v -0.107506 0.466108 0.131599
v -0.106957 0.466404 0.131583
v -0.127253 0.509057 0.166559
v -0.127465 0.509125 0.166358
v -0.127732 0.508988 0.166370
v -0.127787 0.508784 0.166583
v -0.127575 0.508717 0.166784
v -0.127308 0.508853 0.166772
v -0.003143 0.397156 0.069742
v -0.003181 0.397156 0.070280
v -0.002759 0.397005 0.070581
v -0.002299 0.396854 0.070343
v -0.002261 0.396854 0.069804
v -0.002683 0.397005 0.069504
v 0.003628 0.416531 0.070315
v 0.003577 0.416455 0.070659
v 0.003842 0.416316 0.070851
v 0.004157 0.416252 0.070699
v 0.004207 0.416328 0.070356
v 0.003943 0.416467 0.070164
v 0.009315 0.433816 0.079824
v 0.009280 0.433745 0.079975
v 0.009401 0.433660 0.080060
v 0.009558 0.433646 0.079994
v 0.009593 0.433717 0.079842
v 0.009472 0.433802 0.079757
v 0.000351 0.888651 0.126749
v 0.002083 0.888651 0.125458
v 0.001922 0.887909 0.123435
v 0.000029 0.887166 0.122704
v -0.001703 0.887166 0.123996
v -0.001542 0.887909 0.126018
v -0.029744 1.004813 0.085747
v -0.028655 1.005260 0.084753
v -0.028917 1.005179 0.083237
v -0.030267 1.004652 0.082715
v -0.031355 1.004205 0.083710
v -0.031094 1.004286 0.085225
v -0.087314 1.109179 0.128909
v -0.086768 1.109686 0.128368
v -0.087053 1.109933 0.127529
v -0.087883 1.109672 0.127229
v -0.088428 1.109165 0.127770
v -0.088144 1.108919 0.128609
v -0.131264 1.216592 0.181061
v -0.131084 1.216753 0.180883
v -0.131182 1.216845 0.180615
v -0.131460 1.216776 0.180525
v -0.131639 1.216615 0.180703
v -0.131542 1.216523 0.180971
v 0.009975 0.780975 -0.017022
v 0.011143 0.780975 -0.018874
v 0.010557 0.779679 -0.020539
v 0.008801 0.778383 -0.020352
v 0.007633 0.778383 -0.018500
v 0.008219 0.779679 -0.016835
v -0.055178 0.862836 -0.058411
v -0.054256 0.862830 -0.059860
v -0.054712 0.861808 -0.061163
v -0.056090 0.860792 -0.061017
v -0.057011 0.860799 -0.059568
v -0.056555 0.861821 -0.058265
v -0.120002 0.944419 -0.100969
v -0.119299 0.944371 -0.101996
v -0.119601 0.943594 -0.102921
v -0.120606 0.942865 -0.102819
v -0.121309 0.942914 -0.101792
v -0.121007 0.943691 -0.100868
v -0.181483 1.023085 -0.153049
v -0.181025 1.023029 -0.153669
v -0.181163 1.022489 -0.154204
v -0.181759 1.022005 -0.154119
v -0.182217 1.022061 -0.153500
v -0.182079 1.022601 -0.152965
v -0.252445 1.087307 -0.212297
v -0.252266 1.087284 -0.212537
v -0.252306 1.087061 -0.212733
v -0.252525 1.086860 -0.212690
v -0.252704 1.086883 -0.212450
v -0.252664 1.087106 -0.212253
v 0.030774 1.059368 0.049150
v 0.030451 1.059368 0.048586
v 0.029846 1.059134 0.048558
v 0.029563 1.058900 0.049095
v 0.029886 1.058900 0.049658
v 0.030492 1.059134 0.049686
v 0.015519 1.097056 0.057739
v 0.015290 1.097154 0.057422
v 0.014894 1.097075 0.057428
v 0.014729 1.096897 0.057750
v 0.014958 1.096799 0.058066
v 0.015354 1.096878 0.058061
v 0.016319 1.131067 0.081603
v 0.016226 1.131141 0.081500
v 0.016071 1.131135 0.081516
v 0.016007 1.131054 0.081634
v 0.016100 1.130980 0.081737
v 0.016255 1.130986 0.081721
v 0.024867 0.947130 0.306424
v 0.024793 0.947130 0.306733
v 0.024951 0.946941 0.306934
v 0.025183 0.946753 0.306827
v 0.025257 0.946753 0.306518
v 0.025099 0.946941 0.306316
v 0.033818 0.956839 0.308614
v 0.033739 0.956815 0.308847
v 0.033854 0.956659 0.309001
v 0.034047 0.956527 0.308921
v 0.034126 0.956551 0.308689
v 0.034012 0.956707 0.308535
v 0.041307 0.966492 0.314076
v 0.041224 0.966435 0.314220
v 0.041302 0.966320 0.314328
v 0.041464 0.966261 0.314290
v 0.041547 0.966318 0.314146
v 0.041469 0.966433 0.314039
v 0.044185 0.976557 0.322403
v 0.044128 0.976504 0.322473
v 0.044173 0.976431 0.322534
v 0.044276 0.976411 0.322525
v 0.044334 0.976465 0.322455
v 0.044288 0.976538 0.322394
v 0.046607 0.984897 0.332584
v 0.046587 0.984878 0.332605
v 0.046602 0.984852 0.332622
v 0.046635 0.984846 0.332620
v 0.046655 0.984865 0.332599
v 0.046640 0.984891 0.332581
v -0.030849 1.109936 0.348931
v -0.032124 1.109936 0.349952
v -0.031941 1.109407 0.351487
v -0.030483 1.108879 0.352001
v -0.029208 1.108879 0.350979
v -0.029391 1.109407 0.349444
v -0.010125 1.191894 0.375178
v -0.011044 1.191852 0.375891
v -0.010931 1.191408 0.376962
v -0.009898 1.191006 0.377319
v -0.008978 1.191048 0.376606
v -0.009092 1.191492 0.375535
v 0.010154 1.269892 0.411952
v 0.009583 1.269663 0.412276
v 0.009640 1.269299 0.412866
v 0.010268 1.269163 0.413132
v 0.010840 1.269393 0.412808
v 0.010783 1.269757 0.412218
v -0.016961 1.335083 0.465330
v -0.017136 1.334955 0.465398
v -0.017114 1.334819 0.465578
v -0.016917 1.334810 0.465690
v -0.016742 1.334938 0.465622
v -0.016764 1.335074 0.465442
v -0.137332 1.242131 0.399096
v -0.137815 1.242131 0.397634
v -0.139133 1.241429 0.397258
v -0.139968 1.240726 0.398346
v -0.139485 1.240726 0.399808
v -0.138166 1.241429 0.400184
v -0.219685 1.380909 0.425998
v -0.220032 1.380990 0.425149
v -0.220755 1.380480 0.424897
v -0.221133 1.379890 0.425494
v -0.220786 1.379809 0.426342
v -0.220062 1.380318 0.426594
v -0.334753 1.469967 0.500784
v -0.334888 1.470015 0.500521
v -0.335099 1.469826 0.500424
v -0.335176 1.469588 0.500591
v -0.335040 1.469540 0.500854
v -0.334829 1.469730 0.500951
v 0.009988 1.269648 0.412114
v 0.009728 1.269648 0.412538
v 0.009951 1.269528 0.412967
v 0.010434 1.269407 0.412971
v 0.010694 1.269407 0.412546
v 0.010471 1.269528 0.412118
v 0.030084 1.349888 0.424630
v 0.029999 1.349888 0.424768
v 0.030072 1.349849 0.424908
v 0.030229 1.349809 0.424909
v 0.030314 1.349809 0.424771
v 0.030241 1.349849 0.424631
v -0.220063 1.380826 0.425007
v -0.220971 1.380826 0.425156
v -0.221317 1.380399 0.425894
v -0.220755 1.379973 0.426484
v -0.219846 1.379973 0.426336
v -0.219501 1.380399 0.425598
v -0.209497 1.486384 0.491689
v -0.209793 1.486384 0.491737
v -0.209906 1.486245 0.491978
v -0.209723 1.486106 0.492170
v -0.209426 1.486106 0.492122
v -0.209314 1.486245 0.491881
v 0.035657 0.764861 -0.094700
v 0.033648 0.764861 -0.096622
v 0.031207 0.763642 -0.096082
v 0.030776 0.762424 -0.093620
v 0.032785 0.762424 -0.091697
v 0.035226 0.763642 -0.092237
v -0.012097 0.880907 -0.045255
v -0.013575 0.880751 -0.046823
v -0.015280 0.879447 -0.046575
v -0.015507 0.878299 -0.044759
v -0.014029 0.878455 -0.043191
v -0.012324 0.879758 -0.043439
v -0.101443 0.962790 0.014007
v -0.102315 0.962474 0.012777
v -0.103319 0.961307 0.012824
v -0.103453 0.960456 0.014101
v -0.102581 0.960772 0.015331
v -0.101577 0.961939 0.015284
v -0.201928 1.046421 0.045968
v -0.202487 1.046261 0.045255
v -0.202988 1.045490 0.045227
v -0.202931 1.044879 0.045913
v -0.202372 1.045039 0.046626
v -0.201871 1.045810 0.046654
v -0.294078 1.082172 0.137266
v -0.294295 1.082137 0.137062
v -0.294431 1.081872 0.137030
v -0.294350 1.081640 0.137203
v -0.294133 1.081675 0.137408
v -0.293997 1.081940 0.137439
v -0.013891 0.880312 -0.042968
v -0.012010 0.880312 -0.044030
v -0.011920 0.879603 -0.046069
v -0.013712 0.878893 -0.047046
v -0.015594 0.878893 -0.045984
v -0.015683 0.879603 -0.043945
v -0.049110 1.055013 -0.105957
v -0.047864 1.055277 -0.106824
v -0.047759 1.054657 -0.108230
v -0.048900 1.053775 -0.108770
v -0.050146 1.053512 -0.107904
v -0.050251 1.054131 -0.106498
v -0.173730 1.172933 -0.185089
v -0.173069 1.173211 -0.185665
v -0.173010 1.172846 -0.186508
v -0.173612 1.172204 -0.186774
v -0.174274 1.171926 -0.186198
v -0.174333 1.172291 -0.185355
v -0.276071 1.322281 -0.238659
v -0.275851 1.322366 -0.238845
v -0.275848 1.322267 -0.239128
v -0.276064 1.322084 -0.239226
v -0.276284 1.321999 -0.239041
v -0.276288 1.322098 -0.238758
v -0.050360 1.054969 -0.106908
v -0.049159 1.054969 -0.105943
v -0.047804 1.054394 -0.106399
v -0.047651 1.053819 -0.107820
v -0.048852 1.053819 -0.108785
v -0.050206 1.054394 -0.108328
v 0.001042 1.224855 -0.170431
v 0.001787 1.224934 -0.169897
v 0.002555 1.224474 -0.170107
v 0.002578 1.223934 -0.170852
v 0.001833 1.223854 -0.171386
v 0.001065 1.224315 -0.171176
v 0.064666 1.336572 -0.308306
v 0.064919 1.336619 -0.308152
v 0.065155 1.336438 -0.308192
v 0.065138 1.336210 -0.308385
v 0.064885 1.336163 -0.308540
v 0.064649 1.336344 -0.308500
v 0.087921 1.005110 -0.170633
v 0.087683 1.005110 -0.169744
v 0.088255 1.004757 -0.169115
v 0.089064 1.004405 -0.169375
v 0.089302 1.004405 -0.170264
v 0.088731 1.004757 -0.170893
v 0.164045 1.163682 -0.149926
v 0.163967 1.163682 -0.149636
v 0.164154 1.163567 -0.149431
v 0.164417 1.163452 -0.149515
v 0.164495 1.163452 -0.149805
v 0.164309 1.163567 -0.150010
v -0.202057 1.046073 0.046354
v -0.201947 1.046073 0.045664
v -0.202319 1.045650 0.045250
v -0.202802 1.045227 0.045527
v -0.202912 1.045227 0.046218
v -0.202540 1.045650 0.046631
v -0.258619 1.104215 0.037096
v -0.258584 1.104215 0.036871
v -0.258705 1.104077 0.036736
v -0.258863 1.103939 0.036826
v -0.258898 1.103939 0.037051
v -0.258777 1.104077 0.037186
v -0.173964 1.173167 -0.185617
v -0.173256 1.173167 -0.185822
v -0.172964 1.172568 -0.186137
v -0.173379 1.171970 -0.186246
v -0.174087 1.171970 -0.186041
v -0.174379 1.172568 -0.185726
v -0.196291 1.202518 -0.263366
v -0.196060 1.202518 -0.263433
v -0.195965 1.202323 -0.263535
v -0.196101 1.202128 -0.263571
v -0.196331 1.202128 -0.263504
v -0.196427 1.202323 -0.263401
v 0.001965 1.224770 -0.169816
v 0.002629 1.224770 -0.170453
v 0.002474 1.224394 -0.171279
v 0.001655 1.224019 -0.171467
v 0.000991 1.224019 -0.170830
v 0.001146 1.224394 -0.170005
v -0.062349 1.398245 -0.237304
v -0.062133 1.398245 -0.237512
v -0.062183 1.398123 -0.237781
v -0.062450 1.398000 -0.237843
v -0.062666 1.398000 -0.237635
v -0.062616 1.398123 -0.237366
v 0.084351 0.479906 0.078890
v 0.084168 0.479906 0.080473
v 0.085179 0.479087 0.081392
v 0.086375 0.478268 0.080729
v 0.086559 0.478268 0.079146
v 0.085547 0.479087 0.078226
v 0.175510 0.603998 0.089639
v 0.175347 0.603975 0.090899
v 0.176164 0.603337 0.091633
v 0.177143 0.602722 0.091108
v 0.177306 0.602745 0.089849
v 0.176489 0.603383 0.089114
v 0.258526 0.733060 0.106259
v 0.258294 0.732846 0.107152
v 0.258909 0.732381 0.107701
v 0.259755 0.732129 0.107358
v 0.259986 0.732343 0.106466
v 0.259372 0.732808 0.105916
v 0.290522 0.863752 0.182015
v 0.290342 0.863549 0.182577
v 0.290731 0.863205 0.182923
v 0.291299 0.863064 0.182708
v 0.291478 0.863267 0.182146
v 0.291090 0.863611 0.181800
v 0.369765 0.985812 0.233635
v 0.369693 0.985740 0.233917
v 0.369871 0.985558 0.234076
v 0.370121 0.985448 0.233953
v 0.370194 0.985520 0.233671
v 0.370016 0.985702 0.233512
v 0.258613 0.733243 0.106363
v 0.258664 0.733243 0.107308
v 0.259191 0.732595 0.107754
v 0.259667 0.731946 0.107254
v 0.259616 0.731946 0.106309
v 0.259089 0.732595 0.105863
v 0.387857 0.833203 0.099536
v 0.387838 0.833166 0.100158
v 0.388127 0.832697 0.100450
v 0.388434 0.832266 0.100121
v 0.388453 0.832304 0.099499
v 0.388164 0.832772 0.099206
v 0.529233 0.911202 0.125452
v 0.529198 0.911168 0.125748
v 0.529307 0.910925 0.125885
v 0.529452 0.910715 0.125726
v 0.529487 0.910749 0.125430
v 0.529378 0.910993 0.125293
v 0.051044 0.630629 0.194903
v 0.050692 0.630629 0.195237
v 0.050755 0.630392 0.195655
v 0.051170 0.630156 0.195740
v 0.051522 0.630156 0.195406
v 0.051459 0.630392 0.194987
v 0.056173 0.641469 0.200378
v 0.055892 0.641463 0.200639
v 0.055944 0.641282 0.200973
v 0.056277 0.641106 0.201045
v 0.056558 0.641112 0.200784
v 0.056506 0.641294 0.200450
v 0.060479 0.652751 0.205701
v 0.060264 0.652723 0.205881
v 0.060299 0.652582 0.206123
v 0.060550 0.652468 0.206185
v 0.060766 0.652496 0.206005
v 0.060730 0.652637 0.205763
v 0.063321 0.663705 0.212539
v 0.063178 0.663671 0.212644
v 0.063193 0.663558 0.212784
v 0.063352 0.663479 0.212819
v 0.063495 0.663513 0.212714
v 0.063479 0.663626 0.212574
v 0.067110 0.672754 0.221384
v 0.067047 0.672738 0.221428
v 0.067052 0.672682 0.221485
v 0.067119 0.672643 0.221496
v 0.067183 0.672659 0.221451
v 0.067178 0.672715 0.221395
v 0.000979 0.883734 0.235347
v 0.000834 0.883734 0.235421
v 0.000800 0.883620 0.235531
v 0.000909 0.883506 0.235567
v 0.001054 0.883506 0.235493
v 0.001088 0.883620 0.235383
v 0.005333 0.890592 0.243938
v 0.005270 0.890592 0.243971
v 0.005255 0.890542 0.244019
v 0.005303 0.890492 0.244035
v 0.005366 0.890492 0.244002
v 0.005381 0.890542 0.243954
v -0.166646 0.713015 0.058927
v -0.167277 0.713015 0.058475
v -0.167936 0.712691 0.058729
v -0.167962 0.712366 0.059434
v -0.167330 0.712366 0.059885
v -0.166672 0.712691 0.059632
v -0.191633 0.790278 0.093685
v -0.192062 0.790255 0.093361
v -0.192499 0.789978 0.093512
v -0.192506 0.789725 0.093986
v -0.192077 0.789747 0.094310
v -0.191640 0.790024 0.094160
v -0.232204 0.856892 0.135142
v -0.232437 0.856867 0.134955
v -0.232666 0.856686 0.135023
v -0.232663 0.856529 0.135279
v -0.232430 0.856554 0.135467
v -0.232201 0.856735 0.135398
v -0.081343 0.422316 -0.037902
v -0.081091 0.422316 -0.037740
v -0.080836 0.422211 -0.037859
v -0.080834 0.422105 -0.038140
v -0.081087 0.422105 -0.038302
v -0.081341 0.422211 -0.038183
v -0.051525 0.546374 -0.084326
v -0.051268 0.546400 -0.084173
v -0.051009 0.546314 -0.084300
v -0.051008 0.546203 -0.084578
v -0.051266 0.546178 -0.084731
v -0.051524 0.546263 -0.084604
v -0.047289 0.671366 -0.137033
v -0.047038 0.671488 -0.136924
v -0.046784 0.671476 -0.137084
v -0.046782 0.671342 -0.137352
v -0.047033 0.671219 -0.137461
v -0.047287 0.671231 -0.137301
v -0.112827 0.773022 -0.198655
v -0.112615 0.773227 -0.198599
v -0.112381 0.773256 -0.198784
v -0.112359 0.773080 -0.199026
v -0.112571 0.772875 -0.199083
v -0.112805 0.772846 -0.198897
v -0.184416 0.853119 -0.281734
v -0.184218 0.853340 -0.281692
v -0.183980 0.853364 -0.281873
v -0.183941 0.853168 -0.282096
v -0.184139 0.852947 -0.282138
v -0.184377 0.852922 -0.281957
v -0.047310 0.671463 -0.137243
v -0.047197 0.671463 -0.136965
v -0.046923 0.671354 -0.136914
v -0.046761 0.671244 -0.137142
v -0.046874 0.671244 -0.137420
v -0.047148 0.671354 -0.137470
v -0.011195 0.755334 -0.151888
v -0.011059 0.755411 -0.151632
v -0.010763 0.755370 -0.151601
v -0.010603 0.755252 -0.151826
v -0.010740 0.755176 -0.152082
v -0.011035 0.755217 -0.152113
v -0.018117 0.833428 -0.200945
v -0.017977 0.833578 -0.200726
v -0.017678 0.833603 -0.200729
v -0.017519 0.833478 -0.200950
v -0.017659 0.833328 -0.201169
v -0.017958 0.833303 -0.201167
v -0.178563 0.632498 -0.009384
v -0.178587 0.632498 -0.009406
v -0.178615 0.632485 -0.009399
v -0.178621 0.632472 -0.009370
v -0.178597 0.632472 -0.009348
v -0.178569 0.632485 -0.009355
v -0.181231 0.639685 -0.006576
v -0.181254 0.639685 -0.006599
v -0.181283 0.639672 -0.006592
v -0.181288 0.639659 -0.006563
v -0.181265 0.639659 -0.006541
v -0.181236 0.639672 -0.006548
v -0.029609 0.431389 -0.037524
v -0.030011 0.431389 -0.037948
v -0.030564 0.431245 -0.037826
v -0.030714 0.431101 -0.037280
v -0.030312 0.431101 -0.036857
v -0.029760 0.431245 -0.036979
v -0.041106 0.484053 -0.026704
v -0.041392 0.483982 -0.027033
v -0.041806 0.483857 -0.026942
v -0.041934 0.483804 -0.026522
v -0.041648 0.483875 -0.026193
v -0.041234 0.483999 -0.026284
v -0.060247 0.535150 -0.033448
v -0.060426 0.535054 -0.033669
v -0.060704 0.534959 -0.033607
v -0.060803 0.534959 -0.033324
v -0.060624 0.535055 -0.033103
v -0.060347 0.535150 -0.033165
v -0.210342 0.984268 0.162600
v -0.207719 0.984268 0.163523
v -0.205652 0.983483 0.161836
v -0.206208 0.982699 0.159227
v -0.208832 0.982699 0.158304
v -0.210899 0.983483 0.159991
v -0.193360 1.128510 0.115266
v -0.191311 1.128724 0.115916
v -0.189694 1.128329 0.114539
v -0.190126 1.127721 0.112511
v -0.192176 1.127507 0.111861
v -0.193793 1.127902 0.113238
v -0.212258 1.274557 0.075268
v -0.210816 1.274905 0.075685
v -0.209694 1.274932 0.074630
v -0.210014 1.274611 0.073157
v -0.211455 1.274262 0.072740
v -0.212577 1.274236 0.073796
v -0.248425 1.422373 0.062397
v -0.247540 1.422436 0.062643
v -0.246902 1.422650 0.062016
v -0.247147 1.422801 0.061142
v -0.248032 1.422739 0.060896
v -0.248670 1.422525 0.061523
v -0.247825 1.557525 0.133846
v -0.247534 1.557492 0.133907
v -0.247328 1.557594 0.133715
v -0.247413 1.557729 0.133461
v -0.247705 1.557762 0.133400
v -0.247911 1.557660 0.133593
v -0.351951 1.143603 0.198724
v -0.352894 1.143603 0.197890
v -0.353661 1.142608 0.197806
v -0.353484 1.141613 0.198556
v -0.352542 1.141613 0.199391
v -0.351775 1.142608 0.199475
v -0.393316 1.171084 0.245176
v -0.393949 1.171061 0.244540
v -0.394450 1.170324 0.244432
v -0.394317 1.169610 0.244960
v -0.393684 1.169633 0.245596
v -0.393183 1.170371 0.245703
v -0.442883 1.191527 0.287061
v -0.443244 1.191506 0.286665
v -0.443486 1.191042 0.286547
v -0.443367 1.190600 0.286825
v -0.443006 1.190621 0.287221
v -0.442764 1.191085 0.287339
v -0.492115 1.199399 0.333254
v -0.492235 1.199392 0.333127
v -0.492305 1.199239 0.333080
v -0.492254 1.199092 0.333160
v -0.492134 1.199098 0.333287
v -0.492064 1.199251 0.333333
v -0.459923 1.327053 0.153589
v -0.461223 1.327053 0.152763
v -0.462548 1.326612 0.153413
v -0.462573 1.326172 0.154888
v -0.461273 1.326172 0.155714
v -0.459948 1.326612 0.155064
v -0.499096 1.532894 0.214676
v -0.499864 1.532856 0.214170
v -0.500634 1.532504 0.214529
v -0.500637 1.532189 0.215394
v -0.499869 1.532226 0.215899
v -0.499098 1.532579 0.215541
v -0.574471 1.720302 0.297342
v -0.574718 1.720278 0.297172
v -0.574959 1.720135 0.297278
v -0.574955 1.720016 0.297553
v -0.574708 1.720040 0.297723
v -0.574466 1.720183 0.297617
v -0.247335 1.423218 0.062265
v -0.247265 1.423218 0.061348
v -0.247716 1.422587 0.060852
v -0.248237 1.421957 0.061274
v -0.248307 1.421957 0.062191
v -0.247856 1.422587 0.062687
v -0.381052 1.526241 0.051788
v -0.381029 1.526241 0.051489
v -0.381176 1.526036 0.051327
v -0.381346 1.525830 0.051465
v -0.381368 1.525830 0.051764
v -0.381221 1.526036 0.051926
v -0.443068 1.191175 0.287004
v -0.443091 1.191175 0.286867
v -0.443148 1.191063 0.286806
v -0.443182 1.190952 0.286882
v -0.443159 1.190952 0.287020
v -0.443102 1.191063 0.287080
v -0.470645 1.202667 0.291606
v -0.470653 1.202667 0.291561
v -0.470671 1.202630 0.291541
v -0.470682 1.202594 0.291566
v -0.470675 1.202594 0.291611
v -0.470656 1.202630 0.291631
vn -0.5049 0.0879 0.8587
vn -0.4349 0.0515 0.8990
vn -0.9865 -0.1554 0.0509
vn -0.9955 0.0943 -0.0061
vn 0.4984 0.0862 0.8627
vn 0.5027 0.2552 0.8259
vn 0.9963 0.0864 0.0006
vn 0.9604 0.2786 0.0036
vn 0.4931 0.0868 -0.8656
vn 0.5447 0.1036 -0.8322
vn -0.5053 0.0931 -0.8579
vn -0.4413 -0.1248 -0.8887
vn -0.5636 0.1397 0.8142
vn -0.9661 -0.2547 0.0410
vn 0.3565 0.4380 0.8253
vn 0.9386 0.3450 0.0098
vn 0.5064 -0.0870 -0.8579
vn -0.4802 -0.3815 -0.7898
vn -0.5851 0.2814 0.7606
vn -0.9933 -0.0962 -0.0633
vn 0.4198 0.4226 0.8032
vn 0.9854 0.1704 -0.0034
vn 0.5474 -0.2050 -0.8114
vn -0.4293 -0.3349 -0.8388
vn -0.5171 0.0942 0.8507
vn -0.9749 -0.2167 -0.0509
vn 0.4800 0.3403 0.8086
vn 0.9588 0.2814 -0.0384
vn 0.5331 -0.0008 -0.8461
vn -0.3999 -0.2480 -0.8824
vn -0.4977 -0.1008 0.8615
vn -0.9499 -0.3124 0.0024
vn 0.4500 0.2527 0.8566
vn 0.9232 0.3830 -0.0333
vn 0.4433 0.1612 -0.8818
vn -0.4830 -0.1815 -0.8566
vn -0.4842 -0.1356 0.8644
vn -0.9711 -0.2387 -0.0005
vn 0.4893 0.1449 0.8600
vn 0.9486 0.3152 -0.0291
vn 0.4322 0.2031 -0.8786
vn -0.5135 -0.0702 -0.8552
vn -0.4628 -0.0720 0.8835
vn -0.9697 -0.2386 0.0517
vn 0.4695 0.1938 0.8614
vn 0.9507 0.3094 0.0203
vn 0.4883 0.1542 -0.8589
vn -0.5058 -0.1298 -0.8528
vn -0.5077 0.0026 0.8615
vn -0.9623 -0.2716 0.0135
vn 0.4411 0.3058 0.8438
vn 0.9412 0.3373 -0.0196
vn 0.4890 0.0631 -0.8700
vn -0.4628 -0.2414 -0.8530
vn -0.7432 0.4508 0.4945
vn -0.8746 0.1206 0.4697
vn -0.8452 0.0958 -0.5258
vn -0.9101 0.0278 -0.4134
vn 0.1503 0.4520 0.8793
vn 0.1734 0.0370 0.9842
vn 0.9188 0.0334 0.3933
vn 0.9585 -0.0460 0.2815
vn 0.7617 -0.3837 -0.5221
vn 0.7757 -0.0526 -0.6289
vn -0.1388 -0.3808 -0.9142
vn -0.0613 0.0138 -0.9980
vn -0.8096 -0.2119 0.5474
vn -0.9083 0.1544 -0.3888
vn 0.0767 -0.3332 0.9397
vn 0.8964 -0.0969 0.4324
vn 0.8206 0.2615 -0.5082
vn -0.0777 0.3846 -0.9198
vn -0.8239 -0.1678 0.5412
vn -0.9051 0.1435 -0.4002
vn 0.0786 -0.2798 0.9568
vn 0.9014 -0.0788 0.4257
vn 0.8195 0.2337 -0.5232
vn -0.0892 0.3442 -0.9346
vn -0.7777 -0.2565 0.5739
vn -0.8884 -0.0609 -0.4550
vn 0.1125 -0.1526 0.9819
vn 0.8711 0.1179 0.4767
vn 0.8347 0.3089 -0.4560
vn -0.0113 0.2373 -0.9714
vn -0.8118 -0.3154 0.4915
vn -0.8463 -0.2122 -0.4887
vn 0.0188 -0.0762 0.9969
vn 0.8235 0.2717 0.4980
vn 0.7749 0.3743 -0.5094
vn -0.0706 0.1271 -0.9894
vn -0.8392 -0.2903 0.4599
vn -0.8868 0.0104 -0.4620
vn 0.0593 -0.2754 0.9595
vn 0.9043 0.0784 0.4196
vn 0.7540 0.3715 -0.5418
vn -0.1253 0.3255 -0.9372
vn -0.7983 -0.3216 0.5092
vn -0.9180 0.1454 -0.3690
vn 0.1217 -0.4397 0.8899
vn 0.9141 -0.0912 0.3951
vn 0.7896 0.3773 -0.4839
vn -0.1292 0.4917 -0.8611
vn -0.4910 0.4285 -0.7585
vn -0.4259 0.4422 -0.7893
vn 0.5008 0.2022 -0.8416
vn 0.4101 0.0159 -0.9119
vn -0.8888 0.4286 0.1622
vn -0.9609 0.2698 0.0614
vn -0.3940 0.0197 0.9189
vn -0.4310 -0.1887 0.8824
vn 0.5047 -0.3954 0.7674
vn 0.5621 -0.4050 0.7211
vn 0.9061 -0.3945 -0.1530
vn 0.9716 -0.1996 -0.1268
vn -0.5052 0.3989 -0.7653
vn 0.5157 0.3567 -0.7790
vn -0.9974 0.0511 0.0510
vn -0.4874 -0.3170 0.8136
vn 0.4943 -0.3521 0.7948
vn 0.9997 -0.0224 0.0117
vn -0.5041 0.3246 -0.8003
vn 0.4988 0.2993 -0.8134
vn -0.9985 0.0472 0.0266
vn -0.4925 -0.2534 0.8326
vn 0.5044 -0.2782 0.8174
vn 1.0000 -0.0023 -0.0034
vn -0.5419 0.3309 -0.7726
vn 0.4540 0.1736 -0.8739
vn -0.9799 0.1821 0.0810
vn -0.5015 -0.1159 0.8574
vn 0.4608 -0.2893 0.8390
vn 0.9878 -0.1529 -0.0296
vn -0.4836 0.3370 -0.8078
vn 0.4734 0.0668 -0.8783
vn -0.9538 0.2886 0.0836
vn -0.4445 -0.0340 0.8951
vn 0.5191 -0.3004 0.8002
vn 0.9654 -0.2473 -0.0834
vn -0.4960 0.3054 -0.8128
vn 0.4853 0.1171 -0.8665
vn -0.9760 0.2058 0.0706
vn -0.4563 -0.0826 0.8860
vn 0.5223 -0.2655 0.8104
vn 0.9844 -0.1655 -0.0590
vn -0.5103 0.2825 -0.8123
vn 0.4773 0.1357 -0.8682
vn -0.9842 0.1666 0.0605
vn -0.4703 -0.0960 0.8772
vn 0.5172 -0.2427 0.8207
vn 0.9906 -0.1268 -0.0517
vn 0.7542 0.4360 -0.4911
vn 0.8227 0.2108 -0.5280
vn 0.8789 0.0003 0.4770
vn 0.9129 0.0213 0.4076
vn -0.1530 0.4359 -0.8869
vn -0.1800 0.2179 -0.9592
vn -0.9201 0.0209 -0.3912
vn -0.9488 0.0145 -0.3154
vn -0.7650 -0.3916 0.5113
vn -0.7775 -0.1693 0.6057
vn 0.1458 -0.3917 0.9085
vn 0.0849 -0.1763 0.9807
vn 0.7998 -0.0182 -0.5999
vn 0.9188 0.0099 0.3947
vn -0.1127 -0.0016 -0.9936
vn -0.9165 0.0430 -0.3978
vn -0.7994 0.0673 0.5970
vn 0.1141 0.0510 0.9922
vn 0.7943 0.0078 -0.6074
vn 0.9230 -0.0260 0.3838
vn -0.1146 0.0546 -0.9919
vn -0.9104 0.0688 -0.4080
vn -0.8104 0.0360 0.5847
vn 0.1140 -0.0120 0.9934
vn 0.8019 0.0461 -0.5957
vn 0.9188 -0.0611 0.3900
vn -0.1085 0.1283 -0.9858
vn -0.9113 0.1045 -0.3982
vn -0.8061 -0.0026 0.5918
vn 0.1138 -0.0860 0.9898
vn 0.7992 0.0790 -0.5958
vn 0.9191 -0.0915 0.3832
vn -0.1088 0.1912 -0.9755
vn -0.9082 0.1368 -0.3955
vn -0.8117 -0.0323 0.5832
vn 0.1075 -0.1485 0.9831
vn 0.8088 0.1200 -0.5757
vn 0.9168 -0.1007 0.3864
vn -0.0967 0.2438 -0.9650
vn -0.9091 0.1469 -0.3898
vn -0.8063 -0.0768 0.5865
vn 0.1144 -0.2006 0.9730
vn 0.8086 0.1476 -0.5695
vn 0.9140 -0.0857 0.3966
vn -0.1046 0.2556 -0.9611
vn -0.9131 0.1301 -0.3864
vn -0.8079 -0.1033 0.5802
vn 0.1058 -0.2112 0.9717
vn 0.9225 0.3720 -0.1035
vn 0.9386 0.3265 -0.1116
vn 0.6148 0.0057 0.7887
vn 0.6208 0.0243 0.7836
vn 0.2943 0.3719 -0.8804
vn 0.2952 0.3369 -0.8941
vn -0.6366 0.0242 -0.7708
vn -0.6496 0.0288 -0.7598
vn -0.9390 -0.3237 0.1166
vn -0.9502 -0.2829 0.1308
vn -0.3102 -0.3236 0.8939
vn -0.3282 -0.2954 0.8972
vn 0.9563 0.2610 -0.1320
vn 0.6323 -0.0161 0.7746
vn 0.3143 0.2958 -0.9021
vn -0.6485 0.0543 -0.7593
vn -0.9657 -0.2187 0.1402
vn -0.3337 -0.2564 0.9071
vn 0.9759 -0.0338 -0.2154
vn 0.5857 -0.2090 0.7831
vn 0.2424 0.1995 -0.9494
vn -0.6912 0.2374 -0.6826
vn -0.9776 0.0775 0.1959
vn -0.3977 -0.1352 0.9075
vn 0.9358 -0.2590 -0.2390
vn 0.6369 -0.3384 0.6928
vn 0.3328 0.0915 -0.9385
vn -0.6062 0.3730 -0.7024
vn -0.9214 0.2927 0.2558
vn -0.2882 -0.0664 0.9553
vn 0.9570 -0.1772 -0.2299
vn 0.6452 -0.2881 0.7076
vn 0.3290 0.1286 -0.9355
vn -0.6228 0.3278 -0.7104
vn -0.9472 0.2186 0.2344
vn -0.3072 -0.0917 0.9472
vn 0.9623 -0.1552 -0.2232
vn 0.6401 -0.2826 0.7145
vn 0.3270 0.1460 -0.9337
vn -0.6310 0.3199 -0.7067
vn -0.9537 0.1926 0.2312
vn -0.3180 -0.1087 0.9418
vn -0.6315 0.5107 0.5835
vn -0.6586 0.4266 0.6199
vn -0.9694 0.0025 -0.2456
vn -0.9771 0.0125 -0.2122
vn 0.3456 0.5107 0.7873
vn 0.3527 0.4233 0.8345
vn 0.9805 0.0126 0.1963
vn 0.9860 -0.0052 0.1666
vn 0.6355 -0.4857 -0.6002
vn 0.6329 -0.4040 -0.6605
vn -0.3425 -0.4856 -0.8043
vn -0.3173 -0.3997 -0.8600
vn -0.6656 0.2856 0.6895
vn -0.9722 0.0129 -0.2336
vn 0.3327 0.2814 0.9001
vn 0.9831 0.0057 0.1830
vn 0.6537 -0.2569 -0.7118
vn -0.3071 -0.2536 -0.9173
vn -0.6886 0.2881 0.6655
vn -0.9501 0.1801 -0.2546
vn 0.2546 0.1281 0.9585
vn 0.9586 -0.1628 0.2335
vn 0.6160 -0.2627 -0.7427
vn -0.3332 -0.0837 -0.9391
vn -0.6549 0.2839 0.7004
vn -0.9070 0.3106 -0.2845
vn 0.2784 -0.0259 0.9601
vn 0.9224 -0.2950 0.2495
vn 0.6647 -0.2637 -0.6990
vn -0.2357 0.0338 -0.9712
vn -0.6922 0.1802 0.6989
vn -0.9216 0.2713 -0.2776
vn 0.2491 -0.0843 0.9648
vn 0.9354 -0.2507 0.2493
vn 0.6898 -0.1557 -0.7071
vn -0.2267 0.1019 -0.9686
vn -0.6992 0.1370 0.7017
vn -0.9270 0.2670 -0.2635
vn 0.2304 -0.1198 0.9657
vn 0.9323 -0.2466 0.2645
vn 0.7043 -0.1166 -0.7003
vn -0.2249 0.1401 -0.9643
vn -0.8210 0.4075 0.3998
vn -0.8415 0.3538 0.4084
vn -0.8399 0.0235 -0.5422
vn -0.8520 0.0238 -0.5230
vn 0.0358 0.4075 0.9125
vn 0.0302 0.3461 0.9377
vn 0.8634 0.0240 0.5039
vn 0.8712 0.0063 0.4908
vn 0.8335 -0.3599 -0.4192
vn 0.8379 -0.3121 -0.4477
vn -0.0243 -0.3599 -0.9327
vn -0.0033 -0.3027 -0.9531
vn -0.8588 0.2645 0.4387
vn -0.8399 0.0465 -0.5407
vn 0.0031 0.2352 0.9719
vn 0.8633 -0.0133 0.5046
vn 0.8544 -0.2252 -0.4682
vn 0.0130 -0.1948 -0.9808
vn -0.8710 0.1983 0.4495
vn -0.8356 0.0821 -0.5432
vn -0.0174 0.1322 0.9911
vn 0.8565 -0.0508 0.5136
vn 0.8627 -0.1627 -0.4788
vn 0.0244 -0.0960 -0.9951
vn -0.8781 0.1357 0.4589
vn -0.8341 0.1140 -0.5398
vn -0.0265 0.0371 0.9990
vn 0.8529 -0.0807 0.5157
vn 0.8738 -0.0991 -0.4760
vn 0.0399 -0.0032 -0.9992
vn -0.8465 -0.1725 0.5037
vn -0.7978 -0.1066 -0.5935
vn 0.0576 -0.0230 0.9981
vn 0.8530 0.1565 0.4978
vn 0.8761 0.2089 -0.4345
vn 0.1176 0.0908 -0.9889
vn -0.7823 -0.4382 0.4428
vn -0.7638 -0.3473 -0.5440
vn -0.0265 -0.0772 0.9967
vn 0.7504 0.3755 0.5440
vn 0.7686 0.4654 -0.4390
vn 0.0151 0.1080 -0.9940
vn 0.7583 0.4262 -0.4932
vn 0.7756 0.3680 -0.5129
vn 0.9071 0.0038 0.4209
vn 0.9131 0.0206 0.4071
vn -0.1579 0.4262 -0.8907
vn -0.1622 0.3750 -0.9127
vn -0.9213 0.0204 -0.3883
vn -0.9298 0.0198 -0.3676
vn -0.7672 -0.3853 0.5128
vn -0.7723 -0.3302 0.5428
vn 0.1500 -0.3853 0.9105
vn 0.1293 -0.3389 0.9319
vn 0.7833 0.2922 -0.5487
vn 0.9161 -0.0032 0.4010
vn -0.1422 0.3120 -0.9394
vn -0.9249 0.0370 -0.3783
vn -0.7854 -0.2553 0.5639
vn 0.1297 -0.2756 0.9525
vn 0.7836 0.2568 -0.5658
vn 0.9206 -0.0296 0.3894
vn -0.1439 0.3002 -0.9430
vn -0.9253 0.0608 -0.3743
vn -0.7921 -0.2221 0.5686
vn 0.1262 -0.2691 0.9548
vn 0.7902 0.2377 -0.5648
vn 0.9232 -0.0448 0.3818
vn -0.1351 0.2995 -0.9445
vn -0.9257 0.0770 -0.3705
vn -0.7893 -0.2062 0.5784
vn 0.1364 -0.2669 0.9540
vn 0.7520 0.1106 -0.6498
vn 0.9088 -0.2358 0.3442
vn -0.1909 0.3450 -0.9190
vn -0.9187 0.2580 -0.2991
vn -0.8034 -0.0491 0.5935
vn 0.0692 -0.3011 0.9511
vn 0.7509 -0.0498 -0.6586
vn 0.8709 -0.4172 0.2598
vn -0.1182 0.3839 -0.9158
vn -0.8601 0.4450 -0.2492
vn -0.7409 0.0792 0.6670
vn 0.1267 -0.3542 0.9266
vn -0.8623 0.2939 0.4124
vn -0.8775 0.2550 0.4062
vn -0.8211 0.0399 -0.5694
vn -0.8359 0.0177 -0.5486
vn -0.0236 0.2939 0.9555
vn -0.0330 0.2297 0.9727
vn 0.8420 0.0179 0.5392
vn 0.8477 -0.0143 0.5303
vn 0.8691 -0.2584 -0.4218
vn 0.8675 -0.2229 -0.4447
vn 0.0301 -0.2584 -0.9656
vn 0.0429 -0.1944 -0.9800
vn -0.8844 0.1862 0.4280
vn -0.8196 0.0742 -0.5681
vn -0.0465 0.1267 0.9909
vn 0.8385 -0.0437 0.5432
vn 0.8823 -0.1521 -0.4454
vn 0.0617 -0.0935 -0.9937
vn -0.8938 0.1339 0.4280
vn -0.8170 0.1033 -0.5673
vn -0.0635 0.0455 0.9969
vn 0.8343 -0.0730 0.5465
vn 0.8863 -0.1006 -0.4521
vn 0.0656 -0.0128 -0.9978
vn -0.8906 0.1134 0.4403
vn -0.8203 0.1291 -0.5572
vn -0.0681 0.0001 0.9977
vn 0.8245 -0.0974 0.5575
vn 0.8942 -0.0816 -0.4401
vn 0.0719 0.0316 -0.9969
vn -0.4089 0.3973 -0.8216
vn -0.4038 0.3730 -0.8354
vn 0.5357 0.0356 -0.8437
vn 0.5131 0.0112 -0.8582
vn -0.9169 0.3972 0.0394
vn -0.9373 0.3477 0.0255
vn -0.5038 0.0114 0.8638
vn -0.5026 -0.0219 0.8642
vn 0.4182 -0.3747 0.8275
vn 0.4405 -0.3529 0.8255
vn 0.9265 -0.3747 -0.0336
vn 0.9467 -0.3213 -0.0213
vn -0.4243 0.3247 -0.8453
vn 0.5476 0.0820 -0.8327
vn -0.9676 0.2525 0.0057
vn -0.5182 -0.0634 0.8529
vn 0.4509 -0.2994 0.8409
vn 0.9741 -0.2262 0.0059
vn -0.4415 0.2969 -0.8467
vn 0.5392 0.1005 -0.8362
vn -0.9779 0.2091 -0.0074
vn -0.5336 -0.0750 0.8424
vn 0.4469 -0.2713 0.8524
vn 0.9829 -0.1835 0.0134
vn 0.8945 0.3174 -0.3148
vn 0.9001 0.2861 -0.3287
vn 0.7767 -0.0072 0.6299
vn 0.7738 0.0248 0.6330
vn 0.1156 0.3175 -0.9412
vn 0.1043 0.3137 -0.9438
vn -0.7847 0.0247 -0.6194
vn -0.7941 0.0532 -0.6054
vn -0.9055 -0.2681 0.3289
vn -0.9132 -0.2340 0.3337
vn -0.1260 -0.2680 0.9551
vn -0.1370 -0.2667 0.9540
vn 0.9018 0.2031 -0.3816
vn 0.7999 -0.1500 0.5811
vn 0.0827 0.3670 -0.9266
vn -0.8029 0.1985 -0.5621
vn -0.9301 -0.1343 0.3419
vn -0.1521 -0.3177 0.9359
vn 0.9178 0.1334 -0.3740
vn 0.8018 -0.2639 0.5361
vn 0.1153 0.4204 -0.9000
vn -0.7988 0.3098 -0.5157
vn -0.9157 -0.0861 0.3926
vn -0.1147 -0.3738 0.9204
vn 0.7961 0.3874 0.4650
vn 0.8253 0.3218 0.4640
vn 0.0317 -0.0228 0.9992
vn 0.0383 0.0143 0.9992
vn 0.7520 0.3874 -0.5333
vn 0.7571 0.3498 -0.5518
vn -0.0510 0.0140 -0.9986
vn -0.0832 0.0396 -0.9957
vn -0.8095 -0.3593 -0.4644
vn -0.8390 -0.2900 -0.4603
vn -0.7650 -0.3593 0.5345
vn -0.7902 -0.3238 0.5203
vn 0.8632 0.2234 0.4528
vn 0.0650 -0.0720 0.9953
vn 0.7788 0.3086 -0.5461
vn -0.0893 0.1014 -0.9908
vn -0.8704 -0.1884 -0.4550
vn -0.8005 -0.2765 0.5318
vn 0.8714 0.1904 0.4522
vn 0.0798 -0.0954 0.9922
vn 0.7873 0.3011 -0.5381
vn -0.0884 0.1259 -0.9881
vn -0.8796 -0.1597 -0.4482
vn -0.7958 -0.2704 0.5419
vn 0.5775 0.3637 0.7309
vn 0.6040 0.2949 0.7404
vn -0.3366 -0.0371 0.9409
vn -0.3295 0.0011 0.9441
vn 0.9068 0.3637 -0.2130
vn 0.9186 0.3225 -0.2285
vn 0.3287 0.0009 -0.9444
vn 0.2983 0.0241 -0.9542
vn -0.5783 -0.3617 -0.7312
vn -0.6070 -0.2933 -0.7386
vn -0.9077 -0.3618 0.2127
vn -0.9260 -0.3263 0.1898
vn 0.6398 0.1941 0.7436
vn -0.3085 -0.0815 0.9477
vn 0.9374 0.2737 -0.2152
vn 0.2925 0.0793 -0.9530
vn -0.6387 -0.1913 -0.7453
vn -0.9419 -0.2725 0.1963
vn 0.6478 0.1624 0.7443
vn -0.2954 -0.0983 0.9503
vn 0.9429 0.2618 -0.2059
vn 0.2947 0.1005 -0.9503
vn -0.6484 -0.1602 -0.7443
vn -0.9435 -0.2596 0.2060
vn 0.5312 0.3207 -0.7842
vn 0.9985 0.0246 0.0484
vn -0.4677 0.3207 -0.8237
vn -0.9992 0.0246 -0.0305
vn -0.5319 -0.2714 0.8021
vn 0.4670 -0.2714 0.8416
vn -0.4452 0.4116 0.7952
vn -0.9979 0.0131 0.0634
vn 0.5522 0.4116 0.7250
vn 0.9969 0.0131 -0.0770
vn 0.9969 0.0131 -0.0769
vn 0.4443 -0.3854 -0.8088
vn -0.5531 -0.3854 -0.7386
vn -0.7939 0.4322 -0.4277
vn -0.0835 0.0180 -0.9963
vn -0.7006 0.4322 0.5677
vn 0.1030 0.0180 0.9945
vn 0.8134 -0.3962 0.4259
vn 0.7202 -0.3962 -0.5696
vn 0.4911 0.4212 0.7625
vn -0.4101 0.0147 0.9119
vn 0.8940 0.4212 -0.1526
vn 0.3958 0.0147 -0.9182
vn -0.5054 -0.3919 -0.7688
vn -0.9083 -0.3919 0.1463
vn 0.8361 0.2360 0.4952
vn 0.0029 0.0103 0.9999
vn 0.8304 0.2360 -0.5047
vn -0.0084 0.0103 -0.9999
vn -0.8416 -0.2154 -0.4952
vn -0.8360 -0.2154 0.5047
vn 0.5523 0.3107 -0.7736
vn 0.5579 0.2672 -0.7857
vn 0.9959 0.0216 0.0882
vn 0.9964 0.0345 0.0776
vn -0.4441 0.3106 -0.8404
vn -0.4531 0.2756 -0.8478
vn -0.9979 0.0344 -0.0556
vn -0.9984 0.0395 -0.0395
vn -0.5541 -0.2420 0.7965
vn -0.5501 -0.1993 0.8109
vn 0.4433 -0.2420 0.8631
vn 0.4344 -0.2088 0.8762
vn 0.5476 0.2138 -0.8090
vn 0.9980 -0.0100 0.0623
vn -0.4491 0.2571 -0.8557
vn -0.9957 0.0803 -0.0465
vn -0.5591 -0.1412 0.8170
vn 0.4374 -0.1883 0.8793
vn 0.5635 0.2280 -0.7940
vn 0.9979 0.0044 0.0652
vn -0.4304 0.2620 -0.8638
vn -0.9964 0.0670 -0.0525
vn -0.5439 -0.1612 0.8235
vn 0.4560 -0.1892 0.8696
vn 0.5202 0.2908 -0.8030
vn 0.9986 -0.0504 0.0187
vn -0.4490 0.3735 -0.8117
vn -0.9891 0.1383 -0.0505
vn -0.5912 -0.1997 0.7814
vn 0.4249 -0.3089 0.8509
vn 0.5624 0.3008 -0.7702
vn 0.9858 -0.1679 0.0092
vn -0.4160 0.4982 -0.7607
vn -0.9723 0.2331 0.0177
vn -0.5549 -0.2344 0.7982
vn 0.4268 -0.4353 0.7927
vn 0.3060 0.4856 -0.8189
vn 0.3879 0.4203 -0.8203
vn 0.9824 0.1551 -0.1039
vn 0.9707 0.0012 -0.2402
vn -0.6628 0.4845 -0.5710
vn -0.6454 0.2642 -0.7167
vn -0.9697 0.0061 0.2444
vn -0.9565 -0.1953 0.2166
vn -0.3055 -0.4786 0.8232
vn -0.2316 -0.4211 0.8770
vn 0.6638 -0.4773 0.5758
vn 0.6805 -0.2407 0.6921
vn 0.2761 0.3884 -0.8792
vn 0.9485 0.2869 -0.1341
vn -0.6522 0.1121 -0.7497
vn -0.9604 -0.2647 0.0870
vn -0.3448 -0.3882 0.8546
vn 0.6365 -0.1128 0.7630
vn 0.2943 0.5324 -0.7937
vn 0.9446 0.3083 -0.1122
vn -0.6390 0.2565 -0.7251
vn -0.9580 -0.2782 0.0696
vn -0.2642 -0.5245 0.8093
vn 0.6983 -0.2091 0.6846
vn 0.1754 0.7174 -0.6742
vn 0.9283 0.3387 -0.1538
vn -0.7206 0.4211 -0.5509
vn -0.9645 -0.2537 0.0733
vn -0.2978 -0.7022 0.6467
vn 0.7166 -0.4182 0.5582
vn 0.2261 0.7846 -0.5773
vn 0.9585 0.2119 -0.1905
vn -0.7272 0.5709 -0.3811
vn -0.9585 -0.2068 0.1962
vn -0.2266 -0.7799 0.5834
vn 0.7275 -0.5665 0.3872
vn -0.7290 0.3915 -0.5614
vn -0.6882 0.3351 -0.6435
vn 0.2105 0.1952 -0.9579
vn 0.0918 0.0037 -0.9958
vn -0.8110 0.3906 0.4356
vn -0.9217 0.1399 0.3617
vn -0.0868 0.0083 0.9962
vn -0.0846 -0.2168 0.9725
vn 0.7340 -0.3800 0.5629
vn 0.8031 -0.3157 0.5053
vn 0.8171 -0.3787 -0.4347
vn 0.9047 -0.1107 -0.4113
vn -0.7739 0.2917 -0.5621
vn 0.1666 0.3642 -0.9163
vn -0.9391 -0.0602 0.3382
vn -0.2064 -0.3480 0.9145
vn 0.7410 -0.2933 0.6040
vn 0.9433 0.0668 -0.3252
vn -0.7363 0.1400 -0.6620
vn 0.2512 0.2853 -0.9249
vn -0.9247 -0.1581 0.3465
vn -0.1148 -0.2714 0.9556
vn 0.7727 -0.1142 0.6245
vn 0.9524 0.1498 -0.2656
vn -0.7713 0.2238 -0.5959
vn 0.0952 0.3796 -0.9202
vn -0.9613 -0.1211 0.2475
vn -0.2704 -0.3606 0.8927
vn 0.7563 -0.2197 0.6162
vn 0.9067 0.1854 -0.3789
vn -0.7321 0.4969 -0.4659
vn 0.1842 0.4879 -0.8533
vn -0.9248 0.0234 0.3797
vn -0.1836 -0.4775 0.8592
vn 0.7345 -0.4876 0.4720
vn 0.9269 -0.0127 -0.3752
vn 0.5474 0.1338 -0.8261
vn 0.5541 -0.1157 -0.8244
vn 0.9877 -0.0741 0.1377
vn 0.9984 0.0047 0.0556
vn -0.4463 0.1338 -0.8848
vn -0.5136 -0.0212 -0.8577
vn -0.9985 0.0040 -0.0550
vn -0.9953 0.0959 0.0103
vn -0.5476 -0.1247 0.8274
vn -0.5301 0.1233 0.8389
vn 0.4468 -0.1250 0.8859
vn 0.4060 0.0442 0.9128
vn 0.5272 -0.5065 -0.6823
vn 0.9883 -0.0942 0.1197
vn -0.5300 -0.3712 -0.7624
vn -0.9844 0.1758 -0.0012
vn -0.4452 0.5272 0.7238
vn 0.4880 0.3972 0.7772
vn 0.4541 -0.7390 -0.4976
vn 0.9918 -0.0892 0.0914
vn -0.5718 -0.5989 -0.5607
vn -0.9858 0.1617 -0.0451
vn -0.4321 0.7506 0.4998
vn 0.5217 0.6350 0.5698
vn 0.3968 -0.8615 -0.3169
vn 0.9744 -0.1585 0.1595
vn -0.5896 -0.6610 -0.4641
vn -0.9686 0.1999 -0.1478
vn -0.4097 0.8602 0.3037
vn 0.5446 0.6999 0.4621
vn 0.3821 -0.8944 -0.2324
vn 0.9558 -0.2062 0.2095
vn -0.5729 -0.6876 -0.4461
vn -0.9535 0.2094 -0.2169
vn -0.3800 0.8973 0.2248
vn 0.5748 0.6908 0.4386
vn 0.8997 0.4028 0.1682
vn 0.8140 0.5430 0.2061
vn 0.3142 0.1779 0.9326
vn 0.3810 0.0117 0.9245
vn 0.5144 0.4027 -0.7571
vn 0.5552 0.4160 -0.7202
vn -0.3920 0.0101 -0.9199
vn -0.2809 -0.1262 -0.9514
vn -0.9100 -0.3805 -0.1647
vn -0.8355 -0.5320 -0.1378
vn -0.5256 -0.3816 0.7603
vn -0.4873 -0.3461 0.8017
vn 0.7399 0.6304 0.2350
vn 0.0737 0.3965 0.9151
vn 0.6531 0.2243 -0.7233
vn -0.1714 -0.4274 -0.8877
vn -0.7926 -0.5977 -0.1209
vn -0.6530 -0.1903 0.7331
vn 0.8253 0.4671 0.3172
vn -0.0400 0.5785 0.8147
vn 0.8161 -0.1531 -0.5572
vn -0.1053 -0.5833 -0.8054
vn -0.8838 -0.4008 -0.2412
vn -0.8379 0.1522 0.5241
vn 0.8617 0.3648 0.3526
vn 0.0144 0.7264 0.6871
vn 0.8709 -0.3531 -0.3419
vn -0.0227 -0.7100 -0.7038
vn -0.8916 -0.3089 -0.3310
vn -0.8428 0.4019 0.3579
vn 0.8742 0.3773 0.3057
vn 0.0179 0.7948 0.6066
vn 0.8567 -0.4116 -0.3111
vn -0.0174 -0.7804 -0.6250
vn -0.8742 -0.3621 -0.3236
vn -0.8556 0.4267 0.2932
vn -0.5848 0.1766 -0.7918
vn -0.5891 0.1355 -0.7966
vn 0.4039 0.0059 -0.9148
vn 0.3943 0.0201 -0.9188
vn -0.9759 0.1765 0.1279
vn -0.9797 0.1474 0.1362
vn -0.3880 0.0200 0.9214
vn -0.3748 0.0306 0.9266
vn 0.5914 -0.1365 0.7947
vn 0.5994 -0.0958 0.7947
vn 0.9827 -0.1365 -0.1255
vn 0.9875 -0.1085 -0.1147
vn -0.6015 0.0696 -0.7958
vn 0.3935 -0.0228 -0.9190
vn -0.9849 0.1119 0.1323
vn -0.3785 0.0622 0.9235
vn 0.6022 -0.0290 0.7979
vn 0.9906 -0.0716 -0.1165
vn -0.5985 0.0665 -0.7984
vn 0.3823 -0.0234 -0.9237
vn -0.9870 0.1108 0.1168
vn -0.3886 0.0648 0.9191
vn 0.6053 -0.0263 0.7955
vn 0.9888 -0.0703 -0.1319
vn -0.6199 -0.0283 -0.7841
vn 0.4073 -0.1037 -0.9074
vn -0.9817 0.0975 0.1634
vn -0.3558 0.1432 0.9235
vn 0.6009 0.0716 0.7961
vn 0.9948 -0.0492 -0.0890
vn -0.6134 -0.1498 -0.7754
vn 0.3757 -0.1998 -0.9049
vn -0.9896 0.0700 0.1258
vn -0.3732 0.2391 0.8964
vn 0.6134 0.1890 0.7668
vn 0.9908 -0.0299 -0.1322
vn -0.3466 0.1091 -0.9316
vn -0.3860 0.1407 -0.9117
vn 0.5891 -0.1069 -0.8010
vn 0.6366 0.0078 -0.7711
vn -0.9814 0.1092 -0.1580
vn -0.9583 0.2524 -0.1337
vn -0.6348 0.0081 0.7727
vn -0.6320 0.1352 0.7630
vn 0.3489 -0.0935 0.9325
vn 0.3000 -0.1046 0.9482
vn 0.9829 -0.0932 0.1589
vn 0.9561 -0.2373 0.1719
vn -0.3154 0.1845 -0.9309
vn 0.5855 -0.1949 -0.7869
vn -0.9067 0.3907 -0.1590
vn -0.5900 0.2139 0.7786
vn 0.3333 -0.1747 0.9265
vn 0.9168 -0.3769 0.1317
vn -0.3835 0.0818 -0.9199
vn 0.5862 -0.2849 -0.7585
vn -0.9268 0.3641 -0.0922
vn -0.5263 0.2820 0.8021
vn 0.3616 -0.0553 0.9307
vn 0.9216 -0.3365 0.1936
vn -0.3406 0.1275 -0.9315
vn 0.5149 -0.2693 -0.8139
vn -0.8858 0.4159 -0.2057
vn -0.5932 0.3201 0.7387
vn 0.3492 -0.1146 0.9300
vn 0.9065 -0.4136 0.0848
vn -0.2421 0.3229 -0.9149
vn 0.6032 -0.1840 -0.7761
vn -0.8438 0.5166 -0.1454
vn -0.5968 0.1981 0.7776
vn 0.2495 -0.3100 0.9174
vn 0.8517 -0.5032 0.1462
vn -0.7244 0.0609 -0.6866
vn -0.6450 -0.0332 -0.7635
vn 0.2862 0.1916 -0.9388
vn 0.2407 0.0059 -0.9706
vn -0.9571 0.0611 0.2831
vn -0.9422 -0.2303 0.2433
vn -0.2409 0.0065 0.9705
vn -0.1441 -0.1540 0.9775
vn 0.7244 -0.0487 0.6876
vn 0.7573 0.0847 0.6476
vn 0.9580 -0.0482 -0.2828
vn 0.9341 0.2428 -0.2618
vn -0.7312 -0.0158 -0.6820
vn 0.1035 0.4190 -0.9020
vn -0.8857 -0.4307 0.1734
vn -0.1875 -0.4328 0.8818
vn 0.7330 0.0304 0.6796
vn 0.8494 0.4617 -0.2557
vn -0.8025 0.2014 -0.5616
vn 0.0821 0.5130 -0.8544
vn -0.9169 -0.2958 0.2681
vn -0.1497 -0.5073 0.8487
vn 0.7814 -0.2073 0.5886
vn 0.9016 0.3199 -0.2911
vn -0.7735 0.3906 -0.4992
vn 0.1052 0.6940 -0.7122
vn -0.9329 -0.2953 0.2060
vn -0.0893 -0.6859 0.7222
vn 0.8477 -0.3047 0.4342
vn 0.8857 0.3726 -0.2769
vn -0.8194 0.4128 -0.3978
vn 0.0719 0.8364 -0.5433
vn -0.8912 -0.4265 0.1542
vn -0.0731 -0.8303 0.5524
vn 0.8186 -0.4056 0.4066
vn 0.8893 0.4335 -0.1455
vn 0.3394 0.3810 0.8600
vn 0.2670 0.5168 0.8134
vn -0.6099 0.1312 0.7815
vn -0.5836 0.0048 0.8120
vn 0.9233 0.3812 0.0475
vn 0.9005 0.4266 0.0840
vn 0.5801 0.0034 -0.8146
vn 0.6549 -0.0862 -0.7508
vn -0.3426 -0.3725 -0.8625
vn -0.3028 -0.5153 -0.8018
vn -0.9265 -0.3730 -0.0504
vn -0.9247 -0.3806 0.0083
vn 0.2970 0.5919 0.7493
vn -0.6110 0.0797 0.7876
vn 0.8715 0.4872 -0.0554
vn 0.6076 -0.0719 -0.7910
vn -0.2193 -0.5613 -0.7980
vn -0.8560 -0.5158 -0.0346
vn 0.2385 0.4947 0.8357
vn -0.6258 0.0595 0.7777
vn 0.8925 0.4486 0.0460
vn 0.5783 -0.0862 -0.8112
vn -0.3495 -0.5130 -0.7840
vn -0.9071 -0.4208 0.0070
vn 0.3678 0.4975 0.7856
vn -0.5654 0.0469 0.8235
vn 0.8963 0.4427 -0.0244
vn 0.6023 -0.0080 -0.7983
vn -0.2452 -0.4535 -0.8569
vn -0.8848 -0.4614 -0.0650
vn 0.3189 0.4550 0.8314
vn -0.4787 -0.1516 0.8648
vn 0.7936 0.6070 -0.0421
vn 0.4737 0.1588 -0.8662
vn -0.3234 -0.4474 -0.8338
vn -0.7989 -0.6002 0.0397
vn 0.1491 0.4536 0.8786
vn 0.1791 0.3908 0.9029
vn -0.7196 -0.0398 0.6932
vn -0.7254 0.0090 0.6883
vn 0.8712 0.4537 0.1873
vn 0.8864 0.4268 0.1795
vn 0.7184 0.0086 -0.6955
vn 0.6898 0.0414 -0.7228
vn -0.1564 -0.4362 -0.8861
vn -0.1799 -0.3697 -0.9116
vn -0.8786 -0.4363 -0.1944
vn -0.8803 -0.4167 -0.2267
vn 0.2869 -0.0108 0.9579
vn -0.7268 -0.2159 0.6520
vn 0.9678 0.2218 0.1191
vn 0.5784 0.2147 -0.7870
vn -0.3178 0.0235 -0.9479
vn -0.9402 -0.1794 -0.2896
vn 0.4097 -0.4660 0.7842
vn -0.6326 -0.4691 0.6163
vn 0.9918 0.0413 0.1206
vn 0.5825 0.5023 -0.6391
vn -0.3596 0.4974 -0.7895
vn -0.9779 0.0397 -0.2053
vn 0.4410 -0.5640 0.6982
vn -0.5372 -0.6960 0.4764
vn 0.9630 0.1216 0.2404
vn 0.5765 0.6935 -0.4320
vn -0.3629 0.6204 -0.6953
vn -0.9644 -0.0789 -0.2525
vn 0.3997 -0.5737 0.7149
vn -0.5238 -0.7649 0.3750
vn 0.9175 0.1981 0.3448
vn 0.5170 0.7765 -0.3602
vn -0.4059 0.5867 -0.7008
vn -0.9251 -0.1857 -0.3312
vn -0.0164 0.5623 0.8268
vn 0.1130 0.3625 0.9251
vn -0.7731 -0.1715 0.6106
vn -0.8072 0.0072 0.5902
vn 0.7910 0.5635 0.2384
vn 0.8544 0.4841 0.1889
vn 0.8032 0.0020 -0.5957
vn 0.7025 0.1202 -0.7014
vn 0.0117 -0.5533 -0.8329
vn -0.0864 -0.3406 -0.9362
vn -0.7957 -0.5546 -0.2435
vn -0.8022 -0.4938 -0.3356
vn 0.1685 0.2696 0.9481
vn -0.5965 -0.2993 0.7448
vn 0.7637 0.5851 0.2729
vn 0.6545 0.3654 -0.6619
vn -0.1046 -0.2157 -0.9708
vn -0.7796 -0.5784 -0.2402
vn 0.1211 0.3064 0.9442
vn -0.5514 -0.4333 0.7129
vn 0.6595 0.7269 0.1915
vn 0.5287 0.4211 -0.7370
vn -0.1095 -0.2806 -0.9535
vn -0.6521 -0.7149 -0.2525
vn 0.4174 0.1782 0.8911
vn -0.2131 -0.7179 0.6628
vn 0.5497 0.8225 0.1460
vn 0.1766 0.6975 -0.6945
vn -0.3490 -0.0198 -0.9369
vn -0.5810 -0.7359 -0.3477
vn 0.5753 -0.0219 0.8176
vn 0.1087 -0.8396 0.5322
vn 0.4652 0.8388 0.2828
vn -0.1167 0.8418 -0.5270
vn -0.5830 0.0261 -0.8121
vn -0.4742 -0.8352 -0.2786
vn 0.2045 0.4854 0.8501
vn 0.3412 0.4186 0.8416
vn -0.5115 -0.2316 0.8275
vn -0.6624 0.0043 0.7491
vn 0.8693 0.4855 0.0932
vn 0.7938 0.6081 -0.0052
vn 0.6578 0.0048 -0.7531
vn 0.5116 0.2447 -0.8237
vn -0.2096 -0.4771 -0.8535
vn -0.2253 -0.3319 -0.9160
vn -0.8738 -0.4767 -0.0963
vn -0.7773 -0.6113 -0.1485
vn 0.4283 0.1980 0.8817
vn -0.3074 -0.5051 0.8064
vn 0.7134 0.7003 0.0263
vn 0.2643 0.4833 -0.8346
vn -0.4343 -0.1905 -0.8804
vn -0.7250 -0.6840 -0.0814
vn 0.3200 0.2657 0.9094
vn -0.4028 -0.3249 0.8557
vn 0.7638 0.6305 0.1384
vn 0.4432 0.3704 -0.8163
vn -0.3977 -0.3170 -0.8610
vn -0.7770 -0.6286 0.0339
vn 0.3983 0.3181 0.8603
vn -0.4412 -0.3761 0.8148
vn 0.7663 0.6415 -0.0363
vn 0.3879 0.3450 -0.8547
vn -0.3282 -0.2468 -0.9118
vn -0.7666 -0.6255 -0.1449
vn 0.5022 0.1033 0.8586
vn -0.2358 -0.5519 0.7999
vn 0.7429 0.6670 0.0573
vn 0.2294 0.5580 -0.7975
vn -0.5076 -0.0961 -0.8562
vn -0.7493 -0.6599 -0.0559
vn 0.2597 0.4906 0.8318
vn 0.3555 0.4661 0.8102
vn -0.4700 -0.1791 0.8643
vn -0.6123 0.0044 0.7906
vn 0.8708 0.4905 0.0339
vn 0.7832 0.6197 -0.0511
vn 0.6064 0.0061 -0.7951
vn 0.4855 0.2101 -0.8486
vn -0.2660 -0.4808 -0.8355
vn -0.2541 -0.3867 -0.8865
vn -0.8765 -0.4800 -0.0374
vn -0.7776 -0.6253 -0.0656
vn 0.4294 0.2964 0.8531
vn -0.2883 -0.4423 0.8493
vn 0.6873 0.7248 -0.0474
vn 0.2440 0.4179 -0.8751
vn -0.4300 -0.2791 -0.8586
vn -0.7025 -0.7114 -0.0208
vn 0.3620 0.2964 0.8838
vn -0.3722 -0.2946 0.8801
vn 0.7739 0.6305 0.0596
vn 0.3831 0.3187 -0.8670
vn -0.4490 -0.3514 -0.8216
vn -0.7797 -0.6202 0.0861
vn 0.4612 0.3602 0.8109
vn -0.3524 -0.3513 0.8674
vn 0.7444 0.6611 -0.0933
vn 0.3320 0.3493 -0.8762
vn -0.3724 -0.2627 -0.8901
vn -0.7583 -0.6473 -0.0775
vn 0.5248 0.1827 0.8314
vn -0.1395 -0.5543 0.8206
vn 0.6632 0.7484 0.0031
vn 0.1316 0.5612 -0.8172
vn -0.5321 -0.1743 -0.8286
vn -0.6718 -0.7408 -0.0011
vn 0.5378 0.2560 0.8033
vn 0.5341 0.2321 0.8129
vn -0.4434 0.0389 0.8955
vn -0.4295 0.0230 0.9028
vn 0.9613 0.2560 -0.1018
vn 0.9717 0.2148 -0.0979
vn 0.4184 0.0231 -0.9080
vn 0.4121 0.0018 -0.9111
vn -0.5489 -0.2099 -0.8091
vn -0.5626 -0.1881 -0.8050
vn -0.9729 -0.2100 0.0964
vn -0.9815 -0.1686 0.0910
vn 0.5619 0.1974 0.8033
vn -0.4263 0.0205 0.9043
vn 0.9745 0.1983 -0.1048
vn 0.4213 0.0270 -0.9065
vn -0.5502 -0.1481 -0.8218
vn -0.9849 -0.1537 0.0799
vn 0.5443 0.2209 0.8093
vn -0.4162 0.0026 0.9093
vn 0.9656 0.2452 -0.0868
vn 0.4243 0.0488 -0.9042
vn -0.5563 -0.1749 -0.8124
vn -0.9748 -0.1966 0.1057
vn 0.5336 0.3014 0.7902
vn -0.4094 0.0056 0.9123
vn 0.9408 0.3225 -0.1046
vn 0.4281 0.0523 -0.9022
vn -0.5229 -0.2505 -0.8148
vn -0.9551 -0.2766 0.1057
vn 0.5064 0.3365 0.7939
vn -0.4199 -0.0233 0.9073
vn 0.9171 0.3816 -0.1151
vn 0.4035 0.0677 -0.9125
vn -0.5231 -0.2924 -0.8005
vn -0.9348 -0.3379 0.1096
vn 0.6326 0.3752 -0.6776
vn 0.5962 0.1567 -0.7874
vn 0.9667 -0.1921 0.1694
vn 0.9841 0.0110 0.1773
vn -0.3516 0.3757 -0.8575
vn -0.4299 0.3320 -0.8396
vn -0.9854 0.0074 -0.1700
vn -0.9817 0.1806 -0.0606
vn -0.6337 -0.3570 0.6863
vn -0.6370 -0.1230 0.7610
vn 0.3517 -0.3581 0.8649
vn 0.2847 -0.3106 0.9069
vn 0.5922 0.0007 -0.8058
vn 0.9486 -0.3135 0.0425
vn -0.3263 0.3233 -0.8883
vn -0.9366 0.3394 -0.0870
vn -0.5866 0.0164 0.8097
vn 0.3765 -0.3159 0.8709
vn 0.6668 0.4222 -0.6141
vn 0.9927 -0.0533 0.1079
vn -0.2306 0.5434 -0.8072
vn -0.9490 0.1768 -0.2612
vn -0.6582 -0.4114 0.6305
vn 0.4288 -0.4888 0.7597
vn 0.5841 0.7208 -0.3733
vn 0.9784 -0.0051 0.2066
vn -0.3697 0.7340 -0.5696
vn -0.9737 0.0573 -0.2205
vn -0.6556 -0.6713 0.3457
vn 0.3279 -0.7401 0.5872
vn 0.6242 0.7021 -0.3427
vn 0.9862 -0.1046 0.1283
vn -0.3637 0.8088 -0.4621
vn -0.9870 0.1139 -0.1130
vn -0.6263 -0.6925 0.3580
vn 0.3621 -0.8003 0.4779
vn -0.0958 0.1895 -0.9772
vn -0.0861 0.1627 -0.9829
vn 0.8180 0.0385 -0.5739
vn 0.8093 0.0204 -0.5871
vn -0.9024 0.1895 -0.3871
vn -0.9082 0.1432 -0.3932
vn -0.8048 0.0205 0.5932
vn -0.7991 -0.0018 0.6012
vn 0.1001 -0.1488 0.9838
vn 0.1142 -0.1232 0.9858
vn 0.9072 -0.1488 0.3936
vn 0.9105 -0.1025 0.4007
vn -0.1116 0.1112 -0.9875
vn 0.8109 0.0236 -0.5846
vn -0.9151 0.1068 -0.3888
vn -0.8050 0.0170 0.5930
vn 0.0963 -0.0692 0.9929
vn 0.9078 -0.0670 0.4141
vn -0.1033 0.1076 -0.9888
vn 0.8038 -0.0052 -0.5948
vn -0.9054 0.1343 -0.4028
vn -0.8081 0.0480 0.5871
vn 0.1048 -0.0662 0.9923
vn 0.9137 -0.0926 0.3957
vn -0.1172 0.2063 -0.9714
vn 0.7801 -0.0433 -0.6242
vn -0.8832 0.2736 -0.3810
vn -0.8135 0.1019 0.5725
vn 0.0593 -0.1534 0.9864
vn 0.8942 -0.2333 0.3820
vn -0.0670 0.2687 -0.9609
vn 0.7902 -0.1074 -0.6033
vn -0.8481 0.3943 -0.3539
vn -0.7786 0.1465 0.6102
vn 0.0777 -0.2299 0.9701
vn 0.8611 -0.3565 0.3625
vn 0.4444 0.1493 -0.8833
vn 0.4535 0.1241 -0.8826
vn 0.9987 0.0240 -0.0450
vn 0.9980 0.0062 -0.0628
vn -0.5534 0.1493 -0.8194
vn -0.5549 0.1051 -0.8253
vn -0.9979 0.0062 0.0646
vn -0.9972 -0.0145 0.0728
vn -0.4444 -0.1370 0.8853
vn -0.4317 -0.1125 0.8950
vn 0.5535 -0.1370 0.8215
vn 0.5531 -0.0922 0.8280
vn 0.3828 0.2507 -0.8892
vn 0.9790 -0.0918 -0.1818
vn -0.5402 0.3586 -0.7613
vn -0.9869 0.1572 0.0351
vn -0.5330 -0.1901 0.8245
vn 0.5292 -0.3478 0.7740
vn 0.5085 0.3729 -0.7761
vn 0.9699 -0.2080 -0.1267
vn -0.4562 0.5949 -0.6618
vn -0.9669 0.2186 0.1320
vn -0.4677 -0.3839 0.7961
vn 0.4975 -0.5812 0.6440
vn 0.4798 0.4337 -0.7627
vn 0.9739 -0.1825 -0.1353
vn -0.4804 0.6170 -0.6233
vn -0.9705 0.2094 0.1192
vn -0.5197 -0.4000 0.7549
vn 0.4642 -0.6102 0.6421
vn 0.5032 0.4260 -0.7518
vn 0.9562 -0.2436 -0.1621
vn -0.4515 0.6736 -0.5852
vn -0.9526 0.2529 0.1694
vn -0.5000 -0.4166 0.7593
vn 0.4549 -0.6645 0.5929
vn -0.2613 0.2952 -0.9190
vn -0.2522 0.2701 -0.9292
vn 0.7029 0.1177 -0.7015
vn 0.6922 0.0907 -0.7160
vn -0.9362 0.2961 -0.1893
vn -0.9492 0.2429 -0.2001
vn -0.6618 0.0927 0.7439
vn -0.6586 0.0604 0.7501
vn 0.2908 -0.1122 0.9502
vn 0.3060 -0.0885 0.9479
vn 0.9690 -0.1131 0.2197
vn 0.9723 -0.0587 0.2261
vn -0.2828 0.2337 -0.9303
vn 0.6902 0.1293 -0.7119
vn -0.9598 0.1961 -0.2008
vn -0.6749 0.0564 0.7358
vn 0.2839 -0.0476 0.9577
vn 0.9711 -0.0122 0.2386
vn -0.2539 0.2231 -0.9411
vn 0.6959 0.1819 -0.6947
vn -0.9636 0.1340 -0.2313
vn -0.6716 0.0014 0.7409
vn 0.3120 -0.0350 0.9494
vn 0.9718 0.0556 0.2291
vn -0.2890 0.3242 -0.9008
vn 0.6544 0.3290 -0.6808
vn -0.9659 0.0959 -0.2403
vn -0.7065 -0.1420 0.6933
vn 0.2886 -0.1423 0.9468
vn 0.9686 0.1018 0.2268
vn -0.2971 0.4249 -0.8551
vn 0.6678 0.3879 -0.6352
vn -0.9729 0.1270 -0.1933
vn -0.6828 -0.2131 0.6988
vn 0.2893 -0.2524 0.9233
vn 0.9660 0.0498 0.2538
vn -0.6763 0.1641 -0.7181
vn -0.6779 0.1217 -0.7250
vn 0.2939 -0.0050 -0.9558
vn 0.2803 0.0002 -0.9599
vn -0.9565 0.1640 0.2414
vn -0.9607 0.1245 0.2482
vn -0.2802 0.0002 0.9599
vn -0.2656 0.0009 0.9641
vn 0.6765 -0.1630 0.7182
vn 0.6875 -0.1224 0.7158
vn 0.9567 -0.1630 -0.2413
vn 0.9646 -0.1255 -0.2321
vn -0.6896 0.0470 -0.7226
vn 0.2881 -0.0186 -0.9574
vn -0.9669 0.0649 0.2468
vn -0.2686 0.0175 0.9631
vn 0.6921 -0.0467 0.7203
vn 0.9709 -0.0647 -0.2304
vn -0.6943 0.0691 -0.7163
vn 0.2588 -0.0264 -0.9656
vn -0.9678 0.1010 0.2306
vn -0.2961 0.0385 0.9544
vn 0.6792 -0.0634 0.7312
vn 0.9636 -0.0968 -0.2492
vn -0.7298 0.0419 -0.6824
vn 0.2529 -0.2031 -0.9459
vn -0.9336 0.2357 0.2699
vn -0.2486 0.2020 0.9473
vn 0.6666 -0.0198 0.7452
vn 0.9576 -0.2270 -0.1772
vn -0.7133 -0.0626 -0.6981
vn 0.2115 -0.3717 -0.9039
vn -0.9286 0.3038 0.2131
vn -0.2156 0.3561 0.9092
vn 0.7116 0.0541 0.7005
vn 0.9266 -0.3114 -0.2110
vn 0.8530 0.3621 0.3760
vn 0.9280 0.1402 0.3451
vn 0.1219 -0.1350 0.9833
vn 0.1523 0.0045 0.9883
vn 0.7039 0.3626 -0.6107
vn 0.6875 0.2604 -0.6779
vn -0.1548 0.0020 -0.9880
vn -0.2436 0.1130 -0.9633
vn -0.8559 -0.3556 -0.3755
vn -0.9265 -0.1319 -0.3523
vn -0.7065 -0.3563 0.6116
vn -0.7754 -0.2553 0.5776
vn 0.9434 -0.1397 0.3006
vn 0.1857 -0.2415 0.9525
vn 0.7424 0.1085 -0.6611
vn -0.2214 0.2485 -0.9430
vn -0.9494 0.1418 -0.2801
vn -0.7526 -0.0986 0.6511
vn 0.8797 -0.4084 0.2434
vn 0.1160 -0.2860 0.9512
vn 0.6592 -0.0667 -0.7490
vn -0.2454 0.3341 -0.9100
vn -0.8872 0.4103 -0.2109
vn -0.7279 0.1201 0.6751
vn 0.7227 -0.6829 0.1065
vn 0.0697 -0.4605 0.8849
vn 0.6138 -0.1885 -0.7666
vn -0.0920 0.4829 -0.8708
vn -0.7023 0.6952 -0.1531
vn -0.6487 0.2503 0.7187
vn 0.6442 -0.7593 0.0923
vn 0.0060 -0.5552 0.8317
vn 0.6414 -0.2018 -0.7402
vn -0.0018 0.5593 -0.8290
vn -0.6397 0.7634 -0.0899
vn -0.6372 0.2063 0.7426
vn -0.2673 0.3536 -0.8964
vn -0.1804 0.2685 -0.9462
vn 0.7354 0.1909 -0.6501
vn 0.6651 0.0014 -0.7468
vn -0.9246 0.3526 -0.1443
vn -0.9643 0.0695 -0.2556
vn -0.6631 0.0059 0.7485
vn -0.6278 -0.2109 0.7493
vn 0.2688 -0.3466 0.8987
vn 0.3589 -0.2471 0.9001
vn 0.9270 -0.3453 0.1466
vn 0.9747 -0.0515 0.2177
vn -0.2084 0.1898 -0.9595
vn 0.6259 0.5304 -0.5718
vn -0.8550 -0.3497 -0.3830
vn -0.5888 -0.5173 0.6211
vn 0.2975 -0.1281 0.9461
vn 0.8619 0.3742 0.3423
vn -0.4112 0.3679 -0.8340
vn 0.4313 0.7001 -0.5690
vn -0.8878 -0.2828 -0.3631
vn -0.5707 -0.6880 0.4483
vn 0.3642 -0.3949 0.8435
vn 0.8914 0.3718 0.2593
vn -0.5104 0.6287 -0.5867
vn 0.4421 0.7904 -0.4240
vn -0.9738 -0.1343 -0.1838
vn -0.4747 -0.7769 0.4137
vn 0.5200 -0.6176 0.5900
vn 0.9708 0.1782 0.1605
vn -0.5320 0.6660 -0.5229
vn 0.4438 0.8160 -0.3703
vn -0.9775 -0.1479 -0.1502
vn -0.4455 -0.8125 0.3761
vn 0.5307 -0.6624 0.5288
vn 0.9760 0.1518 0.1558
vn -0.7485 0.0534 -0.6610
vn -0.7907 0.0423 -0.6107
vn 0.1492 -0.1751 -0.9732
vn 0.1989 0.0075 -0.9800
vn -0.9451 0.0535 0.3223
vn -0.9159 0.2168 0.3379
vn -0.1977 0.0077 0.9802
vn -0.1965 0.1959 0.9607
vn 0.7499 -0.0387 0.6604
vn 0.7118 0.0006 0.7024
vn 0.9457 -0.0384 -0.3227
vn 0.9440 -0.1952 -0.2659
vn -0.7558 -0.0346 -0.6539
vn 0.1584 -0.3483 -0.9239
vn -0.9024 0.3234 0.2849
vn -0.1258 0.3562 0.9259
vn 0.7727 0.0390 0.6336
vn 0.9084 -0.3086 -0.2819
vn -0.7579 -0.0369 -0.6513
vn 0.1461 -0.3004 -0.9425
vn -0.9194 0.2722 0.2841
vn -0.1536 0.3158 0.9363
vn 0.7691 0.0463 0.6375
vn 0.9134 -0.2634 -0.3105
vn -0.8490 -0.2054 -0.4868
vn 0.1595 -0.5663 -0.8087
vn -0.8622 0.3677 0.3486
vn -0.0762 0.5756 0.8141
vn 0.7691 0.2903 0.5694
vn 0.9488 -0.2529 -0.1894
vn -0.8140 -0.4550 -0.3612
vn 0.0772 -0.8016 -0.5928
vn -0.9028 0.3612 0.2333
vn -0.0762 0.8095 0.5821
vn 0.8131 0.4643 0.3512
vn 0.9043 -0.3508 -0.2432
vn -0.1714 0.2018 -0.9643
vn -0.0736 0.1424 -0.9871
vn 0.7940 0.2132 -0.5693
vn 0.7637 0.0071 -0.6455
vn -0.9285 0.2018 -0.3117
vn -0.9164 -0.0741 -0.3933
vn -0.7620 0.0095 0.6475
vn -0.7099 -0.2003 0.6752
vn 0.1723 -0.1859 0.9674
vn 0.2454 -0.0970 0.9646
vn 0.9309 -0.1848 0.3151
vn 0.9317 0.0986 0.3497
vn -0.2170 0.1844 -0.9586
vn 0.6699 0.4139 -0.6164
vn -0.8916 -0.2077 -0.4023
vn -0.7424 -0.4027 0.5353
vn 0.1616 -0.1907 0.9682
vn 0.9032 0.2394 0.3562
vn -0.2543 0.3596 -0.8978
vn 0.7005 0.3871 -0.5995
vn -0.9494 -0.0114 -0.3138
vn -0.7299 -0.3657 0.5775
vn 0.2138 -0.3552 0.9100
vn 0.9470 0.0248 0.3202
vn -0.2703 0.5010 -0.8221
vn 0.6828 0.3351 -0.6493
vn -0.9544 0.2018 -0.2198
vn -0.7536 -0.2810 0.5943
vn 0.1991 -0.4930 0.8470
vn 0.9637 -0.1747 0.2019
vn -0.2243 0.6047 -0.7643
vn 0.7164 0.2804 -0.6388
vn -0.9357 0.3306 -0.1231
vn -0.7143 -0.2677 0.6466
vn 0.2264 -0.5927 0.7730
vn 0.9388 -0.3186 0.1312
vn 0.3731 0.3038 -0.8766
vn 0.4416 0.2453 -0.8630
vn 0.9875 0.1459 -0.0592
vn 0.9897 0.0034 -0.1434
vn -0.6154 0.3034 -0.7275
vn -0.5900 0.0976 -0.8015
vn -0.9893 0.0055 0.1461
vn -0.9742 -0.1570 0.1622
vn -0.3732 -0.2952 0.8795
vn -0.3174 -0.2319 0.9195
vn 0.6157 -0.2945 0.7309
vn 0.6166 -0.0812 0.7831
vn 0.3539 0.2108 -0.9112
vn 0.9625 0.2469 -0.1119
vn -0.5901 -0.0264 -0.8069
vn -0.9702 -0.2335 0.0648
vn -0.4096 -0.2118 0.8873
vn 0.5798 0.0316 0.8142
vn 0.3710 0.2417 -0.8966
vn 0.9811 0.1646 -0.1015
vn -0.6089 0.0806 -0.7892
vn -0.9825 -0.1558 0.1020
vn -0.3820 -0.2337 0.8941
vn 0.6003 -0.0742 0.7963
vn 0.4218 0.1634 -0.8919
vn 0.9788 0.1956 -0.0612
vn -0.5905 -0.0363 -0.8062
vn -0.9717 -0.1921 0.1376
vn -0.3630 -0.1458 0.9203
vn 0.5814 0.0430 0.8125
vn 0.4057 0.0822 -0.9103
vn 0.9638 0.2492 -0.0947
vn -0.5578 -0.1623 -0.8140
vn -0.9659 -0.2407 0.0951
vn -0.4075 -0.0737 0.9102
vn 0.5555 0.1707 0.8138
vn 0.9786 0.1936 0.0693
vn 0.9831 0.1650 0.0787
vn 0.4321 0.0169 0.9016
vn 0.4469 0.0025 0.8946
vn 0.5312 0.1936 -0.8248
vn 0.5377 0.1489 -0.8299
vn -0.4478 0.0025 -0.8941
vn -0.4569 -0.0167 -0.8894
vn -0.9796 -0.1886 -0.0689
vn -0.9853 -0.1617 -0.0555
vn -0.5322 -0.1886 0.8253
vn -0.5419 -0.1443 0.8279
vn 0.9893 0.1357 0.0531
vn 0.4479 0.0043 0.8941
vn 0.5354 0.1328 -0.8341
vn -0.4401 0.0024 -0.8980
vn -0.9888 -0.1288 -0.0759
vn -0.5471 -0.1285 0.8271
vn 0.9790 0.1153 0.1682
vn 0.3705 0.2224 0.9018
vn 0.6182 -0.1130 -0.7778
vn -0.4822 -0.2147 -0.8493
vn -0.9972 -0.0718 0.0184
vn -0.5548 0.1326 0.8214
vn 0.9508 0.3039 -0.0603
vn 0.4829 0.4312 0.7622
vn 0.5746 -0.0852 -0.8140
vn -0.3009 -0.3995 -0.8659
vn -0.9374 -0.3405 -0.0735
vn -0.5081 0.1260 0.8520
vn 0.8223 0.5653 -0.0648
vn 0.4000 0.3797 0.8342
vn 0.4245 0.1918 -0.8849
vn -0.4022 -0.3753 -0.8351
vn -0.8250 -0.5616 0.0639
vn -0.4269 -0.1879 0.8846
vn 0.8843 0.1691 0.4353
vn 0.8942 0.2164 0.3918
vn 0.1446 -0.1105 0.9833
vn 0.0720 -0.0003 0.9974
vn 0.8095 0.1690 -0.5623
vn 0.7610 0.3257 -0.5610
vn -0.0720 0.0004 -0.9974
vn -0.0754 0.1328 -0.9883
vn -0.8843 -0.1691 -0.4353
vn -0.8535 -0.1889 -0.4857
vn -0.8095 -0.1689 0.5622
vn -0.7805 -0.3272 0.5327
vn 0.8418 0.2698 0.4675
vn 0.1286 -0.1795 0.9753
vn 0.7321 0.4572 -0.5049
vn -0.1212 0.1829 -0.9756
vn -0.8529 -0.2817 -0.4396
vn -0.7095 -0.4550 0.5381
vn 0.7931 0.3555 0.4947
vn 0.0504 -0.0229 0.9985
vn 0.7719 0.3922 -0.5004
vn -0.0522 0.0221 -0.9984
vn -0.8181 -0.3699 -0.4404
vn -0.7423 -0.3804 0.5517
vn 0.6389 0.6331 0.4370
vn -0.0122 0.2121 0.9772
vn 0.7202 0.4898 -0.4913
vn 0.1296 -0.1157 -0.9848
vn -0.6324 -0.6305 -0.4500
vn -0.6734 -0.4249 0.6050
vn 0.4446 0.8086 0.3853
vn -0.1476 0.2459 0.9580
vn 0.5947 0.5679 -0.5690
vn 0.1477 -0.2459 -0.9580
vn -0.4445 -0.8087 -0.3853
vn -0.5946 -0.5680 0.5691
vn 0.5280 0.3216 -0.7860
vn 0.5420 0.2935 -0.7875
vn 0.9908 0.1080 0.0811
vn 0.9947 0.0820 0.0616
vn -0.4659 0.3227 -0.8239
vn -0.4665 0.2671 -0.8432
vn -0.9963 0.0842 -0.0171
vn -0.9986 0.0515 -0.0112
vn -0.5325 -0.1559 0.8319
vn -0.5210 -0.1296 0.8437
vn 0.4641 -0.1567 0.8718
vn 0.4607 -0.0999 0.8819
vn 0.5344 0.2464 -0.8085
vn 0.9847 0.1559 0.0774
vn -0.4657 0.1737 -0.8678
vn -0.9994 0.0103 -0.0332
vn -0.5332 -0.0769 0.8425
vn 0.4499 -0.0041 0.8931
vn 0.5562 0.1541 -0.8166
vn 0.9755 0.1996 0.0923
vn -0.4637 0.0364 -0.8853
vn -0.9993 -0.0286 -0.0245
vn -0.5371 0.0213 0.8433
vn 0.4253 0.1327 0.8953
vn 0.5463 0.1539 -0.8233
vn 0.9351 0.3524 0.0384
vn -0.4012 -0.1177 -0.9084
vn -0.9802 -0.1887 -0.0604
vn -0.5333 0.0294 0.8454
vn 0.4236 0.2958 0.8562
vn 0.4883 0.2179 -0.8451
vn 0.8786 0.4767 0.0280
vn -0.4252 -0.1834 -0.8863
vn -0.9450 -0.3239 -0.0448
vn -0.5493 -0.0601 0.8334
vn 0.3653 0.3413 0.8661
vn -0.4430 0.3469 0.8267
vn -0.4444 0.2948 0.8459
vn -0.9980 -0.0197 0.0599
vn -0.9976 0.0030 0.0691
vn 0.5543 0.3469 0.7566
vn 0.5673 0.3100 0.7629
vn 0.9974 0.0029 -0.0715
vn 0.9955 0.0138 -0.0939
vn 0.4428 -0.3410 -0.8292
vn 0.4378 -0.2903 -0.8510
vn -0.5545 -0.3411 -0.7591
vn -0.5452 -0.3084 -0.7795
vn -0.4270 0.1853 0.8851
vn -0.9934 -0.0792 0.0829
vn 0.5749 0.2617 0.7752
vn 0.9906 0.0781 -0.1120
vn 0.4370 -0.1766 -0.8820
vn -0.5422 -0.2579 -0.7997
vn -0.4517 0.3573 0.8175
vn -0.9927 0.0142 0.1197
vn 0.4961 0.3821 0.7797
vn 0.9988 0.0484 0.0012
vn 0.4536 -0.3510 -0.8192
vn -0.6083 -0.3493 -0.7127
vn -0.3948 0.5544 0.7326
vn -0.9870 -0.0645 0.1471
vn 0.5632 0.6013 0.5669
vn 0.9881 0.0968 -0.1192
vn 0.5128 -0.4958 -0.7009
vn -0.4821 -0.6210 -0.6180
vn -0.4538 0.4881 0.7455
vn -0.9355 -0.2411 0.2584
vn 0.4849 0.7299 0.4817
vn 0.9334 0.2452 -0.2621
vn 0.4521 -0.4836 -0.7495
vn -0.4868 -0.7259 -0.4859
vn -0.8254 0.3720 -0.4245
vn -0.8338 0.3412 -0.4341
vn -0.0697 0.0203 -0.9974
vn -0.0881 0.0118 -0.9960
vn -0.7321 0.3720 0.5706
vn -0.7491 0.3289 0.5750
vn 0.0984 0.0118 0.9951
vn 0.1058 -0.0072 0.9944
vn 0.8360 -0.3485 0.4238
vn 0.8522 -0.3213 0.4130
vn 0.7427 -0.3485 -0.5717
vn 0.7620 -0.3063 -0.5706
vn -0.8602 0.2888 -0.4203
vn -0.0789 0.0190 -0.9967
vn -0.7653 0.2782 0.5804
vn 0.0990 0.0014 0.9951
vn 0.8664 -0.2637 0.4241
vn 0.7829 -0.2567 -0.5667
vn -0.8603 0.2857 -0.4221
vn -0.0939 0.0138 -0.9955
vn -0.7715 0.2870 0.5678
vn 0.0894 0.0149 0.9959
vn 0.8681 -0.2611 0.4221
vn 0.7727 -0.2605 -0.5789
vn -0.8398 0.3663 -0.4007
vn -0.1332 -0.0172 -0.9909
vn -0.7203 0.4018 0.5655
vn 0.0881 0.0668 0.9939
vn 0.8284 -0.3276 0.4544
vn 0.7311 -0.3786 -0.5676
vn -0.8032 0.4082 -0.4339
vn -0.1285 -0.0820 -0.9883
vn -0.6677 0.5003 0.5512
vn 0.1403 0.1043 0.9846
vn 0.8156 -0.3860 0.4311
vn 0.6803 -0.4787 -0.5550
vn 0.5208 0.3548 0.7765
vn 0.5813 0.3658 0.7269
vn -0.2722 -0.1731 0.9465
vn -0.4064 0.0017 0.9137
vn 0.9242 0.3544 -0.1423
vn 0.8279 0.5260 -0.1946
vn 0.4039 0.0038 -0.9148
vn 0.3202 0.2101 -0.9237
vn -0.5233 -0.3495 -0.7772
vn -0.4850 -0.2976 -0.8223
vn -0.9264 -0.3488 0.1415
vn -0.8427 -0.5280 0.1049
vn 0.4551 0.3553 0.8165
vn -0.3103 -0.2080 0.9276
vn 0.8002 0.5928 -0.0905
vn 0.2946 0.2031 -0.9338
vn -0.5375 -0.4076 -0.7382
vn -0.7920 -0.5777 0.1975
vn 0.3580 0.5832 0.7292
vn -0.4105 0.0248 0.9115
vn 0.7896 0.5995 -0.1309
vn 0.4774 0.0511 -0.8772
vn -0.3339 -0.5656 -0.7541
vn -0.7965 -0.5718 0.1968
vn 0.3625 0.6401 0.6774
vn -0.2976 -0.1509 0.9427
vn 0.6170 0.7377 -0.2741
vn 0.2898 0.1496 -0.9453
vn -0.2996 -0.5705 -0.7647
vn -0.6235 -0.7685 0.1438
vn 0.4232 0.5240 0.7391
vn -0.1053 -0.2931 0.9503
vn 0.5271 0.8212 -0.2186
vn 0.1007 0.2961 -0.9498
vn -0.4276 -0.5205 -0.7391
vn -0.5319 -0.8182 0.2183
vn 0.8488 0.1862 0.4949
vn 0.8534 0.1438 0.5011
vn -0.0115 0.0143 0.9998
vn 0.0022 0.0194 0.9998
vn 0.8431 0.1862 -0.5044
vn 0.8461 0.1467 -0.5124
vn -0.0092 0.0194 -0.9998
vn -0.0242 0.0202 -0.9995
vn -0.8562 -0.1475 -0.4951
vn -0.8658 -0.1059 -0.4890
vn -0.8506 -0.1475 0.5048
vn -0.8602 -0.1090 0.4981
vn 0.8704 0.0744 0.4867
vn 0.0052 -0.0239 0.9997
vn 0.8494 0.1167 -0.5147
vn -0.0159 0.0624 -0.9979
vn -0.8655 -0.0339 -0.4998
vn -0.8651 -0.0778 0.4955
vn 0.8712 0.0194 0.4905
vn 0.0073 -0.0777 0.9969
vn 0.8517 0.1168 -0.5109
vn -0.0228 0.1162 -0.9930
vn -0.8724 0.0199 -0.4885
vn -0.8618 -0.0768 0.5015
vn 0.8909 -0.0683 0.4490
vn 0.0156 -0.2143 0.9766
vn 0.8372 0.1639 -0.5218
vn -0.0230 0.2523 -0.9674
vn -0.8606 0.1204 -0.4948
vn -0.8747 -0.1122 0.4714
vn 0.8762 -0.1438 0.4599
vn 0.0217 -0.3329 0.9427
vn 0.8534 0.2081 -0.4779
vn -0.0223 0.3693 -0.9290
vn -0.8756 0.1810 -0.4479
vn -0.8549 -0.1708 0.4898
vn -0.0782 0.6723 -0.7361
vn -0.0646 0.6778 -0.7325
vn 0.6789 0.0199 -0.7340
vn 0.6641 0.0025 -0.7476
vn -0.7402 0.6723 0.0135
vn -0.7453 0.6667 0.0003
vn -0.6597 0.0025 0.7516
vn -0.6745 -0.0150 0.7381
vn 0.0827 -0.6674 0.7401
vn 0.0812 -0.6783 0.7303
vn 0.7446 -0.6674 -0.0095
vn 0.7549 -0.6558 -0.0087
vn -0.1599 0.6116 -0.7748
vn 0.6348 -0.0683 -0.7697
vn -0.7702 0.6365 0.0412
vn -0.6040 0.0372 0.7961
vn 0.1278 -0.5877 0.7989
vn 0.7485 -0.6614 0.0488
vn -0.1612 0.5662 -0.8083
vn 0.5703 -0.0801 -0.8175
vn -0.7388 0.6736 -0.0204
vn -0.5871 0.1144 0.8014
vn 0.1768 -0.5672 0.8044
vn 0.7566 -0.6533 -0.0283
vn -0.1129 0.6285 -0.7696
vn 0.6195 -0.0507 -0.7834
vn -0.7305 0.6827 0.0148
vn -0.6149 0.0560 0.7866
vn 0.1176 -0.6235 0.7729
vn 0.7354 -0.6776 -0.0118
vn -0.4972 0.2540 -0.8297
vn -0.4473 0.3755 -0.8118
vn 0.4824 0.1296 -0.8663
vn 0.4681 0.0040 -0.8837
vn -0.9656 0.2540 0.0546
vn -0.9622 0.2723 0.0116
vn -0.4659 0.0034 0.8848
vn -0.5219 -0.1041 0.8466
vn 0.4990 -0.2464 0.8308
vn 0.4865 -0.3718 0.7906
vn 0.9676 -0.2466 -0.0533
vn 0.9661 -0.2385 -0.0992
vn -0.4283 0.4946 -0.7563
vn 0.5322 0.2346 -0.8134
vn -0.9626 0.2645 0.0584
vn -0.5306 -0.2277 0.8165
vn 0.4305 -0.4879 0.7594
vn 0.9647 -0.2575 -0.0558
vn 0.4153 0.8171 -0.3999
vn 0.3660 0.8369 -0.4069
vn 0.9235 -0.0226 -0.3828
vn 0.9701 -0.0005 -0.2425
vn -0.5557 0.8167 -0.1555
vn -0.5366 0.8434 -0.0268
vn -0.9696 0.0012 0.2448
vn -0.9252 0.0622 0.3743
vn -0.4146 -0.8163 0.4022
vn -0.4492 -0.7837 0.4289
vn 0.5564 -0.8158 0.1577
vn 0.4898 -0.8700 0.0574
vn 0.4011 0.8064 -0.4346
vn 0.8594 -0.0809 -0.5048
vn -0.4597 0.8851 0.0730
vn -0.8582 0.0814 0.5067
vn -0.4000 -0.8058 0.4367
vn 0.4608 -0.8847 -0.0709
vn -0.7668 0.6049 -0.2150
vn -0.6158 0.7351 -0.2836
vn -0.2249 0.2028 -0.9530
vn -0.3936 0.0095 -0.9192
vn -0.3662 0.6051 0.7069
vn -0.4423 0.6097 0.6577
vn 0.4079 0.0059 0.9130
vn 0.2055 -0.1456 0.9678
vn 0.7805 -0.5888 0.2102
vn 0.6432 -0.7463 0.1713
vn 0.3808 -0.5905 -0.7116
vn 0.3767 -0.5085 -0.7743
vn -0.4472 0.8469 -0.2876
vn 0.1597 0.4081 -0.8989
vn -0.6160 0.4427 0.6516
vn -0.0884 -0.4615 0.8827
vn 0.5235 -0.8355 0.1673
vn 0.6197 -0.3907 -0.6807
vn -0.4399 0.8882 -0.1323
vn 0.1726 0.5372 -0.8256
vn -0.6196 0.4050 0.6724
vn -0.2258 -0.4442 0.8670
vn 0.4079 -0.8839 0.2287
vn 0.6329 -0.3838 -0.6725
vn -0.3206 0.9386 -0.1270
vn 0.1485 0.4586 -0.8761
vn -0.4579 0.4830 0.7463
vn -0.1319 -0.4495 0.8835
vn 0.3376 -0.9315 0.1354
vn 0.4753 -0.4757 -0.7401
vn -0.8324 0.4566 0.3139
vn -0.8874 0.3935 0.2400
vn -0.7080 0.1842 -0.6818
vn -0.8123 0.0020 -0.5833
vn -0.0149 0.4554 0.8902
vn -0.1486 0.2089 0.9666
vn 0.8150 0.0070 0.5794
vn 0.7848 -0.2196 0.5795
vn 0.8358 -0.4480 -0.3174
vn 0.8258 -0.3843 -0.4128
vn 0.0182 -0.4467 -0.8945
vn 0.0989 -0.1806 -0.9786
vn -0.8762 0.3513 0.3300
vn -0.6411 0.4294 -0.6361
vn -0.2366 -0.0729 0.9689
vn 0.6422 -0.4204 0.6409
vn 0.8770 -0.3390 -0.3404
vn 0.2255 0.0887 -0.9702
vn -0.8668 0.3676 0.3368
vn -0.6300 0.4530 -0.6308
vn -0.2348 -0.0811 0.9687
vn 0.6342 -0.4445 0.6326
vn 0.8710 -0.3592 -0.3351
vn 0.2389 0.0896 -0.9669
vn -0.2805 0.5779 -0.7664
vn -0.2110 0.6613 -0.7198
vn 0.5579 0.0766 -0.8264
vn 0.5371 0.0079 -0.8435
vn -0.8121 0.5779 0.0804
vn -0.7754 0.6273 0.0727
vn -0.5253 0.0071 0.8509
vn -0.5826 -0.0168 0.8126
vn 0.2919 -0.5625 0.7736
vn 0.2271 -0.6493 0.7259
vn 0.8234 -0.5628 -0.0727
vn 0.8010 -0.5855 -0.1247
vn -0.1426 0.7378 -0.6598
vn 0.6140 0.0988 -0.7831
vn -0.7512 0.6478 0.1266
vn -0.6026 -0.0856 0.7934
vn 0.1546 -0.7257 0.6704
vn 0.7637 -0.6349 -0.1170
vn -0.2269 0.8336 -0.5036
vn -0.1608 0.8456 -0.5090
vn 0.0781 0.0294 -0.9965
vn 0.0203 0.0016 -0.9998
vn -0.2421 0.8336 0.4964
vn -0.2398 0.8460 0.4762
vn -0.0100 0.0012 0.9999
vn -0.0739 -0.0017 0.9973
vn 0.2371 -0.8306 0.5039
vn 0.1752 -0.8534 0.4910
vn 0.2524 -0.8308 -0.4961
vn 0.2476 -0.8197 -0.5166
vn -0.0980 0.8645 -0.4930
vn 0.1420 0.0316 -0.9894
vn -0.2352 0.8351 0.4973
vn -0.1318 -0.0292 0.9908
vn 0.1084 -0.8625 0.4943
vn 0.2455 -0.8327 -0.4963
vn -0.6560 0.7514 0.0713
vn -0.5975 0.8014 -0.0285
vn -0.7605 0.0777 -0.6446
vn -0.8226 0.0029 -0.5687
vn 0.1691 0.7516 0.6375
vn 0.1361 0.7744 0.6178
vn 0.8271 0.0015 0.5621
vn 0.7545 -0.0315 0.6555
vn 0.6605 -0.7467 -0.0777
vn 0.5796 -0.8148 -0.0100
vn -0.1644 -0.7472 -0.6439
vn -0.2006 -0.7256 -0.6582
vn -0.5059 0.8574 -0.0948
vn -0.6758 0.1081 -0.7291
vn 0.1733 0.7540 0.6336
vn 0.6821 -0.1045 0.7238
vn 0.5121 -0.8543 0.0889
vn -0.1675 -0.7503 -0.6396
vn 0.7889 0.4491 -0.4195
vn 0.7862 0.3396 -0.5163
vn 0.9017 -0.1603 0.4016
vn 0.8831 0.0078 0.4691
vn -0.0973 0.4495 -0.8880
vn -0.1520 0.4778 -0.8652
vn -0.8869 0.0065 -0.4619
vn -0.9179 0.1575 -0.3643
vn -0.7924 -0.4352 0.4275
vn -0.8338 -0.2957 0.4663
vn 0.0944 -0.4354 0.8953
vn 0.0331 -0.4741 0.8799
vn 0.6648 -0.1184 -0.7376
vn 0.7692 -0.5652 0.2981
vn -0.2340 0.4667 -0.8529
vn -0.8259 0.5514 -0.1178
vn -0.6910 0.1657 0.7036
vn 0.0356 -0.3578 0.9331
vn 0.4113 -0.4539 -0.7904
vn 0.6054 -0.7842 0.1363
vn -0.1910 0.3387 -0.9213
vn -0.5947 0.7941 -0.1255
vn -0.4068 0.4729 0.7816
vn 0.1876 -0.3100 0.9320
vn 0.3890 -0.4746 -0.7896
vn 0.5765 -0.8059 0.1352
vn -0.1812 0.3361 -0.9243
vn -0.5636 0.8150 -0.1342
vn -0.3762 0.4838 0.7902
vn 0.1938 -0.3265 0.9251
vn -0.0566 0.3066 -0.9502
vn -0.1199 0.2381 -0.9638
vn 0.7831 -0.1412 -0.6056
vn 0.8188 0.0077 -0.5741
vn -0.8756 0.3067 -0.3732
vn -0.8707 0.3700 -0.3239
vn -0.8156 0.0075 0.5786
vn -0.7751 0.1541 0.6128
vn 0.0604 -0.2917 0.9546
vn 0.0461 -0.1986 0.9790
vn 0.8791 -0.2916 0.3771
vn 0.8398 -0.3586 0.4077
vn -0.1074 -0.0463 -0.9931
vn 0.7858 -0.2492 -0.5661
vn -0.9155 0.2249 -0.3335
vn -0.6885 0.2493 0.6810
vn 0.2092 0.0341 0.9773
vn 0.9028 -0.2013 0.3801
vn -0.1958 -0.2104 -0.9578
vn 0.7550 -0.1980 -0.6252
vn -0.9419 -0.0058 -0.3358
vn -0.7524 0.2136 0.6232
vn 0.1984 0.2253 0.9539
vn 0.9427 0.0208 0.3329
vn -0.8549 0.5182 -0.0235
vn -0.8295 0.5585 0.0106
vn -0.6462 -0.0728 -0.7597
vn -0.5586 0.0031 -0.8295
vn -0.2923 0.5180 0.8039
vn -0.2019 0.6342 0.7463
vn 0.5635 0.0046 0.8261
vn 0.6097 0.1252 0.7827
vn 0.8596 -0.5105 0.0199
vn 0.8589 -0.5064 0.0771
vn 0.2970 -0.5100 -0.8072
vn 0.2402 -0.6369 -0.7325
vn -0.8307 0.5547 -0.0483
vn -0.6845 -0.1907 -0.7037
vn -0.1411 0.7454 0.6515
vn 0.6884 0.1973 0.6979
vn 0.8354 -0.5480 0.0431
vn 0.1459 -0.7394 -0.6572
vn 0.6550 0.3664 -0.6609
vn 0.5908 0.1975 -0.7822
vn 0.9579 -0.2509 0.1393
vn 0.9784 0.0019 0.2066
vn -0.3269 0.3669 -0.8709
vn -0.3978 0.4142 -0.8187
vn -0.9786 -0.0001 -0.2057
vn -0.9692 0.2322 -0.0825
vn -0.6551 -0.3646 0.6617
vn -0.6764 -0.1530 0.7204
vn 0.3268 -0.3651 0.8717
vn 0.2399 -0.4054 0.8821
vn 0.5804 -0.0185 -0.8141
vn 0.8836 -0.4681 0.0132
vn -0.3096 0.4565 -0.8341
vn -0.8828 0.4696 -0.0123
vn -0.5799 0.0203 0.8144
vn 0.3097 -0.4547 0.8351
vn -0.3768 0.5586 -0.7389
vn -0.3768 0.5585 -0.7390
vn 0.4407 0.0052 -0.8977
vn 0.4407 0.0051 -0.8976
vn -0.8138 0.5585 0.1605
vn -0.8138 0.5585 0.1606
vn -0.4332 0.0051 0.9013
vn -0.4332 0.0052 0.9013
vn 0.3845 -0.5483 0.7426
vn 0.3844 -0.5483 0.7427
vn 0.8214 -0.5483 -0.1569
vn 0.8214 -0.5483 -0.1571
vn 0.4448 0.3249 -0.8346
vn 0.4182 0.2683 -0.8678
vn 0.9916 -0.0895 -0.0939
vn 0.9978 0.0065 -0.0659
vn -0.5537 0.3250 -0.7667
vn -0.5712 0.3529 -0.7411
vn -0.9975 0.0064 0.0709
vn -0.9891 0.0982 0.1100
vn -0.4441 -0.3122 0.8398
vn -0.4599 -0.2427 0.8542
vn 0.5544 -0.3122 0.7715
vn 0.5222 -0.3456 0.7797
vn 0.3826 -0.0614 -0.9219
vn 0.9590 -0.2766 -0.0616
vn -0.6406 0.2351 -0.7310
vn -0.9354 0.2759 0.2209
vn -0.3502 0.0653 0.9344
vn 0.5454 -0.1966 0.8148
vn 0.2422 -0.2801 -0.9289
vn 0.8686 -0.4705 -0.1556
vn -0.5998 0.1834 -0.7788
vn -0.8723 0.4784 0.1013
vn -0.3137 0.3259 0.8919
vn 0.5787 -0.1534 0.8010
vn 0.2829 -0.2854 -0.9157
vn 0.8124 -0.5717 -0.1145
vn -0.5260 0.2922 -0.7987
vn -0.8048 0.5827 0.1127
vn -0.2760 0.2971 0.9141
vn 0.5334 -0.2810 0.7979
vn 0.2460 0.6307 -0.7360
vn 0.1451 0.6068 -0.7815
vn 0.8361 -0.1482 -0.5282
vn 0.9300 0.0031 -0.3676
vn -0.6861 0.6306 -0.3628
vn -0.6582 0.7168 -0.2300
vn -0.9271 0.0042 0.3748
vn -0.8362 0.1705 0.5213
vn -0.2426 -0.6237 0.7431
vn -0.2595 -0.5282 0.8085
vn 0.6893 -0.6232 0.3695
vn 0.5893 -0.7380 0.3287
vn 0.1588 0.5110 -0.8448
vn 0.6988 -0.3052 -0.6469
vn -0.5416 0.8192 -0.1887
vn -0.6920 0.3109 0.6515
vn -0.1527 -0.5043 0.8499
vn 0.5479 -0.8137 0.1944
vn 0.8189 0.3327 0.4676
vn 0.8677 0.2422 0.4342
vn 0.0666 -0.1171 0.9909
vn 0.0400 0.0052 0.9992
vn 0.7781 0.3329 -0.5326
vn 0.7489 0.3479 -0.5640
vn -0.0438 0.0047 -0.9990
vn -0.0998 0.1163 -0.9882
vn -0.8231 -0.3230 -0.4671
vn -0.8501 -0.2183 -0.4793
vn -0.7819 -0.3231 0.5332
vn -0.7980 -0.3437 0.4951
vn 0.9135 0.0453 0.4043
vn 0.1124 -0.3023 0.9466
vn 0.7535 0.3489 -0.5573
vn -0.1597 0.3016 -0.9399
vn -0.9090 -0.0292 -0.4159
vn -0.7944 -0.3295 0.5103
vn 0.9365 -0.1725 0.3054
vn 0.1162 -0.4620 0.8792
vn 0.7508 0.3034 -0.5867
vn -0.1809 0.4674 -0.8653
vn -0.9271 0.1925 -0.3215
vn -0.8073 -0.2605 0.5296
vn 0.9213 -0.3006 0.2467
vn 0.1455 -0.5507 0.8219
vn 0.7788 0.2546 -0.5732
vn -0.1449 0.5593 -0.8162
vn -0.9199 0.3092 -0.2413
vn -0.7781 -0.2455 0.5782
vn 0.2141 0.6488 -0.7302
vn 0.1455 0.6398 -0.7546
vn 0.8402 -0.0960 -0.5337
vn 0.9101 0.0044 -0.4143
vn -0.6953 0.6487 -0.3094
vn -0.6689 0.7141 -0.2065
vn -0.9054 0.0053 0.4246
vn -0.8397 0.1237 0.5288
vn -0.2087 -0.6392 0.7402
vn -0.2295 -0.5799 0.7817
vn 0.7003 -0.6386 0.3191
vn 0.6266 -0.7283 0.2774
vn 0.1659 0.5809 -0.7969
vn 0.7515 -0.2114 -0.6249
vn -0.5836 0.7953 -0.1642
vn -0.7427 0.2197 0.6325
vn -0.1579 -0.5718 0.8051
vn 0.5920 -0.7871 0.1731
vn -0.9087 0.4134 -0.0574
vn -0.8326 0.5385 -0.1298
vn -0.3710 0.2427 -0.8964
vn -0.4960 0.0064 -0.8683
vn -0.4068 0.4133 0.8147
vn -0.5232 0.3428 0.7802
vn 0.5018 0.0060 0.8649
vn 0.3703 -0.2270 0.9008
vn 0.9143 -0.4012 0.0552
vn 0.8465 -0.5323 -0.0128
vn 0.4132 -0.4016 -0.8173
vn 0.4245 -0.2647 -0.8659
vn -0.7750 0.6267 -0.0808
vn -0.1720 0.4754 -0.8628
vn -0.5829 0.1369 0.8009
vn 0.2182 -0.4873 0.8455
vn 0.7929 -0.6079 0.0405
vn 0.5926 -0.1297 -0.7950
vn -0.7833 0.6214 0.0148
vn -0.3166 0.4125 -0.8542
vn -0.4890 0.2400 0.8386
vn 0.2465 -0.3499 0.9038
vn 0.7719 -0.6222 0.1304
vn 0.5226 -0.2545 -0.8137
vn -0.7389 0.6720 -0.0494
vn -0.3806 0.2496 -0.8904
vn -0.3492 0.4219 0.8367
vn 0.3883 -0.2396 0.8899
vn 0.7475 -0.6624 0.0499
vn 0.3578 -0.4130 -0.8375
vn -0.7718 0.3885 0.5034
vn -0.7896 0.4388 0.4289
vn -0.8469 0.1975 -0.4937
vn -0.9127 0.0030 -0.4087
vn 0.1457 0.3881 0.9100
vn 0.0458 0.2620 0.9640
vn 0.9140 0.0043 0.4056
vn 0.8644 -0.2058 0.4588
vn 0.7735 -0.3814 -0.5062
vn 0.7150 -0.4347 -0.5476
vn -0.1439 -0.3811 -0.9132
vn -0.1392 -0.2172 -0.9662
vn -0.7328 0.4238 0.5324
vn -0.8366 0.2472 -0.4889
vn 0.1156 0.1668 0.9792
vn 0.8358 -0.2372 0.4952
vn 0.7888 -0.4206 -0.4482
vn -0.0284 -0.1950 -0.9804
vn -0.7853 0.3571 0.5057
vn -0.8892 0.0848 -0.4496
vn 0.1091 0.2750 0.9552
vn 0.8909 -0.0779 0.4474
vn 0.7875 -0.3500 -0.5074
vn -0.1066 -0.2681 -0.9575
vn -0.1760 0.4896 -0.8540
vn -0.1761 0.4896 -0.8540
vn 0.6885 0.0037 -0.7253
vn -0.8626 0.4896 -0.1269
vn -0.8626 0.4896 -0.1270
vn -0.6847 0.0037 0.7288
vn 0.1797 -0.4822 0.8575
vn 0.1798 -0.4822 0.8574
vn 0.8663 -0.4822 0.1304
vn 0.8663 -0.4822 0.1305
vn 0.1314 0.7551 -0.6423
vn 0.1314 0.7552 -0.6422
vn 0.7884 0.0018 -0.6152
vn -0.6551 0.7551 -0.0246
vn -0.7845 0.0017 0.6201
vn -0.1275 -0.7516 0.6471
vn -0.1275 -0.7517 0.6471
vn 0.6589 -0.7516 0.0295
vn -0.0267 0.6697 -0.7422
vn 0.7182 0.0041 -0.6958
vn -0.7415 0.6696 -0.0428
vn -0.7112 0.0041 0.7030
vn -0.7112 0.0040 0.7030
vn 0.0337 -0.6613 0.7493
vn 0.0337 -0.6614 0.7493
vn 0.7483 -0.6614 0.0499
vn 0.7483 -0.6615 0.0499
vn 0.8547 0.3019 -0.4223
vn 0.8564 0.2814 -0.4330
vn 0.8508 -0.0213 0.5250
vn 0.8462 0.0061 0.5328
vn 0.0073 0.3019 -0.9533
vn -0.0035 0.3063 -0.9519
vn -0.8486 0.0060 -0.5291
vn -0.8561 0.0317 -0.5159
vn -0.8570 -0.2898 0.4261
vn -0.8648 -0.2663 0.4257
vn -0.0095 -0.2898 0.9570
vn -0.0182 -0.2967 0.9548
vn 0.8009 0.5056 -0.3208
vn 0.7973 0.2147 0.5642
vn 0.0897 0.3556 -0.9303
vn -0.7538 -0.1541 -0.6388
vn -0.7611 -0.5010 0.4120
vn 0.0807 -0.2666 0.9604
vn 0.6278 0.7229 -0.2885
vn 0.6499 0.3901 0.6523
vn -0.0240 0.3398 -0.9402
vn -0.6544 -0.3750 -0.6566
vn -0.6441 -0.7148 0.2726
vn 0.0079 -0.3375 0.9413
vn 0.6315 0.7228 -0.2809
vn 0.6656 0.3635 0.6519
vn -0.0384 0.3637 -0.9307
vn -0.6740 -0.3545 -0.6481
vn -0.6400 -0.7138 0.2843
vn 0.0298 -0.3549 0.9344
vn 0.5561 0.6834 0.4730
vn 0.4850 0.7432 0.4609
vn 0.0705 0.0282 0.9971
vn 0.0438 0.0038 0.9990
vn 0.5071 0.6835 -0.5250
vn 0.4283 0.7467 -0.5088
vn -0.0541 0.0040 -0.9985
vn -0.0439 0.0388 -0.9983
vn -0.5663 -0.6755 -0.4722
vn -0.4870 -0.7188 -0.4961
vn -0.5173 -0.6755 0.5255
vn -0.4297 -0.7272 0.5353
vn 0.4007 0.7793 0.4818
vn 0.0601 -0.0070 0.9982
vn 0.3353 0.7897 -0.5137
vn -0.0712 0.0137 -0.9974
vn -0.4121 -0.7735 -0.4815
vn -0.3466 -0.7839 0.5151
vn 0.0015 0.2906 -0.9568
vn 0.0439 0.3708 -0.9277
vn 0.8670 0.1380 -0.4788
vn 0.8535 0.0036 -0.5211
vn -0.8527 0.2906 -0.4342
vn -0.8358 0.2529 -0.4872
vn -0.8522 0.0034 0.5232
vn -0.8728 -0.1267 0.4714
vn -0.0004 -0.2836 0.9589
vn 0.0282 -0.3683 0.9293
vn 0.8538 -0.2837 0.4365
vn 0.8792 -0.2218 0.4217
vn 0.0128 0.4532 -0.8913
vn 0.8696 0.2652 -0.4164
vn -0.8602 0.1909 -0.4728
vn -0.8700 -0.2587 0.4197
vn -0.0127 -0.4467 0.8946
vn 0.8601 -0.1842 0.4758
vn 0.5340 0.8437 0.0553
vn 0.8877 0.0007 0.4604
vn -0.3556 0.8438 -0.4020
vn -0.8910 0.0006 -0.4541
vn -0.5372 -0.8421 -0.0490
vn -0.5371 -0.8421 -0.0490
vn 0.3520 -0.8422 0.4084
vn 0.1646 0.6555 0.7370
vn 0.2936 0.6295 0.7194
vn -0.3905 -0.1638 0.9059
vn -0.5873 0.0035 0.8093
vn 0.7509 0.6555 -0.0805
vn 0.6389 0.7464 -0.1865
vn 0.5793 0.0049 -0.8151
vn 0.3918 0.1872 -0.9008
vn -0.1730 -0.6477 -0.7420
vn -0.2081 -0.5365 -0.8179
vn -0.7588 -0.6469 0.0757
vn -0.6353 -0.7708 0.0468
vn 0.4012 0.4717 0.7852
vn -0.1510 -0.3757 0.9144
vn 0.5302 0.8315 -0.1659
vn 0.1164 0.3481 -0.9302
vn -0.4105 -0.4640 -0.7850
vn -0.5476 -0.8281 0.1201
vn 0.4688 0.4225 0.7757
vn -0.1041 -0.3844 0.9173
vn 0.5683 0.8108 -0.1401
vn 0.0942 0.3913 -0.9154
vn -0.4783 -0.4154 -0.7738
vn -0.5780 -0.8037 0.1416
vn 0.6409 0.3939 0.6588
vn 0.7302 0.3175 0.6049
vn -0.1193 -0.1967 0.9732
vn -0.2221 0.0056 0.9750
vn 0.8615 0.3941 -0.3202
vn 0.7903 0.4891 -0.3691
vn 0.2167 0.0055 -0.9762
vn 0.1118 0.2064 -0.9721
vn -0.6468 -0.3830 -0.6595
vn -0.6701 -0.2579 -0.6961
vn -0.8667 -0.3829 0.3196
vn -0.8378 -0.4842 0.2522
vn 0.7499 0.1906 0.6336
vn -0.0086 -0.3883 0.9215
vn 0.7552 0.5864 -0.2931
vn 0.0029 0.3977 -0.9175
vn -0.7550 -0.1801 -0.6305
vn -0.7616 -0.5765 0.2959
vn -0.2096 0.6702 0.7119
vn -0.0234 0.4992 0.8662
vn -0.7958 -0.2417 0.5552
vn -0.8952 0.0073 0.4457
vn 0.6904 0.6725 0.2666
vn 0.7382 0.6482 0.1866
vn 0.8923 -0.0013 -0.4515
vn 0.7529 0.1746 -0.6345
vn 0.2062 -0.6648 -0.7180
vn 0.1077 -0.4419 -0.8906
vn -0.6939 -0.6669 -0.2717
vn -0.6418 -0.6736 -0.3665
vn 0.2103 0.0573 0.9760
vn -0.5958 -0.5012 0.6275
vn 0.7913 0.5644 0.2349
vn 0.5147 0.4608 -0.7230
vn -0.2319 -0.0645 -0.9706
vn -0.7746 -0.5312 -0.3432
vn 0.2046 0.0536 0.9774
vn -0.5968 -0.3670 0.7135
vn 0.8269 0.4331 0.3587
vn 0.6482 0.3998 -0.6480
vn -0.2649 -0.0789 -0.9611
vn -0.8652 -0.4542 -0.2126
vn 0.1191 0.2574 0.9589
vn -0.7124 -0.1993 0.6729
vn 0.8368 0.4645 0.2898
vn 0.7095 0.2064 -0.6738
vn -0.1228 -0.2509 -0.9602
vn -0.8405 -0.4575 -0.2902
vn 0.4034 0.3836 -0.8307
vn 0.3991 0.6463 -0.6505
vn 0.9336 0.3560 0.0395
vn 0.9912 0.0070 -0.1319
vn -0.5991 0.3845 -0.7023
vn -0.4914 0.3820 -0.7827
vn -0.9906 0.0020 0.1367
vn -0.9481 -0.2986 -0.1096
vn -0.4036 -0.3745 0.8348
vn -0.2472 -0.6337 0.7330
vn 0.5987 -0.3762 0.7071
vn 0.6714 -0.2375 0.7020
vn 0.3445 0.7658 -0.5430
vn 0.6924 0.6178 0.3728
vn -0.4113 0.0742 -0.9085
vn -0.6891 -0.6859 -0.2337
vn -0.2726 -0.7223 0.6356
vn 0.3841 -0.0986 0.9180
vn 0.4121 0.6282 -0.6599
vn 0.6253 0.7103 0.3233
vn -0.2124 -0.0758 -0.9742
vn -0.6322 -0.7051 -0.3211
vn -0.4183 -0.6222 0.6617
vn 0.2057 0.0810 0.9753
vn -0.1840 0.7727 0.6075
vn -0.0707 0.7843 0.6164
vn -0.6448 -0.0895 0.7591
vn -0.8180 0.0012 0.5752
vn 0.6347 0.7724 0.0237
vn 0.5395 0.8307 -0.1376
vn 0.8116 0.0042 -0.5842
vn 0.6452 0.1287 -0.7531
vn 0.1771 -0.7678 -0.6158
vn 0.1725 -0.6897 -0.7033
vn -0.6413 -0.7666 -0.0319
vn -0.4895 -0.8716 0.0250
vn -0.0821 0.7150 0.6943
vn -0.4425 -0.1942 0.8755
vn 0.3563 0.9168 -0.1806
vn 0.4345 0.2078 -0.8764
vn 0.0718 -0.7121 -0.6984
vn -0.3697 -0.9101 0.1871
vn -0.0998 0.7224 0.6842
vn -0.4540 -0.1941 0.8696
vn 0.3491 0.9181 -0.1876
vn 0.4438 0.1972 -0.8742
vn 0.0895 -0.7195 -0.6887
vn -0.3593 -0.9151 0.1832
vn 0.0001 0.7925 0.6099
vn 0.0723 0.8139 0.5765
vn -0.3870 -0.0526 0.9206
vn -0.5747 0.0009 0.8183
vn 0.5715 0.7921 -0.2145
vn 0.4352 0.8397 -0.3247
vn 0.5658 0.0037 -0.8245
vn 0.3903 0.1019 -0.9150
vn -0.0095 -0.7880 -0.6156
vn -0.0146 -0.7329 -0.6802
vn -0.5805 -0.7870 0.2088
vn -0.4254 -0.8744 0.2331
vn 0.0781 0.7619 0.6430
vn -0.1926 -0.1449 0.9705
vn 0.2655 0.9040 -0.3351
vn 0.1820 0.1481 -0.9721
vn -0.0887 -0.7582 -0.6460
vn -0.2763 -0.9017 0.3325
vn 0.0878 0.4158 -0.9052
vn 0.1645 0.4704 -0.8670
vn 0.9150 0.2161 -0.3408
vn 0.8858 0.0045 -0.4640
vn -0.7990 0.4153 -0.4349
vn -0.7767 0.2801 -0.5642
vn -0.8833 0.0061 0.4688
vn -0.8967 -0.2242 0.3817
vn -0.0861 -0.4053 0.9101
vn -0.0104 -0.4627 0.8865
vn 0.8013 -0.4051 0.4403
vn 0.8431 -0.2249 0.4884
vn 0.0841 0.5288 -0.8446
vn 0.8700 0.4339 -0.2343
vn -0.7929 0.0943 -0.6020
vn -0.8729 -0.4248 0.2400
vn -0.0857 -0.5190 0.8504
vn 0.7905 -0.0843 0.6066
vn 0.5027 0.6108 0.6117
vn -0.2021 0.0041 0.9794
vn 0.7008 0.6108 -0.3685
vn 0.7008 0.6108 -0.3684
vn 0.1941 0.0041 -0.9810
vn 0.1942 0.0041 -0.9810
vn -0.5106 -0.6026 -0.6133
vn -0.7087 -0.6026 0.3668
vn 0.5925 0.7871 0.1714
vn 0.6113 0.0025 0.7914
vn 0.6113 0.0026 0.7914
vn -0.0229 0.7869 -0.6166
vn -0.6196 0.0024 -0.7849
vn -0.6007 -0.7822 -0.1651
vn 0.0147 -0.7821 0.6230
vn 0.0146 -0.7821 0.6230
vn 0.5427 0.8399 0.0002
vn 0.9189 0.0015 0.3944
vn -0.3783 0.8399 -0.3892
vn -0.9233 0.0014 -0.3842
vn -0.5471 -0.8370 0.0101
vn 0.3739 -0.8370 0.3994
vn 0.3739 -0.8371 0.3994
vn -0.4834 0.4126 0.7721
vn -0.4430 0.2904 0.8482
vn -0.9882 -0.1419 0.0578
vn -0.9997 0.0058 0.0222
vn 0.5175 0.4129 0.7495
vn 0.5606 0.4106 0.7191
vn 0.9996 0.0044 -0.0273
vn 0.9852 0.1309 -0.1110
vn 0.4830 -0.4026 -0.7776
vn 0.4906 -0.2625 -0.8309
vn -0.5182 -0.4029 -0.7544
vn -0.4711 -0.4094 -0.7813
vn -0.4073 0.0575 0.9115
vn -0.9379 -0.3225 0.1280
vn 0.5464 0.3832 0.7447
vn 0.9302 0.3200 -0.1796
vn 0.4070 -0.0455 -0.9123
vn -0.5069 -0.3643 -0.7812
vn -0.1694 -0.3917 0.9043
vn -0.8366 -0.5474 0.0192
vn 0.6973 0.2503 0.6716
vn 0.7775 0.5874 -0.2247
vn 0.1780 0.4080 -0.8955
vn -0.5748 -0.1121 -0.8106
vn 0.0525 -0.6893 0.7226
vn -0.6741 -0.7364 0.0580
vn 0.7272 0.0361 0.6855
vn 0.6669 0.7432 -0.0536
vn -0.0580 0.6949 -0.7168
vn -0.7324 -0.0282 -0.6802
vn 0.6739 0.7388 0.0035
vn 0.4559 0.8640 0.2137
vn 0.5455 0.1726 0.8202
vn 0.7440 0.0066 0.6681
vn -0.0717 0.7410 -0.6677
vn -0.0349 0.8108 -0.5843
vn -0.7483 -0.0031 -0.6633
vn -0.5227 -0.0454 -0.8513
vn -0.6782 -0.7349 0.0009
vn -0.4250 -0.8964 -0.1261
vn 0.0671 -0.7376 0.6719
vn 0.1529 -0.6818 0.7154
vn 0.1538 0.9370 0.3138
vn 0.2733 0.1936 0.9423
vn -0.1241 0.7608 -0.6370
vn -0.2795 -0.1923 -0.9407
vn -0.1598 -0.9367 -0.3115
vn 0.1180 -0.7594 0.6399
vn 0.3689 0.3851 0.8459
vn -0.5553 0.0034 0.8317
vn -0.5552 0.0034 0.8317
vn 0.9228 0.3851 0.0134
vn 0.9228 0.3851 0.0133
vn 0.5525 0.0034 -0.8335
vn 0.5524 0.0034 -0.8336
vn -0.3717 -0.3783 -0.8478
vn -0.3718 -0.3783 -0.8478
vn -0.9256 -0.3783 -0.0152
vn 0.6184 0.7621 -0.1917
vn 0.9242 0.0021 0.3818
vn -0.3074 0.7621 -0.5699
vn -0.9272 0.0021 -0.3746
vn -0.6214 -0.7578 0.1989
vn 0.3043 -0.7578 0.5771
vn 0.3044 -0.7578 0.5771
vn -0.4994 0.3435 0.7954
vn -0.4564 0.2208 0.8619
vn -0.9873 -0.1564 0.0277
vn -1.0000 0.0057 0.0020
vn 0.5023 0.3438 0.7934
vn 0.5402 0.3595 0.7608
vn 1.0000 0.0046 -0.0061
vn 0.9856 0.1518 -0.0743
vn 0.4991 -0.3334 -0.7999
vn 0.5131 -0.1906 -0.8369
vn -0.5029 -0.3337 -0.7974
vn -0.4476 -0.3524 -0.8219
vn -0.4892 -0.1247 0.8632
vn -0.9794 -0.2020 0.0031
vn 0.5769 0.1026 0.8103
vn 0.9610 0.2142 -0.1749
vn 0.3587 0.1099 -0.9269
vn -0.5534 -0.0862 -0.8284
vn -0.3416 -0.3632 0.8668
vn -0.9738 -0.2203 0.0562
vn 0.6214 -0.1268 0.7731
vn 0.9707 0.2325 -0.0607
vn 0.3973 0.3761 -0.8370
vn -0.5685 0.1607 -0.8069
vn -0.3538 -0.4307 0.8303
vn -0.9415 -0.3357 0.0282
vn 0.5882 -0.0895 0.8038
vn 0.9382 0.3451 -0.0247
vn 0.3510 0.4402 -0.8264
vn -0.5910 0.0993 -0.8006
vn 0.6095 0.7910 0.0531
vn 0.5574 0.8201 0.1295
vn 0.7026 0.0546 0.7095
vn 0.7618 0.0026 0.6478
vn -0.1558 0.7911 -0.5915
vn -0.1278 0.8068 -0.5768
vn -0.7682 0.0017 -0.6402
vn -0.7019 -0.0193 -0.7120
vn -0.6159 -0.7865 -0.0457
vn -0.5459 -0.8325 -0.0940
vn 0.1492 -0.7868 0.5989
vn 0.1722 -0.7674 0.6176
vn 0.4812 0.8588 0.1758
vn 0.6285 0.0740 0.7743
vn -0.1515 0.7882 -0.5965
vn -0.6364 -0.0704 -0.7681
vn -0.4890 -0.8557 -0.1693
vn 0.1439 -0.7845 0.6032
vn 0.3289 0.6430 0.6916
vn 0.4320 0.6335 0.6419
vn -0.1912 -0.1531 0.9695
vn -0.4039 0.0013 0.9148
vn 0.7310 0.6427 -0.2293
vn 0.5876 0.7471 -0.3109
vn 0.3989 0.0035 -0.9170
vn 0.2068 0.1859 -0.9606
vn -0.3341 -0.6384 -0.6934
vn -0.3628 -0.5420 -0.7581
vn -0.7359 -0.6377 0.2275
vn -0.6069 -0.7730 0.1850
vn 0.4628 0.5387 0.7040
vn 0.0163 -0.3217 0.9467
vn 0.4410 0.8613 -0.2526
vn -0.0219 0.3251 -0.9454
vn -0.4684 -0.5346 -0.7034
vn -0.4469 -0.8580 0.2531
vn 0.8103 0.5847 0.0399
vn 0.8372 0.5469 -0.0036
vn 0.6126 -0.0631 0.7879
vn 0.5745 0.0043 0.8185
vn 0.2327 0.5848 -0.7770
vn 0.1999 0.5942 -0.7791
vn -0.5805 0.0040 -0.8142
vn -0.6267 0.0621 -0.7768
vn -0.8163 -0.5766 -0.0354
vn -0.8514 -0.5239 -0.0262
vn -0.2385 -0.5766 0.7815
vn -0.2500 -0.6003 0.7597
vn 0.8722 0.4892 0.0020
vn 0.6323 -0.0923 0.7692
vn 0.2370 0.5897 -0.7720
vn -0.6456 0.0925 -0.7580
vn -0.8698 -0.4925 0.0302
vn -0.2269 -0.5772 0.7844
vn 0.8681 0.4936 -0.0528
vn 0.6710 -0.1322 0.7296
vn 0.1916 0.6172 -0.7631
vn -0.6617 0.1542 -0.7337
vn -0.8910 -0.4541 -0.0024
vn -0.2402 -0.6182 0.7484
vn 0.8878 0.4588 -0.0354
vn 0.7042 -0.2215 0.6745
vn 0.1801 0.6838 -0.7071
vn -0.7079 0.2295 -0.6680
vn -0.8918 -0.4506 0.0415
vn -0.1843 -0.6760 0.7135
vn -0.7784 0.2886 -0.5575
vn -0.7083 0.4002 -0.5815
vn 0.1427 0.2212 -0.9647
vn 0.0730 0.0088 -0.9973
vn -0.8483 0.2885 0.4439
vn -0.9056 0.2110 0.3679
vn -0.0670 0.0088 0.9977
vn -0.1411 -0.2033 0.9689
vn 0.7838 -0.2711 0.5588
vn 0.7860 -0.3810 0.4869
vn 0.8547 -0.2713 -0.4426
vn 0.8677 -0.1505 -0.4737
vn -0.7050 0.5055 -0.4974
vn 0.2093 0.4216 -0.8823
vn -0.9145 0.0889 0.3946
vn -0.2047 -0.4070 0.8902
vn 0.7109 -0.4902 0.5043
vn 0.9188 -0.0730 -0.3879
vn 0.0670 0.3474 0.9353
vn 0.2330 0.0824 0.9690
vn -0.7528 -0.3016 0.5851
vn -0.7995 0.0074 0.6007
vn 0.8745 0.3485 0.3373
vn 0.9032 0.3589 0.2354
vn 0.7972 0.0026 -0.6036
vn 0.6798 0.2844 -0.6760
vn -0.0701 -0.3377 -0.9386
vn -0.1308 -0.0313 -0.9909
vn -0.8774 -0.3389 -0.3395
vn -0.8386 -0.3194 -0.4413
vn 0.2934 -0.2716 0.9166
vn -0.6032 -0.5469 0.5806
vn 0.9019 0.2914 0.3189
vn 0.5712 0.5540 -0.6056
vn -0.3221 0.2654 -0.9088
vn -0.9039 -0.2779 -0.3253
vn 0.3249 -0.3022 0.8962
vn -0.6013 -0.5324 0.5957
vn 0.9240 0.2342 0.3024
vn 0.5978 0.5407 -0.5919
vn -0.3283 0.3103 -0.8921
vn -0.9273 -0.2259 -0.2985
vn 0.2655 0.5949 0.7587
vn 0.2621 0.5976 0.7577
vn -0.5386 0.0073 0.8425
vn -0.5360 0.0031 0.8442
vn 0.7991 0.5949 -0.0870
vn 0.7993 0.5948 -0.0851
vn 0.5312 0.0031 -0.8472
vn 0.5345 -0.0003 -0.8451
vn -0.2703 -0.5887 -0.7618
vn -0.2687 -0.5922 -0.7597
vn -0.8039 -0.5888 0.0839
vn -0.8047 -0.5875 0.0852
vn 0.2327 0.6239 0.7460
vn -0.5640 0.0453 0.8246
vn 0.8017 0.5936 -0.0697
vn 0.5654 -0.0321 -0.8242
vn -0.2526 -0.6239 -0.7395
vn -0.8119 -0.5764 0.0927
vn 0.1857 0.7051 0.6843
vn -0.5801 0.0956 0.8089
vn 0.7660 0.6350 -0.1003
vn 0.6042 -0.0498 -0.7953
vn -0.1720 -0.6922 -0.7009
vn -0.7779 -0.6165 0.1215
vn 0.1314 0.7467 0.6521
vn -0.5983 0.0782 0.7974
vn 0.7265 0.6713 -0.1466
vn 0.5933 -0.0730 -0.8017
vn -0.1365 -0.7419 -0.6565
vn -0.7319 -0.6663 0.1424
vn 0.9296 0.3655 0.0475
vn 0.9696 0.2313 -0.0794
vn 0.5514 -0.2461 0.7971
vn 0.4962 0.0062 0.8682
vn 0.4308 0.3659 -0.8249
vn 0.3413 0.4467 -0.8270
vn -0.5005 0.0050 -0.8657
vn -0.5814 0.2439 -0.7762
vn -0.9340 -0.3545 -0.0443
vn -0.9849 -0.1693 -0.0352
vn -0.4345 -0.3547 0.8279
vn -0.4881 -0.4312 0.7589
vn 0.9947 0.0423 -0.0936
vn 0.5921 -0.4698 0.6548
vn 0.3997 0.5225 -0.7531
vn -0.5919 0.4790 -0.6482
vn -0.9946 -0.0321 0.0992
vn -0.4008 -0.5126 0.7594
vn -0.4925 0.5971 -0.6332
vn -0.4366 0.6258 -0.6464
vn 0.3259 0.0985 -0.9403
vn 0.2377 0.0038 -0.9713
vn -0.7265 0.5968 0.3406
vn -0.7815 0.5518 0.2911
vn -0.2304 0.0041 0.9731
vn -0.3116 -0.0976 0.9452
vn 0.4995 -0.5891 0.6352
vn 0.4931 -0.6375 0.5920
vn 0.7337 -0.5891 -0.3385
vn 0.7825 -0.5154 -0.3492
vn -0.3884 0.6562 -0.6469
vn 0.5026 0.3047 -0.8091
vn -0.9161 0.3552 0.1859
vn -0.4372 -0.3408 0.8323
vn 0.4961 -0.6495 0.5762
vn 0.9214 -0.3173 -0.2245
vn -0.4170 0.7015 -0.5780
vn 0.5381 0.5174 -0.6654
vn -0.9749 0.2100 0.0744
vn -0.5557 -0.4978 0.6658
vn 0.4520 -0.6871 0.5689
vn 0.9808 -0.1604 -0.1108
vn -0.4143 0.7499 -0.5157
vn 0.5639 0.5699 -0.5977
vn -0.9792 0.1838 0.0859
vn -0.5620 -0.5633 0.6057
vn 0.4169 -0.7430 0.5236
vn 0.9812 -0.1766 -0.0783
vn -0.1108 0.3284 -0.9380
vn -0.0941 0.3855 -0.9179
vn 0.7815 0.0477 -0.6220
vn 0.7816 0.0050 -0.6238
vn -0.8912 0.3284 -0.3129
vn -0.8798 0.3535 -0.3178
vn -0.7790 0.0048 0.6270
vn -0.7971 -0.0245 0.6034
vn 0.1132 -0.3185 0.9411
vn 0.1016 -0.3768 0.9207
vn 0.8936 -0.3186 0.3161
vn 0.8971 -0.3347 0.2886
vn 0.0011 0.5322 -0.8466
vn 0.8305 0.3269 -0.4510
vn -0.8637 0.2394 -0.4434
vn -0.8099 -0.3331 0.4827
vn 0.1730 -0.5089 0.8432
vn 0.9261 -0.1607 0.3415
vn -0.0948 0.6067 -0.7893
vn 0.7706 0.5651 -0.2946
vn -0.8737 0.0370 -0.4850
vn -0.7735 -0.5578 0.3009
vn 0.0932 -0.5985 0.7957
vn 0.8711 -0.0285 0.4903
vn 0.8542 0.4600 0.2423
vn 0.7838 0.5796 0.2230
vn 0.4226 -0.0357 0.9056
vn 0.3100 0.0020 0.9507
vn 0.5402 0.4595 -0.7050
vn 0.4086 0.6450 -0.6458
vn -0.3142 0.0043 -0.9493
vn -0.3372 0.1317 -0.9322
vn -0.8582 -0.4535 -0.2406
vn -0.7855 -0.5202 -0.3353
vn -0.5441 -0.4529 0.7063
vn -0.4103 -0.6383 0.6513
vn 0.7012 0.6372 0.3199
vn 0.4458 -0.1603 0.8807
vn 0.2514 0.7936 -0.5541
vn -0.4506 0.1651 -0.8774
vn -0.7065 -0.6327 -0.3171
vn -0.2565 -0.7895 0.5575
vn -0.4466 0.2461 -0.8602
vn -0.4467 0.2461 -0.8602
vn 0.5236 0.0038 -0.8520
vn 0.5236 0.0038 -0.8519
vn -0.9692 0.2460 -0.0076
vn -0.9692 0.2460 -0.0077
vn -0.5216 0.0038 0.8532
vn 0.4485 -0.2383 0.8614
vn 0.4486 -0.2383 0.8614
vn 0.9711 -0.2384 0.0088
vn 0.9711 -0.2384 0.0089
vn 0.3761 0.4677 -0.7999
vn 0.9874 0.0042 -0.1584
vn -0.6109 0.4677 -0.6389
vn -0.6109 0.4676 -0.6389
vn -0.9865 0.0042 0.1636
vn -0.3753 -0.4593 0.8051
vn 0.6117 -0.4593 0.6441
vn 0.8759 0.4424 -0.1927
vn 0.7847 0.6084 -0.1186
vn 0.7092 0.1121 0.6960
vn 0.7219 0.0049 0.6920
vn 0.1552 0.4427 -0.8831
vn 0.1416 0.5517 -0.8219
vn -0.7255 0.0030 -0.6882
vn -0.6538 -0.0290 -0.7561
vn -0.8792 -0.4341 0.1963
vn -0.7928 -0.5988 0.1134
vn -0.1590 -0.4347 0.8864
vn -0.0553 -0.5026 0.8628
vn 0.6590 0.7521 0.0059
vn 0.5552 0.1953 0.8084
vn 0.1047 0.5716 -0.8138
vn -0.5722 -0.2080 -0.7933
vn -0.6465 -0.7604 0.0620
vn -0.0796 -0.5410 0.8372
vn 0.5110 0.8589 -0.0345
vn 0.6264 0.2516 0.7378
vn -0.0712 0.6612 -0.7468
vn -0.5923 -0.1166 -0.7973
vn -0.5805 -0.8076 -0.1040
vn 0.0561 -0.6643 0.7454
vn 0.4463 0.8890 0.1023
vn 0.7191 0.1090 0.6863
vn -0.2732 0.7714 -0.5747
vn -0.7251 -0.1053 -0.6805
vn -0.4532 -0.8861 -0.0972
vn 0.2673 -0.7691 0.5805
vn -0.0400 0.3319 0.9425
vn 0.0006 0.4367 0.8996
vn -0.7783 -0.1251 0.6154
vn -0.8735 0.0015 0.4868
vn 0.8297 0.3312 0.4494
vn 0.7463 0.5736 0.3375
vn 0.8720 0.0047 -0.4894
vn 0.8284 0.2060 -0.5208
vn 0.0381 -0.3257 -0.9447
vn 0.1495 -0.3573 -0.9219
vn -0.8311 -0.3247 -0.4516
vn -0.7279 -0.5737 -0.3755
vn -0.0846 0.3847 0.9191
vn -0.7331 -0.3232 0.5984
vn 0.6608 0.6992 0.2730
vn 0.7033 0.2798 -0.6535
vn 0.0391 -0.4103 -0.9111
vn -0.6537 -0.6961 -0.2968
vn -0.0121 0.3302 0.9438
vn -0.7354 -0.2807 0.6167
vn 0.7199 0.6125 0.3266
vn 0.7318 0.2857 -0.6188
vn 0.0084 -0.3252 -0.9456
vn -0.7234 -0.6073 -0.3284
vn -0.8772 0.3767 0.2976
vn -0.8067 0.5244 0.2725
vn -0.8457 -0.0337 -0.5326
vn -0.7774 0.0020 -0.6290
vn -0.0992 0.3763 0.9212
vn -0.0310 0.5913 0.8059
vn 0.7794 0.0039 0.6265
vn 0.7755 0.1312 0.6175
vn 0.8789 -0.3707 -0.3002
vn 0.8669 -0.4681 -0.1714
vn 0.1011 -0.3702 -0.9234
vn 0.0158 -0.5819 -0.8131
vn -0.7815 0.6095 0.1333
vn -0.8404 -0.1585 -0.5184
vn 0.0571 0.7637 0.6430
vn 0.8422 0.1630 0.5139
vn 0.7840 -0.6053 -0.1376
vn -0.0551 -0.7599 -0.6476
vn -0.6193 0.3865 -0.6835
vn 0.2602 0.0031 -0.9655
vn 0.2602 0.0031 -0.9656
vn -0.8779 0.3865 0.2825
vn -0.2572 0.0031 0.9664
vn -0.2571 0.0031 0.9664
vn 0.6223 -0.3802 0.6843
vn 0.6223 -0.3803 0.6842
vn 0.8809 -0.3803 -0.2817
vn 0.8810 -0.3803 -0.2816
vn 0.5293 0.6090 0.5907
vn -0.1615 0.0041 0.9869
vn 0.6868 0.6090 -0.3968
vn 0.1535 0.0041 -0.9881
vn -0.5373 -0.6007 -0.5920
vn -0.6948 -0.6007 0.3955
vn -0.3981 0.8146 0.4218
vn -0.9618 0.0020 0.2737
vn 0.5622 0.8146 0.1429
vn 0.9588 0.0020 -0.2841
vn 0.3952 -0.8106 -0.4322
vn -0.5652 -0.8106 -0.1533
vn 0.1670 0.4106 0.8964
vn 0.1671 0.4107 0.8964
vn -0.7227 0.0028 0.6912
vn 0.8887 0.4106 0.2041
vn 0.8887 0.4107 0.2041
vn 0.7206 0.0028 -0.6934
vn 0.7206 0.0028 -0.6933
vn -0.1691 -0.4051 -0.8985
vn -0.8907 -0.4051 -0.2063
vn -0.6336 0.5155 -0.5769
vn -0.6359 0.5011 -0.5870
vn 0.1381 0.0135 -0.9903
vn 0.1166 0.0017 -0.9932
vn -0.7490 0.5154 0.4164
vn -0.7698 0.4863 0.4134
vn -0.1142 0.0017 0.9935
vn -0.1208 -0.0203 0.9925
vn 0.6361 -0.5121 0.5772
vn 0.6493 -0.5033 0.5701
vn 0.7514 -0.5120 -0.4161
vn 0.7714 -0.4819 -0.4155
vn -0.5930 0.4903 -0.6387
vn 0.2765 0.2125 -0.9372
vn -0.9032 0.2879 0.3183
vn -0.2021 -0.2445 0.9484
vn 0.6998 -0.4902 0.5196
vn 0.8862 -0.2502 -0.3900
vn -0.6567 0.5491 -0.5169
vn 0.2459 0.3488 -0.9044
vn -0.9082 0.2215 0.3552
vn -0.3223 -0.3060 0.8958
vn 0.5869 -0.5517 0.5926
vn 0.9124 -0.2252 -0.3417
vn -0.5932 0.6082 -0.5274
vn 0.2447 0.2397 -0.9395
vn -0.8335 0.3682 0.4119
vn -0.2429 -0.2363 0.9408
vn 0.5951 -0.6049 0.5291
vn 0.8356 -0.3650 -0.4105
vn -0.5551 0.6855 -0.4712
vn -0.4571 0.7468 -0.4830
vn 0.0195 0.0789 -0.9967
vn -0.0529 0.0018 -0.9986
vn -0.5012 0.6857 0.5278
vn -0.5010 0.7105 0.4942
vn 0.0561 0.0006 0.9984
vn -0.0421 -0.0378 0.9984
vn 0.5582 -0.6830 0.4711
vn 0.4705 -0.7569 0.4535
vn 0.5044 -0.6834 -0.5278
vn 0.4843 -0.6709 -0.5616
vn -0.3636 0.8112 -0.4580
vn 0.1184 0.1152 -0.9863
vn -0.4813 0.6987 0.5293
vn -0.1150 -0.1132 0.9869
vn 0.3670 -0.8094 0.4585
vn 0.4847 -0.6966 -0.5289
vn -0.1271 0.4944 -0.8599
vn -0.1239 0.4775 -0.8698
vn 0.7405 0.0167 -0.6718
vn 0.7282 0.0064 -0.6854
vn -0.8522 0.4944 -0.1714
vn -0.8656 0.4648 -0.1862
vn -0.7222 0.0064 0.6916
vn -0.7237 -0.0142 0.6900
vn 0.1330 -0.4817 0.8662
vn 0.1478 -0.4696 0.8704
vn 0.8581 -0.4817 0.1777
vn 0.8712 -0.4517 0.1921
vn -0.1053 0.5029 -0.8579
vn 0.7638 0.1068 -0.6365
vn -0.8782 0.4159 -0.2360
vn -0.7630 -0.0908 0.6400
vn 0.1491 -0.4970 0.8548
vn 0.8998 -0.3866 0.2024
vn -0.0928 0.6331 -0.7685
vn 0.7741 0.2148 -0.5956
vn -0.8665 0.4543 -0.2069
vn -0.8081 -0.1613 0.5665
vn 0.0795 -0.6187 0.7816
vn 0.8909 -0.4187 0.1763
vn -0.0554 0.7097 -0.7023
vn 0.8014 0.2154 -0.5581
vn -0.8539 0.5011 -0.1410
vn -0.7974 -0.2042 0.5678
vn 0.0594 -0.6991 0.7125
vn 0.8585 -0.4902 0.1508
vn 0.2164 0.7066 -0.6737
vn 0.2165 0.7066 -0.6737
vn 0.8926 0.0044 -0.4507
vn 0.8926 0.0045 -0.4508
vn -0.6734 0.7066 -0.2175
vn -0.6734 0.7066 -0.2174
vn -0.8870 0.0044 0.4618
vn -0.8869 0.0044 0.4619
vn -0.2106 -0.6976 0.6848
vn 0.6791 -0.6976 0.2285
vn 0.6790 -0.6976 0.2286
vn 0.8470 0.4203 -0.3254
vn 0.8089 0.5169 -0.2803
vn 0.8106 0.0625 0.5822
vn 0.8131 0.0026 0.5821
vn 0.0340 0.4204 -0.9067
vn 0.0390 0.4827 -0.8749
vn -0.8147 0.0021 -0.5799
vn -0.7817 -0.0211 -0.6233
vn -0.8485 -0.4155 0.3276
vn -0.8130 -0.5113 0.2785
vn -0.0356 -0.4157 0.9088
vn 0.0148 -0.4590 0.8883
vn 0.7625 0.6058 -0.2272
vn 0.7756 0.0849 0.6255
vn -0.0129 0.5240 -0.8516
vn -0.7779 -0.0807 -0.6231
vn -0.7649 -0.6018 0.2297
vn 0.0107 -0.5198 0.8542
vn -0.8486 0.3518 0.3951
vn -0.8510 0.2903 0.4376
vn -0.8529 -0.0884 -0.5145
vn -0.8416 0.0002 -0.5401
vn -0.0067 0.3519 0.9360
vn 0.0274 0.3665 0.9300
vn 0.8416 -0.0001 0.5402
vn 0.8625 0.0812 0.4995
vn 0.8486 -0.3518 -0.3951
vn 0.8714 -0.2794 -0.4033
vn 0.0067 -0.3519 -0.9360
vn 0.0330 -0.3736 -0.9270
vn -0.8079 0.0772 0.5842
vn -0.8238 -0.4168 -0.3842
vn 0.0713 0.4654 0.8822
vn 0.8483 0.4029 0.3435
vn 0.8679 -0.0166 -0.4965
vn 0.0909 -0.4298 -0.8983
vn -0.7697 -0.0750 0.6340
vn -0.7175 -0.6757 -0.1693
vn -0.0678 0.5899 0.8046
vn 0.6936 0.6893 0.2092
vn 0.7952 0.1269 -0.5929
vn 0.0873 -0.5796 -0.8102
vn -0.7925 -0.0815 0.6044
vn -0.6611 -0.7370 -0.1406
vn -0.1306 0.6552 0.7441
vn 0.6612 0.7369 0.1407
vn 0.7925 0.0813 -0.6044
vn 0.1305 -0.6552 -0.7441
vn -0.9152 0.3638 -0.1734
vn -0.9860 0.1623 -0.0391
vn -0.4084 -0.2694 -0.8722
vn -0.3797 0.0020 -0.9251
vn -0.5389 0.3647 0.7593
vn -0.4539 0.3958 0.7983
vn 0.3798 -0.0018 0.9251
vn 0.4806 0.2446 0.8421
vn 0.9153 -0.3636 0.1733
vn 0.9822 -0.1204 0.1441
vn 0.5389 -0.3647 -0.7593
vn 0.6088 -0.3830 -0.6948
vn -0.9963 -0.0860 0.0036
vn -0.4701 -0.4990 -0.7280
vn -0.5295 0.4171 0.7387
vn 0.4701 0.4988 0.7282
vn 0.9963 0.0859 -0.0035
vn 0.5295 -0.4171 -0.7387
vn 0.8877 0.4107 -0.2083
vn 0.8877 0.4106 -0.2081
vn 0.7250 -0.0000 0.6888
vn 0.7251 -0.0000 0.6887
vn 0.1627 0.4109 -0.8971
vn 0.1625 0.4108 -0.8971
vn -0.7251 -0.0001 -0.6887
vn -0.7251 -0.0001 -0.6886
vn -0.8877 -0.4107 0.2081
vn -0.8877 -0.4107 0.2080
vn -0.1629 -0.4107 0.8971
vn -0.1628 -0.4107 0.8971
vn 0.9458 0.2493 -0.2082
vn 0.9461 0.2853 -0.1531
vn 0.6366 0.1596 0.7545
vn 0.6875 0.0023 0.7262
vn 0.2553 0.2491 -0.9342
vn 0.3265 0.1345 -0.9356
vn -0.6885 0.0029 -0.7252
vn -0.6626 -0.1627 -0.7311
vn -0.9470 -0.2442 0.2089
vn -0.9249 -0.2779 0.2594
vn -0.2565 -0.2441 0.9352
vn -0.2594 -0.1104 0.9594
vn 0.9250 0.3194 -0.2057
vn 0.5935 0.3211 0.7380
vn 0.3276 -0.0007 -0.9448
vn -0.5953 -0.3165 -0.7386
vn -0.9267 -0.3145 0.2054
vn -0.3291 0.0055 0.9443
vn -0.7433 0.2859 0.6048
vn -0.7351 0.1908 0.6506
vn -0.9414 -0.1007 -0.3219
vn -0.9432 0.0042 -0.3322
vn 0.2004 0.2861 0.9370
vn 0.2361 0.2833 0.9295
vn 0.9440 0.0037 0.3298
vn 0.9537 0.0981 0.2844
vn 0.7441 -0.2782 -0.6074
vn 0.7602 -0.1747 -0.6257
vn -0.1999 -0.2783 -0.9395
vn -0.1615 -0.2791 -0.9466
vn -0.7352 -0.0154 0.6777
vn -0.9252 -0.2252 -0.3054
vn 0.2305 0.2157 0.9489
vn 0.9434 0.2260 0.2428
vn 0.7225 0.0190 -0.6911
vn -0.1862 -0.2011 -0.9617
vn -0.7579 -0.2211 0.6138
vn -0.9449 -0.0484 -0.3239
vn 0.2536 -0.1635 0.9534
vn 0.9795 0.0912 0.1795
vn 0.6310 0.2394 -0.7380
vn -0.2811 0.1666 -0.9451
vn -0.6827 -0.3392 0.6472
vn -0.9707 0.1173 -0.2098
vn 0.2884 -0.4468 0.8468
vn 0.9709 -0.1099 0.2126
vn 0.6817 0.3466 -0.6443
vn -0.2887 0.4535 -0.8432
vn 0.6057 0.7926 0.0704
vn 0.5591 0.8187 0.1312
vn 0.7057 0.0421 0.7073
vn 0.7456 0.0024 0.6664
vn -0.1432 0.7927 -0.5926
vn -0.1313 0.8105 -0.5709
vn -0.7521 0.0017 -0.6590
vn -0.7047 -0.0065 -0.7095
vn -0.6122 -0.7882 -0.0632
vn -0.5561 -0.8239 -0.1089
vn 0.1365 -0.7885 0.5997
vn 0.1637 -0.7801 0.6038
vn 0.4365 0.8753 0.2080
vn 0.6734 0.0721 0.7358
vn -0.2210 0.8308 -0.5109
vn -0.6731 -0.0104 -0.7395
vn -0.4661 -0.8539 -0.2317
vn 0.2255 -0.8186 0.5282
vn 0.3943 0.8782 0.2707
vn 0.6849 0.0363 0.7277
vn -0.2934 0.8423 -0.4523
vn -0.6926 -0.0344 -0.7205
vn -0.4023 -0.8767 -0.2638
vn 0.2859 -0.8409 0.4595
vn 0.8598 0.2886 -0.4212
vn 0.8351 0.3863 -0.3915
vn 0.8477 0.0555 0.5276
vn 0.8437 0.0028 0.5367
vn 0.0162 0.2887 -0.9573
vn 0.0272 0.3514 -0.9358
vn -0.8448 0.0025 -0.5350
vn -0.8195 -0.0247 -0.5726
vn -0.8608 -0.2832 0.4228
vn -0.8397 -0.3800 0.3878
vn -0.0173 -0.2833 0.9589
vn 0.0241 -0.3329 0.9427
vn 0.8044 0.4787 -0.3518
vn 0.8206 0.0823 0.5655
vn -0.0157 0.3996 -0.9165
vn -0.8225 -0.0773 -0.5635
vn -0.8064 -0.4739 0.3539
vn 0.0138 -0.3947 0.9187
vn 0.4874 0.6874 0.5385
vn -0.0787 0.0023 0.9969
vn -0.0787 0.0022 0.9969
vn 0.5632 0.6874 -0.4586
vn 0.0729 0.0022 -0.9973
vn -0.4932 -0.6829 -0.5389
vn -0.5690 -0.6829 0.4582
vn 0.4070 0.8013 0.4385
vn 0.1634 0.0010 0.9866
vn 0.1634 0.0012 0.9866
vn 0.2410 0.8012 -0.5477
vn -0.1690 0.0011 -0.9856
vn -0.1691 0.0010 -0.9856
vn -0.4128 -0.7989 -0.4375
vn -0.4128 -0.7989 -0.4374
vn -0.2464 -0.7990 0.5485
vn -0.2464 -0.7991 0.5484
vt -6.209805 19.991844
vt -6.502506 18.622932
vt -6.215739 18.585087
vt -5.843041 19.841242
vt -6.556437 20.147985
vt -6.775178 18.653883
vt 17.556784 -1.396961
vt 17.603693 -2.631190
vt 17.930676 -2.615927
vt 17.987488 -1.389101
vt -11.137914 20.391420
vt -10.841597 19.014542
vt -10.561709 19.071110
vt -10.779863 20.566168
vt -11.494883 20.264946
vt -11.121819 19.005682
vt 19.477066 11.197198
vt 19.499290 9.941768
vt 19.824038 9.932581
vt 19.905455 11.197198
vt -6.212303 17.116381
vt -5.964251 17.162220
vt -6.451605 17.118181
vt 17.704380 -4.077473
vt 17.991520 -4.113111
vt -11.130328 17.637934
vt -10.888460 17.608599
vt -11.376272 17.655672
vt 7.242385 23.080675
vt 7.174959 21.714199
vt 7.462178 21.747757
vt 7.569273 23.062994
vt -6.129901 16.209330
vt -5.913315 16.238102
vt -6.342802 16.263016
vt 17.507328 -4.849490
vt 17.750294 -4.918519
vt -11.196968 16.781178
vt -10.985802 16.766920
vt -11.415426 16.743643
vt 7.426267 20.870108
vt 7.669439 20.937403
vt -6.128006 15.305443
vt -5.942932 15.307322
vt -6.307152 15.319551
vt 17.342796 -5.760334
vt 17.556026 -5.769901
vt -11.199747 15.729664
vt -11.019340 15.740385
vt -11.383701 15.729655
vt 7.618289 20.055786
vt 7.831532 20.063784
vt -5.996268 14.127641
vt -5.843041 14.111725
vt -6.142280 14.117456
vt 17.491131 -6.930841
vt 17.664946 -6.903013
vt -11.345021 14.493608
vt -11.195546 14.519732
vt -11.494883 14.515192
vt 7.507294 18.956444
vt 7.680996 18.927309
vt -5.978847 13.043521
vt -5.858427 13.012207
vt -6.093506 13.047838
vt 17.647856 -7.896301
vt 17.783241 -7.868672
vt -11.370514 13.434072
vt -11.252872 13.473003
vt -11.488297 13.438943
vt 7.383417 17.991985
vt 7.518699 17.963331
vt -6.069081 11.821081
vt -5.981753 11.805329
vt -6.152128 11.824443
vt 17.872126 -8.936900
vt 17.971075 -8.923162
vt -11.291497 12.275445
vt -11.206241 12.296847
vt -11.376809 12.278745
vt 7.196325 16.980021
vt 7.295210 16.965542
vt -5.972338 10.493313
vt -5.918556 10.492216
vt -6.023690 10.493065
vt 17.929842 -10.158454
vt 17.991520 -10.155636
vt -11.391565 10.984283
vt -11.339115 10.988980
vt -11.444306 10.988626
vt 7.174959 15.790953
vt 7.236622 15.787676
vt 21.576054 23.568914
vt 22.043543 23.051231
vt 22.152426 23.146915
vt 21.667223 23.746668
vt 19.175968 2.676849
vt 19.254612 1.927729
vt 19.415960 1.915568
vt 19.358276 2.678904
vt 5.662000 -10.245640
vt 5.661996 -11.121207
vt 5.807373 -11.039551
vt 5.836389 -10.211914
vt 4.233776 -10.168349
vt 4.233776 -11.004128
vt 4.364762 -10.960630
vt 4.395889 -10.190111
vt -8.335798 25.760071
vt -8.387873 24.783611
vt -8.226173 24.791821
vt -8.153088 25.753084
vt 5.344319 -10.164410
vt 5.372629 -11.043448
vt 5.519217 -11.121210
vt 5.519217 -10.193304
vt 21.970533 22.515228
vt 22.067257 22.539425
vt 19.180611 1.430418
vt 19.320007 1.411160
vt 9.707303 -10.246852
vt 9.735157 -10.798319
vt 9.872326 -10.808209
vt 9.856516 -10.309951
vt 21.939068 10.794500
vt 21.996508 10.314967
vt 22.125042 10.341818
vt 22.078236 10.777542
vt -8.281761 24.191095
vt -8.142011 24.206751
vt 22.202507 22.516861
vt 22.305977 23.179249
vt 21.924957 21.827015
vt 22.007824 21.854424
vt 19.115597 0.738803
vt 19.234211 0.724399
vt 9.728236 -11.425632
vt 9.844648 -11.438617
vt 22.016100 9.800153
vt 22.125402 9.817944
vt -8.199224 23.557276
vt -8.080325 23.568699
vt 22.123184 21.840130
vt 21.882135 21.048189
vt 21.951750 21.084293
vt 19.028788 -0.061815
vt 19.126963 -0.049703
vt 9.707303 -12.169519
vt 9.803062 -12.171547
vt 22.030407 9.210397
vt 22.119970 9.213700
vt -8.094179 22.829144
vt -7.995954 22.815481
vt 22.045589 21.063107
vt 8.983407 -10.209145
vt 9.051596 -10.956294
vt 9.121219 -10.954684
vt 9.072688 -10.216787
vt 19.244097 -0.827621
vt 19.319149 -0.804253
vt 22.045450 8.425305
vt 22.103662 8.381779
vt 22.193760 9.151644
vt 21.975782 8.430290
vt -8.288051 22.120375
vt -8.213054 22.096331
vt 21.841141 20.470118
vt 21.913977 20.448603
vt 9.105967 -11.583737
vt 9.156381 -11.594832
vt 19.360115 -1.506015
vt 19.415960 -1.503274
vt 21.989798 7.792362
vt 22.031950 7.760056
vt 21.939068 7.783724
vt -8.387873 21.447809
vt -8.331962 21.443949
vt 21.758181 19.842749
vt 21.811081 19.827932
vt 8.983407 -12.158880
vt 9.013763 -12.171547
vt 19.253061 -2.231318
vt 19.287149 -2.235790
vt 4.561508 -10.226508
vt 4.561505 -10.997437
vt 4.594722 -11.004129
vt 4.615113 -10.238487
vt 22.081326 7.177478
vt 22.112007 7.188660
vt -8.261915 20.769754
vt -8.227728 20.773197
vt 21.576054 19.038910
vt 21.608654 19.028986
vt 7.301276 -11.364907
vt 7.643743 -14.044645
vt 7.866566 -14.112826
vt 7.546390 -11.361970
vt 8.086188 3.670196
vt 8.648957 1.261840
vt 8.930548 1.291751
vt 8.395131 3.786839
vt 5.884614 -11.154530
vt 5.571449 -13.733450
vt 5.830300 -13.735554
vt 6.177923 -11.151112
vt 5.634974 -11.121207
vt 5.344319 -13.775272
vt -12.526611 11.363970
vt -13.082377 8.871350
vt -12.803036 8.819317
vt -12.221024 11.224639
vt 8.127882 -14.099182
vt 7.842466 -11.352295
vt 7.665038 -15.503855
vt 7.858799 -15.624489
vt 8.386433 -0.276947
vt 8.628169 -0.297852
vt 5.592613 -15.244827
vt 5.817573 -15.230157
vt 5.395081 -15.344541
vt -12.773547 7.271653
vt -12.533397 7.271459
vt 8.085896 -15.628616
vt 7.546339 -16.985291
vt 7.710618 -17.090654
vt 8.250793 -1.852937
vt 8.458035 -1.854148
vt 5.753224 -16.831182
vt 5.942674 -16.799349
vt 5.585743 -16.918903
vt -12.594681 5.810690
vt -12.388878 5.794917
vt 7.901900 -17.112768
vt 7.350879 -18.960587
vt 7.488222 -19.016966
vt 8.086188 -3.945724
vt 8.257465 -3.917972
vt 5.988766 -18.912239
vt 6.144696 -18.888121
vt 5.848832 -18.953274
vt -12.390957 3.937250
vt -12.221024 3.897247
vt 7.645659 -19.033150
vt 7.444486 -21.183073
vt 7.552472 -21.209892
vt 8.459861 -6.063055
vt 8.592827 -6.025713
vt 5.920588 -21.151636
vt 6.042838 -21.134127
vt 5.810633 -21.166229
vt -12.727509 1.959890
vt -12.595699 1.913761
vt 7.675915 -21.221199
vt 7.436781 -23.227547
vt 7.514757 -23.257355
vt 8.670348 -8.036453
vt 8.767268 -8.015395
vt 5.957348 -23.211037
vt 6.045820 -23.194126
vt 5.877897 -23.232080
vt -12.903465 0.075991
vt -12.807343 0.048246
vt 7.604076 -23.269730
vt 7.301279 -25.387627
vt 7.349392 -25.409019
vt 8.810373 -10.158450
vt 8.870485 -10.146587
vt 6.123227 -25.402407
vt 6.177923 -25.390181
vt 6.074195 -25.418415
vt -13.004003 -1.902286
vt -12.944384 -1.918363
vt 7.404603 -25.418415
vt 15.371076 1.926589
vt 15.413123 0.197820
vt 15.666632 0.136309
vt 15.666632 1.926524
vt -7.991026 10.488518
vt -7.943190 8.801124
vt -7.657520 8.769448
vt -7.667913 10.450028
vt 12.623505 -12.590961
vt 12.018318 -14.539804
vt 12.298163 -14.580258
vt 12.922915 -12.722357
vt 15.075872 1.937054
vt 15.103881 0.136309
vt 15.356919 0.197748
vt 15.371068 1.937054
vt 8.127883 -11.752957
vt 8.139437 -13.745540
vt 8.424423 -13.714349
vt 8.450209 -11.714889
vt 12.314753 -10.504076
vt 12.357698 -12.463930
vt 12.625911 -12.590960
vt 12.625911 -10.566878
vt -7.730244 7.525572
vt -7.574728 7.522472
vt -7.476160 8.841241
vt -7.978548 7.550293
vt 12.220830 -15.709763
vt 12.461813 -15.682264
vt 11.822721 -14.634663
vt 12.052964 -15.852262
vt 8.240609 -15.138343
vt 8.488346 -15.114084
vt 6.583121 -10.206122
vt 6.608961 -11.233369
vt 6.848447 -11.277245
vt 6.848447 -10.199019
vt -7.830663 5.412644
vt -7.698191 5.425288
vt -8.041713 5.425785
vt 12.511333 -17.578079
vt 12.716854 -17.561302
vt 12.366940 -17.685562
vt 8.370745 -17.224176
vt 8.581391 -17.211432
vt 17.717390 11.276970
vt 17.566202 9.664975
vt 17.772558 9.683616
vt 17.959843 11.291998
vt -7.805473 3.306311
vt -7.696660 3.331993
vt -7.978964 3.309799
vt 12.684555 -19.544775
vt 12.854220 -19.538284
vt 12.564556 -19.619143
vt 8.375053 -19.328415
vt 8.548282 -19.325310
vt 17.535454 7.938003
vt 17.705347 7.959918
vt -7.747830 1.241988
vt -7.662976 1.272323
vt -7.883606 1.239597
vt 12.789697 -21.514404
vt 12.922915 -21.514137
vt 12.695189 -21.563015
vt 8.346519 -21.413933
vt 8.482132 -21.416698
vt 17.571598 6.198668
vt 17.704704 6.220232
vt -7.586455 -0.763432
vt -7.525414 -0.735336
vt -7.684726 -0.766247
vt 12.806996 -23.508266
vt 12.903501 -23.512995
vt 12.738523 -23.537495
vt 8.212891 -23.464508
vt 8.311054 -23.467619
vt 17.695505 4.407566
vt 17.791624 4.427670
vt 13.954207 2.322363
vt 13.987382 0.951753
vt 14.041379 0.970124
vt 14.041379 2.351113
vt -7.537109 -2.650828
vt -7.476161 -2.650226
vt 12.737469 -25.401110
vt 12.797184 -25.405966
vt 12.695084 -25.418415
vt 8.127883 -25.417660
vt 8.188757 -25.418415
vt 17.900482 2.720770
vt 17.959843 2.734976
vt 10.593336 25.338406
vt 10.637626 24.423698
vt 10.781338 24.395550
vt 10.758594 25.312172
vt 1.253021 24.513302
vt 1.043272 23.677032
vt 1.182276 23.651941
vt 1.412478 24.482246
vt 2.626937 24.206852
vt 2.412078 23.335136
vt 2.523787 23.263020
vt 2.753693 24.115734
vt 9.542541 -10.256885
vt 9.533916 -11.160095
vt 9.677111 -11.127308
vt 9.707308 -10.225318
vt 4.154450 22.877260
vt 4.373710 21.961952
vt 4.512893 21.992323
vt 4.314123 22.914516
vt 4.039240 22.783527
vt 4.271959 21.887960
vt 10.624138 23.399574
vt 10.746108 23.370232
vt 0.840611 22.623470
vt 0.959331 22.605591
vt 2.245345 22.267643
vt 2.341707 22.215361
vt 9.585876 -12.171546
vt 9.707308 -12.138268
vt 4.584232 20.831541
vt 4.703083 20.853741
vt 4.496065 20.778206
vt 10.593336 22.287067
vt 10.692715 22.252857
vt 0.647505 21.402119
vt 0.746426 21.410009
vt 2.089518 21.011454
vt 2.170084 21.003574
vt 2.129771 22.250154
vt 1.993996 20.984137
vt 4.783145 19.517242
vt 4.882060 19.512215
vt 4.708770 19.510244
vt 13.090358 25.500389
vt 13.070350 24.159615
vt 13.147507 24.152874
vt 13.188055 25.502022
vt 0.997865 20.035471
vt 1.073728 20.054708
vt 2.389651 19.641254
vt 2.450169 19.656244
vt 2.315819 19.611425
vt 4.434312 18.131292
vt 4.510101 18.114189
vt 13.207944 24.173641
vt 13.263312 25.554235
vt 13.120718 23.079405
vt 13.176544 23.076664
vt 1.186995 18.894707
vt 1.242552 18.905174
vt 2.567483 18.531326
vt 2.612254 18.536619
vt 2.513639 18.511904
vt 4.251524 16.987694
vt 4.307050 16.978779
vt 4.378912 18.147657
vt 4.210357 16.993828
vt 13.228777 21.831598
vt 13.263312 21.830620
vt 1.378020 17.558332
vt 1.412478 17.564516
vt 2.725820 17.211803
vt 2.753693 17.214041
vt 2.692369 17.200529
vt 4.064905 15.635786
vt 4.099335 15.630565
vt 4.039240 15.638512
vt -1.305649 -7.236225
vt -1.304295 -7.352420
vt -1.295785 -7.351027
vt -1.295785 -7.233300
vt 6.253979 -10.347398
vt 6.285234 -10.448974
vt 6.295547 -10.447679
vt 6.265833 -10.345852
vt 1.738877 -7.802092
vt 1.722348 -7.932420
vt 1.732929 -7.930661
vt 1.750908 -7.801472
vt 5.913571 -10.220633
vt 5.883017 -10.334525
vt 5.890682 -10.340347
vt 5.922069 -10.228662
vt 5.901682 -10.218513
vt 5.872674 -10.332738
vt -1.393351 -7.307592
vt -1.385978 -7.439066
vt -1.375627 -7.442579
vt -1.381455 -7.310221
vt 6.310353 -10.527938
vt 6.317203 -10.523802
vt 6.303245 -10.440977
vt 6.301598 -10.529034
vt 1.724791 -8.014590
vt 1.733762 -8.011529
vt 5.867113 -10.422931
vt 5.873931 -10.426249
vt 5.858329 -10.421416
vt -1.393351 -7.519425
vt -1.384700 -7.523970
vt 6.333537 -10.685055
vt 6.339281 -10.683115
vt 6.326213 -10.684448
vt 1.743526 -8.150755
vt 1.750908 -8.148274
vt 5.843719 -10.584826
vt 5.849434 -10.586045
vt 5.836383 -10.585134
vt 4.740591 -10.327091
vt 4.746958 -10.471147
vt 4.754414 -10.472077
vt 4.749658 -10.328275
vt 4.741846 -10.473660
vt 4.759200 -10.665556
vt 4.763255 -10.664564
vt 6.297169 -10.864987
vt 6.302834 -10.866422
vt 1.453926 -7.658328
vt 1.437262 -7.837035
vt 1.443036 -7.835909
vt 1.461286 -7.656916
vt 5.874340 -10.772853
vt 5.878741 -10.772805
vt 5.868664 -10.774075
vt 4.769101 -10.665316
vt 6.282825 -11.023214
vt 6.285986 -11.023155
vt 6.307263 -10.865878
vt 6.278692 -11.022400
vt 1.440554 -7.982738
vt 1.444728 -7.981398
vt 5.894207 -10.934050
vt 5.897347 -10.933674
vt 5.890066 -10.934709
vt 4.759414 -10.821892
vt 4.763635 -10.822997
vt 6.256541 -11.208493
vt 6.258481 -11.208578
vt 6.253979 -11.208003
vt 1.458713 -8.150753
vt 1.461286 -8.149798
vt 5.920142 -11.120815
vt 5.922069 -11.120461
vt 5.917574 -11.121208
vt 4.740591 -11.003315
vt 4.743192 -11.004129
vt 11.538306 23.070635
vt 11.821872 21.878220
vt 11.989437 21.941948
vt 11.728237 23.159775
vt 15.350313 12.820115
vt 15.360502 11.658422
vt 15.557220 11.650091
vt 15.576740 12.812827
vt 13.987115 25.687309
vt 13.876207 24.519981
vt 14.061643 24.514599
vt 14.199585 25.668419
vt 19.088892 -10.247173
vt 18.818771 -11.313753
vt 18.989573 -11.390728
vt 19.282150 -10.349801
vt -1.845662 17.508129
vt -1.817946 16.229395
vt -1.621160 16.236616
vt -1.619147 17.514025
vt 7.301279 -10.176582
vt 7.329303 -11.324945
vt 7.513885 -11.352297
vt 7.513885 -10.195269
vt 11.960447 20.563622
vt 12.104730 20.596912
vt 15.341794 10.318419
vt 15.508720 10.307151
vt 13.906411 23.331696
vt 14.063747 23.341980
vt 18.692673 -12.496338
vt 18.840202 -12.543167
vt -1.763080 14.777565
vt -1.596110 14.788039
vt 12.246028 20.541265
vt 12.153954 21.896141
vt 11.976254 18.907875
vt 12.094828 18.919828
vt 15.270593 8.585406
vt 15.407534 8.570224
vt 14.071107 21.958710
vt 14.199585 21.975172
vt 18.686789 -13.970979
vt 18.808397 -13.995691
vt -1.657218 12.959960
vt -1.520253 12.974623
vt 12.210978 18.864244
vt 11.834146 17.080229
vt 11.926085 17.078497
vt 15.106064 6.650990
vt 15.213074 6.635193
vt 18.934656 -15.616903
vt 19.022667 -15.555775
vt 18.921328 -13.926296
vt 18.840086 -15.607525
vt -1.460950 10.974573
vt -1.353913 10.990005
vt 12.016455 17.027449
vt 11.538306 15.222918
vt 11.603379 15.215690
vt 14.907810 4.609977
vt 14.985322 4.620022
vt 19.223766 -17.299463
vt 19.282150 -17.234484
vt 19.156624 -17.297878
vt -1.236498 8.919062
vt -1.159031 8.908916
vt 11.662790 15.154968
vt 8.795992 15.469109
vt 8.843529 13.450128
vt 8.887763 13.451694
vt 8.867176 15.474664
vt 15.531407 2.720770
vt 15.576740 2.740047
vt 11.729241 -10.391010
vt 11.702233 -12.473358
vt 11.738539 -12.490929
vt 11.786179 -10.442583
vt 11.657928 -10.385839
vt 11.657928 -12.472027
vt -1.845662 7.117599
vt -1.800435 7.098681
vt 8.924119 13.469441
vt 8.924119 15.526524
vt -13.082377 20.435535
vt -12.859055 18.821926
vt -12.634182 18.862751
vt -12.824943 20.497599
vt -10.949894 10.984280
vt -11.046760 9.361428
vt -10.802899 9.291536
vt -10.669430 10.901220
vt -4.969975 9.174646
vt -5.273697 7.250226
vt -5.031504 7.230776
vt -4.694138 9.131229
vt 21.588408 -5.080149
vt 21.454777 -6.688768
vt 21.680075 -6.720470
vt 21.846678 -5.131763
vt 6.437777 -11.349008
vt 6.572612 -13.142154
vt 6.817178 -13.082218
vt 6.719069 -11.277243
vt 10.810447 2.749986
vt 11.150314 1.001649
vt 11.393567 1.017103
vt 11.087400 2.787251
vt -12.843792 17.257814
vt -12.652617 17.279049
vt -11.164177 7.573388
vt -10.956881 7.516985
vt -5.363270 5.305408
vt -5.156164 5.308574
vt 21.530880 -8.236241
vt 21.722111 -8.249720
vt 6.726119 -15.072317
vt 6.933979 -15.024527
vt 11.280785 -0.742274
vt 11.488912 -0.747256
vt -12.901438 15.299070
vt -12.744289 15.315040
vt -11.319761 5.238827
vt -11.148961 5.197523
vt -5.403791 2.848081
vt -5.233324 2.857873
vt 21.689526 -10.148851
vt 21.846678 -10.158450
vt 6.910505 -17.529579
vt 7.081730 -17.495584
vt 11.366951 -2.947275
vt 11.538306 -2.957962
vt -12.983726 13.346550
vt -12.860548 13.358901
vt -11.392733 2.759919
vt -11.258708 2.730061
vt -5.376101 0.263455
vt -5.242471 0.273959
vt 7.144978 -20.098614
vt 7.234849 -20.119045
vt 7.196387 -17.521936
vt 7.010647 -20.122639
vt 11.381634 -5.291243
vt 11.515975 -5.302217
vt -13.082377 11.363978
vt -12.992870 11.376196
vt -11.494881 0.248536
vt -11.398575 0.248974
vt -5.344567 -2.357432
vt -5.248841 -2.332285
vt 8.862279 -10.181135
vt 8.862279 -12.144771
vt 8.950039 -12.171547
vt 8.983407 -10.213550
vt 7.140067 -22.738363
vt 7.236395 -22.743717
vt 11.397030 -7.626126
vt 11.493307 -7.650438
vt -10.709197 -2.352206
vt -10.669430 -2.331098
vt -11.333318 0.277495
vt -10.766134 -2.366786
vt -4.751609 -4.973436
vt -4.694138 -4.946994
vt 6.494595 -25.402643
vt 6.534098 -25.418415
vt 7.301276 -22.763529
vt 6.437775 -25.384804
vt 10.810447 -10.132959
vt 10.868193 -10.158448
vt -10.561709 20.481625
vt -10.240290 18.314045
vt -10.087533 18.356861
vt -10.377551 20.549105
vt 15.502759 -15.382998
vt 15.620975 -17.621378
vt 15.796338 -17.610586
vt 15.715799 -15.363056
vt 14.693776 25.736408
vt 14.623512 23.760185
vt 14.787356 23.748644
vt 14.892922 25.714558
vt 14.631810 21.945887
vt 14.328211 20.035669
vt 14.483706 19.979486
vt 14.818998 21.863880
vt -1.080924 17.439537
vt -1.159036 15.066509
vt -0.983722 15.056177
vt -0.867927 17.419939
vt 9.156379 -10.231251
vt 9.177839 -12.171543
vt 9.342031 -12.171543
vt 9.356210 -10.223414
vt -10.168636 16.082211
vt -10.048453 16.100220
vt 15.630517 -19.962259
vt 15.768020 -19.958988
vt 14.765055 21.946198
vt 14.892922 21.945887
vt 14.278844 18.042494
vt 14.401454 18.012342
vt -1.130174 12.624365
vt -0.992720 12.621568
vt -9.932368 16.050713
vt -9.939826 18.307322
vt -10.273263 13.608429
vt -10.186694 13.612597
vt 15.624351 -22.619102
vt 15.723876 -22.620190
vt 14.491771 15.832669
vt 14.573590 15.884378
vt 14.514703 18.076700
vt 14.403289 15.846533
vt -1.086536 9.909554
vt -0.987037 9.911016
vt -10.102920 13.571059
vt -10.561709 11.011782
vt -10.508413 11.011341
vt 15.502759 -25.415903
vt 15.564334 -25.418415
vt 14.768442 13.521348
vt 14.818998 13.554582
vt 14.713913 13.527207
vt -0.929482 7.098687
vt -0.867927 7.101438
vt -10.456667 10.984280
vt -12.230391 25.426144
vt -12.087605 23.335674
vt -12.024158 23.321743
vt -12.149738 25.415281
vt -7.671929 24.810778
vt -7.571453 22.795105
vt -7.494276 22.797222
vt -7.573583 24.817188
vt 17.141514 -10.405699
vt 17.014267 -12.497377
vt 17.080252 -12.488502
vt 17.225563 -10.397463
vt 17.059401 -10.409178
vt 16.949661 -12.505541
vt 21.520130 1.443632
vt 21.440506 -0.530024
vt 21.517689 -0.534206
vt 21.618488 1.434688
vt -11.957187 23.317490
vt -12.064429 25.412928
vt -12.091873 21.693411
vt -12.046000 21.676388
vt -7.587512 21.192122
vt -7.531645 21.190510
vt 17.037254 -14.154119
vt 17.085007 -14.143946
vt 16.990543 -14.167019
vt 21.478428 -2.073271
vt 21.534309 -2.073288
vt -11.997537 21.669594
vt -12.230391 19.811348
vt -12.202102 19.798950
vt -7.671929 19.335878
vt -7.637354 19.334244
vt 17.196070 -16.060888
vt 17.225563 -16.053364
vt 17.167259 -16.070763
vt 21.583897 -3.814298
vt 21.618488 -3.813705
vt -12.172163 19.793530
vt 10.407494 -10.344453
vt 10.431183 -11.295144
vt 10.517101 -11.300065
vt 10.517101 -10.350446
vt 8.768574 25.826286
vt 8.673099 24.828955
vt 8.762152 24.821960
vt 8.881821 25.813381
vt 12.336145 25.378096
vt 12.315439 24.331203
vt 12.396461 24.326591
vt 12.439456 25.367815
vt 5.529764 -10.196732
vt 5.529764 -11.121208
vt 5.615650 -11.117758
vt 5.639328 -10.192616
vt 16.663170 2.703604
vt 16.782930 1.642820
vt 16.872007 1.652139
vt 16.776438 2.719664
vt 16.085976 2.652122
vt 16.145266 1.748625
vt 16.228020 1.758750
vt 16.191357 2.668995
vt 10.439423 -12.171261
vt 10.501597 -12.171546
vt 8.642729 23.820745
vt 8.707241 23.826515
vt 12.342099 23.274925
vt 12.400649 23.278759
vt 12.246025 24.292196
vt 12.291740 23.250786
vt 16.837801 0.584314
vt 16.902374 0.579760
vt 16.154058 0.838097
vt 16.214029 0.838854
vt 16.106194 0.870536
vt 16.085972 -0.223365
vt 16.115696 -0.240853
vt 8.842521 22.788967
vt 8.881821 22.797804
vt 12.403316 22.110802
vt 12.439456 22.116119
vt 12.372005 22.098606
vt 16.663170 -0.509349
vt 16.702520 -0.517674
vt 16.152761 -0.243159
vt 18.507713 1.520486
vt 18.493162 0.295547
vt 18.543037 0.272916
vt 18.571383 1.495067
vt 18.440248 1.516448
vt 18.440248 0.290071
vt 13.205491 -10.252880
vt 13.098580 -11.481958
vt 13.157998 -11.477517
vt 13.280887 -10.253744
vt 16.969702 2.688436
vt 16.983522 1.465489
vt 17.033497 1.488106
vt 17.033497 2.713839
vt 16.902374 2.692425
vt 16.930712 1.470927
vt 21.418169 11.825749
vt 21.540939 10.558119
vt 21.600288 10.554504
vt 21.493475 11.827850
vt 18.482063 -0.625790
vt 18.518173 -0.644399
vt 18.443714 -0.632545
vt 13.140072 -12.457293
vt 13.183029 -12.448801
vt 9.945274 -10.278461
vt 9.945274 -11.117428
vt 9.987526 -11.117023
vt 10.003552 -10.280578
vt 16.955816 0.555688
vt 16.994087 0.548959
vt 21.516504 9.549886
vt 21.559404 9.541841
vt 18.493309 -1.709050
vt 18.515678 -1.720776
vt 18.469563 -1.713938
vt 13.254356 -13.611628
vt 13.280887 -13.605396
vt 9.946880 -12.171547
vt 9.973053 -12.171106
vt 16.958952 -0.512796
vt 16.982655 -0.517670
vt 21.418169 8.346803
vt 21.444656 8.340812
vt 15.169396 -10.238975
vt 15.342447 -12.135267
vt 15.346776 -12.135220
vt 15.174891 -10.238528
vt -13.099171 12.115763
vt -13.155512 10.336372
vt -13.149571 10.336305
vt -13.091602 12.115389
vt 17.681431 25.494473
vt 17.512657 23.618471
vt 17.518236 23.619478
vt 17.688503 25.495073
vt 17.675680 25.495455
vt 17.508125 23.618935
vt -3.175163 8.583018
vt -3.117884 6.802986
vt -3.111949 6.803045
vt -3.167598 8.583380
vt 15.352456 -12.135927
vt 15.182096 -10.238736
vt 15.303612 -13.614607
vt 15.306745 -13.614859
vt -13.147663 8.998869
vt -13.143363 8.999073
vt 17.552797 22.163078
vt 17.556833 22.164366
vt 17.549520 22.163139
vt -3.123886 5.465087
vt -3.119590 5.464880
vt 15.310854 -13.615934
vt 15.169396 -15.363979
vt 15.171335 -15.364178
vt -13.094266 7.439491
vt -13.091602 7.439674
vt 17.686014 20.449326
vt 17.688503 20.450224
vt 17.683983 20.449326
vt -3.175160 3.905682
vt -3.172502 3.905494
vt 15.173873 -15.364950
vt 1.508432 -7.681467
vt 1.518252 -8.150753
vt 1.534235 -8.147526
vt 1.534235 -7.676259
vt 1.483229 -7.673236
vt 1.502643 -8.145655
vt 1.336764 -7.648691
vt 1.347626 -8.150753
vt 1.365301 -8.147007
vt 1.365301 -7.642643
vt 1.411387 -7.648146
vt 1.421239 -8.145750
vt 1.437262 -8.146616
vt 1.437262 -7.649543
vt 1.386436 -7.656220
vt 1.405778 -8.150751
vt 1.534235 -7.681361
vt 1.534235 -8.145230
vt 1.551565 -8.150753
vt 1.562209 -7.690277
vt 4.395886 -10.163284
vt 4.395886 -11.004129
vt 4.412829 -11.003586
vt 4.423236 -10.162409
vt 6.135443 -10.244521
vt 6.143717 -11.115107
vt 6.157181 -11.117901
vt 6.157181 -10.249033
vt 6.108470 -10.254378
vt 6.127009 -11.121208
vt 5.991390 -10.233726
vt 6.001611 -11.115135
vt 6.018242 -11.115162
vt 6.018242 -10.233765
vt 5.968293 -10.243526
vt 5.987305 -11.121207
vt 6.226994 -10.338240
vt 6.226994 -11.202569
vt 6.243707 -11.208578
vt 6.253979 -10.347941
vt 4.683970 -10.318459
vt 4.674894 -11.000265
vt 4.691796 -11.004128
vt 4.711254 -10.324697
vt 4.660129 -10.316272
vt 4.660129 -10.998912
vt 4.846768 -10.353848
vt 4.857953 -11.004128
vt 4.876156 -11.001086
vt 4.876156 -10.348936
vt 4.820443 -10.350562
vt 4.830464 -11.004128
vt 4.846771 -10.998282
vt 4.846771 -10.341121
vt 4.795414 -10.349558
vt 4.814961 -11.003508
vt 4.711257 -10.322477
vt 4.711257 -11.001060
vt 4.729424 -11.004128
vt 4.740591 -10.327431
vt 16.228024 2.612661
vt 16.228024 -0.221482
vt 16.274351 -0.229582
vt 16.302826 2.599582
vt 3.910742 16.151840
vt 3.937873 13.498339
vt 3.999115 13.498339
vt 4.009618 16.151840
vt 20.748634 11.681551
vt 20.781301 8.885677
vt 20.834455 8.902189
vt 20.834455 11.708210
vt 20.669907 11.673945
vt 20.732531 8.880969
vt 14.179564 21.014408
vt 14.197651 18.377348
vt 14.258866 18.377348
vt 14.278389 21.014408
vt 16.329222 -0.243158
vt 16.391407 2.577663
vt 14.964335 2.617178
vt 14.942489 0.151445
vt 14.976224 0.136307
vt 15.018804 2.592738
vt 14.906928 2.605721
vt 14.906928 0.144348
vt -17.265957 18.474010
vt -17.241467 15.764788
vt -17.201618 15.769472
vt -17.201618 18.481571
vt 11.596022 -10.312258
vt 11.596022 -12.485903
vt 11.634365 -12.490929
vt 11.657928 -10.320372
vt 15.018799 2.590415
vt 15.018797 0.144634
vt 15.054152 0.136307
vt 15.075872 2.576974
vt 15.489098 15.595243
vt 15.489098 12.824426
vt 15.528942 12.820112
vt 15.553425 15.588278
vt 17.826141 -10.342588
vt 17.819149 -11.623859
vt 17.970240 -11.605352
vt 18.013941 -10.310797
vt 17.637955 -10.278917
vt 17.667639 -11.574492
vt 18.406057 -10.227349
vt 18.368969 -11.599196
vt 18.541084 -11.573907
vt 18.619551 -10.207367
vt 20.482264 9.645556
vt 20.501236 8.263411
vt 20.652140 8.259277
vt 20.669907 9.631306
vt 20.294193 9.593314
vt 20.349804 8.223313
vt -3.422673 23.835556
vt -3.345217 22.590618
vt -3.175160 22.550449
vt -3.211635 23.796242
vt 17.776588 -12.945534
vt 17.891043 -12.934477
vt 17.661703 -12.913829
vt 18.432339 -12.946243
vt 18.562630 -12.918402
vt 20.555630 6.861049
vt 20.669907 6.860968
vt 20.440748 6.836531
vt -3.364795 21.393003
vt -3.236145 21.354584
vt 17.794209 -14.294729
vt 17.872068 -14.286917
vt 17.716072 -14.271554
vt 18.530853 -14.298966
vt 18.619551 -14.281905
vt 20.549379 5.460940
vt 20.627121 5.460588
vt 20.471258 5.442615
vt -3.422673 20.162394
vt -3.335073 20.137981
vt 17.734339 -15.612379
vt 17.775394 -15.601540
vt 17.693045 -15.603880
vt 18.549519 -15.644154
vt 18.596561 -15.638083
vt 20.620872 4.084397
vt 20.661926 4.077297
vt 20.579556 4.078588
vt -3.397324 18.960880
vt -3.350834 18.950712
vt 18.009405 -16.892895
vt 18.013941 -16.890837
vt 18.004822 -16.892618
vt 18.562014 -17.063595
vt 18.567339 -17.063057
vt 20.357101 2.722432
vt 20.361645 2.720767
vt 20.352507 2.722488
vt -3.383324 17.598164
vt -3.378050 17.597157
vt -4.345084 17.579988
vt -3.720525 15.289970
vt -3.681802 15.293680
vt -4.299848 17.597980
vt -10.628223 10.833663
vt -10.260117 8.165673
vt -10.227623 8.170059
vt -10.590014 10.850459
vt -10.669430 10.815425
vt -10.293627 8.147429
vt 3.724631 16.193844
vt 3.099863 13.761525
vt 3.138577 13.759000
vt 3.769840 16.176535
vt 15.737206 -12.650167
vt 15.729948 -15.345623
vt 15.763748 -15.337556
vt 15.778635 -12.651505
vt 15.695878 -12.637663
vt 15.695878 -15.332183
vt -4.308340 13.077947
vt -4.278322 13.075956
vt -10.173023 5.784032
vt -10.147246 5.783367
vt 11.881210 -10.195677
vt 11.889454 -12.590961
vt 11.919660 -12.584202
vt 11.919660 -10.188467
vt 3.688751 11.405856
vt 3.718769 11.409064
vt 3.071319 13.747158
vt 3.666628 11.390684
vt 11.822716 -10.168518
vt 11.822716 -12.584140
vt 11.852913 -12.590960
vt 11.861149 -10.175808
vt -4.374518 10.744625
vt -4.352486 10.746178
vt -9.962391 3.164752
vt -9.943718 3.163588
vt -10.199187 5.768397
vt -9.981395 3.157640
vt 3.754900 8.936076
vt 3.776931 8.935197
vt -16.017473 23.317467
vt -16.331430 20.917767
vt -16.311747 20.917845
vt -15.990338 23.316700
vt -16.040804 23.339466
vt -16.348536 20.929800
vt -4.514832 8.858747
vt -4.501383 8.862777
vt -10.333721 0.425515
vt -10.322145 0.424969
vt -10.345153 0.425248
vt 3.897299 6.838514
vt 3.910742 6.834599
vt -16.088034 18.291319
vt -16.075844 18.291197
vt 11.513785 8.434637
vt 11.513785 5.944064
vt 11.525679 5.939373
vt 11.533149 8.421601
vt -3.686648 7.238642
vt -3.681802 7.241138
vt -10.665123 -2.366785
vt -10.660570 -2.366176
vt -10.669428 -2.366151
vt 3.071319 4.992829
vt 3.076165 4.990255
vt -15.995063 15.427796
vt -15.990336 15.426920
vt -16.098520 18.294750
vt -15.999063 15.428373
vt -19.441555 3.990090
vt -17.314440 -1.518075
vt -17.201618 -1.502168
vt -19.314049 4.060906
vt -19.568436 3.902407
vt -17.424524 -1.556840
vt -19.725597 4.159536
vt -20.739674 -1.889060
vt -20.611586 -1.894911
vt -19.568436 4.140046
vt -13.212285 2.273768
vt -15.357427 -2.988497
vt -15.242591 -2.992038
vt -13.082377 2.220739
vt -13.335892 2.380187
vt -15.464927 -2.933074
vt -17.201618 3.383397
vt -16.165451 -2.871647
vt -16.037283 -2.864708
vt -17.044334 3.404289
vt -18.155935 -7.643933
vt -18.069660 -7.654974
vt -18.240044 -7.654431
vt -20.831894 -7.814409
vt -20.734194 -7.814660
vt -14.512943 -8.765076
vt -14.425114 -8.745822
vt -14.595105 -8.740932
vt -16.035107 -8.546829
vt -15.937340 -8.545650
vt -18.140291 -13.827145
vt -18.081743 -13.842104
vt -18.198376 -13.840792
vt -21.307472 -14.033018
vt -21.240921 -14.019313
vt -14.531593 -14.651982
vt -14.471991 -14.631911
vt -14.588351 -14.629443
vt -15.531542 -14.563533
vt -15.464927 -14.576093
vt -19.061754 -19.132551
vt -19.030123 -19.140505
vt -3.175160 3.901063
vt -3.144772 -1.547534
vt -3.109415 -1.548257
vt -3.109415 3.905497
vt -19.604641 -19.518847
vt -19.568436 -19.515730
vt -13.545333 -19.206980
vt -13.513137 -19.196257
vt -3.175163 -1.548263
vt -3.175163 -7.042231
vt -3.139790 -7.041684
vt -3.109384 -1.553012
vt -17.201618 -19.787182
vt -17.165390 -19.789845
vt -19.563929 -25.418415
vt -19.559122 -25.418411
vt -19.092693 -19.135754
vt -19.568434 -25.418104
vt -21.051910 -25.416973
vt -21.046757 -25.418411
vt -13.087265 -25.418415
vt -13.082377 -25.417969
vt -13.575549 -19.198658
vt -13.091666 -25.417942
vt -15.721151 -25.418415
vt -15.715999 -25.416990
vt 7.247859 15.762329
vt 7.756955 11.572380
vt 7.814067 11.580277
vt 7.316452 15.787683
vt 7.174960 15.757861
vt 7.698397 11.561891
vt -17.354919 23.239157
vt -18.245800 19.372808
vt -18.178804 19.369066
vt -17.275034 23.212610
vt -17.388987 15.564102
vt -17.957083 11.258173
vt -17.899145 11.253898
vt -17.319534 15.543176
vt -17.460804 15.575227
vt -18.014694 11.274090
vt -0.867927 16.798738
vt -0.867927 13.163893
vt -0.803809 13.136311
vt -0.786567 16.784286
vt 7.994651 7.404124
vt 8.038880 7.387774
vt 7.949574 7.393258
vt -17.321995 15.575222
vt -17.275034 15.594282
vt -18.201462 7.213217
vt -18.156544 7.231577
vt -18.245800 7.228168
vt -0.035763 -7.707116
vt 0.922544 -11.086353
vt 0.963724 -11.052253
vt 0.008997 -7.637006
vt 7.174960 3.958247
vt 7.204076 3.935841
vt -0.073563 6.833185
vt -0.721853 2.334979
vt -0.695358 2.329395
vt -0.035763 6.825526
vt -0.112308 6.872490
vt -0.750968 2.349021
vt -17.349047 4.060909
vt -17.319534 4.083813
vt 1.310032 -15.660530
vt 1.336764 -15.658581
vt 1.001839 -11.049776
vt 1.280126 -15.670738
vt -4.652056 13.375458
vt -4.532228 9.295185
vt -4.514832 9.293495
vt -4.622073 13.377419
vt -0.686574 -2.571770
vt -0.671350 -2.572112
vt -0.703287 -2.569926
vt -7.504285 19.332420
vt -7.671931 15.125297
vt -7.655565 15.129236
vt -7.476161 19.334248
vt 0.945193 -20.555450
vt 0.960362 -20.557180
vt 0.928435 -20.555117
vt -4.652056 4.708965
vt -4.647522 4.708368
vt -0.039683 -7.537523
vt -0.035763 -7.537113
vt -0.043972 -7.537715
vt -7.480426 10.488514
vt -7.476161 10.489697
vt -0.031508 -25.417469
vt -0.027636 -25.418415
vt -0.035763 -25.416723
vt -11.465312 25.582781
vt -10.985057 24.721077
vt -10.941388 24.748631
vt -11.412178 25.617004
vt -11.494880 25.535255
vt -11.013523 24.690639
vt 18.511303 25.495552
vt 18.720146 24.519718
vt 18.766598 24.526186
vt 18.566818 25.514782
vt -8.993340 25.850918
vt -9.460550 25.013456
vt -9.416990 24.985441
vt -8.940343 25.816124
vt 16.060398 -10.211482
vt 15.841932 -11.252335
vt 15.877244 -11.274981
vt 16.102102 -10.251560
vt 16.006048 -10.191730
vt 15.796338 -11.245788
vt -10.581077 23.710962
vt -10.544159 23.722969
vt -10.607476 23.700779
vt 18.592005 23.395924
vt 18.627939 23.396389
vt -9.860675 24.016697
vt -9.823794 24.004297
vt -9.488760 25.044052
vt -9.886947 24.027039
vt 15.936426 -12.435106
vt 15.971691 -12.435556
vt -10.576337 22.580925
vt -10.549992 22.574833
vt -10.595172 22.580669
vt 18.511303 22.199787
vt 18.537239 22.208214
vt -9.865583 22.870319
vt -9.839183 22.876139
vt 16.083366 -13.641633
vt 16.102102 -13.635891
vt 15.998587 -12.437792
vt 16.057735 -13.633304
vt -10.966603 21.552094
vt -10.952601 21.542904
vt -19.993711 14.610889
vt -19.909798 13.831991
vt -19.895576 13.837754
vt -19.970188 14.624163
vt 18.650408 21.193834
vt 18.665812 21.201048
vt -9.472868 21.837730
vt -9.458805 21.846769
vt 10.315805 -10.318463
vt 10.235227 -11.224503
vt 10.250020 -11.226714
vt 10.340143 -10.326287
vt 15.981532 -14.596127
vt 15.996838 -14.603191
vt -11.494880 20.569521
vt -11.490486 20.566168
vt -19.993711 12.955896
vt -19.989096 12.957256
vt 18.677385 20.262524
vt 18.682430 20.264645
vt -8.944759 20.858358
vt -8.940343 20.861668
vt 10.335345 -12.171381
vt 10.340143 -12.171546
vt 16.025957 -15.458307
vt 16.030954 -15.460395
vt -2.014796 25.342285
vt -1.950134 24.685371
vt -1.910772 24.684294
vt -1.966788 25.343103
vt 14.841828 16.539120
vt 14.829030 15.906307
vt 14.878510 15.906801
vt 14.902325 16.538849
vt 7.925249 25.412283
vt 7.870659 24.751705
vt 7.917953 24.751484
vt 7.982889 25.408945
vt 7.877536 25.418846
vt 7.831536 24.755322
vt 11.535399 -10.291300
vt 11.543209 -10.867951
vt 11.592770 -10.873483
vt 11.596022 -10.297265
vt -1.863608 24.686743
vt -1.909295 25.349165
vt -1.932436 24.026829
vt -1.901827 24.024288
vt 14.820339 15.292000
vt 14.858807 15.293707
vt 7.863247 24.089584
vt 7.900057 24.092525
vt 7.832817 24.090698
vt 11.546819 -11.414953
vt 11.585306 -11.420440
vt -1.865121 24.023075
vt -1.938160 23.364824
vt -1.916342 23.362980
vt 14.826685 14.686464
vt 14.854101 14.687722
vt 7.879501 23.431843
vt 7.905740 23.434021
vt 7.857812 23.432602
vt 11.535399 -11.943596
vt 11.562832 -11.947548
vt -1.890183 23.362022
vt -1.922887 22.704174
vt -1.909873 22.702728
vt 14.818998 14.071563
vt 14.835341 14.073752
vt 7.874784 22.770128
vt 7.890370 22.773367
vt 7.861849 22.770237
vt 11.537959 -12.487301
vt 11.554263 -12.490927
vt -1.894339 22.700212
vt -2.014796 22.060490
vt -2.010583 22.059868
vt 14.897058 13.521345
vt 14.902325 13.522593
vt 7.977913 22.141918
vt 7.982889 22.143723
vt 7.973727 22.141804
vt 4.984608 -10.442938
vt 4.995109 -11.004128
vt 5.000189 -11.002323
vt 5.000189 -10.435832
vt -2.005624 22.058290
vt -13.284537 13.310037
vt -13.604075 11.168723
vt -13.547125 11.156060
vt -13.215997 13.281111
vt 1.895764 17.499447
vt 1.549243 15.493817
vt 1.611357 15.480244
vt 1.970769 17.472040
vt -0.681954 17.618860
vt -0.344386 15.462626
vt -0.295706 15.479580
vt -0.622375 17.641682
vt -0.750968 17.593683
vt -0.401751 15.452995
vt 15.069474 -15.395103
vt 15.415385 -17.165880
vt 15.477052 -17.149330
vt 15.143945 -15.364950
vt -13.497711 11.144613
vt -13.155508 13.265049
vt -13.520934 8.938188
vt -13.476938 8.936995
vt 1.619277 13.290630
vt 1.667377 13.285049
vt -0.417845 13.278944
vt -0.380259 13.288532
vt -0.462173 13.279995
vt 15.367074 -19.238071
vt 15.414838 -19.229916
vt -13.438789 8.931695
vt -13.375989 6.699048
vt -13.344997 6.696731
vt 1.542313 11.103739
vt 1.576053 11.103270
vt -0.550419 11.059191
vt -0.523893 11.070832
vt -0.581643 11.058480
vt 15.469240 -21.327707
vt 15.502761 -21.325249
vt -13.318076 6.688003
vt -13.581625 4.613725
vt -13.563690 4.614061
vt 1.951238 9.013656
vt 1.970769 9.013640
vt -0.341756 9.075617
vt -0.326404 9.080978
vt -0.359826 9.076840
vt 15.069474 -23.252449
vt 15.088879 -23.251265
vt -13.548107 4.610428
vt -13.164454 2.380190
vt -13.159617 2.380981
vt 1.884274 6.810263
vt 1.889644 6.809521
vt -0.746095 6.872483
vt -0.742048 6.872536
vt -0.750968 6.873503
vt 15.174433 -25.418411
vt 15.179764 -25.417374
vt -13.155508 2.381426
vt 13.370602 13.788227
vt 14.234550 12.003618
vt 14.278844 12.008518
vt 13.419138 13.811657
vt 13.327456 13.733579
vt 14.196537 11.967417
vt -5.553998 19.114719
vt -5.485532 16.758694
vt -5.436444 16.770565
vt -5.493073 19.120531
vt -5.595154 19.113857
vt -5.517414 16.740442
vt -0.839794 7.066962
vt -0.839794 5.131984
vt -0.793718 5.126973
vt -0.782116 7.051044
vt 19.102524 -17.305288
vt 19.233681 -19.673573
vt 19.283224 -19.675884
vt 19.163305 -17.299461
vt 14.044987 10.001381
vt 14.079772 9.995782
vt 21.846678 -5.829064
vt 22.025742 -8.111042
vt 22.062996 -8.102716
vt 21.892887 -5.803986
vt -4.785645 14.810205
vt -4.747134 14.817330
vt -12.419063 20.213755
vt -12.307312 18.450281
vt -12.271338 18.449699
vt -12.373890 20.202339
vt 21.892832 11.552346
vt 21.721395 9.233298
vt 21.758654 9.224906
vt 21.939068 11.527182
vt 18.686783 -21.612335
vt 18.725487 -21.612093
vt 13.882132 7.611159
vt 13.907175 7.612489
vt 21.846678 -10.158454
vt 21.873095 -10.155339
vt -4.722034 12.763280
vt -4.694134 12.760771
vt -12.325507 16.222143
vt -12.300009 16.216770
vt 21.912651 7.180636
vt 21.939068 7.177475
vt 18.780123 -23.496677
vt 18.807598 -23.489418
vt 13.963128 5.175027
vt 13.978013 5.174904
vt 13.860909 7.602474
vt 13.950782 5.174539
vt -5.044311 10.635912
vt -5.028118 10.631392
vt -12.623276 13.933268
vt -12.608037 13.930945
vt -12.343564 16.238617
vt -12.634182 13.938532
vt 19.267492 -25.418415
vt 19.283224 -25.411400
vt 13.331173 2.721721
vt 13.335822 2.720770
vt 13.327456 2.723081
vt -5.595154 9.176515
vt -5.590033 9.174649
vt -12.276206 11.363973
vt -12.271338 11.364158
vt 11.507821 -10.279683
vt 11.499741 -12.488237
vt 11.503829 -12.490929
vt 11.520137 -10.291855
vt 11.495811 -10.284325
vt 11.495811 -12.490238
vt -6.430995 -3.640548
vt -6.892994 -7.974303
vt -6.835432 -7.997508
vt -6.360389 -3.672370
vt -5.694056 -4.941653
vt -5.473262 -9.003853
vt -5.403788 -9.007130
vt -5.608505 -4.932858
vt -7.402677 -3.583850
vt -6.946375 -7.890650
vt -6.892996 -7.880452
vt -7.338147 -3.554393
vt -7.476161 -3.611673
vt -7.006282 -7.910589
vt -5.200658 -4.973433
vt -5.403785 -9.026193
vt -5.334303 -9.022844
vt -5.115093 -4.982142
vt -6.779245 -8.004505
vt -6.292399 -3.697797
vt -6.639166 -12.279516
vt -6.595001 -12.289312
vt -6.177842 -13.171917
vt -6.124258 -13.171520
vt -7.133742 -12.281294
vt -7.092725 -12.278471
vt -7.179733 -12.288510
vt -4.684281 -13.172413
vt -4.630690 -13.172752
vt -6.551846 -12.289717
vt -6.353737 -16.790440
vt -6.322719 -16.801182
vt -5.653204 -17.317757
vt -5.615664 -17.317158
vt -7.443869 -16.769958
vt -7.415054 -16.763739
vt -7.476161 -16.778915
vt -5.193213 -17.324863
vt -5.155667 -17.325422
vt -6.292399 -16.805681
vt -6.750534 -20.946444
vt -6.732766 -20.952084
vt -6.292401 -21.369267
vt -6.270921 -21.367619
vt -6.986749 -21.010197
vt -6.970273 -21.005745
vt -7.005245 -21.014820
vt -4.536316 -21.372452
vt -4.514831 -21.374081
vt -6.715430 -20.955549
vt -6.510914 -25.417200
vt -6.506441 -25.417332
vt -5.409054 -25.418415
vt -5.403788 -25.416609
vt -7.277718 -25.418415
vt -7.273546 -25.417082
vt -7.282365 -25.418297
vt -5.398520 -25.418411
vt -6.502050 -25.418419
vt 16.215981 26.047163
vt 16.559479 24.365749
vt 16.617310 24.370058
vt 16.286570 26.054958
vt 1.915321 25.221979
vt 1.848872 23.559250
vt 1.910439 23.558634
vt 1.990861 25.216990
vt 16.143913 26.128761
vt 15.822337 24.413229
vt 15.865032 24.409521
vt 16.195200 26.117285
vt 16.072201 26.138407
vt 15.763607 24.419022
vt 11.374596 24.738106
vt 11.457078 23.077545
vt 11.518677 23.078636
vt 11.450164 24.743683
vt 16.662041 24.379557
vt 16.340298 26.073490
vt 16.774580 22.669724
vt 16.819513 22.659241
vt 1.944538 21.951477
vt 1.990861 21.960554
vt 15.622333 22.681404
vt 15.655769 22.702837
vt 15.576740 22.672194
vt 11.374596 21.450378
vt 11.420990 21.441648
vt 16.854578 22.642050
vt 16.215981 21.308815
vt 16.245485 21.294056
vt 17.376364 25.739735
vt 17.049694 24.254990
vt 17.079744 24.238514
vt 17.416233 25.702095
vt 16.176559 21.378021
vt 16.195200 21.409901
vt 16.146503 21.364538
vt 16.102104 -10.239790
vt 16.465269 -11.848625
vt 16.496416 -11.834841
vt 16.143215 -10.204719
vt 16.265053 21.264280
vt 17.064085 22.463047
vt 17.077190 22.466549
vt 17.102329 24.238867
vt 17.046652 22.465857
vt 10.780536 9.564750
vt 10.776901 8.123780
vt 10.793822 8.123339
vt 10.809356 9.559047
vt 16.474712 -13.657389
vt 16.486170 -13.659114
vt 16.516216 -11.831970
vt 16.456694 -13.658441
vt -19.877625 14.793230
vt -19.861513 13.393562
vt -19.844601 13.393848
vt -19.848827 14.798666
vt 17.412762 20.704693
vt 17.416233 20.706587
vt 17.408079 20.704649
vt 10.804690 6.363530
vt 10.809356 6.363304
vt 16.106934 -15.458976
vt 16.109943 -15.460400
vt 16.102104 -15.458427
vt -19.877625 11.655970
vt -19.872971 11.656155
vt 11.273724 14.628743
vt 11.351041 11.641342
vt 11.402901 11.621010
vt 11.337528 14.611029
vt 10.670608 -12.207928
vt 9.409706 -14.522396
vt 9.459394 -14.554911
vt 10.726374 -12.260352
vt 10.627446 -12.171546
vt 9.368312 -14.507801
vt -19.568434 15.813042
vt -19.545258 12.740840
vt -19.492826 12.761645
vt -19.503778 15.831298
vt 8.973561 3.022826
vt 10.240768 0.702428
vt 10.290532 0.734889
vt 9.029434 3.075191
vt 8.930552 2.986439
vt 10.199511 0.687841
vt 10.810447 8.824900
vt 10.850925 8.815179
vt 9.191063 -17.294647
vt 9.231657 -17.308516
vt 9.157933 -17.289160
vt -18.994490 9.983719
vt -18.953529 9.993869
vt 10.460938 -2.052451
vt 10.501581 -2.038632
vt 10.427917 -2.057927
vt 11.159552 5.721526
vt 11.187984 5.721835
vt 8.870440 -20.172470
vt 8.899471 -20.177450
vt 8.847134 -20.166531
vt -19.323074 6.927978
vt -19.294317 6.928095
vt 10.781380 -4.912696
vt 10.810447 -4.907756
vt 10.758143 -4.918629
vt 11.386454 2.787251
vt 11.402901 2.789729
vt 9.002655 -23.139202
vt 9.018129 -23.132133
vt 8.990150 -23.143242
vt -19.568434 4.063060
vt -19.551846 4.060909
vt 10.651467 -7.876049
vt 10.666952 -7.883139
vt 10.639017 -7.872005
vt -11.591354 11.834642
vt -11.591354 8.677732
vt -11.586787 8.677381
vt -11.575987 11.830912
vt 10.722935 -25.415768
vt 10.726374 -25.411549
vt 10.720009 -25.418415
vt 5.675442 11.268647
vt 5.686190 8.075090
vt 5.690755 8.075006
vt 5.690755 11.270926
vt 8.933459 -10.154229
vt 8.936900 -10.158454
vt 8.930552 -10.151582
vt 6.199472 -11.208578
vt 6.177925 -14.323460
vt 6.223970 -14.326916
vt 6.255960 -11.225846
vt 5.287128 -11.004129
vt 4.266261 -13.584232
vt 4.317305 -13.602367
vt 5.344319 -11.047528
vt 21.247780 2.094466
vt 21.403109 -1.055945
vt 21.440506 -1.035726
vt 21.293833 2.108311
vt 21.190155 2.075189
vt 21.355797 -1.061105
vt 1.993996 6.220160
vt 3.020276 3.669430
vt 3.071319 3.687693
vt 2.051164 6.263709
vt 6.264505 -14.341372
vt 6.305508 -11.232571
vt 6.370560 -17.156305
vt 6.406207 -17.153749
vt 4.607087 -16.647572
vt 4.646285 -16.644434
vt 4.233776 -13.577005
vt 4.582160 -16.653805
vt 21.190155 -3.813221
vt 21.226837 -3.814303
vt 2.690760 0.619831
vt 2.729969 0.616787
vt 6.437777 -17.176525
vt 6.177925 -19.728287
vt 6.203241 -19.729219
vt 5.254522 -19.624695
vt 5.282958 -19.629707
vt 5.236462 -19.624800
vt -0.786567 15.685137
vt -0.786567 13.138329
vt -0.761864 13.136309
vt -0.751639 15.679453
vt 2.055278 -2.364174
vt 2.083724 -2.359092
vt 6.225681 -19.741327
vt 6.378469 -22.907776
vt 6.393469 -22.908190
vt 4.616402 -22.450296
vt 4.633248 -22.452930
vt 11.512206 14.383572
vt 11.520416 11.223626
vt 11.532324 11.233618
vt 11.532324 14.400111
vt 11.486259 14.379974
vt 11.505036 11.221619
vt 2.704200 -5.184755
vt 2.721047 -5.182081
vt 6.406762 -22.915569
vt 6.184397 -25.414799
vt 6.189085 -25.414715
vt 5.339285 -25.416801
vt 5.344319 -25.415852
vt 4.605707 -22.450569
vt 5.336143 -25.418415
vt 1.961512 6.287154
vt 1.961512 3.673629
vt 1.966098 3.673218
vt 1.976176 6.286404
vt 1.993996 -8.149815
vt 1.999030 -8.150749
vt 6.193179 -25.418415
vt -11.895899 9.252964
vt -11.957185 6.808210
vt -11.914483 6.805017
vt -11.843697 9.235631
vt 4.826154 15.630573
vt 4.087246 13.569801
vt 4.136320 13.551764
vt 4.882063 15.591476
vt -5.789393 19.567385
vt -5.636187 17.106693
vt -5.599007 17.125257
vt -5.743731 19.584312
vt -5.843041 19.548859
vt -5.680366 17.102444
vt 4.882063 15.586558
vt 5.626382 13.554825
vt 5.675442 13.572977
vt 4.937941 15.625792
vt -11.874477 6.791471
vt -11.794735 9.224882
vt -11.769232 4.516135
vt -11.736178 4.519847
vt 4.233127 11.178558
vt 4.271279 11.179832
vt -5.808786 14.857910
vt -5.779829 14.881089
vt -5.843042 14.860651
vt 5.491125 11.179458
vt 5.529276 11.178268
vt -11.704952 4.500341
vt -11.889760 2.459033
vt -11.866258 2.457585
vt 4.686738 8.830888
vt 4.714264 8.826024
vt -5.703238 12.924349
vt -5.682593 12.939506
vt -5.727583 12.922342
vt 5.048882 8.822156
vt 5.076404 8.827081
vt -11.843997 2.445090
vt -11.898610 -0.005386
vt -11.884579 -0.005457
vt 4.221262 6.616562
vt 4.237654 6.614822
vt -5.625762 10.492645
vt -5.613464 10.502009
vt -5.640304 10.492218
vt 5.525771 6.614009
vt 5.542160 6.615787
vt -11.871315 -0.013244
vt 9.872331 -10.240106
vt 9.872331 -12.170439
vt 9.876994 -12.171547
vt 9.886680 -10.245289
vt 4.877086 4.296898
vt 4.882063 4.298301
vt 4.211820 6.615888
vt 4.874221 4.295530
vt -15.479335 13.043287
vt -15.469648 10.973911
vt -15.464954 10.974121
vt -15.464954 13.045849
vt 4.882063 4.296924
vt 4.887045 4.295527
vt -11.957187 -1.914813
vt -11.952932 -1.918359
vt 16.394484 2.595614
vt 16.415054 2.027447
vt 16.454638 2.021669
vt 16.442890 2.591734
vt -17.302395 15.421255
vt -17.296299 14.911999
vt -17.246143 14.912713
vt -17.241034 15.423390
vt 16.551910 2.560670
vt 16.541605 1.998533
vt 16.586769 2.006832
vt 16.607136 2.569071
vt 16.501902 2.561288
vt 16.500704 1.996448
vt 14.835561 2.638719
vt 14.840679 2.133785
vt 14.890811 2.132593
vt 14.896887 2.635997
vt 16.500704 2.015959
vt 16.499224 2.586512
vt 16.402344 1.464123
vt 16.433081 1.458905
vt -17.312208 14.420286
vt -17.273224 14.421772
vt 16.565615 1.436001
vt 16.600664 1.444238
vt 16.533854 1.433656
vt 14.867959 1.650483
vt 14.906926 1.648623
vt 16.468830 1.452670
vt 16.391405 0.897439
vt 16.413355 0.895260
vt -17.287941 13.923801
vt -17.260151 13.925436
vt 16.585983 0.879039
vt 16.610987 0.884035
vt 16.563307 0.878897
vt 14.855050 1.167137
vt 14.882828 1.165233
vt 16.438862 0.891701
vt 16.415010 0.325466
vt 16.428072 0.325826
vt -17.281094 13.409040
vt -17.264492 13.410035
vt 16.572634 0.315880
vt 16.587519 0.317239
vt 16.559143 0.317442
vt 14.859402 0.664622
vt 14.875992 0.663467
vt 16.443254 0.325341
vt 16.491560 -0.243161
vt 16.495777 -0.242623
vt -17.246437 12.872827
vt -17.241034 12.873293
vt 16.505058 -0.243152
vt 16.509884 -0.242974
vt 16.500704 -0.242228
vt 14.835561 0.136828
vt 14.840967 0.136310
vt 16.500704 -0.242517
vt 11.467072 -10.274145
vt 11.391030 -10.933214
vt 11.414817 -10.932401
vt 11.495806 -10.271317
vt 11.437118 -10.256560
vt 11.365723 -10.924958
vt 10.810442 26.364981
vt 10.817447 25.592995
vt 10.844487 25.607126
vt 10.844049 26.372053
vt 10.912831 -10.206995
vt 10.992694 -10.926078
vt 11.016181 -10.924860
vt 10.941210 -10.207451
vt 10.882587 -10.222643
vt 10.967126 -10.932478
vt 4.525266 26.418419
vt 4.533854 25.707714
vt 4.560607 25.692646
vt 4.558448 26.409637
vt 11.439444 -11.712695
vt 11.458403 -11.712084
vt 11.419360 -11.710280
vt 11.127189 24.957720
vt 11.147607 24.972809
vt 10.940643 -11.712748
vt 10.959366 -11.711737
vt 10.920356 -11.713624
vt 4.235019 25.113749
vt 4.255227 25.098108
vt 11.481856 -12.490929
vt 11.495806 -12.486150
vt 11.466676 -12.484216
vt 11.328561 24.253798
vt 11.345176 24.255623
vt 10.897906 -12.485195
vt 10.911682 -12.488910
vt 10.882587 -12.490927
vt 4.039248 24.429329
vt 4.055696 24.426735
vt 8.406244 -10.270063
vt 8.339022 -11.020407
vt 8.348674 -11.021895
vt 8.420259 -10.277392
vt 11.075341 23.491608
vt 11.081106 23.489958
vt 11.354265 24.254801
vt 11.065440 23.495777
vt 13.708566 2.362996
vt 13.779565 1.635572
vt 13.789219 1.637046
vt 13.722571 2.370288
vt 4.317305 23.688080
vt 4.323763 23.691454
vt 4.065824 24.430183
vt 4.307477 23.684490
vt 8.415652 -11.714889
vt 8.420259 -11.714839
vt 10.815193 22.744247
vt 10.818239 22.744230
vt 10.810442 22.746290
vt 13.708566 0.951805
vt 13.713172 0.951750
vt 4.557245 22.916283
vt 4.560607 22.917110
vt 4.552526 22.914516
vt 17.200180 2.672415
vt 17.221586 2.034751
vt 17.271231 2.028321
vt 17.260889 2.667985
vt 1.852704 6.755179
vt 1.846680 6.136275
vt 1.895193 6.130457
vt 1.912061 6.749495
vt 1.808390 6.740324
vt 1.810422 6.122606
vt 17.035917 2.707555
vt 17.033503 2.057198
vt 17.083117 2.063318
vt 17.096615 2.711559
vt 9.773598 18.269154
vt 9.791372 17.703964
vt 9.839869 17.713387
vt 9.832944 18.279362
vt 17.302647 2.032977
vt 17.299305 2.675623
vt 17.191931 1.403448
vt 17.230452 1.396796
vt 1.831901 5.535835
vt 1.869602 5.532065
vt 1.803711 5.522898
vt 17.082296 1.412405
vt 17.120779 1.418831
vt 9.817769 17.171482
vt 9.855463 17.178120
vt 17.254768 1.397964
vt 17.168343 0.761643
vt 17.195839 0.757784
vt 1.859274 4.932719
vt 1.886136 4.930952
vt 1.839175 4.923404
vt 17.124737 0.768987
vt 17.152216 0.772679
vt 9.801981 16.640564
vt 9.828849 16.644464
vt 17.213175 0.758519
vt 17.164206 0.117682
vt 17.180553 0.118218
vt 1.871511 4.318314
vt 1.887529 4.318169
vt 1.859446 4.314563
vt 17.147850 0.124801
vt 17.164209 0.124146
vt 9.801461 16.097246
vt 9.817491 16.098740
vt 17.190851 0.120551
vt 17.297436 -0.517673
vt 17.302647 -0.516675
vt 1.906852 3.673981
vt 1.912061 3.674290
vt 1.902899 3.673218
vt 17.033503 -0.516627
vt 17.038721 -0.517670
vt 9.777536 15.485784
vt 9.782754 15.485929
vt 9.789403 16.103346
vt 9.773598 15.487335
vt 16.895332 -15.493828
vt 16.429520 -17.477814
vt 16.473314 -17.497555
vt 16.949665 -15.514942
vt 16.850672 -15.460398
vt 16.393280 -17.449394
vt -3.605541 17.578173
vt -3.448022 15.582878
vt -3.400178 15.599789
vt -3.546885 17.597153
vt 14.881376 0.112691
vt 15.343656 -1.924379
vt 15.387086 -1.902533
vt 14.935252 0.136310
vt 14.835561 0.084794
vt 15.306465 -1.948298
vt -11.652008 19.223373
vt -11.777851 17.419197
vt -11.730643 17.398888
vt -11.594147 19.200066
vt 15.825568 -19.409750
vt 15.861408 -19.413431
vt 15.796342 -19.394520
vt -3.239942 13.664715
vt -3.202442 13.673025
vt 15.940264 -3.888011
vt 15.975784 -3.882973
vt 15.910325 -3.899579
vt -11.946573 15.739190
vt -11.909590 15.727873
vt 16.251688 -21.477030
vt 16.276781 -21.471048
vt -3.211663 11.519839
vt -3.192208 11.522602
vt -3.175163 13.672662
vt -3.238385 11.519855
vt 15.516226 -6.015027
vt 15.541077 -6.020329
vt -11.930800 13.577625
vt -11.910543 13.578882
vt -11.881166 15.733770
vt -11.957182 13.579899
vt 16.459085 -23.449820
vt 16.473974 -23.445639
vt -3.433072 9.349293
vt -3.421472 9.350627
vt -3.448965 9.350272
vt 15.315866 -8.091432
vt 15.330612 -8.095234
vt -11.731480 11.428608
vt -11.719397 11.429673
vt -11.747181 11.428990
vt 16.944902 -25.418415
vt 16.949665 -25.416615
vt -3.600362 7.217354
vt -3.596544 7.218225
vt -3.605541 7.217710
vt 14.835561 -10.156756
vt 14.840276 -10.158448
vt -11.598118 9.253057
vt -11.594147 9.252964
vt -11.603235 9.253146
vt 1.623772 -7.773004
vt 1.631655 -7.849777
vt 1.659928 -7.854267
vt 1.657796 -7.775956
vt 1.685379 -7.776875
vt 1.692275 -7.851808
vt 1.722356 -7.849936
vt 1.721567 -7.773332
vt 1.596300 -7.764964
vt 1.591561 -7.842844
vt 1.614381 -7.841905
vt 1.623772 -7.764964
vt 1.562209 -7.765802
vt 1.563222 -7.845594
vt -1.375624 -7.324583
vt -1.374197 -7.394248
vt -1.344074 -7.393258
vt -1.339335 -7.324583
vt 1.682837 -7.852747
vt 1.685379 -7.773004
vt 1.632701 -7.925407
vt 1.655147 -7.930259
vt 1.695647 -7.925910
vt 1.719570 -7.924597
vt 1.593691 -7.921198
vt 1.611811 -7.919340
vt 1.571182 -7.924680
vt -1.369213 -7.459162
vt -1.345267 -7.458213
vt 1.673337 -7.930147
vt 1.634217 -8.002864
vt 1.650782 -8.007892
vt 1.702285 -7.999984
vt 1.720043 -8.000167
vt 1.595237 -7.998755
vt 1.608673 -7.997164
vt 1.578623 -8.002789
vt -1.367416 -7.523966
vt -1.349684 -7.522218
vt 1.664270 -8.008018
vt 1.627962 -8.078086
vt 1.638730 -8.081863
vt 1.698522 -8.072586
vt 1.709950 -8.074617
vt 1.604415 -8.073386
vt 1.613308 -8.073856
vt 1.593613 -8.076531
vt -6.881905 -3.570924
vt -6.881905 -3.636431
vt -6.871235 -3.640545
vt -6.865552 -3.579503
vt 1.647657 -8.080481
vt 1.631722 -8.149239
vt 1.636766 -8.150751
vt 1.685379 -8.149405
vt 1.690650 -8.150753
vt 1.604032 -8.149546
vt 1.608222 -8.150440
vt 1.598972 -8.150751
vt -6.892996 -3.569399
vt -6.892996 -3.638902
vt -6.887779 -3.640542
vt -6.881904 -3.573711
vt 1.640975 -8.149457
vt -6.841205 -3.601196
vt -6.841115 -3.608883
vt -6.836985 -3.610430
vt -6.837077 -3.602507
vt -6.846341 -3.601774
vt -6.846251 -3.609478
vt -6.861154 -3.597471
vt -6.861773 -3.605792
vt -6.856503 -3.605711
vt -6.855902 -3.597661
vt -6.864919 -3.596879
vt -6.865551 -3.605452
vt -6.836985 -3.604855
vt -6.836527 -3.612349
vt -6.831323 -3.612513
vt -6.831783 -3.605002
vt -6.852418 -3.600811
vt -6.851724 -3.609101
vt -6.846465 -3.608898
vt -6.847177 -3.600339
vt -6.841198 -3.616112
vt -6.837070 -3.618023
vt -6.846335 -3.616797
vt -6.861750 -3.614206
vt -6.856481 -3.613636
vt -6.865528 -3.614257
vt -6.835921 -3.619532
vt -6.830710 -3.619776
vt -6.851672 -3.617319
vt -6.846404 -3.617607
vt -6.855476 -3.616793
vt -6.855897 -3.625206
vt -6.852090 -3.625509
vt -6.846407 -3.624449
vt -6.841271 -3.623675
vt -6.861250 -3.622572
vt -6.855978 -3.622129
vt -6.865033 -3.622400
vt -6.835397 -3.625881
vt -6.830180 -3.626204
vt -6.846824 -3.625668
vt -6.841038 -3.631286
vt -6.836985 -3.632195
vt -6.837142 -3.625382
vt -6.846075 -3.633082
vt -6.861585 -3.631962
vt -6.856313 -3.631280
vt -6.865374 -3.630931
vt -6.835107 -3.632291
vt -6.829926 -3.633539
vt -6.851674 -3.632725
vt -6.846404 -3.633126
vt -6.799429 -3.640354
vt -6.794894 -3.640546
vt -6.795174 -3.633795
vt -6.799429 -3.633656
vt -6.843547 -3.640544
vt -6.838757 -3.637786
vt -6.861157 -3.640544
vt -6.855902 -3.639309
vt -6.804202 -3.632569
vt -6.804202 -3.639847
vt -6.799429 -3.640542
vt -6.799453 -3.632870
vt -6.836985 -3.638405
vt -6.831987 -3.640545
vt -6.851968 -3.639569
vt -6.846709 -3.640544
vt -14.388810 17.986059
vt -14.395935 15.040191
vt -14.361363 15.022796
vt -14.346776 17.970388
vt -14.428985 17.980473
vt -14.428985 15.030085
vt 8.050499 3.935838
vt 6.546065 1.831068
vt 6.579942 1.803807
vt 8.086193 3.892437
vt 13.285336 17.653488
vt 13.292813 14.693377
vt 13.327448 14.710711
vt 13.327448 17.669086
vt 13.245265 17.659115
vt 13.259850 14.703522
vt -3.104910 7.056396
vt -1.587128 4.847320
vt -1.552977 4.873263
vt -3.068915 7.098691
vt -18.953529 15.577778
vt -18.489351 12.919957
vt -18.458906 12.926866
vt -18.915878 15.592614
vt 6.140665 -1.110956
vt 6.162915 -1.111490
vt 6.607018 1.797779
vt 6.111798 -1.099077
vt 8.758326 15.581694
vt 8.298927 12.649879
vt 8.329379 12.643835
vt 8.795992 15.567250
vt -1.113359 1.852084
vt -1.091562 1.855377
vt -1.526479 4.882981
vt -1.142447 1.841542
vt -18.268074 10.130342
vt -18.245800 10.129999
vt 5.881952 -4.156460
vt 5.898098 -4.154973
vt 5.860943 -4.155470
vt 8.086193 9.630525
vt 8.108459 9.631787
vt -0.862789 -1.265154
vt -0.846968 -1.264668
vt -0.883937 -1.265075
vt -18.721506 7.080680
vt -18.707867 7.078094
vt 6.686678 -7.287697
vt 6.695943 -7.283417
vt 6.674940 -7.292866
vt 8.549874 6.607085
vt 8.563505 6.610231
vt -1.690017 -4.365456
vt -1.680971 -4.368505
vt -1.701817 -4.359637
vt -18.953529 4.061806
vt -18.948223 4.060909
vt 8.082916 -10.155785
vt 8.086193 -10.153357
vt 8.078640 -10.158451
vt 8.790687 3.786836
vt 8.795992 3.787958
vt -3.100613 -7.223471
vt -3.097428 -7.225418
vt -3.104913 -7.220555
vt -9.886947 20.798351
vt -8.471272 17.455721
vt -8.423506 17.461193
vt -9.834416 20.825529
vt -0.035763 24.521259
vt 0.597573 20.834652
vt 0.647508 20.839357
vt 0.024044 24.542004
vt 17.003826 12.649858
vt 15.624231 9.238411
vt 15.660734 9.221913
vt 17.046658 12.623032
vt 16.951496 12.679135
vt 15.576740 9.245126
vt -3.175160 12.281733
vt -3.175160 8.583386
vt -3.125793 8.594975
vt -3.113556 12.281769
vt -8.387875 17.482752
vt -9.792697 20.858355
vt -8.781302 14.078613
vt -8.744628 14.063791
vt -0.035763 17.569281
vt 0.000708 17.558340
vt -9.886947 11.320763
vt -8.869493 8.224258
vt -8.838305 8.238060
vt -9.845192 11.333496
vt 15.911219 5.678963
vt 15.947625 5.693769
vt -5.705379 10.479418
vt -6.724552 7.330814
vt -6.698256 7.300919
vt -5.676769 10.424566
vt -5.747215 10.492218
vt -6.755805 7.344675
vt -9.886947 11.342457
vt -9.860520 11.333489
vt -8.111265 4.401257
vt -8.091586 4.415396
vt -8.811954 8.267990
vt -8.134648 4.400738
vt 17.020426 2.720763
vt 17.046658 2.729572
vt -7.452736 3.489883
vt -7.433107 3.475770
vt -7.476161 3.490443
vt 3.934888 13.498337
vt 4.041571 9.265262
vt 4.052212 9.267748
vt 3.952785 13.493856
vt 3.910742 13.487890
vt 4.027118 9.261887
vt -8.794562 0.838610
vt -8.781430 0.831659
vt 11.493633 11.209740
vt 11.416567 7.064329
vt 11.428659 7.063184
vt 11.513786 11.216241
vt 11.470706 11.221611
vt 11.402901 7.068627
vt -6.794420 -0.090881
vt -6.781273 -0.083948
vt 3.915448 4.990945
vt 3.918922 4.991897
vt 3.910742 4.990255
vt -9.886947 -2.613383
vt -9.882794 -2.616101
vt 11.509845 2.787761
vt 11.513786 2.787248
vt 11.505392 2.788753
vt -5.680925 -3.554390
vt -5.676769 -3.551678
vt 19.705526 -2.261147
vt 19.150974 -3.762876
vt 19.184893 -3.794613
vt 19.744394 -2.310164
vt 19.651800 -2.235796
vt 19.104589 -3.751792
vt 13.009758 22.784206
vt 12.836363 20.929987
vt 12.886051 20.923725
vt 13.070350 22.774725
vt 20.791397 -11.470327
vt 21.181198 -12.860775
vt 21.215069 -12.827517
vt 20.831274 -11.420237
vt 20.734640 -11.483575
vt 21.133327 -12.862707
vt 17.991520 -1.730937
vt 18.160002 -3.560532
vt 18.209538 -3.553728
vt 18.051935 -1.720770
vt 1.801359 23.972790
vt 1.813416 22.462784
vt 1.848872 22.462662
vt 1.846396 23.967342
vt 19.159189 -5.539282
vt 19.195776 -5.540436
vt 12.661115 19.270222
vt 12.699953 19.268003
vt 18.013945 -10.355402
vt 18.013968 -11.882811
vt 18.049397 -11.882475
vt 18.058918 -10.349703
vt 20.921324 -14.451818
vt 20.958315 -14.457064
vt 18.347147 -5.292245
vt 18.385860 -5.289702
vt 1.697220 20.919672
vt 1.722410 20.918192
vt 19.136034 -7.231646
vt 19.162096 -7.233911
vt 12.608285 17.558720
vt 12.635984 17.557268
vt 18.141548 -13.437304
vt 18.166716 -13.435681
vt 20.784492 -15.946115
vt 20.810984 -15.948566
vt 18.411329 -7.085054
vt 18.438936 -7.083372
vt 1.542313 19.477427
vt 1.557380 19.477488
vt 19.028793 -8.949872
vt 19.043980 -8.946064
vt 12.466967 15.817039
vt 12.483333 15.820421
vt 18.307764 -14.898594
vt 18.322815 -14.898566
vt 20.734640 -17.485136
vt 20.749525 -17.491055
vt 18.562315 -8.884236
vt 18.578642 -8.887704
vt 1.844000 17.499453
vt 1.848872 17.499840
vt 19.740026 -10.158458
vt 19.744394 -10.155626
vt 13.065415 14.693373
vt 13.070350 14.695751
vt 18.017536 -16.892532
vt 18.022411 -16.892891
vt 18.296116 -14.905890
vt 18.013945 -16.892710
vt 17.991520 -10.155921
vt 17.996462 -10.158446
vt 14.762201 -10.395180
vt 14.868007 -11.297659
vt 14.895982 -11.305176
vt 14.795856 -10.392673
vt 5.934192 -10.231758
vt 5.940411 -11.113703
vt 5.968289 -11.121208
vt 5.968289 -10.232775
vt 13.582938 -10.201477
vt 13.483254 -11.112238
vt 13.502705 -11.112732
vt 13.606350 -10.205236
vt 13.549319 -10.198179
vt 13.455351 -11.119287
vt 4.423244 -10.173588
vt 4.429528 -11.004128
vt 4.457371 -10.995722
vt 4.457371 -10.170688
vt 14.915279 -11.301527
vt 14.819073 -10.385180
vt 14.573374 -12.056175
vt 14.595094 -12.065573
vt 13.191001 2.590822
vt 13.256907 1.721485
vt 13.275506 1.732404
vt 13.213905 2.610764
vt 13.166257 2.591885
vt 13.237060 1.724089
vt 13.759234 -11.909358
vt 13.780894 -11.900195
vt 12.080057 -10.249743
vt 11.988173 -11.129147
vt 12.006409 -11.141111
vt 12.102331 -10.270968
vt 12.055246 -10.249390
vt 11.968227 -11.130612
vt 14.528999 -12.845960
vt 14.545613 -12.849057
vt 15.535725 18.349184
vt 15.489102 17.454111
vt 15.505741 17.456244
vt 15.558012 18.351112
vt 13.166257 0.956913
vt 13.180883 0.951753
vt 13.812528 -12.743622
vt 13.829101 -12.740925
vt -12.271338 18.689995
vt -12.208125 17.881126
vt -12.191564 17.878313
vt -12.249172 18.687075
vt 12.027578 -11.905772
vt 12.042361 -11.901454
vt 14.592381 -13.654224
vt 14.602987 -13.653544
vt 15.495130 16.531458
vt 15.506081 16.533899
vt 13.770323 -13.599928
vt 13.778109 -13.605277
vt 13.841256 -12.746116
vt 13.759738 -13.598825
vt -12.204215 17.023937
vt -12.193311 17.021105
vt 12.092781 -12.590962
vt 12.102331 -12.586631
vt 14.906959 -14.401060
vt 14.911781 -14.399858
vt 15.552758 15.595245
vt 15.558012 15.596682
vt 13.460166 -14.397792
vt 13.463699 -14.401064
vt 13.455351 -14.396332
vt -12.271338 16.096373
vt -12.266109 16.094751
vt 14.915279 -14.396161
vt 14.610699 -13.647231
vt 17.046659 20.685843
vt 17.477448 19.009201
vt 17.508133 19.016747
vt 17.082333 20.704649
vt 10.104479 -10.305133
vt 10.109807 -12.162333
vt 10.135153 -12.170683
vt 10.135153 -10.308054
vt 10.067218 -10.313396
vt 10.078980 -12.171546
vt 17.499382 11.850337
vt 17.072605 10.093648
vt 17.103603 10.088145
vt 17.535454 11.833634
vt 10.626606 -10.414347
vt 10.620325 -12.171541
vt 10.646623 -12.159938
vt 10.658469 -10.406904
vt 10.590161 -10.401933
vt 10.590161 -12.159094
vt 17.204439 17.229742
vt 17.228666 17.232134
vt 17.451006 19.014875
vt 17.183556 17.236969
vt -5.665449 10.440478
vt -5.658606 8.750882
vt -5.632574 8.752851
vt -5.632574 10.442054
vt 17.353109 8.260596
vt 17.377579 8.259934
vt 17.046658 10.090318
vt 17.332619 8.255136
vt 6.965670 22.339254
vt 6.953758 20.636732
vt 6.979776 20.634340
vt 6.998535 22.337147
vt 17.241713 15.456916
vt 17.259573 15.461058
vt 17.226324 15.460436
vt -9.912168 14.114769
vt -9.925871 12.401985
vt -9.908024 12.407917
vt -9.887901 14.123579
vt 17.321686 6.423199
vt 17.339727 6.420254
vt 17.306581 6.421033
vt 7.050712 19.123072
vt 7.069831 19.121822
vt 17.327257 13.677572
vt 17.338678 13.678536
vt 17.317406 13.680311
vt -9.899306 10.675865
vt -9.887901 10.680771
vt 17.242785 4.578619
vt 17.254318 4.578471
vt 17.233116 4.576735
vt 7.124014 17.647583
vt 7.136270 17.645758
vt 17.050947 11.850733
vt 17.055876 11.850337
vt 17.046659 11.852259
vt -5.632574 10.424217
vt -5.632574 8.750885
vt -5.627157 8.750976
vt -5.620265 10.423429
vt 17.530481 2.721928
vt 17.535454 2.722695
vt 17.526274 2.720767
vt 6.953758 15.984894
vt 6.959102 15.983661
vt 17.637955 -16.896894
vt 17.944843 -18.543451
vt 17.967373 -18.541088
vt 17.664570 -16.892895
vt 16.687307 -0.527727
vt 16.858967 -2.457693
vt 16.877371 -2.449687
vt 16.709162 -0.517670
vt 16.663166 -0.529403
vt 16.838753 -2.459838
vt 15.142845 -10.178472
vt 15.069474 -11.896515
vt 15.091807 -11.892342
vt 15.169396 -10.174743
vt -6.797649 20.220074
vt -6.979584 18.237242
vt -6.960658 18.230862
vt -6.775178 20.211937
vt -6.821285 20.223160
vt -6.999369 18.240591
vt 18.099287 -20.191315
vt 18.117563 -20.189686
vt 17.064644 -4.422910
vt 17.079514 -4.416100
vt 17.048347 -4.425314
vt 15.151314 -13.599758
vt 15.169396 -13.596078
vt -7.188918 16.240307
vt -7.173627 16.234808
vt -7.204867 16.243700
vt 18.355015 -21.780788
vt 18.368963 -21.783173
vt 17.331110 -6.339937
vt 17.342796 -6.338352
vt 17.318697 -6.342470
vt 15.145621 -15.364952
vt 15.158947 -15.358643
vt -7.464012 14.270573
vt -7.452018 14.270006
vt -7.476161 14.273864
vt 17.637955 -23.458242
vt 17.647665 -23.459534
vt 17.241951 -8.267172
vt 17.249886 -8.268565
vt 17.233526 -8.266038
vt 13.318097 25.712225
vt 13.866460 23.917971
vt 13.876207 23.917336
vt 13.332139 25.711836
vt -7.341679 12.429298
vt -7.333541 12.431371
vt -7.349900 12.428717
vt 17.999491 -25.418415
vt 18.004810 -25.417095
vt 16.667448 -10.157967
vt 16.671932 -10.158450
vt 16.663166 -10.155569
vt 13.318097 22.053310
vt 13.323238 22.050955
vt -6.779784 10.494316
vt -6.775178 10.495178
vt -6.783949 10.492216
vt -15.767367 23.273014
vt -15.985573 21.856228
vt -15.981104 21.853849
vt -15.762969 23.269726
vt -15.772086 23.272915
vt -15.990336 21.855415
vt 9.865354 23.317291
vt 10.213195 21.720711
vt 10.218335 21.723034
vt 9.870454 23.319824
vt 14.241920 -10.215645
vt 14.523752 -11.538829
vt 14.528999 -11.538064
vt 14.247063 -10.214023
vt 9.051511 23.327967
vt 9.270328 21.910881
vt 9.275084 21.910057
vt 9.056217 23.327858
vt -13.609182 23.089825
vt -13.944909 21.461281
vt -13.939759 21.459063
vt -13.604075 23.087387
vt -6.009736 -3.569682
vt -6.009797 -4.930987
vt -6.004759 -4.932856
vt -6.004759 -3.572222
vt -15.746439 20.300135
vt -15.741692 20.301317
vt 10.458191 20.296772
vt 10.463411 20.298639
vt 14.344324 -13.035278
vt 14.349549 -13.035290
vt 9.026785 20.356697
vt 9.031520 20.355515
vt -14.207834 19.955862
vt -14.202609 19.954119
vt -15.645670 18.688921
vt -15.641238 18.686892
vt -15.737279 20.299770
vt -15.650459 18.688829
vt 10.588076 18.748268
vt 10.593339 18.749556
vt 14.241920 -14.401060
vt 14.247166 -14.400661
vt 8.930552 18.743647
vt 8.935329 18.743549
vt -14.346776 18.340290
vt -14.341501 18.339149
vt -15.831886 17.073246
vt -15.827412 17.071817
vt -15.836578 17.074593
vt 10.579185 17.049850
vt 10.584256 17.049078
vt 9.120503 17.130817
vt 9.124991 17.132235
vt 8.939775 18.745573
vt 9.115822 17.129477
vt -14.328708 16.607752
vt -14.323631 16.608713
vt -15.985718 15.427369
vt -15.981148 15.426920
vt -15.990336 15.429446
vt 9.865354 15.478430
vt 9.869867 15.475981
vt 9.270502 15.487853
vt 9.275084 15.488289
vt 9.265888 15.485784
vt -13.608586 15.022799
vt -13.604075 15.025455
vt -1.289628 -7.358850
vt -1.285397 -7.390578
vt -1.272061 -7.386118
vt -1.274243 -7.352422
vt -1.305647 -7.358227
vt -1.299222 -7.389490
vt -1.272061 -7.268262
vt -1.272061 -7.302600
vt -1.256599 -7.300806
vt -1.254094 -7.266780
vt -1.321220 -7.344903
vt -1.325650 -7.380477
vt -1.312155 -7.383744
vt -1.305647 -7.349987
vt -1.337077 -7.344445
vt -1.339335 -7.380653
vt -6.829926 -3.605810
vt -6.827439 -3.636917
vt -6.812189 -3.640546
vt -6.812189 -3.609479
vt -1.284248 -7.423140
vt -1.273021 -7.420863
vt -1.295842 -7.421551
vt -1.270842 -7.335399
vt -1.257902 -7.333154
vt -1.326905 -7.416971
vt -1.315553 -7.418212
vt -1.338384 -7.417817
vt -1.272058 -7.394681
vt -1.269311 -7.423882
vt -1.256300 -7.425763
vt -1.256553 -7.396214
vt -1.284715 -7.455867
vt -1.275743 -7.455770
vt -1.294027 -7.454062
vt -1.268605 -7.367395
vt -1.258240 -7.364519
vt -1.326350 -7.453981
vt -1.317280 -7.453221
vt -1.335564 -7.455199
vt -1.268144 -7.454021
vt -1.257704 -7.456509
vt -1.289686 -7.490508
vt -1.283128 -7.491919
vt -1.296491 -7.487622
vt -1.262730 -7.394679
vt -1.254886 -7.392529
vt -1.321321 -7.489135
vt -1.314699 -7.487058
vt -1.328051 -7.491588
vt -1.272058 -7.486981
vt -1.264154 -7.488837
vt -1.301269 -7.522677
vt -1.296918 -7.523970
vt -1.305647 -7.519909
vt -6.812187 -3.608548
vt -6.812187 -3.640545
vt -6.806770 -3.640373
vt -6.804204 -3.607591
vt -1.310043 -7.521481
vt -1.305647 -7.519732
vt -1.314368 -7.523967
vt -1.271845 -7.523187
vt -1.266454 -7.523968
vt 21.910742 0.704517
vt 21.836643 -0.210843
vt 21.851070 -0.213240
vt 21.927597 0.702499
vt 21.897333 0.713152
vt 21.825098 -0.203739
vt 21.607840 16.382492
vt 21.592514 15.479642
vt 21.607212 15.484858
vt 21.624945 16.387455
vt 18.592741 2.687886
vt 18.666857 1.738682
vt 18.681015 1.741342
vt 18.609280 2.690188
vt 18.578638 2.680922
vt 18.654713 1.733024
vt 21.924051 -20.891754
vt 21.941092 -21.793877
vt 21.955770 -21.799145
vt 21.941132 -20.896782
vt 21.728685 -1.146293
vt 21.740681 -1.149087
vt 21.718925 -1.141343
vt 21.656511 14.614710
vt 21.668678 14.620713
vt 18.770203 0.777162
vt 18.781967 0.780193
vt 18.759947 0.773442
vt 21.879120 -22.656725
vt 21.891260 -22.662777
vt 21.632631 -2.113184
vt 21.642405 -2.114053
vt 21.624855 -2.108310
vt 21.822947 13.783836
vt 21.832836 13.786527
vt 18.854973 -0.194258
vt 18.864552 -0.193233
vt 18.846798 -0.198165
vt 21.714502 -23.488850
vt 21.724390 -23.491575
vt 21.618492 -2.928721
vt 21.625744 -2.926775
vt 21.622219 12.846054
vt 21.628054 12.844975
vt 21.840456 13.783928
vt 21.614866 12.845894
vt 18.880739 -1.058980
vt 18.887863 -1.060907
vt 21.931259 -24.425762
vt 21.937109 -24.424732
vt 21.732031 -23.489042
vt 21.923904 -24.425575
vt 21.922915 -3.814296
vt 21.927597 -3.812016
vt 21.597523 11.850784
vt 21.601591 11.851471
vt 21.592514 11.850337
vt 18.578638 -1.972005
vt 18.583237 -1.974309
vt 21.951700 -25.417692
vt 21.955770 -25.418415
vt 21.946688 -25.417223
vt 10.685081 -10.941701
vt 10.690739 -11.189931
vt 10.705450 -11.193254
vt 10.702225 -10.944535
vt 10.670298 -10.942429
vt 10.678053 -11.190269
vt 8.817969 -10.554498
vt 8.808741 -10.795955
vt 8.824556 -10.794732
vt 8.836383 -10.553773
vt 7.531915 -10.196326
vt 7.527089 -10.433051
vt 7.541401 -10.427965
vt 7.548596 -10.191390
vt 7.516527 -10.193621
vt 7.513885 -10.431002
vt 1.741733 6.566657
vt 1.753413 6.316835
vt 1.769202 6.315414
vt 1.760119 6.565715
vt 10.680308 -11.433372
vt 10.692558 -11.436989
vt 10.669723 -11.433735
vt 8.811046 -11.041267
vt 8.824236 -11.039319
vt 7.537717 -10.662546
vt 7.549639 -10.657505
vt 7.526700 -10.660759
vt 1.753814 6.066138
vt 1.766984 6.064007
vt 10.671584 -11.675019
vt 10.681405 -11.677833
vt 10.663097 -11.675431
vt 8.824620 -11.284128
vt 8.835189 -11.282533
vt 7.545941 -10.885792
vt 7.555494 -10.881835
vt 7.537111 -10.884249
vt 1.742913 5.817660
vt 1.753463 5.815918
vt 10.664840 -11.920574
vt 10.672209 -11.921483
vt 10.658464 -11.921326
vt 8.828435 -11.528546
vt 8.836383 -11.528101
vt 7.552769 -11.113486
vt 7.559936 -11.111650
vt 7.546133 -11.111907
vt 1.741733 5.567962
vt 1.749671 5.567424
vt 10.700583 -12.170676
vt 10.705450 -12.170555
vt 10.696344 -12.171549
vt 8.813251 -11.758009
vt 8.818563 -11.758053
vt 7.518294 -11.352298
vt 7.523031 -11.351768
vt 7.513885 -11.350885
vt 1.758796 5.327130
vt 1.764098 5.327125
vt -11.590811 -1.918360
vt -12.455296 -6.613119
vt -12.417391 -6.620190
vt -11.546740 -1.941458
vt -9.240788 -2.616105
vt -9.863901 -7.041004
vt -9.814212 -7.041495
vt -9.180649 -2.632403
vt -11.448297 -2.401059
vt -10.516647 -7.041435
vt -10.476505 -7.012031
vt -11.398917 -2.366785
vt -11.494881 -2.422608
vt -10.556657 -7.047476
vt -8.190576 -2.667199
vt -7.552666 -7.060843
vt -7.502999 -7.060304
vt -8.130476 -2.650835
vt -12.375214 -6.646501
vt -11.494881 -1.971915
vt -12.745213 -10.952402
vt -12.715438 -10.954669
vt -8.720366 -11.678070
vt -8.681782 -11.678104
vt -10.305499 -11.183130
vt -10.274034 -11.163082
vt -10.336895 -11.184682
vt -8.681780 -11.689007
vt -8.643213 -11.688940
vt -12.682382 -10.972237
vt -13.082379 -15.891151
vt -13.061152 -15.892599
vt -9.240364 -16.274843
vt -9.213105 -16.282976
vt -9.909449 -16.041777
vt -9.886947 -16.036039
vt -9.931835 -16.042715
vt -8.147923 -16.283531
vt -8.120673 -16.275372
vt -13.037549 -15.896437
vt -12.150955 -20.985588
vt -12.138849 -20.981216
vt -9.886950 -20.805550
vt -9.870520 -20.806210
vt -10.765074 -21.142408
vt -10.751709 -21.139729
vt -10.777894 -21.137781
vt -7.492583 -20.800770
vt -7.476161 -20.800087
vt -12.124833 -20.982752
vt -11.503412 -25.418415
vt -11.499577 -25.416264
vt -8.686892 -25.418415
vt -8.681780 -25.417088
vt -11.490819 -25.418415
vt -11.486325 -25.416737
vt -11.494880 -25.416206
vt -8.681778 -25.417091
vt -8.676671 -25.418411
vt -11.494881 -25.417595
vt 13.332657 2.581127
vt 13.322540 2.218132
vt 13.350521 2.202902
vt 13.366548 2.564316
vt 13.297192 2.573137
vt 13.293206 2.211421
vt 14.557491 2.670157
vt 14.510496 2.261582
vt 14.543623 2.257776
vt 14.597335 2.663551
vt 10.003546 -10.286179
vt 10.007904 -10.632962
vt 10.039407 -10.636352
vt 10.041676 -10.291835
vt 4.625212 -10.297894
vt 4.623827 -10.657553
vt 4.652707 -10.667066
vt 4.660131 -10.309272
vt 14.208182 2.711383
vt 14.262231 2.295961
vt 14.295332 2.299710
vt 14.248000 2.717946
vt 13.298756 1.877450
vt 13.320852 1.864631
vt 13.275509 1.871113
vt 14.493185 1.845484
vt 14.519506 1.844662
vt 10.033170 -10.995420
vt 10.058051 -10.997286
vt 4.637295 -10.995573
vt 4.660131 -11.004129
vt 14.286800 1.877342
vt 14.313096 1.878087
vt 6.201848 -10.176809
vt 6.190876 -10.496740
vt 6.209374 -10.495199
vt 6.226994 -10.174699
vt 13.277662 1.541688
vt 13.294782 1.547311
vt 14.496606 1.433007
vt 14.515971 1.433637
vt 10.043812 -11.372407
vt 10.062119 -11.373771
vt 10.013636 -11.008279
vt 10.029407 -11.380772
vt 14.290453 1.459075
vt 14.309799 1.458370
vt 6.177921 -10.830372
vt 6.189766 -10.828861
vt 13.283376 1.226017
vt 13.294256 1.231116
vt 14.518939 1.021472
vt 14.531254 1.023242
vt 10.055498 -11.759155
vt 10.067211 -11.760611
vt 10.046294 -11.762622
vt 14.275428 1.042105
vt 14.287726 1.040254
vt 6.221820 -11.208578
vt 6.226994 -11.207612
vt 13.361878 0.951756
vt 13.366548 0.954524
vt 14.591994 0.645058
vt 14.597335 0.646254
vt 10.007522 -12.170582
vt 10.012632 -12.171547
vt 10.003546 -12.171342
vt 14.208182 0.646309
vt 14.213517 0.645064
vt -15.641236 21.420246
vt -15.588769 19.916691
vt -15.575726 19.912296
vt -15.624611 21.414997
vt 15.542773 -10.238528
vt 15.478226 -11.499575
vt 15.494379 -11.500648
vt 15.563423 -10.239294
vt -0.775707 13.135360
vt -0.820690 11.615022
vt -0.809018 11.615488
vt -0.760804 13.136314
vt -0.792952 13.131165
vt -0.834213 11.611446
vt 19.497728 25.173672
vt 19.566879 23.829010
vt 19.583031 23.830341
vt 19.518375 25.174736
vt -15.563438 19.912647
vt -15.608922 21.415094
vt -15.539723 18.433397
vt -15.530277 18.429949
vt 15.352459 -12.756922
vt 15.364190 -12.756368
vt -0.858133 10.104261
vt -0.849671 10.106441
vt -0.867927 10.101400
vt 19.697214 22.489344
vt 19.708946 22.488905
vt -15.521371 18.428379
vt -15.641236 16.945412
vt -15.635385 16.943468
vt 15.533153 -14.069307
vt 15.540390 -14.068424
vt -0.766033 8.622972
vt -0.760804 8.624754
vt -0.772098 8.621392
vt 19.520710 21.134249
vt 19.527943 21.133415
vt -15.629882 16.942064
vt -15.615794 15.427802
vt -15.613544 15.427145
vt 15.560624 -15.345617
vt 15.563423 -15.345475
vt -0.790332 7.099206
vt -0.788319 7.099571
vt -0.792663 7.098691
vt 19.497728 19.781733
vt 19.500521 19.781620
vt -15.611423 15.426925
vt -15.520073 24.958593
vt -15.641238 23.171244
vt -15.633822 23.168812
vt -15.508098 24.954559
vt 21.244083 11.826256
vt 21.408922 10.104721
vt 21.418169 10.105148
vt 21.258904 11.829164
vt -18.385134 24.219236
vt -18.263739 22.433784
vt -18.255547 22.434744
vt -18.371983 24.223183
vt -18.397348 24.216431
vt -18.271301 22.432110
vt 13.438562 -10.263603
vt 13.280893 -11.882017
vt 13.290112 -11.882850
vt 13.453359 -10.267059
vt -15.625530 23.168333
vt -15.494782 24.951408
vt -15.500801 21.421150
vt -15.497950 21.420242
vt 21.244083 8.341183
vt 21.247608 8.340812
vt -18.394442 20.636803
vt -18.391312 20.636593
vt -18.397348 20.636185
vt 13.449839 -13.611630
vt 13.453359 -13.611432
vt -15.494782 21.420614
vt 11.365398 22.735624
vt 11.115169 19.121231
vt 11.120898 19.118261
vt 11.374596 22.729208
vt 8.916717 22.783230
vt 8.648965 18.723259
vt 8.654376 18.727955
vt 8.925397 22.788956
vt 8.906654 22.784693
vt 8.642729 18.724012
vt 18.368969 -17.069042
vt 18.676348 -20.852995
vt 18.682367 -20.850664
vt 18.378630 -17.063599
vt 19.292738 -17.491056
vt 19.623802 -21.805750
vt 19.629789 -21.809233
vt 19.302326 -17.494675
vt 19.283224 -17.492788
vt 19.617907 -21.806656
vt 11.370516 14.629457
vt 11.372704 14.628746
vt 8.923331 15.581688
vt 8.925397 15.583882
vt 18.371271 -25.417263
vt 18.372969 -25.418415
vt 18.686789 -20.853832
vt 18.368969 -25.417725
vt 19.283224 -25.416639
vt 19.285509 -25.418415
vt 11.374596 14.629827
vt 11.125810 19.121248
vt -2.755803 17.535110
vt -2.067148 14.465547
vt -1.991158 14.474710
vt -2.657085 17.553801
vt -2.818717 17.519258
vt -2.119646 14.478855
vt -17.201618 15.431112
vt -16.419741 13.209961
vt -16.348534 13.237219
vt -17.112799 15.489491
vt 14.111516 0.916434
vt 13.359326 -2.016148
vt 13.433874 -2.024810
vt 14.208189 0.898449
vt 14.043786 0.951759
vt 13.302620 -2.014481
vt 12.379406 15.154962
vt 11.538306 12.692415
vt 11.608949 12.665831
vt 12.466967 15.096322
vt -1.897871 11.722615
vt -1.845665 11.712468
vt -1.934082 11.759163
vt -16.572947 10.057774
vt -16.523808 10.064191
vt 13.205524 -4.940377
vt 13.256842 -4.929053
vt 13.166259 -4.968064
vt 11.701571 9.378067
vt 11.750360 9.372355
vt -2.799686 9.460668
vt -2.771571 9.454738
vt -2.818717 9.483418
vt -16.651327 6.710088
vt -16.625029 6.710045
vt 14.135549 -7.472103
vt 14.163176 -7.465489
vt 14.114891 -7.490380
vt 11.878291 6.053159
vt 11.904359 6.053581
vt -2.814485 7.098752
vt -2.810236 7.098691
vt -17.197815 3.404293
vt -17.195604 3.404990
vt -16.610540 6.711681
vt -17.201618 3.404990
vt 14.203997 -10.156099
vt 14.208189 -10.156034
vt 14.200897 -10.158443
vt 12.463203 2.720767
vt 12.466967 2.721527
vt -3.104910 -7.258301
vt -1.496839 -12.968832
vt -1.446203 -12.964584
vt -3.035399 -7.225422
vt -1.403169 -7.581454
vt -0.089009 -12.515651
vt -0.035766 -12.498481
vt -1.328363 -7.537718
vt -3.679956 12.788900
vt -3.656312 7.217354
vt -3.605539 7.227770
vt -3.605539 12.799016
vt 3.000632 -8.150755
vt 1.336764 -13.321996
vt 1.388408 -13.329075
vt 3.071319 -8.185719
vt -3.180038 -7.042229
vt -4.514832 -12.419188
vt -4.461329 -12.434708
vt -3.104913 -7.084554
vt -0.839797 5.126976
vt -0.839797 -0.449135
vt -0.788984 -0.459515
vt -0.765330 5.116928
vt -2.321796 -19.179676
vt -2.294820 -19.187910
vt -0.604748 -18.959982
vt -0.576172 -18.959513
vt 2.240673 -19.322390
vt 2.262741 -19.310003
vt 1.429377 -13.309182
vt 2.213139 -19.328640
vt -3.952608 -18.931051
vt -3.923914 -18.930470
vt -2.271640 -19.195854
vt -1.403169 -12.976098
vt -3.104910 -25.416092
vt -3.100918 -25.417343
vt -1.403169 -25.418343
vt -1.398950 -25.418415
vt 3.068034 -25.417456
vt 3.071319 -25.415720
vt 3.063959 -25.418415
vt -3.109144 -25.418415
vt -3.104913 -25.418186
vt -3.097470 -25.418419
vt -20.773937 23.120354
vt -20.996651 19.396727
vt -20.970459 19.387331
vt -20.725565 23.098671
vt 17.225996 -10.162111
vt 17.402403 -13.500730
vt 17.436956 -13.501764
vt 17.289873 -10.159156
vt -21.256817 23.154154
vt -21.023668 19.437471
vt -20.996658 19.442625
vt -21.207066 23.173548
vt -21.307472 23.136389
vt -21.051090 19.430201
vt 10.740823 22.252857
vt 10.593336 18.817015
vt 10.627896 18.817465
vt 10.804712 22.248627
vt -20.942385 19.383646
vt -20.673855 23.082037
vt -20.681850 15.621614
vt -20.677982 15.620565
vt 17.226767 -16.601179
vt 17.231876 -16.601707
vt -21.303421 15.621302
vt -21.299452 15.621264
vt -21.307472 15.620572
vt 10.799603 15.475985
vt 10.804712 15.476456
vt -20.673855 15.620813
vt -4.629699 4.674808
vt -4.540472 -0.447037
vt -4.514832 -0.444475
vt -4.582222 4.679344
vt -4.669854 4.708365
vt -4.562169 -0.426947
vt 1.776497 3.649368
vt 1.970603 -2.047937
vt 1.993996 -2.037484
vt 1.819750 3.673218
vt -11.546512 8.677384
vt -11.680535 3.148195
vt -11.656407 3.144425
vt -11.501822 8.670628
vt -11.591684 8.653596
vt -11.704952 3.133216
vt -12.002599 10.188737
vt -12.202386 4.307355
vt -12.177825 4.299062
vt -11.957190 10.168783
vt -12.221026 4.297983
vt -11.963578 -1.918355
vt -11.960820 -1.916948
vt -4.669854 -4.970181
vt -4.666643 -4.973434
vt 1.779539 -8.150749
vt 1.783000 -8.149574
vt 1.950068 -2.038944
vt 1.776497 -8.149400
vt -11.505437 -1.918357
vt -11.501822 -1.915834
vt -11.957190 -1.917796
vt 4.185971 -10.271602
vt 4.116251 -17.694258
vt 4.142067 -17.698414
vt 4.233776 -10.279524
vt -4.468557 7.238642
vt -3.853706 0.024969
vt -3.837567 0.013956
vt -4.439037 7.226880
vt -4.514831 7.219554
vt -3.878895 0.019440
vt 4.039452 4.787796
vt 4.026308 -2.463344
vt 4.052118 -2.458080
vt 4.087246 4.797772
vt -9.943138 10.675865
vt -9.943138 6.791857
vt -9.913533 6.790333
vt -9.887901 10.668626
vt -3.221437 7.217354
vt -3.837566 0.012102
vt -3.812367 0.006534
vt -3.175160 7.198186
vt 4.229948 -25.417818
vt 4.233776 -25.418415
vt -4.511131 -7.039910
vt -4.508773 -7.042225
vt -4.514832 -7.040030
vt 4.083420 -10.158450
vt 4.087246 -10.157687
vt -3.177520 -7.042227
vt -3.175160 -7.039932
vt -3.796244 0.017401
vt -3.181221 -7.042103
vt 1.750911 -7.811888
vt 1.750911 -8.150228
vt 1.758864 -8.150755
vt 1.761236 -7.812999
vt 13.945165 2.360478
vt 13.822346 2.097525
vt 13.829804 2.091620
vt 13.954207 2.350986
vt -6.018947 -3.586004
vt -6.186978 -3.897815
vt -6.179351 -3.902522
vt -6.009799 -3.593722
vt 1.761236 -7.813925
vt 1.763609 -8.150753
vt 1.771557 -8.150292
vt 1.771557 -7.812901
vt 13.366548 2.368975
vt 13.498655 2.083046
vt 13.506218 2.088672
vt 13.375690 2.378241
vt -5.994522 -3.607998
vt -5.826664 -3.881056
vt -5.819063 -3.876046
vt -5.985409 -3.600025
vt 13.794722 1.736287
vt 13.798977 1.736108
vt 13.835941 2.092145
vt 13.789214 1.737193
vt -6.292399 -4.269974
vt -6.286404 -4.269497
vt 13.544069 1.706252
vt 13.548141 1.706904
vt 13.512094 2.088799
vt 13.538476 1.705634
vt -5.719840 -4.233788
vt -5.713849 -4.233957
vt 13.865290 1.341261
vt 13.867801 1.340661
vt 13.862293 1.340396
vt -6.158322 -4.610225
vt -6.155238 -4.608276
vt 13.464401 1.321929
vt 13.466810 1.322788
vt 13.461374 1.322933
vt -5.849927 -4.587567
vt -5.846837 -4.589384
vt 13.953553 0.952015
vt 13.954207 0.951864
vt 13.952785 0.951750
vt -6.010590 -4.932852
vt -6.009799 -4.932317
vt 13.367327 0.951753
vt 13.367950 0.951972
vt 13.366548 0.952052
vt -5.994522 -4.932355
vt -5.993728 -4.932858
vt 19.744389 2.693636
vt 19.901810 0.786499
vt 19.931095 0.787871
vt 19.786465 2.691986
vt 21.674393 -19.986492
vt 21.332911 -21.846113
vt 21.361702 -21.850863
vt 21.714499 -20.001120
vt 21.643204 -19.981995
vt 21.310669 -21.845993
vt 21.679237 8.340178
vt 21.537621 6.386109
vt 21.566954 6.383996
vt 21.721395 8.340809
vt 21.959270 -0.183808
vt 22.196371 -1.970832
vt 22.225241 -1.967235
vt 21.999950 -0.171106
vt 21.927597 -0.177909
vt 22.173971 -1.963757
vt 20.206423 -1.152736
vt 20.223375 -1.155310
vt 21.483698 -23.776051
vt 21.500198 -23.776546
vt 21.471054 -23.781479
vt 21.244078 4.465455
vt 21.261066 4.467571
vt 21.940016 -3.814278
vt 21.956427 -3.814299
vt 21.927597 -3.805087
vt 19.744389 -2.948096
vt 19.748629 -2.949971
vt 8.791709 -10.169600
vt 8.804294 -11.757837
vt 8.808737 -11.758049
vt 8.808737 -10.169675
vt 21.711317 -25.418415
vt 21.714499 -25.416101
vt 21.717144 2.720770
vt 21.721395 2.722494
vt -5.620265 10.358231
vt -5.607680 8.750882
vt -5.603244 8.751169
vt -5.603244 10.358592
vt 19.751362 -2.951932
vt 20.234413 -1.159148
vt 19.676195 19.781614
vt 19.223959 15.870669
vt 19.243017 15.865735
vt 19.708946 19.765949
vt 21.543766 24.497263
vt 21.327093 21.340178
vt 21.345749 21.349520
vt 21.576054 24.509047
vt 21.513929 24.510168
vt 21.309958 21.348087
vt 9.275084 23.086208
vt 9.755071 19.356741
vt 9.773593 19.363358
vt 9.306878 23.104523
vt 20.766563 -19.347483
vt 20.986115 -22.746405
vt 21.004843 -22.754654
vt 20.798998 -19.356974
vt 20.736898 -19.358332
vt 20.969069 -22.753174
vt 19.704039 11.850540
vt 19.708946 11.850330
vt 21.571222 19.028986
vt 21.576054 19.031996
vt -19.862463 8.032409
vt -19.849262 4.159534
vt -19.844601 4.159826
vt -19.844601 8.034132
vt 9.275084 15.485778
vt 9.279849 15.486464
vt 20.736898 -25.415615
vt 20.741749 -25.418415
vt -19.880339 8.016033
vt -19.880339 4.159817
vt -19.875675 4.159530
vt -19.862467 8.014321
vt 20.202028 25.046698
vt 19.711990 22.315254
vt 19.714859 22.315479
vt 20.206985 25.046764
vt 20.196878 25.050331
vt 19.708946 22.316332
vt 21.238150 8.880969
vt 20.669907 5.801964
vt 20.673391 5.802279
vt 21.244083 8.879998
vt -0.803275 23.835926
vt -0.298524 20.940136
vt -0.295706 20.940136
vt -0.798400 23.836266
vt -0.808499 23.832634
vt -0.301615 20.939295
vt 20.816788 17.778643
vt 21.402699 14.912709
vt 21.406178 14.912317
vt 20.822699 17.779404
vt 20.206244 19.028994
vt 20.206985 19.029108
vt 20.205477 19.028990
vt 21.243189 2.720767
vt 21.244083 2.721078
vt -0.807718 17.641735
vt -0.806986 17.641678
vt -0.808499 17.641806
vt 20.816788 11.850668
vt 20.817667 11.850340
vt 1.766817 4.993268
vt 1.766817 4.210443
vt 1.767861 4.210180
vt 1.770820 4.992251
vt -11.500231 -1.206476
vt -11.500231 -1.918204
vt -11.498836 -1.918357
vt -11.494881 -1.207057
vt 4.619292 -10.225571
vt 4.622644 -11.003954
vt 4.623827 -11.003592
vt 4.623827 -10.224173
vt 4.615113 -10.226234
vt 4.621552 -11.004128
vt -5.691071 -4.206345
vt -5.687094 -4.932856
vt -5.685692 -4.932769
vt -5.685692 -4.206009
vt 1.769078 4.209883
vt 1.775481 4.991121
vt 8.031204 22.122032
vt 7.936126 20.597412
vt 7.966629 20.597057
vt 8.070402 22.119999
vt 7.999436 22.141800
vt 7.911312 20.609024
vt 21.151560 2.361204
vt 20.639790 0.891003
vt 20.670521 0.879796
vt 21.190155 2.343679
vt -0.259893 23.339804
vt -0.153244 21.741087
vt -0.122954 21.742958
vt -0.220974 23.343847
vt -0.292146 23.323471
vt -0.178450 21.732279
vt -6.775180 25.945030
vt -6.259186 24.596375
vt -6.228272 24.605637
vt -6.736343 25.959856
vt 8.015123 18.970612
vt 8.036801 18.966352
vt 7.997333 18.973503
vt 20.347420 -0.704106
vt 20.370378 -0.703037
vt -0.224635 20.057140
vt -0.203116 20.062527
vt -0.242716 20.056303
vt -5.956989 23.088860
vt -5.933924 23.086941
vt 7.842201 17.401274
vt 7.855145 17.398012
vt 7.831536 17.399422
vt 20.743042 -2.227883
vt 20.756153 -2.223069
vt -0.057878 18.544561
vt -0.045021 18.548479
vt -0.068696 18.547552
vt -6.346671 21.701279
vt -6.333506 21.696194
vt 8.066231 15.788922
vt 8.070402 15.788568
vt 8.062799 15.787670
vt 21.185852 -3.814296
vt 21.190155 -3.812787
vt -0.288664 17.007015
vt -0.284526 17.007610
vt -0.292146 17.008608
vt -6.775180 20.149576
vt -6.770864 20.147976
vt 15.532896 25.839708
vt 15.354833 23.802834
vt 15.367334 23.798950
vt 15.553640 25.829052
vt 17.884758 2.576749
vt 17.524044 0.455812
vt 17.536741 0.459552
vt 17.905457 2.576551
vt 17.865873 2.583259
vt 17.512634 0.458223
vt -4.741875 25.251085
vt -4.527504 23.117392
vt -4.514831 23.120731
vt -4.720861 25.260956
vt 13.859660 -10.211085
vt 14.229014 -12.384075
vt 14.241916 -12.386391
vt 13.880692 -10.208243
vt 13.841256 -10.214854
vt 14.217888 -12.384790
vt 15.549594 21.368412
vt 15.553640 21.368031
vt 17.901430 -1.389104
vt 17.905457 -1.386703
vt 17.897747 -1.388766
vt -4.741875 20.676157
vt -4.737777 20.676355
vt 13.844842 -14.399046
vt 13.848939 -14.401064
vt 13.841256 -14.398794
vt 18.717165 20.255817
vt 18.330254 17.202433
vt 18.368481 17.177620
vt 18.766598 20.222326
vt 18.661915 20.262524
vt 18.287052 17.201002
vt -20.052700 15.620565
vt -20.992741 12.676237
vt -20.945766 12.660492
vt -19.993711 15.593096
vt -13.548944 21.697247
vt -13.158648 18.644100
vt -13.120359 18.668982
vt -13.499434 21.730820
vt -13.604075 21.690435
vt -13.201771 18.645447
vt 5.860939 15.956060
vt 6.814867 12.937321
vt 6.861754 12.952972
vt 5.919808 15.983661
vt 5.694062 13.288473
vt 5.827713 10.633307
vt 5.860819 10.629158
vt 5.741088 13.282912
vt 18.417755 14.328302
vt 18.448061 14.336273
vt -21.307472 9.733802
vt -21.273542 9.730251
vt 8.865978 13.446028
vt 8.795992 10.436177
vt 8.829027 10.439335
vt 8.912903 13.450134
vt -13.302953 15.785110
vt -13.272690 15.777190
vt 7.141100 9.858469
vt 7.174959 9.861605
vt 5.841758 7.612183
vt 5.860940 7.608397
vt 18.749474 11.850337
vt 18.766598 11.858044
vt -21.046036 6.820239
vt -21.026909 6.823180
vt 8.801968 7.171026
vt 8.821104 7.174330
vt -13.604075 13.317699
vt -13.586964 13.310024
vt 6.893414 6.782516
vt 6.912484 6.779059
vt 5.694065 4.296803
vt 5.699315 4.295533
vt -19.996799 4.161090
vt -19.993711 4.164882
vt -21.015022 6.834949
vt -20.001812 4.159524
vt 8.907660 3.786839
vt 8.912900 3.787985
vt 5.865935 3.939156
vt 5.869076 3.935841
vt 6.924581 6.769145
vt 5.860939 3.940911
vt 4.895349 -10.350227
vt 4.876156 -10.654325
vt 4.878532 -10.655136
vt 4.899427 -10.352282
vt 4.980415 -10.419695
vt 4.944712 -10.728460
vt 4.947170 -10.727702
vt 4.984608 -10.419299
vt 4.976733 -10.418598
vt 4.942566 -10.727988
vt 4.769101 -10.333132
vt 4.792992 -10.650623
vt 4.795412 -10.649944
vt 4.773252 -10.331280
vt 4.902990 -10.384757
vt 4.940055 -10.703961
vt 4.942564 -10.704453
vt 4.907259 -10.384657
vt 4.899425 -10.385300
vt 4.937982 -10.704103
vt 4.898779 -11.004023
vt 4.899427 -11.004132
vt 4.983943 -11.004128
vt 4.984608 -11.003781
vt 4.983358 -11.004041
vt 4.769101 -11.004133
vt 4.769757 -11.004061
vt 4.899991 -11.003849
vt 4.900667 -11.004129
vt 4.899425 -11.003842
vt 18.602030 -1.981943
vt 18.989855 -4.030915
vt 19.028788 -4.030725
vt 18.651190 -1.974310
vt 13.370681 22.011810
vt 13.846801 20.245499
vt 13.876208 20.264149
vt 13.406199 22.050949
vt 13.327456 21.997253
vt 13.812228 20.240635
vt 19.175055 19.956030
vt 18.766598 18.059977
vt 18.805410 18.060143
vt 19.223970 19.949163
vt 18.489246 11.146686
vt 17.993732 9.266290
vt 18.024303 9.250922
vt 18.526190 11.111166
vt 18.446934 11.163336
vt 17.959843 9.272522
vt 18.931480 -6.086797
vt 18.959143 -6.093631
vt 13.592961 18.042263
vt 13.613660 18.044891
vt 13.568410 18.042223
vt 18.840729 15.961792
vt 18.868322 15.968885
vt 18.256401 7.021750
vt 18.277887 7.021608
vt 18.232342 7.022715
vt 18.578638 -8.072257
vt 18.595263 -8.073510
vt 13.404298 15.799668
vt 13.416877 15.804089
vt 13.389659 15.799816
vt 19.207386 13.933755
vt 19.223970 13.935118
vt 18.466413 4.799951
vt 18.479475 4.796988
vt 18.452080 4.800356
vt 19.023581 -10.158450
vt 19.028788 -10.157367
vt 13.332176 13.811653
vt 13.336305 13.814187
vt 13.327456 13.812072
vt 18.767113 11.851385
vt 18.772310 11.850334
vt 18.521914 2.722865
vt 18.526190 2.720763
vt 18.517288 2.722614
vt -0.295709 16.998304
vt -0.092087 13.802068
vt -0.068535 13.803065
vt -0.262888 17.007010
vt -8.387873 20.758427
vt -7.729355 17.777889
vt -7.701383 17.779409
vt -8.349578 20.769749
vt -3.175160 15.422185
vt -3.164348 12.281761
vt -3.137663 12.285246
vt -3.137663 15.429328
vt 17.191698 -16.070765
vt 16.949665 -18.924856
vt 16.974318 -18.926731
vt 17.225998 -16.080091
vt 16.624880 -0.243159
vt 15.975784 -3.419768
vt 16.003750 -3.421433
vt 16.663166 -0.255175
vt 8.038880 14.456093
vt 8.038880 11.308657
vt 8.065574 11.305157
vt 8.076392 14.448918
vt -0.236000 10.184338
vt -0.221963 10.183670
vt -8.387873 14.535254
vt -8.371206 14.535300
vt 17.191257 -22.417702
vt 17.204319 -22.409218
vt 16.996223 -18.913042
vt 17.176571 -22.417768
vt 16.646502 -6.807347
vt 16.663166 -6.807440
vt -0.207942 10.177673
vt -0.045021 13.793581
vt -0.295709 6.874485
vt -0.291149 6.874896
vt -8.015846 11.333489
vt -8.010480 11.334544
vt 1.945514 6.527674
vt 1.956322 3.673212
vt 1.961509 3.673947
vt 1.961509 6.528814
vt 17.221226 -25.417858
vt 17.225998 -25.418415
vt 16.286421 -10.157335
vt 16.291782 -10.158451
vt -0.286617 6.872483
vt 1.776497 6.790283
vt 1.776497 3.674967
vt 1.781216 3.673373
vt 1.791067 6.785369
vt 1.928795 6.643802
vt 1.940100 3.673218
vt 1.945514 3.673478
vt 1.945514 6.644605
vt -7.684084 13.648487
vt -7.675866 10.489818
vt -7.671929 10.490349
vt -7.671929 13.650119
vt -7.698971 13.644459
vt -7.680687 10.488514
vt 1.912061 6.651349
vt 1.912061 3.673354
vt 1.917480 3.673215
vt 1.928795 6.650926
vt 1.785312 3.673215
vt 1.803713 6.784883
vt -8.071840 6.534443
vt -8.071840 2.461851
vt -8.067504 2.459880
vt -8.058449 6.528354
vt 8.066930 10.842444
vt 8.077732 7.551751
vt 8.082905 7.553308
vt 8.082905 10.847260
vt 1.755705 5.327127
vt 1.763221 1.166661
vt 1.766817 1.166114
vt 1.766817 5.325425
vt 1.741733 5.322036
vt 1.758698 1.165014
vt 8.066934 7.551747
vt 8.066934 3.936928
vt 8.072184 3.935838
vt 8.083159 7.548380
vt -8.063635 2.460554
vt -8.046504 6.530436
vt 5.651359 -10.200336
vt 5.651359 -11.120464
vt 5.653165 -11.121212
vt 5.656948 -10.202643
vt -0.846968 -1.243046
vt -0.842388 -2.032916
vt -0.840192 -2.032624
vt -0.840192 -1.242144
vt 5.525008 -10.184993
vt 5.528225 -11.120577
vt 5.529766 -11.120492
vt 5.529766 -10.184731
vt 5.519217 -10.186927
vt 5.526350 -11.121202
vt -0.846963 -2.032913
vt -0.846963 -2.873347
vt -0.844763 -2.873548
vt -0.840167 -2.033526
vt 5.654802 -11.121197
vt 5.661992 -10.202600
vt -0.851526 23.770313
vt -0.948474 22.394039
vt -0.920037 22.390196
vt -0.814588 23.765089
vt 17.704260 25.834480
vt 18.023819 24.378273
vt 18.052784 24.391932
vt 17.742165 25.851053
vt 21.215069 -11.697550
vt 21.507380 -13.230209
vt 21.534773 -13.218387
vt 21.250858 -11.683166
vt -3.051873 23.919132
vt -2.944612 22.554798
vt -2.916197 22.558479
vt -3.014966 23.924145
vt 19.451277 25.795481
vt 19.149336 24.249458
vt 19.178568 24.237036
vt 19.489536 25.780577
vt -3.679956 15.697515
vt -3.654580 14.270040
vt -3.625527 14.268841
vt -3.642209 15.696886
vt -1.044259 21.080812
vt -1.024332 21.078386
vt 18.424770 22.946011
vt 18.445709 22.950310
vt 21.848272 -14.764249
vt 21.868088 -14.761765
vt -2.838629 21.266613
vt -2.818715 21.268930
vt 18.766588 22.727215
vt 18.787693 22.724081
vt -3.679956 12.799012
vt -3.660170 12.803398
vt -0.964397 19.292307
vt -0.953006 19.291426
vt 18.027460 21.644760
vt 18.039062 21.644371
vt 21.538523 -16.084492
vt 21.549501 -16.086477
vt -2.911643 19.495546
vt -2.900260 19.496361
vt 19.165052 21.330065
vt 19.176752 21.331305
vt -0.945477 19.289028
vt -1.010983 21.067120
vt -0.817463 17.514145
vt -0.814588 17.514030
vt 17.704256 20.378029
vt 17.707214 20.378021
vt 21.215069 -17.490555
vt 21.217848 -17.491055
vt -3.051873 17.721069
vt -3.049003 17.721165
vt 19.486559 19.956024
vt 19.489536 19.956253
vt -6.004765 -3.572081
vt -6.004765 -4.931527
vt -6.002173 -4.932858
vt -5.994522 -3.577326
vt 5.028145 -10.469555
vt 5.017110 -10.739019
vt 5.018606 -10.739100
vt 5.030751 -10.470104
vt 5.025334 -10.468632
vt 5.015501 -10.738513
vt 1.461286 -7.658648
vt 1.481614 -7.906139
vt 1.483229 -7.905434
vt 1.464098 -7.657068
vt 5.002995 -10.468738
vt 5.014007 -10.738198
vt 5.015504 -10.738113
vt 5.005605 -10.468183
vt 5.000189 -10.469666
vt 5.012400 -10.738705
vt 1.383527 -7.642895
vt 1.365309 -7.899413
vt 1.366975 -7.899963
vt 1.386436 -7.644211
vt 5.030377 -11.004128
vt 5.030751 -11.004091
vt 5.029965 -11.004008
vt 1.461286 -8.150748
vt 1.461697 -8.150620
vt 5.000593 -11.004004
vt 5.000973 -11.004041
vt 5.000189 -11.004126
vt 1.386012 -8.150666
vt 1.386436 -8.150756
vt -11.592374 18.293711
vt -11.511362 15.967386
vt -11.501822 15.965807
vt -11.575728 18.291990
vt -7.983631 25.407757
vt -7.714380 23.110451
vt -7.705262 23.110836
vt -7.967862 25.411243
vt -7.995954 25.401941
vt -7.721489 23.108124
vt 14.257528 18.375984
vt 14.179561 16.001646
vt 14.189115 16.003038
vt 14.274201 18.377350
vt 18.267668 2.662420
vt 17.998272 0.489856
vt 18.007511 0.489815
vt 18.283648 2.659686
vt 18.255970 2.670979
vt 17.991520 0.493806
vt -11.592374 13.900799
vt -11.589964 13.900255
vt -7.994171 20.770086
vt -7.991889 20.769775
vt -7.995954 20.769754
vt 14.271789 13.811658
vt 14.274201 13.812160
vt 18.281338 -1.720770
vt 18.283648 -1.720390
vt 1.766817 -1.497459
vt 1.766817 -3.218274
vt 1.769104 -3.218604
vt 1.775807 -1.499450
vt -5.695009 -3.628254
vt -5.692112 -4.932610
vt -5.691129 -4.932721
vt -5.691129 -3.628697
vt -5.697508 -3.629224
vt -5.692743 -4.932854
vt -3.109381 -5.720493
vt -3.109381 -7.042228
vt -3.108376 -7.042098
vt -3.105410 -5.719982
vt -3.109379 -4.418493
vt -3.109379 -5.719981
vt -3.108397 -5.719870
vt -3.105498 -4.418050
vt -5.709934 -3.610154
vt -5.712856 -4.932796
vt -5.712211 -4.932856
vt -5.707388 -3.610394
vt -5.713845 -3.609614
vt -5.713845 -4.932657
vt 5.694068 20.711603
vt 5.697406 17.982346
vt 5.720989 17.981934
vt 5.727656 20.701761
vt 20.255814 9.932585
vt 19.477066 7.745245
vt 19.506151 7.736160
vt 20.294193 9.906519
vt -4.645596 20.666166
vt -4.536231 17.924177
vt -4.514830 17.935560
vt -4.615086 20.676153
vt -4.680498 20.654974
vt -4.560927 17.922787
vt 19.283224 -10.291115
vt 20.070517 -12.462903
vt 20.099588 -12.453775
vt 19.321587 -10.264988
vt 5.744226 17.973118
vt 5.760594 20.695456
vt 5.830215 15.545650
vt 5.843862 15.548052
vt 19.801632 5.246919
vt 19.818283 5.248349
vt -4.666187 15.536551
vt -4.653764 15.547248
vt -4.680500 15.538330
vt 19.758200 -14.957836
vt 19.774836 -14.959240
vt 5.857379 15.538763
vt 5.694068 13.291035
vt 5.697815 13.291477
vt 20.289658 2.720767
vt 20.294193 2.721409
vt -4.549395 13.377416
vt -4.545988 13.380791
vt -4.553331 13.377692
vt 19.283224 -17.490423
vt 19.287758 -17.491064
vt 5.701521 13.288473
vt -8.502046 25.407511
vt -8.924251 23.165537
vt -8.913313 23.158882
vt -8.483508 25.392345
vt -8.529126 25.417173
vt -8.940343 23.166765
vt 19.714268 2.086834
vt 19.599945 -0.328547
vt 19.615860 -0.323582
vt 19.741621 2.091484
vt 19.694429 2.090604
vt 19.588499 -0.324195
vt 14.907810 25.902035
vt 15.338765 23.669001
vt 15.354836 23.670284
vt 14.934842 25.911793
vt -2.014794 22.058294
vt -1.861860 19.610983
vt -1.845665 19.607079
vt -1.986984 22.055569
vt 8.847134 -10.169165
vt 8.847134 -12.170375
vt 8.851329 -12.171547
vt 8.862288 -10.175101
vt -8.487815 20.858368
vt -8.483508 20.859249
vt 19.737265 -2.235791
vt 19.741621 -2.233867
vt 11.520134 -10.285912
vt 11.531162 -12.490929
vt 11.535399 -12.490321
vt 11.535399 -10.281818
vt 14.907815 21.368893
vt 14.912119 21.368031
vt -2.014794 17.555456
vt -2.010356 17.553791
vt 3.071319 -10.158446
vt 3.742532 -13.951107
vt 3.783399 -13.951599
vt 3.124074 -10.158627
vt 1.693608 6.775856
vt -0.001982 3.532645
vt 0.038274 3.520407
vt 1.739627 6.742329
vt 1.656100 6.809525
vt -0.035763 3.544683
vt 3.973060 4.989861
vt 3.435050 1.025100
vt 3.476295 1.025764
vt 4.026308 4.990252
vt 4.124657 4.262044
vt 5.820626 1.017687
vt 5.860940 1.029882
vt 4.170770 4.295521
vt 4.087246 4.228319
vt 5.786933 1.005603
vt 4.087085 -18.020699
vt 4.116251 -18.026869
vt 0.387573 -0.391043
vt 0.415717 -0.386141
vt 0.364146 -0.401608
vt 3.071319 -3.009016
vt 3.100764 -3.002798
vt 5.431849 -2.917516
vt 5.460029 -2.922451
vt 5.408494 -2.906977
vt 3.386527 -21.357498
vt 3.403386 -21.363764
vt 1.722608 -3.827052
vt 1.739627 -3.826739
vt 1.708871 -3.833293
vt 3.682730 -6.153324
vt 3.699797 -6.147117
vt 4.100939 -6.356203
vt 4.117975 -6.356535
vt 4.087246 -6.349975
vt 3.071326 -25.416691
vt 3.076318 -25.418411
vt 1.548354 -7.635840
vt 1.553459 -7.637004
vt 1.544222 -7.636310
vt 4.021245 -10.158455
vt 4.026308 -10.156748
vt 4.279511 -10.158455
vt 4.284615 -10.157298
vt 4.275389 -10.157990
vt 11.444469 14.413502
vt 11.456904 11.223391
vt 11.486259 11.221617
vt 11.486259 14.414299
vt -4.480176 24.207773
vt -3.460431 21.034338
vt -3.436728 21.033489
vt -4.449717 24.227110
vt -4.514832 24.176195
vt -3.486676 21.023640
vt 11.402901 14.549408
vt 11.402901 11.221611
vt 11.432081 11.224527
vt 11.444469 14.549977
vt 21.421787 -3.850880
vt 20.371466 -6.835784
vt 20.397045 -6.834265
vt 21.454777 -3.868223
vt 21.390333 -3.814296
vt 20.347429 -6.820956
vt 4.882063 22.917156
vt 5.521384 19.141485
vt 5.535077 19.139128
vt 4.905076 22.926479
vt -4.514832 17.608704
vt -4.502261 17.597977
vt 3.711905 23.452778
vt 3.084980 19.705494
vt 3.100276 19.710026
vt 3.738105 23.465660
vt 3.688956 23.462158
vt 3.071326 19.703176
vt 21.441273 -10.158450
vt 21.454777 -10.147921
vt 5.550355 19.134592
vt 4.931242 22.913588
vt 4.882063 15.630828
vt 4.885951 15.628356
vt 11.513785 5.933695
vt 11.525534 2.787251
vt 11.530485 2.788499
vt 11.530485 5.939373
vt 3.733696 16.196306
vt 3.738105 16.198872
vt 3.729818 16.193844
vt 1.977239 10.910463
vt 1.977239 7.625366
vt 1.982220 7.624496
vt 1.993996 10.905990
vt 4.890354 15.625792
vt -11.556047 25.141880
vt -11.712175 23.276089
vt -11.695874 23.271465
vt -11.533400 25.128225
vt -13.118094 26.173077
vt -13.591057 24.613571
vt -13.570829 24.613880
vt -13.091059 26.165197
vt -13.136011 26.188789
vt -13.604075 24.622858
vt -11.957187 25.145237
vt -11.741784 23.265198
vt -11.724831 23.269703
vt -11.933723 25.158747
vt 21.721395 7.169420
vt 22.201635 5.618315
vt 22.221869 5.618152
vt 21.748434 7.177482
vt -11.681896 23.270084
vt -11.513470 25.129505
vt -11.635683 21.255936
vt -11.626158 21.256454
vt -13.320968 23.159241
vt -13.309245 23.162598
vt -11.821565 21.248461
vt -11.814126 21.250460
vt -11.712175 23.271343
vt -11.831469 21.249048
vt 21.939964 4.160899
vt 21.951700 4.157630
vt -11.617941 21.254614
vt -11.518707 19.223610
vt -11.515891 19.223806
vt -13.094531 21.730820
vt -13.091059 21.731766
vt -11.954259 19.223368
vt -11.952068 19.223850
vt -11.957187 19.223587
vt 21.721395 2.721694
vt 21.724871 2.720767
vt -11.513470 19.223368
vt 10.220778 -10.313811
vt 10.182720 -11.272123
vt 10.186961 -11.272068
vt 10.227956 -10.316055
vt 13.699166 2.375784
vt 13.548141 1.654858
vt 13.553792 1.654052
vt 13.708569 2.372172
vt 10.347732 -10.317784
vt 10.403563 -11.276721
vt 10.407499 -11.275252
vt 10.354460 -10.315886
vt 10.340143 -10.320150
vt 10.399070 -11.276736
vt 8.420259 -10.288671
vt 8.575044 -11.008750
vt 8.580691 -11.007928
vt 8.429656 -10.285032
vt 10.191221 -11.273371
vt 10.235227 -10.317678
vt 10.232720 -12.171473
vt 10.233965 -12.171062
vt 13.706941 0.951756
vt 13.708569 0.951901
vt 10.341462 -12.171549
vt 10.342628 -12.171015
vt 10.340143 -12.171162
vt 8.420259 -11.714747
vt 8.421885 -11.714889
vt 10.235227 -12.171549
vt 9.356219 -10.225983
vt 9.526155 -11.320979
vt 9.533921 -11.321959
vt 9.369243 -10.224970
vt 11.173972 -10.251021
vt 11.358604 -11.369944
vt 11.365726 -11.369386
vt 11.185814 -10.246136
vt 11.163949 -10.255598
vt 11.352671 -11.372026
vt 14.480159 2.709752
vt 14.313104 1.578712
vt 14.320872 1.579608
vt 14.493189 2.708482
vt 12.302650 -10.455914
vt 12.107841 -11.545218
vt 12.115132 -11.545542
vt 12.314749 -10.460251
vt 12.293353 -10.449215
vt 12.102334 -11.541866
vt 9.356219 -12.170847
vt 9.358473 -12.171543
vt 11.163949 -12.490412
vt 11.165992 -12.490927
vt 1.766817 3.272450
vt 1.771882 2.252539
vt 1.774012 2.253160
vt 1.774012 3.275031
vt 14.490932 0.645064
vt 14.493189 0.645769
vt 12.312656 -12.590962
vt 12.314749 -12.590412
vt 1.766817 2.252536
vt 1.766817 1.220234
vt 1.768947 1.219609
vt 1.774012 2.249943
vt 10.792849 15.218499
vt 10.781616 12.752658
vt 10.785131 12.752331
vt 10.804732 15.217392
vt 10.776906 15.220642
vt 10.776906 12.753292
vt 1.977236 13.442611
vt 1.987452 10.910463
vt 1.991738 10.912164
vt 1.991738 13.448365
vt -3.121746 14.750298
vt -3.113347 12.282410
vt -3.109824 12.282749
vt -3.109821 14.751432
vt -3.137660 14.748093
vt -3.118053 12.281761
vt -4.667044 7.292665
vt -4.667044 4.709793
vt -4.662616 4.708365
vt -4.652056 7.287837
vt -3.107597 -2.579938
vt -3.108855 -3.059463
vt -3.108126 -3.059639
vt -3.105134 -2.580531
vt -3.109381 -2.579680
vt -3.109381 -3.059388
vt -8.090676 -2.198679
vt -8.090676 -2.650837
vt -8.089952 -2.650823
vt -8.088233 -2.198622
vt -4.672323 -2.513531
vt -4.670587 -2.992710
vt -4.669858 -2.992535
vt -4.669858 -2.512941
vt -4.674100 -2.513776
vt -4.671113 -2.992781
vt -3.107589 -2.137563
vt -3.107589 -2.579589
vt -3.106866 -2.579688
vt -3.105134 -2.137897
vt 9.892826 -10.254196
vt 9.899646 -12.170538
vt 9.902507 -12.170860
vt 9.902507 -10.255280
vt 9.886677 -10.257609
vt 9.897829 -12.171547
vt -5.675397 -0.981381
vt -5.668390 -2.938750
vt -5.665450 -2.938297
vt -5.665450 -0.979848
vt 1.766395 -5.728638
vt 1.773218 -7.637007
vt 1.776080 -7.636664
vt 1.776080 -5.727478
vt -0.771856 7.092260
vt -0.778741 5.127368
vt -0.776812 5.126982
vt -0.765330 7.090957
vt -0.781627 7.093750
vt -0.781627 5.127807
vt 17.565929 -10.221059
vt 17.458549 -11.852944
vt 17.484598 -11.854275
vt 17.599512 -10.222905
vt 17.538307 -10.202258
vt 17.436949 -11.843259
vt 21.278120 24.978401
vt 20.536512 23.619276
vt 20.563004 23.607546
vt 21.309958 24.958057
vt 21.435028 17.219818
vt 21.567045 15.506994
vt 21.592501 15.509296
vt 21.467836 17.222916
vt 21.406172 17.203651
vt 21.544451 15.499496
vt -5.843042 25.481491
vt -5.097416 24.140572
vt -5.070934 24.152269
vt -5.811216 25.501793
vt 17.537203 -13.672628
vt 17.555723 -13.674544
vt 17.521929 -13.670756
vt 20.229349 21.955345
vt 20.249340 21.952354
vt 21.485729 13.662045
vt 21.503824 13.664662
vt 21.469746 13.661770
vt -4.784336 22.494148
vt -4.764357 22.497108
vt 17.588497 -15.494904
vt 17.599512 -15.499268
vt 17.579502 -15.497810
vt 20.211298 20.244013
vt 20.222261 20.249153
vt 21.415510 11.850334
vt 21.426338 11.855021
vt 21.406172 11.854075
vt -4.756599 20.795876
vt -4.745643 20.790712
vt 17.508520 -16.599712
vt 17.511930 -16.601713
vt -5.675550 2.778606
vt -5.675550 0.936477
vt -5.672310 0.935720
vt -5.665418 2.773208
vt 21.307421 19.031536
vt 21.309958 19.034624
vt 20.206993 20.237967
vt 21.306475 19.028986
vt -5.675548 0.931120
vt -5.668706 -0.979850
vt -5.665450 -0.979397
vt -5.665450 0.935714
vt -5.843042 19.587402
vt -5.840510 19.584309
vt -17.295759 12.872829
vt -17.216726 8.249267
vt -17.201618 8.246399
vt -17.270247 12.866727
vt -17.312206 12.868485
vt -17.226517 8.253554
vt 18.526192 10.857882
vt 19.462317 6.504801
vt 19.477066 6.505589
vt 18.549809 10.871218
vt -19.912352 12.949821
vt -19.983965 8.350708
vt -19.968851 8.353554
vt -19.886831 12.955896
vt -19.928724 12.954262
vt -19.993711 8.346472
vt -14.462431 23.128088
vt -15.464927 18.913868
vt -15.450560 18.911182
vt -14.439569 23.111790
vt -17.309179 4.061576
vt -17.304462 4.060909
vt -17.312206 4.064960
vt 18.526192 2.722593
vt 18.530558 2.720767
vt -19.891550 4.159530
vt -19.886831 4.160197
vt -14.442437 15.053032
vt -14.439569 15.057630
vt -15.440624 18.919893
vt -14.446661 15.051781
vt -5.685692 -3.608558
vt -5.685692 -4.932256
vt -5.684140 -4.932599
vt -5.680720 -3.609658
vt -0.846968 -4.105650
vt -0.844633 -5.339184
vt -0.842778 -5.339184
vt -0.841023 -4.105650
vt -5.702236 -3.611610
vt -5.698983 -4.932596
vt -5.697508 -4.932222
vt -5.697508 -3.610414
vt -5.707385 -3.612419
vt -5.700590 -4.932849
vt -0.846966 -2.873546
vt -0.845112 -4.105650
vt -0.843258 -4.105650
vt -0.841023 -2.873546
vt -5.682601 -4.932861
vt -5.675787 -3.610505
vt -8.088231 9.990332
vt -8.088231 6.598209
vt -8.083598 6.597332
vt -8.073383 9.987507
vt 8.054213 11.303904
vt 8.059648 7.659060
vt 8.062114 7.659451
vt 8.062114 11.305154
vt 8.038880 11.300476
vt 8.054862 7.657993
vt 8.912900 7.161174
vt 8.923111 3.786833
vt 8.927745 3.787704
vt 8.927746 7.163970
vt -19.854568 11.652128
vt -19.864920 8.034132
vt -19.861809 8.034191
vt -19.844604 11.652317
vt -19.869614 11.655970
vt -19.869614 8.035332
vt 15.615370 21.352894
vt 15.725566 19.181261
vt 15.757948 19.188370
vt 15.657162 21.360979
vt 15.576740 21.364542
vt 15.696183 19.183504
vt 22.166996 -13.221400
vt 21.868088 -15.321594
vt 21.903576 -15.315146
vt 22.212173 -13.220435
vt 16.775990 21.264290
vt 16.695230 18.995523
vt 16.727095 18.990616
vt 16.817102 21.259071
vt 16.736507 21.255604
vt 16.665110 18.995766
vt 14.278836 26.201748
vt 14.588038 24.120579
vt 14.623504 24.114044
vt 14.323996 26.200684
vt 16.192396 16.900991
vt 16.215986 16.897583
vt 16.171577 16.900736
vt 22.188215 -17.491056
vt 22.212173 -17.477520
vt 16.237333 16.686573
vt 16.260525 16.691551
vt 16.215986 16.688601
vt 14.278836 21.959488
vt 14.302773 21.945887
vt 15.707448 14.775643
vt 15.721203 14.769306
vt 15.695011 14.775146
vt -4.686598 13.359079
vt -4.686598 11.327279
vt -4.672936 11.322235
vt -4.663619 13.344369
vt 16.710194 14.641869
vt 16.723734 14.648994
vt 21.862951 16.218006
vt 22.050896 14.004370
vt 22.062897 14.001884
vt 21.883036 16.214361
vt 21.840456 16.201977
vt 22.037136 13.999022
vt 15.580825 12.680912
vt 15.585291 12.679138
vt 15.576740 12.680087
vt -15.479331 8.888331
vt -15.479335 6.791254
vt -15.474703 6.789589
vt -15.465011 8.882034
vt 16.812708 12.679142
vt 16.817102 12.681184
vt 21.840456 11.851823
vt 21.844290 11.850340
vt -15.479335 10.967609
vt -15.469644 8.888337
vt -15.465011 8.890006
vt -15.465011 10.973915
vt -9.931248 2.215697
vt -9.902367 -0.064849
vt -9.891026 -0.067239
vt -9.912224 2.211798
vt -9.943718 2.213401
vt -9.909812 -0.064424
vt 1.848880 21.947031
vt 1.978561 19.693838
vt 1.989887 19.694794
vt 1.867792 21.951477
vt -9.910058 6.786493
vt -9.935727 4.514789
vt -9.924378 4.517146
vt -9.891026 6.790337
vt -9.922472 6.788885
vt -9.943138 4.514421
vt 18.421534 2.667305
vt 18.283648 0.447698
vt 18.294853 0.445835
vt 18.440243 2.661376
vt -9.941323 -2.365991
vt -9.937661 -2.366782
vt -9.943718 -2.365272
vt 1.848880 17.499689
vt 1.852516 17.499456
vt -9.894691 2.216395
vt -9.891026 2.217174
vt -9.897075 2.215693
vt 18.436642 -1.720708
vt 18.440243 -1.720776
vt -0.791176 -0.459512
vt -0.839794 -4.365135
vt -0.828630 -4.363376
vt -0.772486 -0.462616
vt -2.040997 24.534752
vt -2.818720 21.167755
vt -2.803871 21.164864
vt -2.017005 24.521729
vt 12.265925 22.089649
vt 12.399966 18.211430
vt 12.412038 18.218431
vt 12.286217 22.098610
vt 12.246030 22.086338
vt 12.388042 18.213017
vt -1.845665 24.485573
vt -1.059093 21.128223
vt -1.044257 21.131115
vt -1.821690 24.498604
vt -0.815812 -4.369291
vt -0.750968 -0.469718
vt -0.758705 -7.536936
vt -0.755111 -7.535316
vt -2.021619 17.553795
vt -2.017007 17.554493
vt 12.249852 15.154968
vt 12.253764 15.157705
vt 12.246030 15.156504
vt -1.845665 17.514732
vt -1.841058 17.514036
vt -0.750968 -7.537718
vt -18.282701 20.636175
vt -18.343342 19.326666
vt -18.322931 19.318445
vt -18.257120 20.625090
vt -18.301023 20.634226
vt -18.358019 19.322784
vt -13.109608 7.439491
vt -13.155512 6.239663
vt -13.136352 6.238278
vt -13.085625 7.435739
vt 5.550355 20.647432
vt 5.615887 19.339790
vt 5.636299 19.348047
vt 5.575939 20.658564
vt 17.342796 2.600824
vt 17.491415 1.584051
vt 17.512634 1.577232
vt 17.369188 2.594539
vt -12.271341 16.092459
vt -12.202336 14.989981
vt -12.182307 14.990311
vt -12.246292 16.094751
vt -18.322672 18.070456
vt -18.307465 18.063961
vt 10.135148 -10.314416
vt 10.167231 -11.207535
vt 10.182720 -11.200346
vt 10.155909 -10.305569
vt -13.141343 4.953053
vt -13.127067 4.953179
vt 5.600526 18.087568
vt 5.615733 18.094086
vt 17.459013 0.586585
vt 17.474846 0.580854
vt -12.216476 13.783523
vt -12.201545 13.782682
vt -18.390139 16.818298
vt -18.380125 16.814608
vt 10.135148 -12.171547
vt 10.145330 -12.166172
vt -13.095016 3.728959
vt -13.085625 3.729340
vt 5.673094 16.842018
vt 5.683104 16.845726
vt 17.494482 -0.469058
vt 17.504887 -0.473541
vt -12.247965 12.654362
vt -12.238144 12.653532
vt -18.261906 15.594897
vt -18.257120 15.593649
vt -18.397348 16.814978
vt -18.265333 15.592610
vt -13.092657 2.380187
vt -13.088140 2.380539
vt 5.550355 15.625782
vt 5.555139 15.627036
vt 17.342796 -1.386405
vt 17.347744 -1.389096
vt -12.271341 11.364536
vt -12.266619 11.363976
vt 6.347489 -10.348336
vt 6.415420 -10.774838
vt 6.421055 -10.775169
vt 6.355958 -10.347602
vt 6.339279 -10.351357
vt 6.409886 -10.775119
vt 6.018237 -10.239084
vt 6.055997 -10.674815
vt 6.062248 -10.673781
vt 6.027677 -10.236112
vt 4.530689 -10.180672
vt 4.462908 -10.577538
vt 4.468539 -10.576490
vt 4.539151 -10.180258
vt 4.522471 -10.176603
vt 4.457366 -10.576489
vt 6.099030 -10.239571
vt 6.062248 -10.686600
vt 6.068505 -10.687602
vt 6.108472 -10.242502
vt 6.341869 -11.208027
vt 6.344547 -11.208580
vt 6.339279 -11.207331
vt 6.018237 -11.121208
vt 6.021226 -11.121162
vt 4.536474 -11.003822
vt 4.539151 -11.002934
vt 4.533883 -11.004129
vt 6.105482 -11.121164
vt 6.108472 -11.121207
vt -20.673859 23.050964
vt -20.347670 20.319782
vt -20.320704 20.320282
vt -20.636042 23.051744
vt 20.706713 -18.241743
vt 19.652481 -20.392426
vt 19.676542 -20.405865
vt 20.736891 -18.273043
vt 20.678476 -18.229218
vt 19.629782 -20.392420
vt 6.915643 23.141148
vt 6.649164 20.345312
vt 6.676342 20.344919
vt 6.953758 23.140530
vt 19.737093 18.997711
vt 20.792673 16.855421
vt 20.816782 16.868830
vt 19.767324 19.028986
vt 19.708946 18.985205
vt 20.770042 16.855434
vt -20.362061 17.943235
vt -20.345957 17.942305
vt 20.166237 -22.989502
vt 20.180336 -22.992132
vt 20.153011 -22.996120
vt 6.650678 18.122404
vt 6.666914 18.123346
vt -11.526537 13.883315
vt -11.575987 11.347146
vt -11.560661 11.352445
vt -11.501822 13.900261
vt 20.267614 14.272539
vt 20.280809 14.265905
vt -20.673859 15.621221
vt -20.668644 15.620569
vt 11.513786 10.904234
vt 11.513786 8.436927
vt 11.518608 8.434637
vt 11.528561 10.897518
vt 20.732635 -25.418415
vt 20.736891 -25.415987
vt 6.948494 15.983667
vt 6.953758 15.984297
vt -11.506816 8.677384
vt -11.501822 8.679219
vt 19.708946 11.852759
vt 19.713182 11.850330
vt -2.881100 17.721064
vt -2.982083 15.079431
vt -2.957924 15.071161
vt -2.850290 17.710567
vt 2.837892 15.867407
vt 2.947929 13.451144
vt 2.979060 13.453588
vt 2.877577 15.870766
vt -19.812122 14.788085
vt -19.714455 12.151833
vt -19.691076 12.160372
vt -19.782322 14.799192
vt -19.844604 14.779027
vt -19.739929 12.144695
vt -11.996877 19.793539
vt -12.097969 17.375950
vt -12.066833 17.373562
vt -11.957185 19.790253
vt -2.933158 15.063622
vt -2.818720 17.700733
vt -3.075412 12.434982
vt -3.057907 12.428732
vt 3.036901 11.033815
vt 3.059493 11.034275
vt -19.622665 9.513474
vt -19.605684 9.518488
vt -19.641123 9.508042
vt -12.178027 14.956969
vt -12.155434 14.956547
vt -3.039915 12.424444
vt -3.104910 9.787847
vt -3.094058 9.785093
vt 2.947252 8.616155
vt 2.961252 8.615627
vt -19.578957 6.859728
vt -19.568434 6.860813
vt -19.590399 6.857486
vt -12.079691 12.540833
vt -12.065686 12.541387
vt -3.082915 9.784451
vt -2.827189 7.099256
vt -2.823009 7.098681
vt 2.837892 6.263951
vt 2.843324 6.263713
vt -19.840193 4.159904
vt -19.836142 4.159790
vt -19.844603 4.159530
vt -11.962621 10.188734
vt -11.957185 10.188982
vt -2.818720 7.098966
vt 4.539156 -10.172890
vt 4.539156 -11.002707
vt 4.546053 -11.004128
vt 4.550336 -10.176246
vt 8.328677 -10.237958
vt 8.133815 -10.999372
vt 8.140486 -10.997716
vt 8.339022 -10.238517
vt 8.319388 -10.231299
vt 8.127883 -10.996587
vt 4.550336 -10.176406
vt 4.554615 -11.004129
vt 4.561511 -11.002695
vt 4.561511 -10.173027
vt 8.590618 -10.178627
vt 8.785008 -10.983673
vt 8.791706 -10.984940
vt 8.601013 -10.177253
vt 8.581387 -10.184585
vt 8.779117 -10.985945
vt 5.922069 -10.213488
vt 5.922069 -11.120348
vt 5.924525 -11.121207
vt 5.928392 -10.216442
vt 8.336538 -11.714887
vt 8.339022 -11.713492
vt 5.645902 -10.187301
vt 5.649241 -11.120623
vt 5.651361 -11.120322
vt 5.651361 -10.188121
vt 5.639328 -10.189583
vt 5.646689 -11.121207
vt 8.581387 -11.756758
vt 8.583879 -11.758053
vt 5.926780 -11.121208
vt 5.934192 -10.214925
vt 6.853494 -10.206854
vt 6.953079 -10.455439
vt 6.956091 -10.453182
vt 6.857210 -10.203452
vt 6.848447 -10.209449
vt 6.948943 -10.456826
vt 7.581803 -10.191868
vt 7.575091 -10.494437
vt 7.579059 -10.493561
vt 7.586915 -10.190355
vt 6.579291 -10.178691
vt 6.479527 -10.434657
vt 6.482628 -10.436211
vt 6.583119 -10.181202
vt 6.574286 -10.175690
vt 6.475428 -10.432975
vt 7.620540 -10.212004
vt 7.624228 -10.522250
vt 7.628257 -10.523019
vt 7.625736 -10.213384
vt 6.991173 -10.727015
vt 6.993433 -10.726381
vt 6.988107 -10.726920
vt 7.562105 -10.806958
vt 7.564931 -10.806454
vt 7.572067 -10.494539
vt 7.559941 -10.808126
vt 6.437775 -10.716436
vt 6.440818 -10.716520
vt 7.637849 -10.835636
vt 7.640720 -10.836061
vt 6.937407 -11.010559
vt 6.938693 -11.010621
vt 6.935651 -11.009939
vt 7.585220 -11.086403
vt 7.586915 -11.086229
vt 6.494835 -11.001873
vt 6.496157 -11.001489
vt 6.443139 -10.716629
vt 6.493098 -11.002397
vt 7.620540 -11.103369
vt 7.622255 -11.103502
vt 6.848996 -11.277216
vt 6.849418 -11.277245
vt 6.848447 -11.276954
vt 7.582438 -11.352298
vt 7.582991 -11.352297
vt 6.582689 -11.277011
vt 6.583119 -11.276879
vt 6.582140 -11.277245
vt 7.631055 -11.352295
vt 7.631613 -11.352285
vt 5.578910 25.722506
vt 5.651309 23.812990
vt 5.671465 23.810478
vt 5.607223 25.718151
vt -7.457561 25.757309
vt -7.083158 23.933386
vt -7.063261 23.940727
vt -7.429893 25.768938
vt -7.476161 25.745897
vt -7.096696 23.926779
vt 16.771645 -10.208288
vt 16.698814 -12.148228
vt 16.719084 -12.146708
vt 16.800123 -10.205303
vt -12.477099 25.805231
vt -12.849872 24.066631
vt -12.829815 24.059641
vt -12.449212 25.794144
vt 5.685463 23.814659
vt 5.626963 25.721800
vt 5.836967 21.950500
vt 5.849063 21.946623
vt -6.858752 22.043453
vt -6.846750 22.042839
vt 16.528381 -14.058108
vt 16.536488 -14.061845
vt 16.732748 -12.149051
vt 16.516214 -14.061497
vt -13.082377 22.222929
vt -13.070263 22.223564
vt 5.857371 21.951359
vt 5.578910 20.713585
vt 5.582774 20.711599
vt -7.476161 20.224771
vt -7.472560 20.223154
vt -5.676669 8.204655
vt -5.669128 6.408691
vt -5.665456 6.409581
vt -5.665456 8.208606
vt 16.796232 -15.460395
vt 16.800123 -15.458505
vt -12.452850 20.497585
vt -12.449212 20.499149
vt -5.676667 4.596290
vt -5.676668 2.779508
vt -5.672994 2.778606
vt -5.665453 4.592303
vt -18.989113 23.042717
vt -19.555664 19.650928
vt -19.541588 19.645815
vt -18.966175 23.026249
vt -19.010201 23.047176
vt -19.568436 19.651354
vt 10.776906 12.751345
vt 10.787630 9.566245
vt 10.803362 9.564750
vt 10.803362 12.752320
vt 19.765419 -2.968386
vt 20.333330 -6.346948
vt 20.347429 -6.341842
vt 19.788387 -2.951932
vt 19.744394 -2.972792
vt 20.320597 -6.347342
vt 4.058972 11.969545
vt 4.058972 8.630899
vt 4.074507 8.632734
vt 4.085074 11.968930
vt -18.970634 15.831945
vt -18.966175 15.831910
vt -18.974737 15.831306
vt -0.765293 6.765462
vt -0.756723 3.239907
vt -0.752486 3.239033
vt -0.752486 6.765091
vt 19.748480 -10.158450
vt 19.752951 -10.158420
vt 19.744394 -10.157804
vt -15.479331 6.789589
vt -15.479331 3.404286
vt -15.474809 3.404657
vt -15.465602 6.788532
vt 10.532510 -10.346515
vt 10.532509 -12.170853
vt 10.534981 -12.171347
vt 10.540094 -10.348036
vt 1.766403 -3.959887
vt 1.772468 -5.727473
vt 1.775403 -5.727443
vt 1.775403 -3.959796
vt 10.524773 -10.341754
vt 10.529982 -12.171261
vt 10.532502 -12.170871
vt 10.532502 -10.340545
vt 10.517101 -10.342627
vt 10.527481 -12.171549
vt 1.766817 0.161752
vt 1.766817 -1.497383
vt 1.769752 -1.497459
vt 1.775825 0.161518
vt 10.537529 -12.171546
vt 10.547903 -10.348649
vt 5.675442 13.709034
vt 5.675442 11.271176
vt 5.680600 11.270929
vt 5.691267 13.708277
vt 4.072248 14.741720
vt 4.080890 11.970524
vt 4.085074 11.971049
vt 4.085074 14.743328
vt 4.057199 14.738722
vt 4.075983 11.969548
vt 8.912903 13.099693
vt 8.923504 10.521460
vt 8.928634 10.521756
vt 8.928634 13.100605
vt -13.105097 14.814716
vt -13.114897 12.115763
vt -13.110495 12.115839
vt -13.091602 14.814954
vt -13.119639 14.819400
vt -13.119639 12.117285
vt -15.523761 15.426921
vt -15.942594 12.790221
vt -15.907478 12.775107
vt -15.479335 15.400820
vt 11.919660 -10.205997
vt 11.930713 -12.590963
vt 11.968231 -12.584696
vt 11.968231 -10.193783
vt 1.993996 17.174767
vt 2.804455 14.677594
vt 2.837892 14.689020
vt 2.034494 17.200527
vt 12.466967 14.667240
vt 12.895961 12.067440
vt 12.931065 12.082578
vt 12.511371 14.693373
vt 20.690323 -10.492371
vt 20.099592 -12.913204
vt 20.134630 -12.933934
vt 20.734640 -10.523421
vt -9.976315 25.622337
vt -10.408748 23.186951
vt -10.373893 23.181339
vt -9.932367 25.604462
vt -15.943325 9.618119
vt -15.918219 9.608405
vt -15.963560 12.784330
vt -15.957805 9.620665
vt 2.763448 11.839681
vt 2.787716 11.840938
vt 12.906148 8.922350
vt 12.931249 8.932078
vt 20.219513 -15.044527
vt 20.244419 -15.054186
vt -9.956607 20.549105
vt -9.932367 20.551533
vt -16.339893 6.563876
vt -16.324919 6.562538
vt 11.861154 -10.189795
vt 11.869246 -12.590967
vt 11.881210 -12.577002
vt 11.881210 -10.167701
vt 2.706903 9.429593
vt 2.721169 9.427543
vt 13.312480 5.879269
vt 13.327454 5.880616
vt 20.719635 -17.481388
vt 20.734640 -17.487968
vt 20.198252 -15.057220
vt 20.707266 -17.491060
vt -15.483867 3.405355
vt -15.479335 3.406992
vt -16.348536 6.564151
vt -15.486488 3.404286
vt 1.993996 6.265242
vt 1.998486 6.263709
vt 12.466967 2.722401
vt 12.471498 2.720767
vt 10.790577 6.355657
vt 10.797193 3.075194
vt 10.800361 3.076572
vt 10.800361 6.363304
vt 10.776906 6.360660
vt 10.792718 3.075942
vt -13.639041 15.022799
vt -14.516627 11.135464
vt -14.490648 11.128688
vt -13.604078 15.000065
vt 13.131144 1.668443
vt 12.658610 -2.122892
vt 12.684160 -2.124986
vt 13.166264 1.656678
vt 13.099225 1.663268
vt 12.636073 -2.123864
vt -15.464927 15.029318
vt -14.542779 11.102292
vt -14.516623 11.108793
vt -15.429790 15.051777
vt 12.954762 -13.623369
vt 13.429770 -17.389956
vt 13.455353 -17.387877
vt 12.989929 -13.611626
vt 12.922911 -13.618275
vt 13.407283 -17.389038
vt -13.681188 6.742585
vt -13.665838 6.742023
vt 12.822509 -6.122872
vt 12.837733 -6.120731
vt 12.809045 -6.123613
vt -15.377987 6.718368
vt -15.362539 6.718763
vt 13.264844 -21.379179
vt 13.280087 -21.381334
vt 13.251408 -21.378475
vt -13.609128 2.381182
vt -13.604078 2.380184
vt 13.161287 -10.157627
vt 13.166264 -10.157090
vt 13.156940 -10.158454
vt -15.464927 2.380187
vt -15.459837 2.381123
vt 12.927245 -25.417875
vt 12.932227 -25.418415
vt 12.922911 -25.417057
vt -16.422588 23.263210
vt -17.201618 19.541037
vt -17.186539 19.538872
vt -16.398159 23.251539
vt 21.282906 -19.478155
vt 21.004843 -23.077250
vt 21.021505 -23.076595
vt 21.310671 -19.479881
vt 8.086188 23.177563
vt 8.627675 19.901205
vt 8.642729 19.903475
vt 8.111054 23.185831
vt 5.860939 23.247955
vt 6.634094 19.876017
vt 6.649162 19.879721
vt 5.885361 23.261614
vt 2.753690 23.704464
vt 3.022058 19.911701
vt 3.038680 19.910780
vt 2.781412 23.705954
vt -18.422237 23.171070
vt -18.953529 19.902489
vt -18.938471 19.900215
vt -18.397352 23.162790
vt -16.402908 15.489487
vt -16.398159 15.490416
vt 21.305265 -25.418415
vt 21.310671 -25.417753
vt 8.086188 15.581948
vt 8.091032 15.581694
vt 5.860939 15.984013
vt 5.865693 15.983661
vt 2.753690 17.201324
vt 2.759086 17.200527
vt -18.402197 15.592610
vt -18.397352 15.592867
vt 4.074649 8.629935
vt 4.064082 4.798335
vt 4.068189 4.797772
vt 4.087246 8.628208
vt 4.058972 4.798650
vt -4.691406 7.599684
vt -4.680916 3.696174
vt -4.675839 3.697410
vt -4.675839 7.603485
vt 8.054740 7.653625
vt 8.062950 3.935835
vt 8.066924 3.937255
vt 8.066924 7.657984
vt 8.038874 7.653703
vt 8.057781 3.935856
vt 1.978285 7.624492
vt 1.978285 3.674241
vt 1.983405 3.673212
vt 1.993994 7.621337
vt 10.580944 -10.385602
vt 10.572919 -12.171191
vt 10.575926 -12.171546
vt 10.590166 -10.386694
vt 10.569036 -10.383903
vt 10.569036 -12.170635
vt -5.676668 6.404339
vt -5.669189 4.596292
vt -5.665572 4.597711
vt -5.665572 6.408691
vt 10.559787 -10.384094
vt 10.566018 -12.170980
vt 10.569034 -12.170617
vt 10.569034 -10.382977
vt 10.547898 -10.385832
vt 10.562143 -12.171549
vt 3.059495 8.113637
vt 3.059495 6.264895
vt 3.063224 6.263713
vt 3.070931 8.110001
vt -4.663236 8.953803
vt -4.663236 7.294325
vt -4.659590 7.292663
vt -4.652056 8.948701
vt 9.934764 -10.265381
vt 9.941847 -12.171490
vt 9.945271 -12.169743
vt 9.945271 -10.260019
vt 9.923895 -10.265545
vt 9.938302 -12.171541
vt 3.059493 9.815021
vt 3.067321 8.113637
vt 3.071112 8.114861
vt 3.071112 9.818777
vt 9.913375 -10.259897
vt 9.906052 -12.169792
vt 9.909481 -12.171547
vt 9.923893 -10.265278
vt 9.902507 -10.259766
vt 9.902507 -12.169750
vt 1.739624 1.165005
vt 1.739624 -3.217133
vt 1.744578 -3.218421
vt 1.754817 1.161053
vt -4.691407 3.696067
vt -4.680365 -0.444700
vt -4.675025 -0.444665
vt -4.675025 3.696181
vt 1.755143 -3.220273
vt 1.762731 -7.635922
vt 1.766403 -7.635379
vt 1.766403 -3.218602
vt 1.739627 -3.223598
vt 1.757671 -7.637007
vt -8.088231 6.597328
vt -8.077180 2.459887
vt -8.071840 2.459883
vt -8.071840 6.597324
vt 1.748489 -3.218609
vt 1.766817 1.160491
vt 10.751791 -12.497854
vt 11.369006 -15.757822
vt 11.387709 -15.753271
vt 10.775041 -12.490929
vt 10.726374 -12.502451
vt 11.348647 -15.760893
vt 8.655382 -11.764561
vt 8.581387 -15.148252
vt 8.602947 -15.142670
vt 8.682425 -11.758047
vt 12.613132 2.713333
vt 11.995476 -0.537784
vt 12.013927 -0.539245
vt 12.636065 2.710289
vt 12.587478 2.720770
vt 11.974923 -0.532446
vt -5.467556 8.750885
vt -5.425470 5.281978
vt -5.403785 5.276689
vt -5.440350 8.744752
vt 11.808575 -19.058836
vt 11.822721 -19.060669
vt 11.793202 -19.056160
vt 8.609264 -18.560545
vt 8.625333 -18.556110
vt 11.553817 -3.807368
vt 11.567777 -3.803283
vt 11.538300 -3.808304
vt -5.477744 1.797368
vt -5.461585 1.793154
vt 10.841449 -22.146002
vt 10.850684 -22.147825
vt 10.831520 -22.142694
vt 8.836535 -21.866798
vt 8.847129 -21.864868
vt 12.516753 -6.837857
vt 12.525866 -6.834553
vt 12.506731 -6.840009
vt -5.665448 -1.395430
vt -5.654797 -1.397230
vt 10.731217 -25.418415
vt 10.735771 -25.418192
vt 10.726374 -25.417494
vt 8.581387 -25.418411
vt 8.586471 -25.417942
vt 12.631570 -10.158092
vt 12.636065 -10.157609
vt 12.626678 -10.158450
vt -5.408893 -4.932445
vt -5.403785 -4.932854
vt 11.387947 21.436443
vt 11.501346 17.846445
vt 11.511163 17.846546
vt 11.402861 21.436346
vt 11.374596 21.441650
vt 11.492533 17.851261
vt 3.738100 23.342648
vt 4.010025 19.950201
vt 4.019917 19.953619
vt 3.753035 23.350180
vt 13.227079 21.829685
vt 13.079801 18.149010
vt 13.089157 18.149466
vt 13.241296 21.830620
vt 13.212778 21.826885
vt 13.070355 18.145739
vt -20.036377 22.995987
vt -20.320700 19.458855
vt -20.310627 19.456024
vt -20.021177 22.989265
vt 11.378825 14.628749
vt 11.383550 14.628867
vt 11.374596 14.631697
vt 3.738100 16.193848
vt 3.742829 16.194712
vt 13.236792 14.695620
vt 13.241296 14.695762
vt 13.232265 14.693377
vt -20.025993 15.621138
vt -20.021177 15.620572
vt 7.773923 -10.228331
vt 7.778018 -10.522339
vt 7.784183 -10.524576
vt 7.781725 -10.230776
vt 7.697207 -10.224455
vt 7.726429 -10.503811
vt 7.733202 -10.502146
vt 7.705754 -10.222155
vt 7.597895 -10.194166
vt 7.593205 -10.493403
vt 7.598053 -10.492997
vt 7.604026 -10.193844
vt 7.589939 -10.196083
vt 7.586915 -10.495229
vt 7.688610 -10.220581
vt 7.661145 -10.501617
vt 7.667957 -10.503041
vt 7.697207 -10.222573
vt 7.789236 -10.524533
vt 7.788114 -10.230536
vt 7.767046 -10.811128
vt 7.771570 -10.813192
vt 7.749254 -10.786067
vt 7.754270 -10.785444
vt 7.603878 -10.787688
vt 7.607449 -10.787587
vt 7.599263 -10.789459
vt 7.640718 -10.782021
vt 7.645759 -10.782472
vt 7.775291 -10.812968
vt 7.754270 -11.084059
vt 7.757169 -11.085204
vt 7.733834 -11.073608
vt 7.737025 -11.073640
vt 7.618249 -11.070847
vt 7.620540 -11.071393
vt 7.615290 -11.071798
vt 7.658610 -11.065940
vt 7.661824 -11.065800
vt 7.759559 -11.084471
vt 7.786939 -11.351921
vt 7.788202 -11.352295
vt 7.697207 -11.352230
vt 7.698605 -11.352293
vt 7.588202 -11.351875
vt 7.589198 -11.352297
vt 7.586915 -11.352159
vt 7.695804 -11.352295
vt 7.697207 -11.352182
vt 7.789236 -11.351799
vt -9.889487 -2.115768
vt -9.889487 -2.366309
vt -9.888376 -2.366786
vt -9.886947 -2.116859
vt -1.395939 -7.281639
vt -1.394486 -7.523967
vt -1.393351 -7.523513
vt -1.393351 -7.280607
vt -1.398275 -7.281285
vt -1.395512 -7.523811
vt -4.674100 -2.252392
vt -4.672636 -2.512945
vt -4.671492 -2.512554
vt -4.671492 -2.251501
vt -1.400958 -7.280607
vt -1.402200 -7.537401
vt -1.401025 -7.537718
vt -1.398280 -7.281325
vt -1.403169 -7.280669
vt -1.403169 -7.537429
vt 15.011467 -10.803374
vt 14.915271 -12.489372
vt 14.924305 -12.491220
vt 15.024466 -10.807013
vt 15.975784 2.679225
vt 16.076313 1.109041
vt 16.085972 1.110527
vt 15.989701 2.682046
vt 16.854582 24.971800
vt 17.021692 23.144140
vt 17.030575 23.145164
vt 16.867311 24.975122
vt 1.412478 21.139252
vt 1.513182 19.462229
vt 1.522211 19.464048
vt 1.425476 21.142845
vt -3.065865 20.904020
vt -3.156642 19.217281
vt -3.146934 19.216257
vt -3.051878 20.901819
vt 13.085758 -10.165983
vt 12.922911 -11.848597
vt 12.931856 -11.850302
vt 13.098584 -10.170153
vt 15.019442 -14.400433
vt 15.024466 -14.401065
vt 15.975784 -0.243153
vt 15.981162 -0.242565
vt 16.854582 21.264429
vt 16.859499 21.264280
vt 1.412478 17.558332
vt 1.417499 17.558945
vt -3.057282 17.721375
vt -3.051878 17.721066
vt 13.093629 -13.611357
vt 13.098584 -13.611631
vt -8.088233 2.459565
vt -8.046570 -0.258735
vt -8.041715 -0.258302
vt -8.083375 2.459880
vt 1.537659 17.558332
vt 0.561716 15.303477
vt 0.566559 15.299986
vt 1.542315 17.554361
vt 14.830570 0.645058
vt 14.403104 -1.743648
vt 14.408154 -1.744695
vt 14.835561 0.643618
vt -4.680031 -0.444708
vt -4.694134 -2.911279
vt -4.689133 -2.911441
vt -4.675027 -0.444763
vt 13.455353 -14.404899
vt 14.456391 -16.787899
vt 14.461288 -16.784565
vt 13.460069 -14.401060
vt 14.278834 13.519902
vt 14.709409 11.127449
vt 14.714463 11.128496
vt 14.283833 13.521342
vt -8.088233 -2.650831
vt -8.083364 -2.649977
vt -0.035763 12.695235
vt -0.030602 12.693898
vt 14.212092 -4.401211
vt 14.217196 -4.400617
vt -4.680034 -4.972921
vt -4.675027 -4.973434
vt 15.064255 -19.496077
vt 15.069474 -19.494965
vt 14.902695 8.470663
vt 14.907807 8.470067
vt 14.898800 8.472532
vt 14.448865 5.609213
vt 14.452853 5.608480
vt 0.535064 9.659203
vt 0.539921 9.660177
vt 14.661884 -7.268463
vt 14.666903 -7.266743
vt 14.208189 -4.403097
vt 14.657894 -7.269214
vt 14.465182 -22.540129
vt 14.470090 -22.541359
vt 14.457872 5.606759
vt 14.278834 2.722373
vt 14.282879 2.722333
vt 1.537628 6.809526
vt 1.542315 6.811044
vt 14.830533 -10.158397
vt 14.835561 -10.156829
vt 14.826481 -10.158451
vt 13.455353 -25.416632
vt 13.460093 -25.418415
vt 14.287914 2.720763
vt -5.670687 -2.938748
vt -5.670687 -4.931931
vt -5.665454 -4.932856
vt -5.665449 -2.939851
vt 5.386286 26.386124
vt 4.886833 24.641678
vt 4.891487 24.642944
vt 5.390716 26.385786
vt 5.381718 26.388998
vt 4.882063 24.643116
vt -0.846968 -5.340712
vt -0.846961 -7.225418
vt -0.841833 -7.224061
vt -0.841833 -5.339191
vt 12.471605 26.404774
vt 12.969529 24.581745
vt 12.974113 24.580772
vt 12.475965 26.405479
vt 12.466971 26.402229
vt 12.964693 24.580708
vt -5.675784 -2.954038
vt -5.675786 -4.931433
vt -5.670691 -4.932851
vt -5.670687 -2.955629
vt 5.386286 22.926466
vt 5.390716 22.929321
vt 5.381718 22.926476
vt -4.674952 -2.994377
vt -4.674949 -4.973431
vt -4.669854 -4.972009
vt -4.669854 -2.992781
vt 12.471605 22.786846
vt 12.475965 22.784203
vt 12.466971 22.787296
vt -5.690511 -3.885228
vt -5.690511 -4.045482
vt -5.689957 -4.045607
vt -5.689957 -3.885354
vt -3.105501 -5.421046
vt -3.105501 -5.569399
vt -3.104936 -5.569272
vt -3.104936 -5.420922
vt -5.691069 -4.040854
vt -5.691069 -4.205998
vt -5.690554 -4.206009
vt -5.690554 -4.040866
vt -5.690511 -4.045732
vt -5.690511 -4.206011
vt -5.689957 -4.205889
vt -5.689957 -4.045608
vt -5.691123 -3.882663
vt -5.691123 -4.040759
vt -5.690554 -4.040853
vt -5.690554 -3.882757
vt -3.105501 -5.569397
vt -3.105501 -5.719967
vt -3.104972 -5.719979
vt -3.104972 -5.569411
vt 12.625911 -10.503966
vt 12.737199 -11.484053
vt 12.745076 -11.484226
vt 12.636240 -10.502782
vt 11.016181 -10.222115
vt 11.156435 -11.308006
vt 11.163949 -11.306366
vt 11.025981 -10.217951
vt 1.766817 1.219609
vt 1.766817 0.163455
vt 1.773589 0.161754
vt 1.775755 1.217750
vt 12.853254 -10.509453
vt 12.745076 -11.486873
vt 12.752944 -11.486723
vt 12.863577 -10.510669
vt 10.872626 -10.161534
vt 10.732113 -11.293606
vt 10.739740 -11.294794
vt 10.882581 -10.165159
vt 1.766820 4.207733
vt 1.769065 3.275028
vt 1.776085 3.276906
vt 1.776085 4.209883
vt 12.625911 -12.590070
vt 12.631218 -12.590960
vt 11.020223 -12.490929
vt 11.025261 -12.490883
vt 11.150464 -11.306996
vt 11.016181 -12.490007
vt 12.858272 -12.590961
vt 12.863577 -12.590086
vt 10.877469 -12.490376
vt 10.882581 -12.490099
vt 10.726374 -11.294069
vt 10.873583 -12.490929
vt -17.240974 15.751917
vt -17.232197 12.872829
vt -17.201618 12.882806
vt -17.201618 15.764791
vt 8.947352 15.485784
vt 8.930552 12.388919
vt 8.968403 12.387667
vt 8.996250 15.478238
vt 15.440612 21.368034
vt 14.919150 18.649982
vt 14.957410 18.644968
vt 15.489102 21.356287
vt 10.694382 15.475977
vt 10.750363 12.261022
vt 10.776906 12.254914
vt 10.728536 15.468074
vt 10.645219 15.469514
vt 10.712260 12.260750
vt 17.704260 20.366207
vt 18.236788 17.667730
vt 18.275066 17.672789
vt 17.752756 20.378021
vt 9.412597 9.174047
vt 9.432271 9.178728
vt 8.995646 12.397680
vt 9.386053 9.170650
vt 14.907810 15.664087
vt 14.935087 15.666563
vt 10.321265 8.979450
vt 10.340424 8.977590
vt 10.294511 8.983600
vt 18.259758 14.698933
vt 18.287052 14.696487
vt 9.853372 5.904154
vt 9.865354 5.899454
vt 9.837416 5.905303
vt 15.473642 12.820119
vt 15.489098 12.825010
vt 9.881434 5.730844
vt 9.893099 5.737123
vt 9.865354 5.730193
vt 17.704260 11.855219
vt 17.719734 11.850337
vt 8.935534 3.078543
vt 8.939093 3.075194
vt 8.930552 3.080051
vt -19.885641 11.231782
vt -19.885643 8.035288
vt -19.880388 8.034136
vt -19.869614 11.226175
vt 10.773441 3.076482
vt 10.776906 3.080265
vt 10.768413 3.075188
vt 8.912903 10.516390
vt 8.923735 7.163976
vt 8.929024 7.164906
vt 8.929024 10.521469
vt 15.676641 -10.276138
vt 15.627062 -11.950203
vt 15.640793 -11.953923
vt 15.695878 -10.281741
vt 15.663695 -10.276834
vt 15.617886 -11.949194
vt -12.446103 25.169146
vt -12.285086 23.533730
vt -12.271338 23.536175
vt -12.427003 25.175011
vt 16.813015 -10.403048
vt 16.864790 -12.069869
vt 16.878517 -12.066183
vt 16.832264 -10.397489
vt 16.800123 -10.402252
vt 16.855640 -12.070807
vt 19.569603 2.675895
vt 19.415960 1.063418
vt 19.429558 1.060035
vt 19.588499 2.668739
vt 15.568903 -13.643521
vt 15.577110 -13.644323
vt 15.563424 -13.642298
vt -12.286804 21.900213
vt -12.278597 21.899677
vt 16.924681 -13.757602
vt 16.932888 -13.756821
vt 16.919220 -13.758782
vt 19.437012 -0.553203
vt 19.445126 -0.553246
vt 15.693221 -15.345614
vt 15.695878 -15.345467
vt 15.691441 -15.345309
vt -12.446103 20.214247
vt -12.443451 20.213758
vt 16.801895 -15.460108
vt 16.804556 -15.460264
vt 16.800123 -15.460400
vt 19.585876 -2.235788
vt 19.588499 -2.235493
vt 14.153488 21.958714
vt 13.876207 18.145887
vt 13.891812 18.144829
vt 14.179561 21.955229
vt 16.817101 20.782164
vt 17.006056 16.514994
vt 17.022736 16.515839
vt 16.844999 20.784880
vt 17.225996 -16.606712
vt 17.622377 -20.963669
vt 17.637955 -20.962631
vt 17.251936 -16.601711
vt 10.810442 22.740887
vt 11.099570 18.946585
vt 11.115167 18.947563
vt 10.836493 22.744236
vt 17.676334 20.449326
vt 17.508133 15.977791
vt 17.524830 15.977314
vt 17.704260 20.447174
vt -19.594654 22.802643
vt -19.980560 18.875727
vt -19.964813 18.873888
vt -19.568434 22.796608
vt 14.174487 13.811658
vt 14.179561 13.811665
vt 16.817099 12.679142
vt 16.822535 12.679181
vt 17.225996 -25.418118
vt 17.231049 -25.418415
vt 10.810447 14.628777
vt 10.815516 14.628743
vt 17.698822 11.850337
vt 17.704260 11.850435
vt -19.573538 14.799210
vt -19.568434 14.799196
vt -4.676264 11.318684
vt -4.686471 7.603680
vt -4.682347 7.603491
vt -4.663619 11.318112
vt -4.691407 11.322243
vt -4.691407 7.604838
vt -0.765288 3.232921
vt -0.755634 -0.459511
vt -0.750968 -0.457519
vt -0.750968 3.239033
vt -8.056729 10.255839
vt -8.048183 6.535618
vt -8.044052 6.535812
vt -8.044054 10.256439
vt -8.071841 10.252237
vt -8.053113 6.534443
vt 5.675442 8.075009
vt 5.675442 4.297171
vt 5.680270 4.295530
vt 5.690253 8.069973
vt -3.107399 -3.060584
vt -3.108738 -3.738280
vt -3.108066 -3.738312
vt -3.105342 -3.060670
vt -3.109384 -3.059646
vt -3.109384 -3.737976
vt -5.689957 -3.628532
vt -5.688552 -4.206007
vt -5.687872 -4.205663
vt -5.687872 -3.627474
vt -3.107405 -3.738397
vt -3.106019 -4.417740
vt -3.105345 -4.417710
vt -3.105345 -3.738305
vt -3.109384 -3.739335
vt -3.106662 -4.418045
vt -5.687872 -3.613584
vt -5.687871 -4.205750
vt -5.687160 -4.206011
vt -5.685691 -3.614384
s 1
usemtl Material
f 1/1/1 7/2/2 12/3/3 6/4/4
f 2/5/5 8/6/6 7/2/2 1/1/1
f 3/7/7 9/8/8 8/9/6 2/10/5
f 4/11/9 10/12/10 9/13/8 3/14/7
f 5/15/11 11/16/12 10/12/10 4/11/9
f 6/17/4 12/18/3 11/19/12 5/20/11
f 7/2/2 13/21/13 18/22/14 12/3/3
f 8/6/6 14/23/15 13/21/13 7/2/2
f 9/8/8 15/24/16 14/25/15 8/9/6
f 10/12/10 16/26/17 15/27/16 9/13/8
f 11/16/12 17/28/18 16/26/17 10/12/10
f 12/29/3 18/30/14 17/31/18 11/32/12
f 13/21/13 19/33/19 24/34/20 18/22/14
f 14/23/15 20/35/21 19/33/19 13/21/13
f 15/24/16 21/36/22 20/37/21 14/25/15
f 16/26/17 22/38/23 21/39/22 15/27/16
f 17/28/18 23/40/24 22/38/23 16/26/17
f 18/30/14 24/41/20 23/42/24 17/31/18
f 19/33/19 25/43/25 30/44/26 24/34/20
f 20/35/21 26/45/27 25/43/25 19/33/19
f 21/36/22 27/46/28 26/47/27 20/37/21
f 22/38/23 28/48/29 27/49/28 21/39/22
f 23/40/24 29/50/30 28/48/29 22/38/23
f 24/41/20 30/51/26 29/52/30 23/42/24
f 25/43/25 31/53/31 36/54/32 30/44/26
f 26/45/27 32/55/33 31/53/31 25/43/25
f 27/46/28 33/56/34 32/57/33 26/47/27
f 28/48/29 34/58/35 33/59/34 27/49/28
f 29/50/30 35/60/36 34/58/35 28/48/29
f 30/51/26 36/61/32 35/62/36 29/52/30
f 31/53/31 37/63/37 42/64/38 36/54/32
f 32/55/33 38/65/39 37/63/37 31/53/31
f 33/56/34 39/66/40 38/67/39 32/57/33
f 34/58/35 40/68/41 39/69/40 33/59/34
f 35/60/36 41/70/42 40/68/41 34/58/35
f 36/61/32 42/71/38 41/72/42 35/62/36
f 37/63/37 43/73/43 48/74/44 42/64/38
f 38/65/39 44/75/45 43/73/43 37/63/37
f 39/66/40 45/76/46 44/77/45 38/67/39
f 40/68/41 46/78/47 45/79/46 39/69/40
f 41/70/42 47/80/48 46/78/47 40/68/41
f 42/71/38 48/81/44 47/82/48 41/72/42
f 43/73/43 49/83/49 54/84/50 48/74/44
f 44/75/45 50/85/51 49/83/49 43/73/43
f 45/76/46 51/86/52 50/87/51 44/77/45
f 46/78/47 52/88/53 51/89/52 45/79/46
f 47/80/48 53/90/54 52/88/53 46/78/47
f 48/81/44 54/91/50 53/92/54 47/82/48
f 55/93/55 61/94/56 66/95/57 60/96/58
f 56/97/59 62/98/60 61/99/56 55/100/55
f 57/101/61 63/102/62 62/103/60 56/104/59
f 58/105/63 64/106/64 63/107/62 57/108/61
f 59/109/65 65/110/66 64/111/64 58/112/63
f 60/113/58 66/114/57 65/115/66 59/116/65
f 61/94/56 67/117/67 72/118/68 66/95/57
f 62/98/60 68/119/69 67/120/67 61/99/56
f 63/121/62 69/122/70 68/123/69 62/124/60
f 64/125/64 70/126/71 69/127/70 63/128/62
f 65/110/66 71/129/72 70/130/71 64/111/64
f 66/95/57 72/118/68 71/131/72 65/132/66
f 67/117/67 73/133/73 78/134/74 72/118/68
f 68/119/69 74/135/75 73/136/73 67/120/67
f 69/122/70 75/137/76 74/138/75 68/123/69
f 70/126/71 76/139/77 75/140/76 69/127/70
f 71/129/72 77/141/78 76/142/77 70/130/71
f 72/118/68 78/134/74 77/143/78 71/131/72
f 73/133/73 79/144/79 84/145/80 78/134/74
f 74/135/75 80/146/81 79/147/79 73/136/73
f 75/137/76 81/148/82 80/149/81 74/138/75
f 76/139/77 82/150/83 81/151/82 75/140/76
f 77/141/78 83/152/84 82/153/83 76/142/77
f 78/134/74 84/145/80 83/154/84 77/143/78
f 79/155/79 85/156/85 90/157/86 84/158/80
f 80/146/81 86/159/87 85/160/85 79/147/79
f 81/151/82 87/161/88 86/162/87 80/163/81
f 82/150/83 88/164/89 87/161/88 81/151/82
f 83/152/84 89/165/90 88/166/89 82/153/83
f 84/145/80 90/167/86 89/168/90 83/154/84
f 85/156/85 91/169/91 96/170/92 90/157/86
f 86/159/87 92/171/93 91/172/91 85/160/85
f 87/161/88 93/173/94 92/174/93 86/162/87
f 88/164/89 94/175/95 93/173/94 87/161/88
f 89/165/90 95/176/96 94/177/95 88/166/89
f 90/167/86 96/178/92 95/179/96 89/168/90
f 91/169/91 97/180/97 102/181/98 96/170/92
f 92/171/93 98/182/99 97/183/97 91/172/91
f 93/184/94 99/185/100 98/186/99 92/187/93
f 94/175/95 100/188/101 99/189/100 93/173/94
f 95/176/96 101/190/102 100/191/101 94/177/95
f 96/178/92 102/192/98 101/193/102 95/179/96
f 103/194/103 109/195/104 114/196/105 108/197/106
f 104/198/107 110/199/108 109/200/104 103/201/103
f 105/202/109 111/203/110 110/204/108 104/205/107
f 106/206/111 112/207/112 111/203/110 105/202/109
f 107/208/113 113/209/114 112/210/112 106/211/111
f 108/197/106 114/196/105 113/212/114 107/213/113
f 109/195/104 115/214/115 120/215/116 114/196/105
f 110/199/108 116/216/117 115/217/115 109/200/104
f 111/203/110 117/218/118 116/219/117 110/204/108
f 112/207/112 118/220/119 117/218/118 111/203/110
f 113/209/114 119/221/120 118/222/119 112/210/112
f 114/196/105 120/215/116 119/223/120 113/212/114
f 115/214/115 121/224/121 126/225/122 120/215/116
f 116/216/117 122/226/123 121/227/121 115/217/115
f 117/218/118 123/228/124 122/229/123 116/219/117
f 118/220/119 124/230/125 123/228/124 117/218/118
f 119/221/120 125/231/126 124/232/125 118/222/119
f 120/215/116 126/225/122 125/233/126 119/223/120
f 121/224/121 127/234/127 132/235/128 126/225/122
f 122/226/123 128/236/129 127/237/127 121/227/121
f 123/228/124 129/238/130 128/239/129 122/229/123
f 124/230/125 130/240/131 129/238/130 123/228/124
f 125/231/126 131/241/132 130/242/131 124/232/125
f 126/225/122 132/235/128 131/243/132 125/233/126
f 127/234/127 133/244/133 138/245/134 132/235/128
f 128/236/129 134/246/135 133/247/133 127/237/127
f 129/238/130 135/248/136 134/249/135 128/239/129
f 130/240/131 136/250/137 135/248/136 129/238/130
f 131/241/132 137/251/138 136/252/137 130/242/131
f 132/235/128 138/245/134 137/253/138 131/243/132
f 133/244/133 139/254/139 144/255/140 138/245/134
f 134/246/135 140/256/141 139/257/139 133/247/133
f 135/248/136 141/258/142 140/259/141 134/249/135
f 136/250/137 142/260/143 141/258/142 135/248/136
f 137/251/138 143/261/144 142/262/143 136/252/137
f 138/245/134 144/255/140 143/263/144 137/253/138
f 139/254/139 145/264/145 150/265/146 144/255/140
f 140/256/141 146/266/147 145/267/145 139/257/139
f 141/258/142 147/268/148 146/269/147 140/259/141
f 142/260/143 148/270/149 147/268/148 141/258/142
f 143/261/144 149/271/150 148/272/149 142/262/143
f 144/255/140 150/265/146 149/273/150 143/263/144
f 151/274/151 157/275/152 162/276/153 156/277/154
f 152/278/155 158/279/156 157/280/152 151/281/151
f 153/282/157 159/283/158 158/284/156 152/285/155
f 154/286/159 160/287/160 159/288/158 153/289/157
f 155/290/161 161/291/162 160/292/160 154/293/159
f 156/294/154 162/295/153 161/296/162 155/297/161
f 157/280/152 163/298/163 168/299/164 162/300/153
f 158/279/156 164/301/165 163/298/163 157/280/152
f 159/283/158 165/302/166 164/303/165 158/284/156
f 160/304/160 166/305/167 165/302/166 159/283/158
f 161/291/162 167/306/168 166/307/167 160/292/160
f 162/308/153 168/309/164 167/310/168 161/311/162
f 163/298/163 169/312/169 174/313/170 168/299/164
f 164/301/165 170/314/171 169/312/169 163/298/163
f 165/302/166 171/315/172 170/316/171 164/303/165
f 166/305/167 172/317/173 171/315/172 165/302/166
f 167/306/168 173/318/174 172/319/173 166/307/167
f 168/320/164 174/321/170 173/322/174 167/323/168
f 169/312/169 175/324/175 180/325/176 174/313/170
f 170/314/171 176/326/177 175/324/175 169/312/169
f 171/315/172 177/327/178 176/328/177 170/316/171
f 172/317/173 178/329/179 177/327/178 171/315/172
f 173/318/174 179/330/180 178/331/179 172/319/173
f 174/321/170 180/332/176 179/333/180 173/322/174
f 175/324/175 181/334/181 186/335/182 180/325/176
f 176/326/177 182/336/183 181/334/181 175/324/175
f 177/327/178 183/337/184 182/338/183 176/328/177
f 178/329/179 184/339/185 183/337/184 177/327/178
f 179/330/180 185/340/186 184/341/185 178/331/179
f 180/332/176 186/342/182 185/343/186 179/333/180
f 181/334/181 187/344/187 192/345/188 186/335/182
f 182/336/183 188/346/189 187/344/187 181/334/181
f 183/337/184 189/347/190 188/348/189 182/338/183
f 184/339/185 190/349/191 189/347/190 183/337/184
f 185/340/186 191/350/192 190/351/191 184/341/185
f 186/342/182 192/352/188 191/353/192 185/343/186
f 187/354/187 193/355/193 198/356/194 192/357/188
f 188/346/189 194/358/195 193/359/193 187/344/187
f 189/347/190 195/360/196 194/361/195 188/348/189
f 190/349/191 196/362/197 195/360/196 189/347/190
f 191/350/192 197/363/198 196/364/197 190/351/191
f 192/352/188 198/365/194 197/366/198 191/353/192
f 199/367/199 205/368/200 210/369/201 204/370/202
f 200/371/203 206/372/204 205/373/200 199/374/199
f 201/375/205 207/376/206 206/377/204 200/378/203
f 202/379/207 208/380/208 207/381/206 201/382/205
f 203/383/209 209/384/210 208/385/208 202/386/207
f 204/387/202 210/388/201 209/384/210 203/383/209
f 205/368/200 211/389/211 216/390/212 210/369/201
f 206/372/204 212/391/213 211/392/211 205/373/200
f 207/376/206 213/393/214 212/394/213 206/377/204
f 208/380/208 214/395/215 213/396/214 207/381/206
f 209/384/210 215/397/216 214/398/215 208/385/208
f 210/388/201 216/399/212 215/397/216 209/384/210
f 211/389/211 217/400/217 222/401/218 216/390/212
f 212/391/213 218/402/219 217/403/217 211/392/211
f 213/393/214 219/404/220 218/405/219 212/394/213
f 214/406/215 220/407/221 219/404/220 213/393/214
f 215/397/216 221/408/222 220/409/221 214/398/215
f 216/399/212 222/410/218 221/408/222 215/397/216
f 217/411/217 223/412/223 228/413/224 222/414/218
f 218/402/219 224/415/225 223/416/223 217/403/217
f 219/404/220 225/417/226 224/418/225 218/405/219
f 220/407/221 226/419/227 225/417/226 219/404/220
f 221/408/222 227/420/228 226/421/227 220/409/221
f 222/414/218 228/413/224 227/422/228 221/423/222
f 223/412/223 229/424/229 234/425/230 228/413/224
f 224/415/225 230/426/231 229/427/229 223/416/223
f 225/417/226 231/428/232 230/429/231 224/418/225
f 226/419/227 232/430/233 231/428/232 225/417/226
f 227/420/228 233/431/234 232/432/233 226/421/227
f 228/433/224 234/434/230 233/431/234 227/420/228
f 229/424/229 235/435/235 240/436/236 234/425/230
f 230/426/231 236/437/237 235/438/235 229/427/229
f 231/428/232 237/439/238 236/440/237 230/429/231
f 232/430/233 238/441/239 237/439/238 231/428/232
f 233/431/234 239/442/240 238/443/239 232/432/233
f 234/434/230 240/444/236 239/442/240 233/431/234
f 241/445/241 247/446/242 252/447/243 246/448/244
f 242/449/245 248/450/246 247/451/242 241/452/241
f 243/453/247 249/454/248 248/455/246 242/456/245
f 244/457/249 250/458/250 249/459/248 243/460/247
f 245/461/251 251/462/252 250/458/250 244/457/249
f 246/463/244 252/464/243 251/465/252 245/466/251
f 247/451/242 253/467/253 258/468/254 252/469/243
f 248/450/246 254/470/255 253/467/253 247/451/242
f 249/454/248 255/471/256 254/472/255 248/455/246
f 250/458/250 256/473/257 255/474/256 249/459/248
f 251/462/252 257/475/258 256/473/257 250/458/250
f 252/464/243 258/476/254 257/477/258 251/465/252
f 253/467/253 259/478/259 264/479/260 258/468/254
f 254/470/255 260/480/261 259/478/259 253/467/253
f 255/471/256 261/481/262 260/482/261 254/472/255
f 256/473/257 262/483/263 261/484/262 255/474/256
f 257/475/258 263/485/264 262/483/263 256/473/257
f 258/486/254 264/487/260 263/488/264 257/489/258
f 259/490/259 265/491/265 270/492/266 264/487/260
f 260/480/261 266/493/267 265/494/265 259/478/259
f 261/495/262 267/496/268 266/497/267 260/498/261
f 262/483/263 268/499/269 267/500/268 261/484/262
f 263/485/264 269/501/270 268/499/269 262/483/263
f 264/487/260 270/492/266 269/502/270 263/488/264
f 265/494/265 271/503/271 276/504/272 270/505/266
f 266/493/267 272/506/273 271/503/271 265/494/265
f 267/496/268 273/507/274 272/508/273 266/497/267
f 268/499/269 274/509/275 273/510/274 267/500/268
f 269/501/270 275/511/276 274/509/275 268/499/269
f 270/492/266 276/512/272 275/513/276 269/502/270
f 271/503/271 277/514/277 282/515/278 276/504/272
f 272/506/273 278/516/279 277/514/277 271/503/271
f 273/507/274 279/517/280 278/518/279 272/508/273
f 274/509/275 280/519/281 279/520/280 273/510/274
f 275/511/276 281/521/282 280/519/281 274/509/275
f 276/512/272 282/522/278 281/523/282 275/513/276
f 283/524/283 289/525/284 294/526/285 288/527/286
f 284/528/287 290/529/288 289/530/284 283/531/283
f 285/532/289 291/533/290 290/534/288 284/535/287
f 286/536/291 292/537/292 291/538/290 285/539/289
f 287/540/293 293/541/294 292/542/292 286/543/291
f 288/544/286 294/545/285 293/546/294 287/547/293
f 289/525/284 295/548/295 300/549/296 294/526/285
f 290/529/288 296/550/297 295/551/295 289/530/284
f 291/533/290 297/552/298 296/553/297 290/534/288
f 292/537/292 298/554/299 297/555/298 291/538/290
f 293/541/294 299/556/300 298/557/299 292/542/292
f 294/526/285 300/549/296 299/558/300 293/559/294
f 295/548/295 301/560/301 306/561/302 300/549/296
f 296/550/297 302/562/303 301/563/301 295/551/295
f 297/552/298 303/564/304 302/565/303 296/553/297
f 298/554/299 304/566/305 303/567/304 297/555/298
f 299/556/300 305/568/306 304/569/305 298/557/299
f 300/549/296 306/561/302 305/570/306 299/558/300
f 301/560/301 307/571/307 312/572/308 306/561/302
f 302/562/303 308/573/309 307/574/307 301/563/301
f 303/567/304 309/575/310 308/576/309 302/577/303
f 304/566/305 310/578/311 309/575/310 303/567/304
f 305/568/306 311/579/312 310/580/311 304/569/305
f 306/561/302 312/572/308 311/581/312 305/570/306
f 307/571/307 313/582/313 318/583/314 312/572/308
f 308/573/309 314/584/315 313/585/313 307/574/307
f 309/575/310 315/586/316 314/587/315 308/576/309
f 310/578/311 316/588/317 315/586/316 309/575/310
f 311/579/312 317/589/318 316/590/317 310/580/311
f 312/572/308 318/583/314 317/591/318 311/581/312
f 313/592/313 319/593/319 324/594/320 318/595/314
f 314/584/315 320/596/321 319/597/319 313/585/313
f 315/598/316 321/599/322 320/600/321 314/601/315
f 316/602/317 322/603/323 321/599/322 315/598/316
f 317/589/318 323/604/324 322/605/323 316/590/317
f 318/595/314 324/594/320 323/606/324 317/607/318
f 325/608/325 331/609/326 336/610/327 330/611/328
f 326/612/329 332/613/330 331/614/326 325/615/325
f 327/616/331 333/617/332 332/618/330 326/619/329
f 328/620/333 334/621/334 333/622/332 327/623/331
f 329/624/335 335/625/336 334/626/334 328/627/333
f 330/628/328 336/629/327 335/630/336 329/631/335
f 331/609/326 337/632/337 342/633/338 336/610/327
f 332/613/330 338/634/339 337/635/337 331/614/326
f 333/617/332 339/636/340 338/637/339 332/618/330
f 334/621/334 340/638/341 339/639/340 333/622/332
f 335/625/336 341/640/342 340/641/341 334/626/334
f 336/629/327 342/642/338 341/643/342 335/630/336
f 337/632/337 343/644/343 348/645/344 342/633/338
f 338/634/339 344/646/345 343/647/343 337/635/337
f 339/636/340 345/648/346 344/649/345 338/637/339
f 340/638/341 346/650/347 345/651/346 339/639/340
f 341/640/342 347/652/348 346/653/347 340/641/341
f 342/642/338 348/654/344 347/655/348 341/643/342
f 343/644/343 349/656/349 354/657/350 348/645/344
f 344/646/345 350/658/351 349/659/349 343/647/343
f 345/648/346 351/660/352 350/661/351 344/649/345
f 346/653/347 352/662/353 351/663/352 345/664/346
f 347/652/348 353/665/354 352/662/353 346/653/347
f 348/654/344 354/666/350 353/667/354 347/655/348
f 349/656/349 355/668/355 360/669/356 354/657/350
f 350/658/351 356/670/357 355/671/355 349/659/349
f 351/660/352 357/672/358 356/673/357 350/661/351
f 352/674/353 358/675/359 357/676/358 351/677/352
f 353/665/354 359/678/360 358/679/359 352/662/353
f 354/666/350 360/680/356 359/681/360 353/667/354
f 355/671/355 361/682/361 366/683/362 360/684/356
f 356/670/357 362/685/363 361/682/361 355/671/355
f 357/672/358 363/686/364 362/687/363 356/673/357
f 358/679/359 364/688/365 363/689/364 357/690/358
f 359/678/360 365/691/366 364/688/365 358/679/359
f 360/680/356 366/692/362 365/693/366 359/681/360
f 367/694/367 373/695/368 378/696/369 372/697/370
f 368/698/371 374/699/372 373/700/368 367/701/367
f 369/702/373 375/703/374 374/704/372 368/705/371
f 370/706/375 376/707/376 375/708/374 369/709/373
f 371/710/377 377/711/378 376/712/376 370/713/375
f 372/714/370 378/715/369 377/716/378 371/717/377
f 373/695/368 379/718/379 384/719/380 378/696/369
f 374/699/372 380/720/381 379/721/379 373/700/368
f 375/703/374 381/722/382 380/723/381 374/704/372
f 376/707/376 382/724/383 381/725/382 375/708/374
f 377/711/378 383/726/384 382/727/383 376/712/376
f 378/696/369 384/719/380 383/728/384 377/729/378
f 379/718/379 385/730/385 390/731/386 384/719/380
f 380/720/381 386/732/387 385/733/385 379/721/379
f 381/725/382 387/734/388 386/735/387 380/736/381
f 382/724/383 388/737/389 387/734/388 381/725/382
f 383/726/384 389/738/390 388/739/389 382/727/383
f 384/719/380 390/731/386 389/740/390 383/728/384
f 385/730/385 391/741/391 396/742/392 390/731/386
f 386/732/387 392/743/393 391/744/391 385/733/385
f 387/734/388 393/745/394 392/746/393 386/735/387
f 388/737/389 394/747/395 393/745/394 387/734/388
f 389/738/390 395/748/396 394/749/395 388/739/389
f 390/731/386 396/742/392 395/750/396 389/740/390
f 397/751/397 403/752/398 408/753/399 402/754/400
f 398/755/401 404/756/402 403/757/398 397/758/397
f 399/759/403 405/760/404 404/761/402 398/762/401
f 400/763/405 406/764/406 405/760/404 399/759/403
f 401/765/407 407/766/408 406/767/406 400/768/405
f 402/754/400 408/753/399 407/769/408 401/770/407
f 403/752/398 409/771/409 414/772/410 408/753/399
f 404/756/402 410/773/411 409/774/409 403/757/398
f 405/760/404 411/775/412 410/776/411 404/761/402
f 406/764/406 412/777/413 411/775/412 405/760/404
f 407/766/408 413/778/414 412/779/413 406/767/406
f 408/753/399 414/772/410 413/780/414 407/769/408
f 409/771/409 415/781/415 420/782/416 414/772/410
f 410/773/411 416/783/417 415/784/415 409/774/409
f 411/775/412 417/785/418 416/786/417 410/776/411
f 412/777/413 418/787/419 417/785/418 411/775/412
f 413/778/414 419/788/420 418/789/419 412/779/413
f 414/772/410 420/782/416 419/790/420 413/780/414
f 421/791/421 427/792/422 432/793/423 426/794/424
f 422/795/425 428/796/426 427/797/422 421/798/421
f 423/799/427 429/800/428 428/801/426 422/802/425
f 424/803/429 430/804/430 429/805/428 423/806/427
f 425/807/431 431/808/432 430/809/430 424/810/429
f 426/811/424 432/812/423 431/813/432 425/814/431
f 427/792/422 433/815/433 438/816/434 432/793/423
f 428/796/426 434/817/435 433/818/433 427/797/422
f 429/800/428 435/819/436 434/820/435 428/801/426
f 430/821/430 436/822/437 435/819/436 429/800/428
f 431/808/432 437/823/438 436/824/437 430/809/430
f 432/812/423 438/825/434 437/826/438 431/813/432
f 433/827/433 439/828/439 444/829/440 438/825/434
f 434/817/435 440/830/441 439/831/439 433/818/433
f 435/819/436 441/832/442 440/833/441 434/820/435
f 436/822/437 442/834/443 441/832/442 435/819/436
f 437/823/438 443/835/444 442/836/443 436/824/437
f 438/825/434 444/829/440 443/837/444 437/826/438
f 445/838/445 451/839/446 456/840/447 450/841/448
f 446/842/449 452/843/450 451/839/446 445/838/445
f 447/844/451 453/845/452 452/846/450 446/847/449
f 448/848/453 454/849/454 453/850/452 447/851/451
f 449/852/455 455/853/456 454/849/454 448/848/453
f 450/854/448 456/855/447 455/856/456 449/857/455
f 451/839/446 457/858/457 462/859/458 456/840/447
f 452/843/450 458/860/459 457/858/457 451/839/446
f 453/845/452 459/861/460 458/862/459 452/846/450
f 454/863/454 460/864/461 459/865/460 453/866/452
f 455/853/456 461/867/462 460/868/461 454/849/454
f 456/855/447 462/869/458 461/870/462 455/856/456
f 457/858/457 463/871/463 468/872/464 462/859/458
f 458/860/459 464/873/465 463/871/463 457/858/457
f 459/861/460 465/874/466 464/875/465 458/862/459
f 460/864/461 466/876/467 465/877/466 459/865/460
f 461/867/462 467/878/468 466/879/467 460/868/461
f 462/869/458 468/880/464 467/881/468 461/870/462
f 469/882/469 475/883/470 480/884/471 474/885/472
f 470/886/473 476/887/474 475/888/470 469/889/469
f 471/890/475 477/891/476 476/892/474 470/893/473
f 472/894/477 478/895/478 477/891/476 471/890/475
f 473/896/479 479/897/480 478/898/478 472/899/477
f 474/885/472 480/884/471 479/900/480 473/901/479
f 475/883/470 481/902/481 486/903/482 480/884/471
f 476/887/474 482/904/483 481/905/481 475/888/470
f 477/891/476 483/906/484 482/907/483 476/892/474
f 478/895/478 484/908/485 483/906/484 477/891/476
f 479/897/480 485/909/486 484/910/485 478/898/478
f 480/884/471 486/903/482 485/911/486 479/900/480
f 481/902/481 487/912/487 492/913/488 486/903/482
f 482/904/483 488/914/489 487/915/487 481/905/481
f 483/906/484 489/916/490 488/917/489 482/907/483
f 484/908/485 490/918/491 489/916/490 483/906/484
f 485/909/486 491/919/492 490/920/491 484/910/485
f 486/903/482 492/913/488 491/921/492 485/911/486
f 493/922/493 499/923/493 504/924/494 498/925/494
f 494/926/495 500/927/495 499/923/493 493/922/493
f 495/928/496 501/929/496 500/930/495 494/931/495
f 496/932/497 502/933/497 501/934/496 495/935/496
f 497/936/498 503/937/498 502/933/497 496/932/497
f 498/938/494 504/939/494 503/940/498 497/941/498
f 505/942/499 511/943/499 516/944/500 510/945/500
f 506/946/501 512/947/501 511/948/499 505/949/499
f 507/950/502 513/951/503 512/947/501 506/946/501
f 508/952/504 514/953/504 513/954/503 507/955/502
f 509/956/505 515/957/505 514/953/504 508/952/504
f 510/958/500 516/959/500 515/960/505 509/961/505
f 517/962/506 523/963/506 528/964/507 522/965/507
f 518/966/508 524/967/508 523/963/506 517/962/506
f 519/968/509 525/969/509 524/970/508 518/971/508
f 520/972/510 526/973/510 525/974/509 519/975/509
f 521/976/511 527/977/511 526/973/510 520/972/510
f 522/978/507 528/979/507 527/980/511 521/981/511
f 529/982/512 535/983/512 540/984/513 534/985/513
f 530/986/514 536/987/514 535/988/512 529/989/512
f 531/990/515 537/991/515 536/992/514 530/993/514
f 532/994/516 538/995/516 537/991/515 531/990/515
f 533/996/517 539/997/517 538/998/516 532/999/516
f 534/985/513 540/984/513 539/1000/517 533/1001/517
f 541/1002/518 547/1003/518 552/1004/519 546/1005/519
f 542/1006/520 548/1007/520 547/1003/518 541/1002/518
f 543/1008/521 549/1009/521 548/1010/520 542/1011/520
f 544/1012/522 550/1013/522 549/1014/521 543/1015/521
f 545/1016/523 551/1017/523 550/1018/522 544/1019/522
f 546/1020/519 552/1021/519 551/1022/523 545/1023/523
f 553/1024/524 559/1025/525 564/1026/526 558/1027/527
f 554/1028/528 560/1029/529 559/1025/525 553/1024/524
f 555/1030/530 561/1031/531 560/1032/529 554/1033/528
f 556/1034/532 562/1035/533 561/1036/531 555/1037/530
f 557/1038/534 563/1039/535 562/1035/533 556/1034/532
f 558/1040/527 564/1041/526 563/1042/535 557/1043/534
f 559/1025/525 565/1044/536 570/1045/537 564/1026/526
f 560/1029/529 566/1046/538 565/1044/536 559/1025/525
f 561/1031/531 567/1047/539 566/1048/538 560/1032/529
f 562/1035/533 568/1049/540 567/1050/539 561/1036/531
f 563/1039/535 569/1051/541 568/1049/540 562/1035/533
f 564/1041/526 570/1052/537 569/1053/541 563/1042/535
f 565/1044/536 571/1054/542 576/1055/543 570/1045/537
f 566/1046/538 572/1056/544 571/1054/542 565/1044/536
f 567/1047/539 573/1057/545 572/1058/544 566/1048/538
f 568/1049/540 574/1059/546 573/1060/545 567/1050/539
f 569/1051/541 575/1061/547 574/1059/546 568/1049/540
f 570/1052/537 576/1062/543 575/1063/547 569/1053/541
f 571/1054/542 577/1064/548 582/1065/549 576/1055/543
f 572/1056/544 578/1066/550 577/1064/548 571/1054/542
f 573/1057/545 579/1067/551 578/1068/550 572/1058/544
f 574/1059/546 580/1069/552 579/1070/551 573/1060/545
f 575/1061/547 581/1071/553 580/1069/552 574/1059/546
f 576/1062/543 582/1072/549 581/1073/553 575/1063/547
f 577/1064/548 583/1074/554 588/1075/555 582/1065/549
f 578/1066/550 584/1076/556 583/1074/554 577/1064/548
f 579/1067/551 585/1077/557 584/1078/556 578/1068/550
f 580/1069/552 586/1079/558 585/1080/557 579/1070/551
f 581/1071/553 587/1081/559 586/1079/558 580/1069/552
f 582/1072/549 588/1082/555 587/1083/559 581/1073/553
f 589/1084/560 595/1085/561 600/1086/562 594/1087/563
f 590/1088/564 596/1089/565 595/1090/561 589/1091/560
f 591/1092/566 597/1093/567 596/1089/565 590/1088/564
f 592/1094/568 598/1095/569 597/1096/567 591/1097/566
f 593/1098/570 599/1099/571 598/1100/569 592/1101/568
f 594/1102/563 600/1103/562 599/1099/571 593/1098/570
f 595/1085/561 601/1104/572 606/1105/573 600/1086/562
f 596/1089/565 602/1106/574 601/1107/572 595/1090/561
f 597/1108/567 603/1109/575 602/1110/574 596/1111/565
f 598/1095/569 604/1112/576 603/1113/575 597/1096/567
f 599/1114/571 605/1115/577 604/1112/576 598/1095/569
f 600/1116/562 606/1117/573 605/1118/577 599/1119/571
f 601/1104/572 607/1120/578 612/1121/579 606/1105/573
f 602/1106/574 608/1122/580 607/1123/578 601/1107/572
f 603/1124/575 609/1125/581 608/1122/580 602/1106/574
f 604/1112/576 610/1126/582 609/1127/581 603/1113/575
f 605/1128/577 611/1129/583 610/1130/582 604/1131/576
f 606/1132/573 612/1133/579 611/1129/583 605/1128/577
f 607/1120/578 613/1134/584 618/1135/585 612/1121/579
f 608/1122/580 614/1136/586 613/1137/584 607/1123/578
f 609/1125/581 615/1138/587 614/1136/586 608/1122/580
f 610/1126/582 616/1139/588 615/1140/587 609/1127/581
f 611/1129/583 617/1141/589 616/1142/588 610/1130/582
f 612/1143/579 618/1144/585 617/1145/589 611/1146/583
f 613/1134/584 619/1147/590 624/1148/591 618/1135/585
f 614/1136/586 620/1149/592 619/1150/590 613/1137/584
f 615/1138/587 621/1151/593 620/1149/592 614/1136/586
f 616/1139/588 622/1152/594 621/1153/593 615/1140/587
f 617/1141/589 623/1154/595 622/1155/594 616/1142/588
f 618/1156/585 624/1157/591 623/1154/595 617/1141/589
f 625/1158/596 631/1159/597 636/1160/598 630/1161/599
f 626/1162/600 632/1163/601 631/1159/597 625/1158/596
f 627/1164/602 633/1165/603 632/1166/601 626/1167/600
f 628/1168/604 634/1169/605 633/1170/603 627/1171/602
f 629/1172/606 635/1173/607 634/1169/605 628/1168/604
f 630/1174/599 636/1175/598 635/1176/607 629/1177/606
f 631/1159/597 637/1178/608 642/1179/609 636/1160/598
f 632/1163/601 638/1180/610 637/1178/608 631/1159/597
f 633/1165/603 639/1181/611 638/1182/610 632/1166/601
f 634/1169/605 640/1183/612 639/1184/611 633/1170/603
f 635/1173/607 641/1185/613 640/1183/612 634/1169/605
f 636/1175/598 642/1186/609 641/1187/613 635/1176/607
f 637/1178/608 643/1188/614 648/1189/615 642/1179/609
f 638/1180/610 644/1190/616 643/1188/614 637/1178/608
f 639/1181/611 645/1191/617 644/1192/616 638/1182/610
f 640/1183/612 646/1193/618 645/1194/617 639/1184/611
f 641/1185/613 647/1195/619 646/1193/618 640/1183/612
f 642/1186/609 648/1196/615 647/1197/619 641/1187/613
f 643/1188/614 649/1198/620 654/1199/621 648/1189/615
f 644/1200/616 650/1201/622 649/1202/620 643/1203/614
f 645/1191/617 651/1204/623 650/1205/622 644/1192/616
f 646/1193/618 652/1206/624 651/1207/623 645/1194/617
f 647/1208/619 653/1209/625 652/1210/624 646/1211/618
f 648/1196/615 654/1212/621 653/1213/625 647/1197/619
f 649/1198/620 655/1214/626 660/1215/627 654/1199/621
f 650/1216/622 656/1217/628 655/1214/626 649/1198/620
f 651/1204/623 657/1218/629 656/1219/628 650/1205/622
f 652/1206/624 658/1220/630 657/1221/629 651/1207/623
f 653/1222/625 659/1223/631 658/1220/630 652/1206/624
f 654/1212/621 660/1224/627 659/1225/631 653/1213/625
f 661/1226/632 667/1227/633 672/1228/634 666/1229/635
f 662/1230/636 668/1231/637 667/1227/633 661/1226/632
f 663/1232/638 669/1233/639 668/1234/637 662/1235/636
f 664/1236/640 670/1237/641 669/1238/639 663/1239/638
f 665/1240/642 671/1241/643 670/1237/641 664/1236/640
f 666/1242/635 672/1243/634 671/1244/643 665/1245/642
f 667/1227/633 673/1246/644 678/1247/645 672/1228/634
f 668/1231/637 674/1248/646 673/1246/644 667/1227/633
f 669/1233/639 675/1249/647 674/1250/646 668/1234/637
f 670/1237/641 676/1251/648 675/1252/647 669/1238/639
f 671/1241/643 677/1253/649 676/1251/648 670/1237/641
f 672/1254/634 678/1255/645 677/1256/649 671/1257/643
f 673/1246/644 679/1258/650 684/1259/651 678/1247/645
f 674/1260/646 680/1261/652 679/1262/650 673/1263/644
f 675/1264/647 681/1265/653 680/1261/652 674/1260/646
f 676/1251/648 682/1266/654 681/1267/653 675/1252/647
f 677/1256/649 683/1268/655 682/1269/654 676/1270/648
f 678/1255/645 684/1271/651 683/1268/655 677/1256/649
f 679/1272/650 685/1273/656 690/1274/657 684/1275/651
f 680/1261/652 686/1276/658 685/1277/656 679/1262/650
f 681/1265/653 687/1278/659 686/1276/658 680/1261/652
f 682/1279/654 688/1280/660 687/1281/659 681/1282/653
f 683/1268/655 689/1283/661 688/1284/660 682/1269/654
f 684/1271/651 690/1285/657 689/1283/661 683/1268/655
f 685/1273/656 691/1286/662 696/1287/663 690/1274/657
f 686/1276/658 692/1288/664 691/1289/662 685/1277/656
f 687/1278/659 693/1290/665 692/1288/664 686/1276/658
f 688/1280/660 694/1291/666 693/1292/665 687/1281/659
f 689/1283/661 695/1293/667 694/1294/666 688/1284/660
f 690/1285/657 696/1295/663 695/1293/667 689/1283/661
f 697/1296/668 703/1297/669 708/1298/670 702/1299/671
f 698/1300/672 704/1301/673 703/1297/669 697/1296/668
f 699/1302/674 705/1303/675 704/1304/673 698/1305/672
f 700/1306/676 706/1307/677 705/1308/675 699/1309/674
f 701/1310/678 707/1311/679 706/1312/677 700/1313/676
f 702/1314/671 708/1315/670 707/1311/679 701/1310/678
f 703/1297/669 709/1316/680 714/1317/681 708/1298/670
f 704/1301/673 710/1318/682 709/1316/680 703/1297/669
f 705/1303/675 711/1319/683 710/1320/682 704/1304/673
f 706/1307/677 712/1321/684 711/1322/683 705/1308/675
f 707/1323/679 713/1324/685 712/1321/684 706/1307/677
f 708/1315/670 714/1325/681 713/1326/685 707/1311/679
f 709/1316/680 715/1327/686 720/1328/687 714/1317/681
f 710/1318/682 716/1329/688 715/1327/686 709/1316/680
f 711/1319/683 717/1330/689 716/1331/688 710/1320/682
f 712/1321/684 718/1332/690 717/1333/689 711/1322/683
f 713/1326/685 719/1334/691 718/1335/690 712/1336/684
f 714/1325/681 720/1337/687 719/1334/691 713/1326/685
f 715/1327/686 721/1338/692 726/1339/693 720/1328/687
f 716/1340/688 722/1341/694 721/1342/692 715/1343/686
f 717/1330/689 723/1344/695 722/1345/694 716/1331/688
f 718/1332/690 724/1346/696 723/1347/695 717/1333/689
f 719/1348/691 725/1349/697 724/1350/696 718/1351/690
f 720/1337/687 726/1352/693 725/1353/697 719/1334/691
f 721/1338/692 727/1354/698 732/1355/699 726/1339/693
f 722/1341/694 728/1356/700 727/1357/698 721/1342/692
f 723/1344/695 729/1358/701 728/1359/700 722/1345/694
f 724/1346/696 730/1360/702 729/1361/701 723/1347/695
f 725/1349/697 731/1362/703 730/1363/702 724/1350/696
f 726/1352/693 732/1364/699 731/1365/703 725/1353/697
f 733/1366/704 739/1367/705 744/1368/706 738/1369/707
f 734/1370/708 740/1371/709 739/1372/705 733/1373/704
f 735/1374/710 741/1375/711 740/1376/709 734/1377/708
f 736/1378/712 742/1379/713 741/1375/711 735/1374/710
f 737/1380/714 743/1381/715 742/1382/713 736/1383/712
f 738/1369/707 744/1368/706 743/1384/715 737/1385/714
f 739/1367/705 745/1386/716 750/1387/717 744/1368/706
f 740/1371/709 746/1388/718 745/1389/716 739/1372/705
f 741/1375/711 747/1390/719 746/1391/718 740/1376/709
f 742/1379/713 748/1392/720 747/1390/719 741/1375/711
f 743/1381/715 749/1393/721 748/1394/720 742/1382/713
f 744/1368/706 750/1387/717 749/1395/721 743/1384/715
f 745/1386/716 751/1396/722 756/1397/723 750/1387/717
f 746/1388/718 752/1398/724 751/1399/722 745/1389/716
f 747/1390/719 753/1400/725 752/1401/724 746/1391/718
f 748/1392/720 754/1402/726 753/1400/725 747/1390/719
f 749/1393/721 755/1403/727 754/1404/726 748/1394/720
f 750/1387/717 756/1397/723 755/1405/727 749/1395/721
f 751/1396/722 757/1406/728 762/1407/729 756/1397/723
f 752/1398/724 758/1408/730 757/1409/728 751/1399/722
f 753/1400/725 759/1410/731 758/1411/730 752/1401/724
f 754/1402/726 760/1412/732 759/1410/731 753/1400/725
f 755/1403/727 761/1413/733 760/1414/732 754/1404/726
f 756/1397/723 762/1407/729 761/1415/733 755/1405/727
f 757/1406/728 763/1416/734 768/1417/735 762/1407/729
f 758/1408/730 764/1418/736 763/1419/734 757/1409/728
f 759/1410/731 765/1420/737 764/1421/736 758/1411/730
f 760/1412/732 766/1422/738 765/1420/737 759/1410/731
f 761/1423/733 767/1424/739 766/1425/738 760/1426/732
f 762/1407/729 768/1417/735 767/1427/739 761/1415/733
f 769/1428/740 775/1429/741 780/1430/742 774/1431/743
f 770/1432/744 776/1433/745 775/1434/741 769/1435/740
f 771/1436/746 777/1437/747 776/1438/745 770/1439/744
f 772/1440/748 778/1441/749 777/1437/747 771/1436/746
f 773/1442/750 779/1443/751 778/1444/749 772/1445/748
f 774/1431/743 780/1430/742 779/1446/751 773/1447/750
f 775/1429/741 781/1448/752 786/1449/753 780/1430/742
f 776/1433/745 782/1450/754 781/1451/752 775/1434/741
f 777/1437/747 783/1452/755 782/1453/754 776/1438/745
f 778/1441/749 784/1454/756 783/1452/755 777/1437/747
f 779/1443/751 785/1455/757 784/1456/756 778/1444/749
f 780/1430/742 786/1449/753 785/1457/757 779/1446/751
f 781/1448/752 787/1458/758 792/1459/759 786/1449/753
f 782/1450/754 788/1460/760 787/1461/758 781/1451/752
f 783/1452/755 789/1462/761 788/1463/760 782/1453/754
f 784/1454/756 790/1464/762 789/1462/761 783/1452/755
f 785/1455/757 791/1465/763 790/1466/762 784/1456/756
f 786/1449/753 792/1459/759 791/1467/763 785/1457/757
f 787/1458/758 793/1468/764 798/1469/765 792/1459/759
f 788/1460/760 794/1470/766 793/1471/764 787/1461/758
f 789/1462/761 795/1472/767 794/1473/766 788/1463/760
f 790/1464/762 796/1474/768 795/1472/767 789/1462/761
f 791/1465/763 797/1475/769 796/1476/768 790/1466/762
f 792/1459/759 798/1469/765 797/1477/769 791/1467/763
f 793/1468/764 799/1478/770 804/1479/771 798/1469/765
f 794/1470/766 800/1480/772 799/1481/770 793/1471/764
f 795/1472/767 801/1482/773 800/1483/772 794/1473/766
f 796/1474/768 802/1484/774 801/1482/773 795/1472/767
f 797/1475/769 803/1485/775 802/1486/774 796/1476/768
f 798/1469/765 804/1479/771 803/1487/775 797/1477/769
f 805/1488/776 811/1489/777 816/1490/778 810/1491/779
f 806/1492/780 812/1493/781 811/1489/777 805/1488/776
f 807/1494/782 813/1495/783 812/1496/781 806/1497/780
f 808/1498/784 814/1499/785 813/1495/783 807/1494/782
f 809/1500/786 815/1501/787 814/1502/785 808/1503/784
f 810/1504/779 816/1505/778 815/1506/787 809/1507/786
f 811/1489/777 817/1508/788 822/1509/789 816/1490/778
f 812/1510/781 818/1511/790 817/1512/788 811/1513/777
f 813/1495/783 819/1514/791 818/1515/790 812/1496/781
f 814/1516/785 820/1517/792 819/1518/791 813/1519/783
f 815/1520/787 821/1521/793 820/1522/792 814/1523/785
f 816/1505/778 822/1524/789 821/1525/793 815/1506/787
f 817/1508/788 823/1526/794 828/1527/795 822/1509/789
f 818/1511/790 824/1528/796 823/1529/794 817/1512/788
f 819/1514/791 825/1530/797 824/1531/796 818/1515/790
f 820/1517/792 826/1532/798 825/1533/797 819/1518/791
f 821/1521/793 827/1534/799 826/1535/798 820/1522/792
f 822/1524/789 828/1536/795 827/1537/799 821/1525/793
f 823/1526/794 829/1538/800 834/1539/801 828/1527/795
f 824/1540/796 830/1541/802 829/1538/800 823/1526/794
f 825/1530/797 831/1542/803 830/1543/802 824/1531/796
f 826/1532/798 832/1544/804 831/1545/803 825/1533/797
f 827/1546/799 833/1547/805 832/1544/804 826/1532/798
f 828/1536/795 834/1548/801 833/1549/805 827/1537/799
f 829/1538/800 835/1550/806 840/1551/807 834/1539/801
f 830/1541/802 836/1552/808 835/1550/806 829/1538/800
f 831/1542/803 837/1553/809 836/1554/808 830/1543/802
f 832/1544/804 838/1555/810 837/1556/809 831/1545/803
f 833/1557/805 839/1558/811 838/1559/810 832/1560/804
f 834/1561/801 840/1562/807 839/1558/811 833/1557/805
f 841/1563/812 847/1564/813 852/1565/814 846/1566/815
f 842/1567/816 848/1568/817 847/1569/813 841/1570/812
f 843/1571/818 849/1572/819 848/1573/817 842/1574/816
f 844/1575/820 850/1576/821 849/1572/819 843/1571/818
f 845/1577/822 851/1578/823 850/1579/821 844/1580/820
f 846/1566/815 852/1565/814 851/1581/823 845/1582/822
f 847/1564/813 853/1583/824 858/1584/825 852/1565/814
f 848/1568/817 854/1585/826 853/1586/824 847/1569/813
f 849/1572/819 855/1587/827 854/1588/826 848/1573/817
f 850/1576/821 856/1589/828 855/1587/827 849/1572/819
f 851/1578/823 857/1590/829 856/1591/828 850/1579/821
f 852/1565/814 858/1584/825 857/1592/829 851/1581/823
f 853/1583/824 859/1593/830 864/1594/831 858/1584/825
f 854/1585/826 860/1595/832 859/1596/830 853/1586/824
f 855/1587/827 861/1597/833 860/1598/832 854/1588/826
f 856/1589/828 862/1599/834 861/1597/833 855/1587/827
f 857/1590/829 863/1600/835 862/1601/834 856/1591/828
f 858/1584/825 864/1594/831 863/1602/835 857/1592/829
f 859/1593/830 865/1603/836 870/1604/837 864/1594/831
f 860/1595/832 866/1605/838 865/1606/836 859/1596/830
f 861/1597/833 867/1607/839 866/1608/838 860/1598/832
f 862/1599/834 868/1609/840 867/1607/839 861/1597/833
f 863/1600/835 869/1610/841 868/1611/840 862/1601/834
f 864/1594/831 870/1604/837 869/1612/841 863/1602/835
f 865/1603/836 871/1613/842 876/1614/843 870/1604/837
f 866/1605/838 872/1615/844 871/1616/842 865/1606/836
f 867/1607/839 873/1617/845 872/1618/844 866/1608/838
f 868/1609/840 874/1619/846 873/1617/845 867/1607/839
f 869/1610/841 875/1616/847 874/1620/846 868/1611/840
f 870/1604/837 876/1614/843 875/1621/847 869/1612/841
f 877/1622/848 883/1623/849 888/1624/850 882/1625/851
f 878/1626/852 884/1627/853 883/1628/849 877/1629/848
f 879/1630/854 885/1631/855 884/1632/853 878/1633/852
f 880/1634/856 886/1635/857 885/1631/855 879/1630/854
f 881/1636/858 887/1637/859 886/1638/857 880/1639/856
f 882/1625/851 888/1624/850 887/1640/859 881/1641/858
f 883/1623/849 889/1642/860 894/1643/861 888/1624/850
f 884/1627/853 890/1644/862 889/1645/860 883/1628/849
f 885/1631/855 891/1646/863 890/1647/862 884/1632/853
f 886/1635/857 892/1648/864 891/1646/863 885/1631/855
f 887/1637/859 893/1649/865 892/1650/864 886/1638/857
f 888/1624/850 894/1643/861 893/1651/865 887/1640/859
f 889/1642/860 895/1652/866 900/1653/867 894/1643/861
f 890/1654/862 896/1655/868 895/1656/866 889/1657/860
f 891/1646/863 897/1658/869 896/1659/868 890/1647/862
f 892/1648/864 898/1660/870 897/1658/869 891/1646/863
f 893/1661/865 899/1662/871 898/1663/870 892/1664/864
f 894/1643/861 900/1653/867 899/1665/871 893/1651/865
f 895/1656/866 901/1666/872 906/1667/873 900/1668/867
f 896/1655/868 902/1669/874 901/1666/872 895/1656/866
f 897/1670/869 903/1671/875 902/1672/874 896/1673/868
f 898/1663/870 904/1674/876 903/1675/875 897/1676/869
f 899/1662/871 905/1677/877 904/1674/876 898/1663/870
f 900/1678/867 906/1679/873 905/1680/877 899/1681/871
f 901/1666/872 907/1682/878 912/1683/879 906/1667/873
f 902/1669/874 908/1684/880 907/1682/878 901/1666/872
f 903/1671/875 909/1685/881 908/1686/880 902/1672/874
f 904/1674/876 910/1687/882 909/1688/881 903/1675/875
f 905/1677/877 911/1689/883 910/1687/882 904/1674/876
f 906/1679/873 912/1690/879 911/1691/883 905/1680/877
f 913/1692/884 919/1693/885 924/1694/886 918/1695/887
f 914/1696/888 920/1697/889 919/1698/885 913/1699/884
f 915/1700/890 921/1701/891 920/1697/889 914/1696/888
f 916/1702/892 922/1703/893 921/1704/891 915/1705/890
f 917/1706/894 923/1707/895 922/1708/893 916/1709/892
f 918/1710/887 924/1711/886 923/1707/895 917/1706/894
f 919/1693/885 925/1712/896 930/1713/897 924/1694/886
f 920/1697/889 926/1714/898 925/1715/896 919/1698/885
f 921/1701/891 927/1716/899 926/1714/898 920/1697/889
f 922/1703/893 928/1717/900 927/1718/899 921/1704/891
f 923/1707/895 929/1719/901 928/1720/900 922/1708/893
f 924/1711/886 930/1721/897 929/1719/901 923/1707/895
f 925/1712/896 931/1722/902 936/1723/903 930/1713/897
f 926/1714/898 932/1724/904 931/1725/902 925/1715/896
f 927/1716/899 933/1726/905 932/1724/904 926/1714/898
f 928/1717/900 934/1727/906 933/1728/905 927/1718/899
f 929/1719/901 935/1729/907 934/1730/906 928/1720/900
f 930/1721/897 936/1731/903 935/1729/907 929/1719/901
f 931/1722/902 937/1732/908 942/1733/909 936/1723/903
f 932/1724/904 938/1734/910 937/1735/908 931/1725/902
f 933/1726/905 939/1736/911 938/1734/910 932/1724/904
f 934/1727/906 940/1737/912 939/1738/911 933/1728/905
f 935/1729/907 941/1739/913 940/1740/912 934/1730/906
f 936/1731/903 942/1741/909 941/1739/913 935/1729/907
f 937/1742/908 943/1743/914 948/1744/915 942/1745/909
f 938/1734/910 944/1746/916 943/1747/914 937/1735/908
f 939/1736/911 945/1748/917 944/1746/916 938/1734/910
f 940/1749/912 946/1750/918 945/1751/917 939/1752/911
f 941/1739/913 947/1753/919 946/1754/918 940/1740/912
f 942/1741/909 948/1755/915 947/1753/919 941/1739/913
f 949/1756/920 955/1757/921 960/1758/922 954/1759/923
f 950/1760/924 956/1761/925 955/1762/921 949/1763/920
f 951/1764/926 957/1765/927 956/1766/925 950/1767/924
f 952/1768/928 958/1769/929 957/1765/927 951/1764/926
f 953/1770/930 959/1771/931 958/1772/929 952/1773/928
f 954/1759/923 960/1758/922 959/1774/931 953/1775/930
f 955/1757/921 961/1776/932 966/1777/933 960/1758/922
f 956/1761/925 962/1778/934 961/1779/932 955/1762/921
f 957/1780/927 963/1781/935 962/1778/934 956/1761/925
f 958/1769/929 964/1782/936 963/1783/935 957/1765/927
f 959/1771/931 965/1784/937 964/1785/936 958/1772/929
f 960/1758/922 966/1777/933 965/1786/937 959/1774/931
f 961/1776/932 967/1787/938 972/1788/939 966/1777/933
f 962/1778/934 968/1789/940 967/1790/938 961/1779/932
f 963/1781/935 969/1791/941 968/1789/940 962/1778/934
f 964/1792/936 970/1793/942 969/1794/941 963/1795/935
f 965/1784/937 971/1796/943 970/1797/942 964/1785/936
f 966/1777/933 972/1788/939 971/1798/943 965/1786/937
f 967/1787/938 973/1799/944 978/1800/945 972/1788/939
f 968/1789/940 974/1801/946 973/1802/944 967/1790/938
f 969/1803/941 975/1804/947 974/1805/946 968/1806/940
f 970/1807/942 976/1808/948 975/1804/947 969/1803/941
f 971/1796/943 977/1809/949 976/1810/948 970/1797/942
f 972/1788/939 978/1800/945 977/1811/949 971/1798/943
f 973/1799/944 979/1812/950 984/1813/951 978/1800/945
f 974/1801/946 980/1814/952 979/1815/950 973/1802/944
f 975/1816/947 981/1817/953 980/1814/952 974/1801/946
f 976/1818/948 982/1819/954 981/1820/953 975/1821/947
f 977/1809/949 983/1822/955 982/1823/954 976/1810/948
f 978/1800/945 984/1813/951 983/1824/955 977/1811/949
f 985/1825/956 991/1826/957 996/1827/958 990/1828/959
f 986/1829/960 992/1830/961 991/1831/957 985/1832/956
f 987/1833/962 993/1834/963 992/1835/961 986/1836/960
f 988/1837/964 994/1838/965 993/1834/963 987/1833/962
f 989/1839/966 995/1840/967 994/1841/965 988/1842/964
f 990/1828/959 996/1827/958 995/1843/967 989/1844/966
f 991/1826/957 997/1845/968 1002/1846/969 996/1827/958
f 992/1830/961 998/1847/970 997/1848/968 991/1831/957
f 993/1834/963 999/1849/971 998/1850/970 992/1835/961
f 994/1838/965 1000/1851/972 999/1849/971 993/1834/963
f 995/1840/967 1001/1852/973 1000/1853/972 994/1841/965
f 996/1827/958 1002/1846/969 1001/1854/973 995/1843/967
f 997/1845/968 1003/1855/974 1008/1856/975 1002/1846/969
f 998/1847/970 1004/1857/976 1003/1858/974 997/1848/968
f 999/1849/971 1005/1859/977 1004/1860/976 998/1850/970
f 1000/1851/972 1006/1861/978 1005/1859/977 999/1849/971
f 1001/1852/973 1007/1862/979 1006/1863/978 1000/1853/972
f 1002/1846/969 1008/1856/975 1007/1864/979 1001/1854/973
f 1003/1855/974 1009/1865/980 1014/1866/981 1008/1856/975
f 1004/1857/976 1010/1867/982 1009/1868/980 1003/1858/974
f 1005/1859/977 1011/1869/983 1010/1870/982 1004/1860/976
f 1006/1861/978 1012/1871/984 1011/1869/983 1005/1859/977
f 1007/1862/979 1013/1872/985 1012/1873/984 1006/1863/978
f 1008/1856/975 1014/1866/981 1013/1874/985 1007/1864/979
f 1009/1875/980 1015/1876/986 1020/1877/987 1014/1878/981
f 1010/1867/982 1016/1879/988 1015/1880/986 1009/1868/980
f 1011/1881/983 1017/1882/989 1016/1879/988 1010/1867/982
f 1012/1883/984 1018/1884/990 1017/1885/989 1011/1886/983
f 1013/1872/985 1019/1887/991 1018/1888/990 1012/1873/984
f 1014/1866/981 1020/1889/987 1019/1890/991 1013/1874/985
f 1021/1891/992 1027/1892/993 1032/1893/994 1026/1894/995
f 1022/1895/996 1028/1896/997 1027/1897/993 1021/1898/992
f 1023/1899/998 1029/1900/999 1028/1901/997 1022/1902/996
f 1024/1903/1000 1030/1904/1001 1029/1900/999 1023/1899/998
f 1025/1905/1002 1031/1906/1003 1030/1907/1001 1024/1908/1000
f 1026/1894/995 1032/1893/994 1031/1909/1003 1025/1910/1002
f 1027/1892/993 1033/1911/1004 1038/1912/1005 1032/1893/994
f 1028/1896/997 1034/1913/1006 1033/1914/1004 1027/1897/993
f 1029/1900/999 1035/1915/1007 1034/1916/1006 1028/1901/997
f 1030/1904/1001 1036/1917/1008 1035/1915/1007 1029/1900/999
f 1031/1906/1003 1037/1918/1009 1036/1919/1008 1030/1907/1001
f 1032/1893/994 1038/1912/1005 1037/1920/1009 1031/1909/1003
f 1033/1911/1004 1039/1921/1010 1044/1922/1011 1038/1912/1005
f 1034/1913/1006 1040/1923/1012 1039/1924/1010 1033/1914/1004
f 1035/1915/1007 1041/1925/1013 1040/1926/1012 1034/1916/1006
f 1036/1917/1008 1042/1927/1014 1041/1925/1013 1035/1915/1007
f 1037/1918/1009 1043/1928/1015 1042/1929/1014 1036/1919/1008
f 1038/1912/1005 1044/1922/1011 1043/1930/1015 1037/1920/1009
f 1039/1921/1010 1045/1931/1016 1050/1932/1017 1044/1922/1011
f 1040/1923/1012 1046/1933/1018 1045/1934/1016 1039/1924/1010
f 1041/1925/1013 1047/1935/1019 1046/1936/1018 1040/1926/1012
f 1042/1927/1014 1048/1937/1020 1047/1935/1019 1041/1925/1013
f 1043/1928/1015 1049/1938/1021 1048/1939/1020 1042/1929/1014
f 1044/1922/1011 1050/1932/1017 1049/1940/1021 1043/1930/1015
f 1045/1931/1016 1051/1941/1022 1056/1942/1023 1050/1932/1017
f 1046/1933/1018 1052/1943/1024 1051/1944/1022 1045/1934/1016
f 1047/1935/1019 1053/1945/1025 1052/1946/1024 1046/1936/1018
f 1048/1937/1020 1054/1947/1026 1053/1945/1025 1047/1935/1019
f 1049/1938/1021 1055/1948/1027 1054/1949/1026 1048/1939/1020
f 1050/1932/1017 1056/1942/1023 1055/1950/1027 1049/1940/1021
f 1057/1951/1028 1063/1952/1029 1068/1953/1030 1062/1954/1031
f 1058/1955/1032 1064/1956/1033 1063/1952/1029 1057/1951/1028
f 1059/1957/1034 1065/1958/1035 1064/1959/1033 1058/1960/1032
f 1060/1961/1036 1066/1962/1037 1065/1963/1035 1059/1964/1034
f 1061/1965/1038 1067/1966/1039 1066/1962/1037 1060/1961/1036
f 1062/1967/1031 1068/1968/1030 1067/1969/1039 1061/1970/1038
f 1063/1952/1029 1069/1971/1040 1074/1972/1041 1068/1953/1030
f 1064/1956/1033 1070/1973/1042 1069/1971/1040 1063/1952/1029
f 1065/1958/1035 1071/1974/1043 1070/1975/1042 1064/1959/1033
f 1066/1962/1037 1072/1976/1044 1071/1977/1043 1065/1963/1035
f 1067/1966/1039 1073/1978/1045 1072/1976/1044 1066/1962/1037
f 1068/1968/1030 1074/1979/1041 1073/1980/1045 1067/1969/1039
f 1069/1971/1040 1075/1981/1046 1080/1982/1047 1074/1972/1041
f 1070/1973/1042 1076/1983/1048 1075/1981/1046 1069/1971/1040
f 1071/1974/1043 1077/1984/1049 1076/1985/1048 1070/1975/1042
f 1072/1976/1044 1078/1986/1050 1077/1987/1049 1071/1977/1043
f 1073/1978/1045 1079/1988/1051 1078/1986/1050 1072/1976/1044
f 1074/1979/1041 1080/1989/1047 1079/1990/1051 1073/1980/1045
f 1075/1991/1046 1081/1992/1052 1086/1993/1053 1080/1994/1047
f 1076/1985/1048 1082/1995/1054 1081/1996/1052 1075/1997/1046
f 1077/1984/1049 1083/1998/1055 1082/1995/1054 1076/1985/1048
f 1078/1999/1050 1084/2000/1056 1083/2001/1055 1077/2002/1049
f 1079/1990/1051 1085/2003/1057 1084/2004/1056 1078/2005/1050
f 1080/1989/1047 1086/2006/1053 1085/2003/1057 1079/1990/1051
f 1081/1992/1052 1087/2007/1058 1092/2008/1059 1086/1993/1053
f 1082/1995/1054 1088/2009/1060 1087/2010/1058 1081/1996/1052
f 1083/1998/1055 1089/2011/1061 1088/2009/1060 1082/1995/1054
f 1084/2000/1056 1090/2012/1062 1089/2013/1061 1083/2001/1055
f 1085/2003/1057 1091/2014/1063 1090/2015/1062 1084/2004/1056
f 1086/2006/1053 1092/2016/1059 1091/2014/1063 1085/2003/1057
f 1093/2017/1064 1099/2018/1065 1104/2019/1066 1098/2020/1067
f 1094/2021/1068 1100/2022/1069 1099/2023/1065 1093/2024/1064
f 1095/2025/1070 1101/2026/1071 1100/2022/1069 1094/2021/1068
f 1096/2027/1072 1102/2028/1073 1101/2029/1071 1095/2030/1070
f 1097/2031/1074 1103/2032/1075 1102/2033/1073 1096/2034/1072
f 1098/2020/1067 1104/2019/1066 1103/2035/1075 1097/2036/1074
f 1099/2018/1065 1105/2037/1076 1110/2038/1077 1104/2019/1066
f 1100/2022/1069 1106/2039/1078 1105/2040/1076 1099/2023/1065
f 1101/2026/1071 1107/2041/1079 1106/2039/1078 1100/2022/1069
f 1102/2028/1073 1108/2042/1080 1107/2043/1079 1101/2029/1071
f 1103/2032/1075 1109/2044/1081 1108/2045/1080 1102/2033/1073
f 1104/2019/1066 1110/2038/1077 1109/2046/1081 1103/2035/1075
f 1105/2037/1076 1111/2047/1082 1116/2048/1083 1110/2038/1077
f 1106/2039/1078 1112/2049/1084 1111/2050/1082 1105/2040/1076
f 1107/2041/1079 1113/2051/1085 1112/2049/1084 1106/2039/1078
f 1108/2042/1080 1114/2052/1086 1113/2053/1085 1107/2043/1079
f 1109/2044/1081 1115/2054/1087 1114/2055/1086 1108/2045/1080
f 1110/2038/1077 1116/2048/1083 1115/2056/1087 1109/2046/1081
f 1111/2047/1082 1117/2057/1088 1122/2058/1089 1116/2048/1083
f 1112/2049/1084 1118/2059/1090 1117/2060/1088 1111/2050/1082
f 1113/2051/1085 1119/2061/1091 1118/2059/1090 1112/2049/1084
f 1114/2052/1086 1120/2062/1092 1119/2063/1091 1113/2053/1085
f 1115/2054/1087 1121/2064/1093 1120/2065/1092 1114/2055/1086
f 1116/2048/1083 1122/2058/1089 1121/2066/1093 1115/2056/1087
f 1117/2057/1088 1123/2067/1094 1128/2068/1095 1122/2058/1089
f 1118/2059/1090 1124/2069/1096 1123/2070/1094 1117/2060/1088
f 1119/2061/1091 1125/2071/1097 1124/2069/1096 1118/2059/1090
f 1120/2062/1092 1126/2072/1098 1125/2073/1097 1119/2063/1091
f 1121/2064/1093 1127/2074/1099 1126/2075/1098 1120/2065/1092
f 1122/2076/1089 1128/2077/1095 1127/2074/1099 1121/2064/1093
f 1129/2078/1100 1135/2079/1101 1140/2080/1102 1134/2081/1103
f 1130/2082/1104 1136/2083/1105 1135/2079/1101 1129/2078/1100
f 1131/2084/1106 1137/2085/1107 1136/2086/1105 1130/2087/1104
f 1132/2088/1108 1138/2089/1109 1137/2090/1107 1131/2091/1106
f 1133/2092/1110 1139/2093/1111 1138/2089/1109 1132/2088/1108
f 1134/2094/1103 1140/2095/1102 1139/2096/1111 1133/2097/1110
f 1135/2079/1101 1141/2098/1112 1146/2099/1113 1140/2080/1102
f 1136/2083/1105 1142/2100/1114 1141/2098/1112 1135/2079/1101
f 1137/2085/1107 1143/2101/1115 1142/2102/1114 1136/2086/1105
f 1138/2089/1109 1144/2103/1116 1143/2104/1115 1137/2090/1107
f 1139/2093/1111 1145/2105/1117 1144/2103/1116 1138/2089/1109
f 1140/2095/1102 1146/2106/1113 1145/2107/1117 1139/2096/1111
f 1141/2098/1112 1147/2108/1118 1152/2109/1119 1146/2099/1113
f 1142/2102/1114 1148/2110/1120 1147/2111/1118 1141/2112/1112
f 1143/2101/1115 1149/2113/1121 1148/2110/1120 1142/2102/1114
f 1144/2103/1116 1150/2114/1122 1149/2115/1121 1143/2104/1115
f 1145/2107/1117 1151/2116/1123 1150/2117/1122 1144/2118/1116
f 1146/2106/1113 1152/2119/1119 1151/2116/1123 1145/2107/1117
f 1147/2108/1118 1153/2120/1124 1158/2121/1125 1152/2109/1119
f 1148/2110/1120 1154/2122/1126 1153/2123/1124 1147/2111/1118
f 1149/2113/1121 1155/2124/1127 1154/2122/1126 1148/2110/1120
f 1150/2114/1122 1156/2125/1128 1155/2126/1127 1149/2115/1121
f 1151/2116/1123 1157/2127/1129 1156/2128/1128 1150/2117/1122
f 1152/2119/1119 1158/2129/1125 1157/2127/1129 1151/2116/1123
f 1153/2120/1124 1159/2130/1130 1164/2131/1131 1158/2121/1125
f 1154/2122/1126 1160/2132/1132 1159/2133/1130 1153/2123/1124
f 1155/2124/1127 1161/2134/1133 1160/2132/1132 1154/2122/1126
f 1156/2125/1128 1162/2135/1134 1161/2136/1133 1155/2126/1127
f 1157/2127/1129 1163/2137/1135 1162/2138/1134 1156/2128/1128
f 1158/2129/1125 1164/2139/1131 1163/2137/1135 1157/2127/1129
f 1165/2140/1136 1171/2141/1137 1176/2142/1138 1170/2143/1139
f 1166/2144/1140 1172/2145/1141 1171/2146/1137 1165/2147/1136
f 1167/2148/1142 1173/2149/1143 1172/2150/1141 1166/2151/1140
f 1168/2152/1144 1174/2153/1145 1173/2149/1143 1167/2148/1142
f 1169/2154/1146 1175/2155/1147 1174/2156/1145 1168/2157/1144
f 1170/2143/1139 1176/2142/1138 1175/2158/1147 1169/2159/1146
f 1171/2141/1137 1177/2160/1148 1182/2161/1149 1176/2142/1138
f 1172/2145/1141 1178/2162/1150 1177/2163/1148 1171/2146/1137
f 1173/2149/1143 1179/2164/1151 1178/2165/1150 1172/2150/1141
f 1174/2153/1145 1180/2166/1152 1179/2164/1151 1173/2149/1143
f 1175/2155/1147 1181/2167/1153 1180/2168/1152 1174/2156/1145
f 1176/2142/1138 1182/2161/1149 1181/2169/1153 1175/2158/1147
f 1177/2160/1148 1183/2170/1154 1188/2171/1155 1182/2161/1149
f 1178/2162/1150 1184/2172/1156 1183/2173/1154 1177/2163/1148
f 1179/2164/1151 1185/2174/1157 1184/2175/1156 1178/2165/1150
f 1180/2166/1152 1186/2176/1158 1185/2174/1157 1179/2164/1151
f 1181/2167/1153 1187/2177/1159 1186/2178/1158 1180/2168/1152
f 1182/2161/1149 1188/2171/1155 1187/2179/1159 1181/2169/1153
f 1183/2170/1154 1189/2180/1160 1194/2181/1161 1188/2171/1155
f 1184/2172/1156 1190/2182/1162 1189/2183/1160 1183/2173/1154
f 1185/2174/1157 1191/2184/1163 1190/2185/1162 1184/2175/1156
f 1186/2176/1158 1192/2186/1164 1191/2184/1163 1185/2174/1157
f 1187/2187/1159 1193/2188/1165 1192/2189/1164 1186/2190/1158
f 1188/2171/1155 1194/2181/1161 1193/2191/1165 1187/2179/1159
f 1189/2180/1160 1195/2192/1166 1200/2193/1167 1194/2181/1161
f 1190/2182/1162 1196/2194/1168 1195/2195/1166 1189/2183/1160
f 1191/2184/1163 1197/2196/1169 1196/2197/1168 1190/2185/1162
f 1192/2186/1164 1198/2198/1170 1197/2196/1169 1191/2184/1163
f 1193/2199/1165 1199/2200/1171 1198/2201/1170 1192/2202/1164
f 1194/2181/1161 1200/2193/1167 1199/2203/1171 1193/2191/1165
f 1201/2204/1172 1207/2205/1173 1212/2206/1174 1206/2207/1175
f 1202/2208/1176 1208/2209/1177 1207/2205/1173 1201/2204/1172
f 1203/2210/1178 1209/2211/1179 1208/2212/1177 1202/2213/1176
f 1204/2214/1180 1210/2215/1181 1209/2211/1179 1203/2210/1178
f 1205/2216/1182 1211/2217/1183 1210/2218/1181 1204/2219/1180
f 1206/2220/1175 1212/2221/1174 1211/2222/1183 1205/2223/1182
f 1207/2205/1173 1213/2224/1184 1218/2225/1185 1212/2206/1174
f 1208/2209/1177 1214/2226/1186 1213/2224/1184 1207/2205/1173
f 1209/2211/1179 1215/2227/1187 1214/2228/1186 1208/2212/1177
f 1210/2215/1181 1216/2229/1188 1215/2227/1187 1209/2211/1179
f 1211/2217/1183 1217/2230/1189 1216/2231/1188 1210/2218/1181
f 1212/2221/1174 1218/2232/1185 1217/2233/1189 1211/2222/1183
f 1213/2234/1184 1219/2235/1190 1224/2236/1191 1218/2232/1185
f 1214/2226/1186 1220/2237/1192 1219/2238/1190 1213/2224/1184
f 1215/2227/1187 1221/2239/1193 1220/2240/1192 1214/2228/1186
f 1216/2229/1188 1222/2241/1194 1221/2239/1193 1215/2227/1187
f 1217/2230/1189 1223/2242/1195 1222/2243/1194 1216/2231/1188
f 1218/2232/1185 1224/2236/1191 1223/2244/1195 1217/2233/1189
f 1219/2238/1190 1225/2245/1196 1230/2246/1197 1224/2247/1191
f 1220/2237/1192 1226/2248/1198 1225/2245/1196 1219/2238/1190
f 1221/2239/1193 1227/2249/1199 1226/2250/1198 1220/2240/1192
f 1222/2241/1194 1228/2251/1200 1227/2249/1199 1221/2239/1193
f 1223/2242/1195 1229/2252/1201 1228/2253/1200 1222/2243/1194
f 1224/2236/1191 1230/2254/1197 1229/2255/1201 1223/2244/1195
f 1225/2256/1196 1231/2257/1202 1236/2258/1203 1230/2259/1197
f 1226/2248/1198 1232/2260/1204 1231/2261/1202 1225/2245/1196
f 1227/2249/1199 1233/2262/1205 1232/2263/1204 1226/2250/1198
f 1228/2264/1200 1234/2265/1206 1233/2266/1205 1227/2267/1199
f 1229/2252/1201 1235/2268/1207 1234/2269/1206 1228/2253/1200
f 1230/2254/1197 1236/2270/1203 1235/2271/1207 1229/2255/1201
f 1237/2272/1208 1243/2273/1209 1248/2274/1210 1242/2275/1211
f 1238/2276/1212 1244/2277/1213 1243/2273/1209 1237/2272/1208
f 1239/2278/1214 1245/2279/1215 1244/2280/1213 1238/2281/1212
f 1240/2282/1216 1246/2283/1217 1245/2284/1215 1239/2285/1214
f 1241/2286/1218 1247/2287/1219 1246/2283/1217 1240/2282/1216
f 1242/2288/1211 1248/2289/1210 1247/2290/1219 1241/2291/1218
f 1243/2292/1209 1249/2293/1220 1254/2294/1221 1248/2295/1210
f 1244/2280/1213 1250/2296/1222 1249/2297/1220 1243/2298/1209
f 1245/2279/1215 1251/2299/1223 1250/2296/1222 1244/2280/1213
f 1246/2300/1217 1252/2301/1224 1251/2302/1223 1245/2303/1215
f 1247/2290/1219 1253/2304/1225 1252/2305/1224 1246/2306/1217
f 1248/2289/1210 1254/2307/1221 1253/2304/1225 1247/2290/1219
f 1249/2293/1220 1255/2308/1226 1260/2309/1227 1254/2294/1221
f 1250/2296/1222 1256/2310/1228 1255/2311/1226 1249/2297/1220
f 1251/2299/1223 1257/2312/1229 1256/2310/1228 1250/2296/1222
f 1252/2301/1224 1258/2313/1230 1257/2314/1229 1251/2302/1223
f 1253/2304/1225 1259/2315/1231 1258/2316/1230 1252/2305/1224
f 1254/2307/1221 1260/2317/1227 1259/2315/1231 1253/2304/1225
f 1255/2308/1226 1261/2318/1232 1266/2319/1233 1260/2309/1227
f 1256/2310/1228 1262/2320/1234 1261/2321/1232 1255/2311/1226
f 1257/2312/1229 1263/2322/1235 1262/2320/1234 1256/2310/1228
f 1258/2313/1230 1264/2323/1236 1263/2324/1235 1257/2314/1229
f 1259/2315/1231 1265/2325/1237 1264/2326/1236 1258/2316/1230
f 1260/2317/1227 1266/2327/1233 1265/2325/1237 1259/2315/1231
f 1261/2318/1232 1267/2328/1238 1272/2329/1239 1266/2319/1233
f 1262/2320/1234 1268/2330/1240 1267/2331/1238 1261/2321/1232
f 1263/2322/1235 1269/2332/1241 1268/2330/1240 1262/2320/1234
f 1264/2323/1236 1270/2333/1242 1269/2334/1241 1263/2324/1235
f 1265/2325/1237 1271/2335/1243 1270/2336/1242 1264/2326/1236
f 1266/2327/1233 1272/2337/1239 1271/2335/1243 1265/2325/1237
f 1273/2338/1244 1279/2339/1245 1284/2340/1246 1278/2341/1247
f 1274/2342/1248 1280/2343/1249 1279/2344/1245 1273/2345/1244
f 1275/2346/1250 1281/2347/1251 1280/2348/1249 1274/2349/1248
f 1276/2350/1252 1282/2351/1253 1281/2347/1251 1275/2346/1250
f 1277/2352/1254 1283/2353/1255 1282/2354/1253 1276/2355/1252
f 1278/2341/1247 1284/2340/1246 1283/2356/1255 1277/2357/1254
f 1279/2339/1245 1285/2358/1256 1290/2359/1257 1284/2340/1246
f 1280/2343/1249 1286/2360/1258 1285/2361/1256 1279/2344/1245
f 1281/2362/1251 1287/2363/1259 1286/2364/1258 1280/2365/1249
f 1282/2351/1253 1288/2366/1260 1287/2367/1259 1281/2347/1251
f 1283/2368/1255 1289/2369/1261 1288/2370/1260 1282/2371/1253
f 1284/2372/1246 1290/2373/1257 1289/2369/1261 1283/2368/1255
f 1285/2358/1256 1291/2374/1262 1296/2375/1263 1290/2359/1257
f 1286/2364/1258 1292/2376/1264 1291/2377/1262 1285/2378/1256
f 1287/2363/1259 1293/2379/1265 1292/2376/1264 1286/2364/1258
f 1288/2366/1260 1294/2380/1266 1293/2381/1265 1287/2367/1259
f 1289/2369/1261 1295/2382/1267 1294/2383/1266 1288/2370/1260
f 1290/2373/1257 1296/2384/1263 1295/2382/1267 1289/2369/1261
f 1291/2385/1262 1297/2386/1268 1302/2387/1269 1296/2388/1263
f 1292/2389/1264 1298/2390/1270 1297/2386/1268 1291/2385/1262
f 1293/2379/1265 1299/2391/1271 1298/2392/1270 1292/2376/1264
f 1294/2393/1266 1300/2394/1272 1299/2395/1271 1293/2396/1265
f 1295/2397/1267 1301/2398/1273 1300/2394/1272 1294/2393/1266
f 1296/2384/1263 1302/2399/1269 1301/2400/1273 1295/2382/1267
f 1297/2386/1268 1303/2401/1274 1308/2402/1275 1302/2387/1269
f 1298/2390/1270 1304/2403/1276 1303/2401/1274 1297/2386/1268
f 1299/2391/1271 1305/2404/1277 1304/2405/1276 1298/2392/1270
f 1300/2394/1272 1306/2406/1278 1305/2407/1277 1299/2395/1271
f 1301/2398/1273 1307/2408/1279 1306/2406/1278 1300/2394/1272
f 1302/2399/1269 1308/2409/1275 1307/2410/1279 1301/2400/1273
f 1309/2411/1280 1315/2412/1281 1320/2413/1282 1314/2414/1283
f 1310/2415/1284 1316/2416/1285 1315/2412/1281 1309/2411/1280
f 1311/2417/1286 1317/2418/1287 1316/2419/1285 1310/2420/1284
f 1312/2421/1288 1318/2422/1289 1317/2423/1287 1311/2424/1286
f 1313/2425/1290 1319/2426/1291 1318/2422/1289 1312/2421/1288
f 1314/2427/1283 1320/2428/1282 1319/2429/1291 1313/2430/1290
f 1315/2431/1281 1321/2432/1292 1326/2433/1293 1320/2434/1282
f 1316/2416/1285 1322/2435/1294 1321/2436/1292 1315/2412/1281
f 1317/2418/1287 1323/2437/1295 1322/2438/1294 1316/2419/1285
f 1318/2439/1289 1324/2440/1296 1323/2441/1295 1317/2442/1287
f 1319/2426/1291 1325/2443/1297 1324/2444/1296 1318/2422/1289
f 1320/2428/1282 1326/2445/1293 1325/2446/1297 1319/2429/1291
f 1321/2432/1292 1327/2447/1298 1332/2448/1299 1326/2433/1293
f 1322/2435/1294 1328/2449/1300 1327/2450/1298 1321/2436/1292
f 1323/2437/1295 1329/2451/1301 1328/2452/1300 1322/2438/1294
f 1324/2440/1296 1330/2453/1302 1329/2454/1301 1323/2441/1295
f 1325/2443/1297 1331/2455/1303 1330/2456/1302 1324/2444/1296
f 1326/2445/1293 1332/2457/1299 1331/2458/1303 1325/2446/1297
f 1327/2447/1298 1333/2459/1304 1338/2460/1305 1332/2448/1299
f 1328/2449/1300 1334/2461/1306 1333/2462/1304 1327/2450/1298
f 1329/2451/1301 1335/2463/1307 1334/2464/1306 1328/2452/1300
f 1330/2453/1302 1336/2465/1308 1335/2466/1307 1329/2454/1301
f 1331/2455/1303 1337/2467/1309 1336/2468/1308 1330/2456/1302
f 1332/2457/1299 1338/2469/1305 1337/2470/1309 1331/2458/1303
f 1333/2459/1304 1339/2471/1310 1344/2472/1311 1338/2460/1305
f 1334/2461/1306 1340/2473/1312 1339/2474/1310 1333/2462/1304
f 1335/2463/1307 1341/2475/1313 1340/2476/1312 1334/2464/1306
f 1336/2465/1308 1342/2477/1314 1341/2478/1313 1335/2466/1307
f 1337/2479/1309 1343/2480/1315 1342/2477/1314 1336/2465/1308
f 1338/2469/1305 1344/2481/1311 1343/2482/1315 1337/2470/1309
f 1345/2483/1316 1351/2484/1317 1356/2485/1318 1350/2486/1319
f 1346/2487/1320 1352/2488/1321 1351/2489/1317 1345/2490/1316
f 1347/2491/1322 1353/2492/1323 1352/2493/1321 1346/2494/1320
f 1348/2495/1324 1354/2496/1325 1353/2492/1323 1347/2491/1322
f 1349/2497/1326 1355/2498/1327 1354/2499/1325 1348/2500/1324
f 1350/2486/1319 1356/2485/1318 1355/2501/1327 1349/2502/1326
f 1351/2484/1317 1357/2503/1328 1362/2504/1329 1356/2485/1318
f 1352/2505/1321 1358/2506/1330 1357/2507/1328 1351/2508/1317
f 1353/2509/1323 1359/2510/1331 1358/2506/1330 1352/2505/1321
f 1354/2496/1325 1360/2511/1332 1359/2512/1331 1353/2492/1323
f 1355/2513/1327 1361/2514/1333 1360/2515/1332 1354/2516/1325
f 1356/2517/1318 1362/2518/1329 1361/2514/1333 1355/2513/1327
f 1357/2503/1328 1363/2519/1334 1368/2520/1335 1362/2504/1329
f 1358/2521/1330 1364/2522/1336 1363/2523/1334 1357/2524/1328
f 1359/2510/1331 1365/2525/1337 1364/2526/1336 1358/2506/1330
f 1360/2511/1332 1366/2527/1338 1365/2528/1337 1359/2512/1331
f 1361/2529/1333 1367/2530/1339 1366/2531/1338 1360/2532/1332
f 1362/2518/1329 1368/2533/1335 1367/2534/1339 1361/2514/1333
f 1363/2519/1334 1369/2535/1340 1374/2536/1341 1368/2520/1335
f 1364/2522/1336 1370/2537/1342 1369/2538/1340 1363/2523/1334
f 1365/2528/1337 1371/2539/1343 1370/2540/1342 1364/2541/1336
f 1366/2527/1338 1372/2542/1344 1371/2539/1343 1365/2528/1337
f 1367/2530/1339 1373/2543/1345 1372/2544/1344 1366/2531/1338
f 1368/2533/1335 1374/2545/1341 1373/2546/1345 1367/2534/1339
f 1369/2535/1340 1375/2547/1346 1380/2548/1347 1374/2536/1341
f 1370/2537/1342 1376/2549/1348 1375/2550/1346 1369/2538/1340
f 1371/2539/1343 1377/2551/1349 1376/2552/1348 1370/2540/1342
f 1372/2542/1344 1378/2553/1350 1377/2551/1349 1371/2539/1343
f 1373/2543/1345 1379/2554/1351 1378/2555/1350 1372/2544/1344
f 1374/2536/1341 1380/2548/1347 1379/2556/1351 1373/2557/1345
f 1381/2558/1352 1387/2559/1353 1392/2560/1354 1386/2561/1355
f 1382/2562/1356 1388/2563/1357 1387/2564/1353 1381/2565/1352
f 1383/2566/1358 1389/2567/1359 1388/2563/1357 1382/2562/1356
f 1384/2568/1360 1390/2569/1361 1389/2570/1359 1383/2571/1358
f 1385/2572/1362 1391/2573/1363 1390/2574/1361 1384/2575/1360
f 1386/2576/1355 1392/2577/1354 1391/2573/1363 1385/2572/1362
f 1387/2559/1353 1393/2578/1364 1398/2579/1365 1392/2560/1354
f 1388/2580/1357 1394/2581/1366 1393/2578/1364 1387/2559/1353
f 1389/2582/1359 1395/2583/1367 1394/2584/1366 1388/2585/1357
f 1390/2569/1361 1396/2586/1368 1395/2587/1367 1389/2570/1359
f 1391/2588/1363 1397/2589/1369 1396/2586/1368 1390/2569/1361
f 1392/2590/1354 1398/2591/1365 1397/2592/1369 1391/2593/1363
f 1393/2578/1364 1399/2594/1370 1404/2595/1371 1398/2579/1365
f 1394/2581/1366 1400/2596/1372 1399/2594/1370 1393/2578/1364
f 1395/2597/1367 1401/2598/1373 1400/2599/1372 1394/2600/1366
f 1396/2586/1368 1402/2601/1374 1401/2602/1373 1395/2587/1367
f 1397/2589/1369 1403/2603/1375 1402/2601/1374 1396/2586/1368
f 1398/2591/1365 1404/2604/1371 1403/2605/1375 1397/2592/1369
f 1399/2594/1370 1405/2606/1376 1410/2607/1377 1404/2595/1371
f 1400/2596/1372 1406/2608/1378 1405/2606/1376 1399/2594/1370
f 1401/2598/1373 1407/2609/1379 1406/2610/1378 1400/2599/1372
f 1402/2601/1374 1408/2611/1380 1407/2612/1379 1401/2602/1373
f 1403/2603/1375 1409/2613/1381 1408/2611/1380 1402/2601/1374
f 1404/2604/1371 1410/2614/1377 1409/2615/1381 1403/2605/1375
f 1405/2606/1376 1411/2616/1382 1416/2617/1383 1410/2607/1377
f 1406/2608/1378 1412/2618/1384 1411/2616/1382 1405/2606/1376
f 1407/2619/1379 1413/2620/1385 1412/2621/1384 1406/2622/1378
f 1408/2611/1380 1414/2623/1386 1413/2624/1385 1407/2612/1379
f 1409/2613/1381 1415/2625/1387 1414/2623/1386 1408/2611/1380
f 1410/2614/1377 1416/2626/1383 1415/2627/1387 1409/2615/1381
f 1417/2628/1388 1423/2629/1389 1428/2630/1390 1422/2631/1391
f 1418/2632/1392 1424/2633/1393 1423/2634/1389 1417/2635/1388
f 1419/2636/1394 1425/2637/1395 1424/2633/1393 1418/2632/1392
f 1420/2638/1396 1426/2639/1397 1425/2640/1395 1419/2641/1394
f 1421/2642/1398 1427/2643/1399 1426/2644/1397 1420/2645/1396
f 1422/2646/1391 1428/2647/1390 1427/2643/1399 1421/2642/1398
f 1423/2629/1389 1429/2648/1400 1434/2649/1401 1428/2630/1390
f 1424/2633/1393 1430/2650/1402 1429/2651/1400 1423/2634/1389
f 1425/2637/1395 1431/2652/1403 1430/2650/1402 1424/2633/1393
f 1426/2639/1397 1432/2653/1404 1431/2654/1403 1425/2640/1395
f 1427/2643/1399 1433/2655/1405 1432/2656/1404 1426/2644/1397
f 1428/2647/1390 1434/2657/1401 1433/2655/1405 1427/2643/1399
f 1429/2648/1400 1435/2658/1406 1440/2659/1407 1434/2649/1401
f 1430/2650/1402 1436/2660/1408 1435/2661/1406 1429/2651/1400
f 1431/2652/1403 1437/2662/1409 1436/2660/1408 1430/2650/1402
f 1432/2653/1404 1438/2663/1410 1437/2664/1409 1431/2654/1403
f 1433/2655/1405 1439/2665/1411 1438/2666/1410 1432/2656/1404
f 1434/2657/1401 1440/2667/1407 1439/2665/1411 1433/2655/1405
f 1435/2658/1406 1441/2668/1412 1446/2669/1413 1440/2659/1407
f 1436/2660/1408 1442/2670/1414 1441/2671/1412 1435/2661/1406
f 1437/2662/1409 1443/2672/1415 1442/2670/1414 1436/2660/1408
f 1438/2673/1410 1444/2674/1416 1443/2675/1415 1437/2676/1409
f 1439/2665/1411 1445/2677/1417 1444/2678/1416 1438/2666/1410
f 1440/2667/1407 1446/2679/1413 1445/2677/1417 1439/2665/1411
f 1441/2668/1412 1447/2680/1418 1452/2681/1419 1446/2669/1413
f 1442/2670/1414 1448/2682/1420 1447/2683/1418 1441/2671/1412
f 1443/2672/1415 1449/2684/1421 1448/2682/1420 1442/2670/1414
f 1444/2674/1416 1450/2685/1422 1449/2686/1421 1443/2675/1415
f 1445/2677/1417 1451/2687/1423 1450/2688/1422 1444/2678/1416
f 1446/2679/1413 1452/2689/1419 1451/2687/1423 1445/2677/1417
f 1453/2690/1424 1459/2691/1425 1464/2692/1426 1458/2693/1427
f 1454/2694/1428 1460/2695/1429 1459/2691/1425 1453/2690/1424
f 1455/2696/1430 1461/2697/1431 1460/2698/1429 1454/2699/1428
f 1456/2700/1432 1462/2701/1433 1461/2702/1431 1455/2703/1430
f 1457/2704/1434 1463/2705/1435 1462/2706/1433 1456/2707/1432
f 1458/2708/1427 1464/2709/1426 1463/2710/1435 1457/2711/1434
f 1459/2712/1425 1465/2713/1436 1470/2714/1437 1464/2715/1426
f 1460/2695/1429 1466/2716/1438 1465/2717/1436 1459/2691/1425
f 1461/2697/1431 1467/2718/1439 1466/2719/1438 1460/2698/1429
f 1462/2701/1433 1468/2720/1440 1467/2721/1439 1461/2702/1431
f 1463/2705/1435 1469/2722/1441 1468/2723/1440 1462/2706/1433
f 1464/2709/1426 1470/2724/1437 1469/2725/1441 1463/2710/1435
f 1465/2717/1436 1471/2726/1442 1476/2727/1443 1470/2728/1437
f 1466/2716/1438 1472/2729/1444 1471/2726/1442 1465/2717/1436
f 1467/2718/1439 1473/2730/1445 1472/2731/1444 1466/2719/1438
f 1468/2720/1440 1474/2732/1446 1473/2733/1445 1467/2721/1439
f 1469/2722/1441 1475/2734/1447 1474/2735/1446 1468/2723/1440
f 1470/2724/1437 1476/2736/1443 1475/2737/1447 1469/2725/1441
f 1471/2726/1442 1477/2738/1448 1482/2739/1449 1476/2727/1443
f 1472/2729/1444 1478/2740/1450 1477/2738/1448 1471/2726/1442
f 1473/2730/1445 1479/2741/1451 1478/2742/1450 1472/2731/1444
f 1474/2735/1446 1480/2743/1452 1479/2744/1451 1473/2745/1445
f 1475/2734/1447 1481/2746/1453 1480/2743/1452 1474/2735/1446
f 1476/2736/1443 1482/2747/1449 1481/2748/1453 1475/2737/1447
f 1477/2738/1448 1483/2749/1454 1488/2750/1455 1482/2739/1449
f 1478/2740/1450 1484/2751/1456 1483/2749/1454 1477/2738/1448
f 1479/2741/1451 1485/2752/1457 1484/2753/1456 1478/2742/1450
f 1480/2743/1452 1486/2754/1458 1485/2755/1457 1479/2744/1451
f 1481/2746/1453 1487/2756/1459 1486/2754/1458 1480/2743/1452
f 1482/2747/1449 1488/2757/1455 1487/2758/1459 1481/2748/1453
f 1489/2759/1460 1495/2760/1461 1500/2761/1462 1494/2762/1463
f 1490/2763/1464 1496/2764/1465 1495/2760/1461 1489/2759/1460
f 1491/2765/1466 1497/2766/1467 1496/2767/1465 1490/2768/1464
f 1492/2769/1468 1498/2770/1469 1497/2771/1467 1491/2772/1466
f 1493/2773/1470 1499/2774/1471 1498/2770/1469 1492/2769/1468
f 1494/2775/1463 1500/2776/1462 1499/2777/1471 1493/2778/1470
f 1495/2760/1461 1501/2779/1472 1506/2780/1473 1500/2761/1462
f 1496/2764/1465 1502/2781/1474 1501/2779/1472 1495/2760/1461
f 1497/2766/1467 1503/2782/1475 1502/2783/1474 1496/2767/1465
f 1498/2770/1469 1504/2784/1476 1503/2785/1475 1497/2771/1467
f 1499/2774/1471 1505/2786/1477 1504/2784/1476 1498/2770/1469
f 1500/2787/1462 1506/2788/1473 1505/2789/1477 1499/2790/1471
f 1501/2779/1472 1507/2791/1478 1512/2792/1479 1506/2780/1473
f 1502/2781/1474 1508/2793/1480 1507/2791/1478 1501/2779/1472
f 1503/2782/1475 1509/2794/1481 1508/2795/1480 1502/2783/1474
f 1504/2784/1476 1510/2796/1482 1509/2797/1481 1503/2785/1475
f 1505/2786/1477 1511/2798/1483 1510/2796/1482 1504/2784/1476
f 1506/2788/1473 1512/2799/1479 1511/2800/1483 1505/2789/1477
f 1507/2791/1478 1513/2801/1484 1518/2802/1485 1512/2792/1479
f 1508/2793/1480 1514/2803/1486 1513/2801/1484 1507/2791/1478
f 1509/2794/1481 1515/2804/1487 1514/2805/1486 1508/2795/1480
f 1510/2796/1482 1516/2806/1488 1515/2807/1487 1509/2797/1481
f 1511/2798/1483 1517/2808/1489 1516/2806/1488 1510/2796/1482
f 1512/2799/1479 1518/2809/1485 1517/2810/1489 1511/2800/1483
f 1513/2801/1484 1519/2811/1490 1524/2812/1491 1518/2802/1485
f 1514/2803/1486 1520/2813/1492 1519/2811/1490 1513/2801/1484
f 1515/2814/1487 1521/2815/1493 1520/2816/1492 1514/2817/1486
f 1516/2806/1488 1522/2818/1494 1521/2819/1493 1515/2807/1487
f 1517/2808/1489 1523/2820/1495 1522/2818/1494 1516/2806/1488
f 1518/2809/1485 1524/2821/1491 1523/2822/1495 1517/2810/1489
f 1525/2823/1496 1531/2824/1497 1536/2825/1498 1530/2826/1499
f 1526/2827/1500 1532/2828/1501 1531/2824/1497 1525/2823/1496
f 1527/2829/1502 1533/2830/1503 1532/2831/1501 1526/2832/1500
f 1528/2833/1504 1534/2834/1505 1533/2835/1503 1527/2836/1502
f 1529/2837/1506 1535/2838/1507 1534/2834/1505 1528/2833/1504
f 1530/2839/1499 1536/2840/1498 1535/2841/1507 1529/2842/1506
f 1531/2824/1497 1537/2843/1508 1542/2844/1509 1536/2825/1498
f 1532/2828/1501 1538/2845/1510 1537/2843/1508 1531/2824/1497
f 1533/2830/1503 1539/2846/1511 1538/2847/1510 1532/2831/1501
f 1534/2834/1505 1540/2848/1512 1539/2849/1511 1533/2835/1503
f 1535/2838/1507 1541/2850/1513 1540/2848/1512 1534/2834/1505
f 1536/2840/1498 1542/2851/1509 1541/2852/1513 1535/2841/1507
f 1537/2843/1508 1543/2853/1514 1548/2854/1515 1542/2844/1509
f 1538/2845/1510 1544/2855/1516 1543/2853/1514 1537/2843/1508
f 1539/2846/1511 1545/2856/1517 1544/2857/1516 1538/2847/1510
f 1540/2848/1512 1546/2858/1518 1545/2859/1517 1539/2849/1511
f 1541/2850/1513 1547/2860/1519 1546/2858/1518 1540/2848/1512
f 1542/2851/1509 1548/2861/1515 1547/2862/1519 1541/2852/1513
f 1543/2853/1514 1549/2863/1520 1554/2864/1521 1548/2854/1515
f 1544/2857/1516 1550/2865/1522 1549/2866/1520 1543/2867/1514
f 1545/2856/1517 1551/2868/1523 1550/2865/1522 1544/2857/1516
f 1546/2858/1518 1552/2869/1524 1551/2870/1523 1545/2859/1517
f 1547/2862/1519 1553/2871/1525 1552/2872/1524 1546/2873/1518
f 1548/2861/1515 1554/2874/1521 1553/2871/1525 1547/2862/1519
f 1549/2863/1520 1555/2875/1526 1560/2876/1527 1554/2864/1521
f 1550/2865/1522 1556/2877/1528 1555/2878/1526 1549/2866/1520
f 1551/2868/1523 1557/2879/1529 1556/2877/1528 1550/2865/1522
f 1552/2869/1524 1558/2880/1530 1557/2881/1529 1551/2870/1523
f 1553/2871/1525 1559/2882/1531 1558/2883/1530 1552/2872/1524
f 1554/2874/1521 1560/2884/1527 1559/2882/1531 1553/2871/1525
f 1561/2885/1532 1567/2886/1533 1572/2887/1534 1566/2888/1535
f 1562/2889/1536 1568/2890/1537 1567/2886/1533 1561/2885/1532
f 1563/2891/1538 1569/2892/1539 1568/2893/1537 1562/2894/1536
f 1564/2895/1540 1570/2896/1541 1569/2897/1539 1563/2898/1538
f 1565/2899/1542 1571/2900/1543 1570/2896/1541 1564/2895/1540
f 1566/2901/1535 1572/2902/1534 1571/2903/1543 1565/2904/1542
f 1567/2886/1533 1573/2905/1544 1578/2906/1545 1572/2887/1534
f 1568/2890/1537 1574/2907/1546 1573/2905/1544 1567/2886/1533
f 1569/2892/1539 1575/2908/1547 1574/2909/1546 1568/2893/1537
f 1570/2896/1541 1576/2910/1548 1575/2911/1547 1569/2897/1539
f 1571/2900/1543 1577/2912/1549 1576/2910/1548 1570/2896/1541
f 1572/2902/1534 1578/2913/1545 1577/2914/1549 1571/2903/1543
f 1573/2905/1544 1579/2915/1550 1584/2916/1551 1578/2906/1545
f 1574/2907/1546 1580/2917/1552 1579/2915/1550 1573/2905/1544
f 1575/2908/1547 1581/2918/1553 1580/2919/1552 1574/2909/1546
f 1576/2910/1548 1582/2920/1554 1581/2921/1553 1575/2911/1547
f 1577/2912/1549 1583/2922/1555 1582/2920/1554 1576/2910/1548
f 1578/2913/1545 1584/2923/1551 1583/2924/1555 1577/2914/1549
f 1579/2915/1550 1585/2925/1556 1590/2926/1557 1584/2916/1551
f 1580/2917/1552 1586/2927/1558 1585/2925/1556 1579/2915/1550
f 1581/2918/1553 1587/2928/1559 1586/2929/1558 1580/2919/1552
f 1582/2920/1554 1588/2930/1560 1587/2931/1559 1581/2921/1553
f 1583/2922/1555 1589/2932/1561 1588/2930/1560 1582/2920/1554
f 1584/2923/1551 1590/2933/1557 1589/2934/1561 1583/2924/1555
f 1585/2925/1556 1591/2935/1562 1596/2936/1563 1590/2926/1557
f 1586/2927/1558 1592/2937/1564 1591/2935/1562 1585/2925/1556
f 1587/2928/1559 1593/2938/1565 1592/2939/1564 1586/2929/1558
f 1588/2930/1560 1594/2940/1566 1593/2941/1565 1587/2931/1559
f 1589/2932/1561 1595/2942/1567 1594/2940/1566 1588/2930/1560
f 1590/2933/1557 1596/2943/1563 1595/2944/1567 1589/2934/1561
f 1597/2945/1568 1603/2946/1569 1608/2947/1570 1602/2948/1571
f 1598/2949/1572 1604/2950/1573 1603/2951/1569 1597/2952/1568
f 1599/2953/1574 1605/2954/1575 1604/2955/1573 1598/2956/1572
f 1600/2957/1576 1606/2958/1577 1605/2954/1575 1599/2953/1574
f 1601/2959/1578 1607/2960/1579 1606/2961/1577 1600/2962/1576
f 1602/2948/1571 1608/2947/1570 1607/2963/1579 1601/2964/1578
f 1603/2946/1569 1609/2965/1580 1614/2966/1581 1608/2947/1570
f 1604/2950/1573 1610/2967/1582 1609/2968/1580 1603/2951/1569
f 1605/2954/1575 1611/2969/1583 1610/2970/1582 1604/2955/1573
f 1606/2958/1577 1612/2971/1584 1611/2969/1583 1605/2954/1575
f 1607/2960/1579 1613/2972/1585 1612/2973/1584 1606/2961/1577
f 1608/2947/1570 1614/2966/1581 1613/2974/1585 1607/2963/1579
f 1609/2965/1580 1615/2975/1586 1620/2976/1587 1614/2966/1581
f 1610/2967/1582 1616/2977/1588 1615/2978/1586 1609/2968/1580
f 1611/2969/1583 1617/2979/1589 1616/2980/1588 1610/2970/1582
f 1612/2971/1584 1618/2981/1590 1617/2979/1589 1611/2969/1583
f 1613/2972/1585 1619/2982/1591 1618/2983/1590 1612/2973/1584
f 1614/2966/1581 1620/2976/1587 1619/2984/1591 1613/2974/1585
f 1615/2975/1586 1621/2985/1592 1626/2986/1593 1620/2976/1587
f 1616/2977/1588 1622/2987/1594 1621/2988/1592 1615/2978/1586
f 1617/2979/1589 1623/2989/1595 1622/2990/1594 1616/2980/1588
f 1618/2981/1590 1624/2991/1596 1623/2989/1595 1617/2979/1589
f 1619/2982/1591 1625/2992/1597 1624/2993/1596 1618/2983/1590
f 1620/2976/1587 1626/2986/1593 1625/2994/1597 1619/2984/1591
f 1621/2985/1592 1627/2995/1598 1632/2996/1599 1626/2986/1593
f 1622/2987/1594 1628/2997/1600 1627/2998/1598 1621/2988/1592
f 1623/2989/1595 1629/2999/1601 1628/3000/1600 1622/2990/1594
f 1624/2991/1596 1630/3001/1602 1629/2999/1601 1623/2989/1595
f 1625/2992/1597 1631/3002/1603 1630/3003/1602 1624/2993/1596
f 1626/2986/1593 1632/2996/1599 1631/3004/1603 1625/2994/1597
f 1633/3005/1604 1639/3006/1605 1644/3007/1606 1638/3008/1607
f 1634/3009/1608 1640/3010/1609 1639/3006/1605 1633/3005/1604
f 1635/3011/1610 1641/3012/1611 1640/3013/1609 1634/3014/1608
f 1636/3015/1612 1642/3016/1613 1641/3017/1611 1635/3018/1610
f 1637/3019/1614 1643/3020/1615 1642/3021/1613 1636/3022/1612
f 1638/3023/1607 1644/3024/1606 1643/3025/1615 1637/3026/1614
f 1639/3006/1605 1645/3027/1616 1650/3028/1617 1644/3007/1606
f 1640/3010/1609 1646/3029/1618 1645/3027/1616 1639/3006/1605
f 1641/3012/1611 1647/3030/1619 1646/3031/1618 1640/3013/1609
f 1642/3016/1613 1648/3032/1620 1647/3033/1619 1641/3017/1611
f 1643/3020/1615 1649/3034/1621 1648/3035/1620 1642/3021/1613
f 1644/3024/1606 1650/3036/1617 1649/3037/1621 1643/3025/1615
f 1645/3038/1616 1651/3039/1622 1656/3040/1623 1650/3041/1617
f 1646/3029/1618 1652/3042/1624 1651/3043/1622 1645/3027/1616
f 1647/3030/1619 1653/3044/1625 1652/3045/1624 1646/3031/1618
f 1648/3032/1620 1654/3046/1626 1653/3047/1625 1647/3033/1619
f 1649/3048/1621 1655/3049/1627 1654/3046/1626 1648/3032/1620
f 1650/3036/1617 1656/3050/1623 1655/3051/1627 1649/3037/1621
f 1651/3039/1622 1657/3052/1628 1662/3053/1629 1656/3040/1623
f 1652/3042/1624 1658/3054/1630 1657/3055/1628 1651/3043/1622
f 1653/3044/1625 1659/3056/1631 1658/3057/1630 1652/3045/1624
f 1654/3046/1626 1660/3058/1632 1659/3059/1631 1653/3047/1625
f 1655/3049/1627 1661/3060/1633 1660/3058/1632 1654/3046/1626
f 1656/3050/1623 1662/3061/1629 1661/3062/1633 1655/3051/1627
f 1657/3052/1628 1663/3063/1634 1668/3064/1635 1662/3053/1629
f 1658/3054/1630 1664/3065/1636 1663/3066/1634 1657/3055/1628
f 1659/3056/1631 1665/3067/1637 1664/3068/1636 1658/3057/1630
f 1660/3058/1632 1666/3069/1638 1665/3070/1637 1659/3059/1631
f 1661/3060/1633 1667/3071/1639 1666/3069/1638 1660/3058/1632
f 1662/3061/1629 1668/3072/1635 1667/3073/1639 1661/3062/1633
f 1669/3074/1640 1675/3075/1641 1680/3076/1642 1674/3077/1643
f 1670/3078/1644 1676/3079/1645 1675/3080/1641 1669/3081/1640
f 1671/3082/1646 1677/3083/1647 1676/3084/1645 1670/3085/1644
f 1672/3086/1648 1678/3087/1649 1677/3083/1647 1671/3082/1646
f 1673/3088/1650 1679/3089/1651 1678/3090/1649 1672/3091/1648
f 1674/3077/1643 1680/3076/1642 1679/3092/1651 1673/3093/1650
f 1675/3075/1641 1681/3094/1652 1686/3095/1653 1680/3076/1642
f 1676/3079/1645 1682/3096/1654 1681/3097/1652 1675/3080/1641
f 1677/3083/1647 1683/3098/1655 1682/3099/1654 1676/3084/1645
f 1678/3087/1649 1684/3100/1656 1683/3098/1655 1677/3083/1647
f 1679/3089/1651 1685/3101/1657 1684/3102/1656 1678/3090/1649
f 1680/3076/1642 1686/3095/1653 1685/3103/1657 1679/3092/1651
f 1681/3094/1652 1687/3104/1658 1692/3105/1659 1686/3095/1653
f 1682/3096/1654 1688/3106/1660 1687/3107/1658 1681/3097/1652
f 1683/3098/1655 1689/3108/1661 1688/3109/1660 1682/3099/1654
f 1684/3100/1656 1690/3110/1662 1689/3108/1661 1683/3098/1655
f 1685/3101/1657 1691/3111/1663 1690/3112/1662 1684/3102/1656
f 1686/3095/1653 1692/3105/1659 1691/3113/1663 1685/3103/1657
f 1687/3104/1658 1693/3114/1664 1698/3115/1665 1692/3105/1659
f 1688/3106/1660 1694/3116/1666 1693/3117/1664 1687/3107/1658
f 1689/3108/1661 1695/3118/1667 1694/3119/1666 1688/3109/1660
f 1690/3110/1662 1696/3120/1668 1695/3118/1667 1689/3108/1661
f 1691/3111/1663 1697/3121/1669 1696/3122/1668 1690/3112/1662
f 1692/3105/1659 1698/3115/1665 1697/3123/1669 1691/3113/1663
f 1699/3124/1670 1705/3125/1671 1710/3126/1672 1704/3127/1673
f 1700/3128/1674 1706/3129/1675 1705/3130/1671 1699/3131/1670
f 1701/3132/1676 1707/3133/1677 1706/3134/1675 1700/3135/1674
f 1702/3136/1678 1708/3137/1679 1707/3133/1677 1701/3132/1676
f 1703/3138/1680 1709/3139/1681 1708/3140/1679 1702/3141/1678
f 1704/3127/1673 1710/3126/1672 1709/3142/1681 1703/3143/1680
f 1705/3125/1671 1711/3144/1682 1716/3145/1683 1710/3126/1672
f 1706/3129/1675 1712/3146/1684 1711/3147/1682 1705/3130/1671
f 1707/3133/1677 1713/3148/1685 1712/3149/1684 1706/3134/1675
f 1708/3137/1679 1714/3150/1686 1713/3148/1685 1707/3133/1677
f 1709/3139/1681 1715/3151/1687 1714/3152/1686 1708/3140/1679
f 1710/3126/1672 1716/3145/1683 1715/3153/1687 1709/3142/1681
f 1717/3154/1688 1723/3155/1689 1728/3156/1690 1722/3157/1691
f 1718/3158/1692 1724/3159/1693 1723/3160/1689 1717/3161/1688
f 1719/3162/1694 1725/3163/1695 1724/3159/1693 1718/3158/1692
f 1720/3164/1696 1726/3165/1697 1725/3166/1695 1719/3167/1694
f 1721/3168/1698 1727/3169/1699 1726/3170/1697 1720/3171/1696
f 1722/3172/1691 1728/3173/1690 1727/3169/1699 1721/3168/1698
f 1723/3155/1689 1729/3174/1700 1734/3175/1701 1728/3156/1690
f 1724/3159/1693 1730/3176/1702 1729/3177/1700 1723/3160/1689
f 1725/3166/1695 1731/3178/1703 1730/3179/1702 1724/3180/1693
f 1726/3165/1697 1732/3181/1704 1731/3178/1703 1725/3166/1695
f 1727/3169/1699 1733/3182/1705 1732/3183/1704 1726/3170/1697
f 1728/3156/1690 1734/3175/1701 1733/3184/1705 1727/3185/1699
f 1735/3186/1706 1741/3187/1707 1746/3188/1708 1740/3189/1709
f 1736/3190/1710 1742/3191/1711 1741/3187/1707 1735/3186/1706
f 1737/3192/1712 1743/3193/1713 1742/3194/1711 1736/3195/1710
f 1738/3196/1714 1744/3197/1715 1743/3198/1713 1737/3199/1712
f 1739/3200/1716 1745/3201/1717 1744/3197/1715 1738/3196/1714
f 1740/3202/1709 1746/3203/1708 1745/3204/1717 1739/3205/1716
f 1741/3187/1707 1747/3206/1718 1752/3207/1719 1746/3188/1708
f 1742/3191/1711 1748/3208/1720 1747/3206/1718 1741/3187/1707
f 1743/3193/1713 1749/3209/1721 1748/3210/1720 1742/3194/1711
f 1744/3197/1715 1750/3211/1722 1749/3212/1721 1743/3198/1713
f 1745/3201/1717 1751/3213/1723 1750/3211/1722 1744/3197/1715
f 1746/3203/1708 1752/3214/1719 1751/3215/1723 1745/3204/1717
f 1747/3206/1718 1753/3216/1724 1758/3217/1725 1752/3207/1719
f 1748/3208/1720 1754/3218/1726 1753/3216/1724 1747/3206/1718
f 1749/3209/1721 1755/3219/1727 1754/3220/1726 1748/3210/1720
f 1750/3211/1722 1756/3221/1728 1755/3222/1727 1749/3212/1721
f 1751/3213/1723 1757/3223/1729 1756/3221/1728 1750/3211/1722
f 1752/3214/1719 1758/3224/1725 1757/3225/1729 1751/3215/1723
f 1753/3216/1724 1759/3226/1730 1764/3227/1731 1758/3217/1725
f 1754/3220/1726 1760/3228/1732 1759/3229/1730 1753/3230/1724
f 1755/3219/1727 1761/3231/1733 1760/3228/1732 1754/3220/1726
f 1756/3221/1728 1762/3232/1734 1761/3233/1733 1755/3222/1727
f 1757/3223/1729 1763/3234/1735 1762/3232/1734 1756/3221/1728
f 1758/3224/1725 1764/3235/1731 1763/3236/1735 1757/3225/1729
f 1765/3237/1736 1771/3238/1737 1776/3239/1738 1770/3240/1739
f 1766/3241/1740 1772/3242/1741 1771/3243/1737 1765/3244/1736
f 1767/3245/1742 1773/3246/1743 1772/3247/1741 1766/3248/1740
f 1768/3249/1744 1774/3250/1745 1773/3251/1743 1767/3252/1742
f 1769/3253/1746 1775/3254/1747 1774/3255/1745 1768/3256/1744
f 1770/3257/1739 1776/3258/1738 1775/3259/1747 1769/3260/1746
f 1771/3238/1737 1777/3261/1748 1782/3262/1749 1776/3239/1738
f 1772/3242/1741 1778/3263/1750 1777/3264/1748 1771/3243/1737
f 1773/3251/1743 1779/3265/1751 1778/3266/1750 1772/3267/1741
f 1774/3250/1745 1780/3268/1752 1779/3265/1751 1773/3251/1743
f 1775/3254/1747 1781/3269/1753 1780/3270/1752 1774/3255/1745
f 1776/3239/1738 1782/3262/1749 1781/3271/1753 1775/3272/1747
f 1777/3261/1748 1783/3273/1754 1788/3274/1755 1782/3262/1749
f 1778/3263/1750 1784/3275/1756 1783/3276/1754 1777/3264/1748
f 1779/3265/1751 1785/3277/1757 1784/3278/1756 1778/3266/1750
f 1780/3268/1752 1786/3279/1758 1785/3277/1757 1779/3265/1751
f 1781/3269/1753 1787/3280/1759 1786/3281/1758 1780/3270/1752
f 1782/3262/1749 1788/3274/1755 1787/3282/1759 1781/3271/1753
f 1789/3283/1760 1795/3284/1761 1800/3285/1762 1794/3286/1763
f 1790/3287/1764 1796/3288/1765 1795/3289/1761 1789/3290/1760
f 1791/3291/1766 1797/3292/1767 1796/3293/1765 1790/3294/1764
f 1792/3295/1768 1798/3296/1769 1797/3292/1767 1791/3291/1766
f 1793/3297/1770 1799/3298/1771 1798/3299/1769 1792/3300/1768
f 1794/3286/1763 1800/3285/1762 1799/3301/1771 1793/3302/1770
f 1795/3284/1761 1801/3303/1772 1806/3304/1773 1800/3285/1762
f 1796/3288/1765 1802/3305/1774 1801/3306/1772 1795/3289/1761
f 1797/3292/1767 1803/3307/1775 1802/3308/1774 1796/3293/1765
f 1798/3296/1769 1804/3309/1776 1803/3307/1775 1797/3292/1767
f 1799/3298/1771 1805/3310/1777 1804/3311/1776 1798/3299/1769
f 1800/3285/1762 1806/3304/1773 1805/3312/1777 1799/3301/1771
f 1807/3313/1778 1813/3314/1779 1818/3315/1780 1812/3316/1781
f 1808/3317/1782 1814/3318/1783 1813/3314/1779 1807/3313/1778
f 1809/3319/1784 1815/3320/1785 1814/3321/1783 1808/3322/1782
f 1810/3323/1786 1816/3324/1787 1815/3325/1785 1809/3326/1784
f 1811/3327/1788 1817/3328/1789 1816/3324/1787 1810/3323/1786
f 1812/3329/1781 1818/3330/1780 1817/3331/1789 1811/3332/1788
f 1813/3333/1779 1819/3334/1790 1824/3335/1791 1818/3330/1780
f 1814/3318/1783 1820/3336/1792 1819/3337/1790 1813/3314/1779
f 1815/3320/1785 1821/3338/1793 1820/3339/1792 1814/3321/1783
f 1816/3340/1787 1822/3341/1794 1821/3338/1793 1815/3320/1785
f 1817/3328/1789 1823/3342/1795 1822/3343/1794 1816/3324/1787
f 1818/3330/1780 1824/3335/1791 1823/3344/1795 1817/3331/1789
f 1825/3345/1796 1831/3346/1797 1836/3347/1798 1830/3348/1799
f 1826/3349/1800 1832/3350/1801 1831/3351/1797 1825/3352/1796
f 1827/3353/1802 1833/3354/1803 1832/3350/1801 1826/3349/1800
f 1828/3355/1804 1834/3356/1805 1833/3357/1803 1827/3358/1802
f 1829/3359/1806 1835/3360/1807 1834/3361/1805 1828/3362/1804
f 1830/3363/1799 1836/3364/1798 1835/3365/1807 1829/3366/1806
f 1831/3346/1797 1837/3367/1808 1842/3368/1809 1836/3347/1798
f 1832/3350/1801 1838/3369/1810 1837/3370/1808 1831/3351/1797
f 1833/3354/1803 1839/3371/1811 1838/3369/1810 1832/3350/1801
f 1834/3356/1805 1840/3372/1812 1839/3373/1811 1833/3357/1803
f 1835/3365/1807 1841/3374/1813 1840/3375/1812 1834/3376/1805
f 1836/3364/1798 1842/3377/1809 1841/3374/1813 1835/3365/1807
f 1843/3378/1814 1849/3379/1815 1854/3380/1816 1848/3381/1817
f 1844/3382/1818 1850/3383/1819 1849/3384/1815 1843/3385/1814
f 1845/3386/1820 1851/3387/1821 1850/3388/1819 1844/3389/1818
f 1846/3390/1822 1852/3391/1823 1851/3392/1821 1845/3393/1820
f 1847/3394/1824 1853/3395/1825 1852/3396/1823 1846/3397/1822
f 1848/3398/1817 1854/3399/1816 1853/3400/1825 1847/3401/1824
f 1849/3384/1815 1855/3402/1826 1860/3403/1827 1854/3404/1816
f 1850/3383/1819 1856/3405/1828 1855/3402/1826 1849/3384/1815
f 1851/3387/1821 1857/3406/1829 1856/3407/1828 1850/3388/1819
f 1852/3396/1823 1858/3408/1830 1857/3409/1829 1851/3410/1821
f 1853/3395/1825 1859/3411/1831 1858/3408/1830 1852/3396/1823
f 1854/3399/1816 1860/3412/1827 1859/3413/1831 1853/3400/1825
f 1855/3402/1826 1861/3414/1832 1866/3415/1833 1860/3403/1827
f 1856/3405/1828 1862/3416/1834 1861/3414/1832 1855/3402/1826
f 1857/3406/1829 1863/3417/1835 1862/3418/1834 1856/3407/1828
f 1858/3408/1830 1864/3419/1836 1863/3420/1835 1857/3409/1829
f 1859/3411/1831 1865/3421/1837 1864/3419/1836 1858/3408/1830
f 1860/3412/1827 1866/3422/1833 1865/3423/1837 1859/3413/1831
f 1861/3414/1832 1867/3424/1838 1872/3425/1839 1866/3415/1833
f 1862/3416/1834 1868/3426/1840 1867/3424/1838 1861/3414/1832
f 1863/3417/1835 1869/3427/1841 1868/3428/1840 1862/3418/1834
f 1864/3419/1836 1870/3429/1842 1869/3430/1841 1863/3420/1835
f 1865/3421/1837 1871/3431/1843 1870/3429/1842 1864/3419/1836
f 1866/3422/1833 1872/3432/1839 1871/3433/1843 1865/3423/1837
f 1873/3434/1844 1879/3435/1845 1884/3436/1846 1878/3437/1847
f 1874/3438/1848 1880/3439/1849 1879/3440/1845 1873/3441/1844
f 1875/3442/1850 1881/3443/1851 1880/3439/1849 1874/3438/1848
f 1876/3444/1852 1882/3445/1853 1881/3446/1851 1875/3447/1850
f 1877/3448/1854 1883/3449/1855 1882/3450/1853 1876/3451/1852
f 1878/3452/1847 1884/3453/1846 1883/3449/1855 1877/3448/1854
f 1879/3435/1845 1885/3454/1856 1890/3455/1857 1884/3436/1846
f 1880/3439/1849 1886/3456/1858 1885/3457/1856 1879/3440/1845
f 1881/3443/1851 1887/3458/1859 1886/3456/1858 1880/3439/1849
f 1882/3445/1853 1888/3459/1860 1887/3460/1859 1881/3446/1851
f 1883/3449/1855 1889/3461/1861 1888/3462/1860 1882/3450/1853
f 1884/3453/1846 1890/3463/1857 1889/3461/1861 1883/3449/1855
f 1885/3454/1856 1891/3464/1862 1896/3465/1863 1890/3455/1857
f 1886/3466/1858 1892/3467/1864 1891/3468/1862 1885/3469/1856
f 1887/3458/1859 1893/3470/1865 1892/3471/1864 1886/3456/1858
f 1888/3459/1860 1894/3472/1866 1893/3473/1865 1887/3460/1859
f 1889/3474/1861 1895/3475/1867 1894/3476/1866 1888/3477/1860
f 1890/3455/1857 1896/3465/1863 1895/3478/1867 1889/3479/1861
f 1897/3480/1868 1903/3481/1869 1908/3482/1870 1902/3483/1871
f 1898/3484/1872 1904/3485/1873 1903/3486/1869 1897/3487/1868
f 1899/3488/1874 1905/3489/1875 1904/3485/1873 1898/3484/1872
f 1900/3490/1876 1906/3491/1877 1905/3492/1875 1899/3493/1874
f 1901/3494/1878 1907/3495/1879 1906/3496/1877 1900/3497/1876
f 1902/3498/1871 1908/3499/1870 1907/3495/1879 1901/3494/1878
f 1903/3481/1869 1909/3500/1880 1914/3501/1881 1908/3482/1870
f 1904/3485/1873 1910/3502/1882 1909/3503/1880 1903/3486/1869
f 1905/3504/1875 1911/3505/1883 1910/3506/1882 1904/3507/1873
f 1906/3491/1877 1912/3508/1884 1911/3509/1883 1905/3492/1875
f 1907/3495/1879 1913/3510/1885 1912/3511/1884 1906/3496/1877
f 1908/3512/1870 1914/3513/1881 1913/3514/1885 1907/3515/1879
f 1915/3516/1886 1921/3517/1887 1926/3518/1888 1920/3519/1889
f 1916/3520/1890 1922/3521/1891 1921/3517/1887 1915/3516/1886
f 1917/3522/1892 1923/3523/1893 1922/3524/1891 1916/3525/1890
f 1918/3526/1894 1924/3527/1895 1923/3528/1893 1917/3529/1892
f 1919/3530/1896 1925/3531/1897 1924/3527/1895 1918/3526/1894
f 1920/3532/1889 1926/3533/1888 1925/3534/1897 1919/3535/1896
f 1921/3517/1887 1927/3536/1898 1932/3537/1899 1926/3518/1888
f 1922/3521/1891 1928/3538/1900 1927/3536/1898 1921/3517/1887
f 1923/3523/1893 1929/3539/1901 1928/3540/1900 1922/3524/1891
f 1924/3527/1895 1930/3541/1902 1929/3542/1901 1923/3528/1893
f 1925/3531/1897 1931/3543/1903 1930/3541/1902 1924/3527/1895
f 1926/3533/1888 1932/3544/1899 1931/3545/1903 1925/3534/1897
f 1933/3546/1904 1939/3547/1905 1944/3548/1906 1938/3549/1907
f 1934/3550/1908 1940/3551/1909 1939/3552/1905 1933/3553/1904
f 1935/3554/1910 1941/3555/1911 1940/3556/1909 1934/3557/1908
f 1936/3558/1912 1942/3559/1913 1941/3555/1911 1935/3554/1910
f 1937/3560/1914 1943/3561/1915 1942/3562/1913 1936/3563/1912
f 1938/3549/1907 1944/3548/1906 1943/3564/1915 1937/3565/1914
f 1945/3566/1916 1951/3567/1917 1956/3568/1918 1950/3569/1919
f 1946/3570/1920 1952/3571/1921 1951/3567/1917 1945/3566/1916
f 1947/3572/1922 1953/3573/1923 1952/3574/1921 1946/3575/1920
f 1948/3576/1924 1954/3577/1925 1953/3578/1923 1947/3579/1922
f 1949/3580/1926 1955/3581/1927 1954/3577/1925 1948/3576/1924
f 1950/3582/1919 1956/3583/1918 1955/3584/1927 1949/3585/1926
f 1951/3567/1917 1957/3586/1928 1962/3587/1929 1956/3568/1918
f 1952/3571/1921 1958/3588/1930 1957/3586/1928 1951/3567/1917
f 1953/3573/1923 1959/3589/1931 1958/3590/1930 1952/3574/1921
f 1954/3577/1925 1960/3591/1932 1959/3592/1931 1953/3578/1923
f 1955/3581/1927 1961/3593/1933 1960/3591/1932 1954/3577/1925
f 1956/3583/1918 1962/3594/1929 1961/3595/1933 1955/3584/1927
f 1957/3586/1928 1963/3596/1934 1968/3597/1935 1962/3587/1929
f 1958/3588/1930 1964/3598/1936 1963/3596/1934 1957/3586/1928
f 1959/3589/1931 1965/3599/1937 1964/3600/1936 1958/3590/1930
f 1960/3591/1932 1966/3601/1938 1965/3602/1937 1959/3592/1931
f 1961/3593/1933 1967/3603/1939 1966/3601/1938 1960/3591/1932
f 1962/3594/1929 1968/3604/1935 1967/3605/1939 1961/3595/1933
f 1963/3596/1934 1969/3606/1940 1974/3607/1941 1968/3597/1935
f 1964/3598/1936 1970/3608/1942 1969/3606/1940 1963/3596/1934
f 1965/3599/1937 1971/3609/1943 1970/3610/1942 1964/3600/1936
f 1966/3601/1938 1972/3611/1944 1971/3612/1943 1965/3602/1937
f 1967/3603/1939 1973/3613/1945 1972/3611/1944 1966/3601/1938
f 1968/3604/1935 1974/3614/1941 1973/3615/1945 1967/3605/1939
f 1975/3616/1946 1981/3617/1947 1986/3618/1948 1980/3619/1949
f 1976/3620/1950 1982/3621/1951 1981/3622/1947 1975/3623/1946
f 1977/3624/1952 1983/3625/1953 1982/3621/1951 1976/3620/1950
f 1978/3626/1954 1984/3627/1955 1983/3628/1953 1977/3629/1952
f 1979/3630/1956 1985/3631/1957 1984/3632/1955 1978/3633/1954
f 1980/3634/1949 1986/3635/1948 1985/3631/1957 1979/3630/1956
f 1981/3617/1947 1987/3636/1958 1992/3637/1959 1986/3618/1948
f 1982/3621/1951 1988/3638/1960 1987/3639/1958 1981/3622/1947
f 1983/3625/1953 1989/3640/1961 1988/3638/1960 1982/3621/1951
f 1984/3627/1955 1990/3641/1962 1989/3642/1961 1983/3628/1953
f 1985/3631/1957 1991/3643/1963 1990/3644/1962 1984/3632/1955
f 1986/3635/1948 1992/3645/1959 1991/3643/1963 1985/3631/1957
f 1993/3646/1964 1999/3647/1965 2004/3648/1966 1998/3649/1967
f 1994/3650/1968 2000/3651/1969 1999/3647/1965 1993/3646/1964
f 1995/3652/1970 2001/3653/1971 2000/3654/1969 1994/3655/1968
f 1996/3656/1972 2002/3657/1973 2001/3658/1971 1995/3659/1970
f 1997/3660/1974 2003/3661/1975 2002/3657/1973 1996/3656/1972
f 1998/3662/1967 2004/3663/1966 2003/3664/1975 1997/3665/1974
f 1999/3666/1965 2005/3667/1976 2010/3668/1977 2004/3669/1966
f 2000/3651/1969 2006/3670/1978 2005/3671/1976 1999/3647/1965
f 2001/3653/1971 2007/3672/1979 2006/3673/1978 2000/3654/1969
f 2002/3674/1973 2008/3675/1980 2007/3676/1979 2001/3677/1971
f 2003/3661/1975 2009/3678/1981 2008/3679/1980 2002/3657/1973
f 2004/3663/1966 2010/3680/1977 2009/3681/1981 2003/3664/1975
f 2005/3667/1976 2011/3682/1982 2016/3683/1983 2010/3668/1977
f 2006/3670/1978 2012/3684/1984 2011/3685/1982 2005/3671/1976
f 2007/3672/1979 2013/3686/1985 2012/3687/1984 2006/3673/1978
f 2008/3675/1980 2014/3688/1986 2013/3689/1985 2007/3676/1979
f 2009/3678/1981 2015/3690/1987 2014/3691/1986 2008/3679/1980
f 2010/3680/1977 2016/3692/1983 2015/3693/1987 2009/3681/1981
f 2011/3682/1982 2017/3694/1988 2022/3695/1989 2016/3683/1983
f 2012/3687/1984 2018/3696/1990 2017/3697/1988 2011/3698/1982
f 2013/3686/1985 2019/3699/1991 2018/3696/1990 2012/3687/1984
f 2014/3688/1986 2020/3700/1992 2019/3701/1991 2013/3689/1985
f 2015/3693/1987 2021/3702/1993 2020/3703/1992 2014/3704/1986
f 2016/3692/1983 2022/3705/1989 2021/3702/1993 2015/3693/1987
f 2023/3706/1994 2029/3707/1995 2034/3708/1996 2028/3709/1997
f 2024/3710/1998 2030/3711/1999 2029/3712/1995 2023/3713/1994
f 2025/3714/2000 2031/3715/2001 2030/3711/1999 2024/3710/1998
f 2026/3716/2002 2032/3717/2003 2031/3718/2001 2025/3719/2000
f 2027/3720/2004 2033/3721/2005 2032/3722/2003 2026/3723/2002
f 2028/3724/1997 2034/3725/1996 2033/3721/2005 2027/3720/2004
f 2029/3707/1995 2035/3726/2006 2040/3727/2007 2034/3708/1996
f 2030/3711/1999 2036/3728/2008 2035/3729/2006 2029/3712/1995
f 2031/3715/2001 2037/3730/2009 2036/3728/2008 2030/3711/1999
f 2032/3717/2003 2038/3731/2010 2037/3732/2009 2031/3718/2001
f 2033/3721/2005 2039/3733/2011 2038/3734/2010 2032/3722/2003
f 2034/3725/1996 2040/3735/2007 2039/3733/2011 2033/3721/2005
f 2041/3736/2012 2047/3737/2013 2052/3738/2014 2046/3739/2015
f 2042/3740/2016 2048/3741/2017 2047/3742/2013 2041/3743/2012
f 2043/3744/2018 2049/3745/2019 2048/3741/2017 2042/3740/2016
f 2044/3746/2020 2050/3747/2021 2049/3748/2019 2043/3749/2018
f 2045/3750/2022 2051/3751/2023 2050/3752/2021 2044/3753/2020
f 2046/3754/2015 2052/3755/2014 2051/3751/2023 2045/3750/2022
f 2047/3737/2013 2053/3756/2024 2058/3757/2025 2052/3738/2014
f 2048/3741/2017 2054/3758/2026 2053/3759/2024 2047/3742/2013
f 2049/3745/2019 2055/3760/2027 2054/3758/2026 2048/3741/2017
f 2050/3747/2021 2056/3761/2028 2055/3762/2027 2049/3748/2019
f 2051/3751/2023 2057/3763/2029 2056/3764/2028 2050/3752/2021
f 2052/3755/2014 2058/3765/2025 2057/3763/2029 2051/3751/2023
f 2053/3756/2024 2059/3766/2030 2064/3767/2031 2058/3757/2025
f 2054/3758/2026 2060/3768/2032 2059/3769/2030 2053/3759/2024
f 2055/3760/2027 2061/3770/2033 2060/3768/2032 2054/3758/2026
f 2056/3761/2028 2062/3771/2034 2061/3772/2033 2055/3762/2027
f 2057/3763/2029 2063/3773/2035 2062/3774/2034 2056/3764/2028
f 2058/3765/2025 2064/3775/2031 2063/3773/2035 2057/3763/2029
f 2059/3766/2030 2065/3776/2036 2070/3777/2037 2064/3767/2031
f 2060/3768/2032 2066/3778/2038 2065/3779/2036 2059/3769/2030
f 2061/3770/2033 2067/3780/2039 2066/3778/2038 2060/3768/2032
f 2062/3771/2034 2068/3781/2040 2067/3782/2039 2061/3772/2033
f 2063/3773/2035 2069/3783/2041 2068/3784/2040 2062/3774/2034
f 2064/3775/2031 2070/3785/2037 2069/3783/2041 2063/3773/2035
f 2071/3786/2042 2077/3787/2043 2082/3788/2044 2076/3789/2045
f 2072/3790/2046 2078/3791/2047 2077/3792/2043 2071/3793/2042
f 2073/3794/2048 2079/3795/2049 2078/3796/2047 2072/3797/2046
f 2074/3798/2050 2080/3799/2051 2079/3800/2049 2073/3801/2048
f 2075/3802/2052 2081/3803/2053 2080/3804/2051 2074/3805/2050
f 2076/3806/2045 2082/3807/2044 2081/3808/2053 2075/3809/2052
f 2077/3787/2043 2083/3810/2054 2088/3811/2055 2082/3788/2044
f 2078/3791/2047 2084/3812/2056 2083/3813/2054 2077/3792/2043
f 2079/3800/2049 2085/3814/2057 2084/3815/2056 2078/3816/2047
f 2080/3799/2051 2086/3817/2058 2085/3814/2057 2079/3800/2049
f 2081/3803/2053 2087/3818/2059 2086/3819/2058 2080/3804/2051
f 2082/3788/2044 2088/3811/2055 2087/3820/2059 2081/3821/2053
f 2083/3810/2054 2089/3822/2060 2094/3823/2061 2088/3811/2055
f 2084/3812/2056 2090/3824/2062 2089/3825/2060 2083/3813/2054
f 2085/3826/2057 2091/3827/2063 2090/3828/2062 2084/3829/2056
f 2086/3817/2058 2092/3830/2064 2091/3831/2063 2085/3814/2057
f 2087/3818/2059 2093/3832/2065 2092/3833/2064 2086/3819/2058
f 2088/3811/2055 2094/3823/2061 2093/3834/2065 2087/3820/2059
f 2095/3835/2066 2101/3836/2067 2106/3837/2068 2100/3838/2068
f 2096/3839/2069 2102/3840/2070 2101/3841/2067 2095/3842/2066
f 2097/3843/2071 2103/3844/2071 2102/3845/2070 2096/3846/2069
f 2098/3847/2072 2104/3848/2073 2103/3844/2071 2097/3843/2071
f 2099/3849/2074 2105/3850/2075 2104/3851/2073 2098/3852/2072
f 2100/3838/2068 2106/3837/2068 2105/3853/2075 2099/3854/2074
f 2107/3855/2076 2113/3856/2077 2118/3857/2078 2112/3858/2078
f 2108/3859/2079 2114/3860/2079 2113/3861/2077 2107/3862/2076
f 2109/3863/2080 2115/3864/2080 2114/3865/2079 2108/3866/2079
f 2110/3867/2081 2116/3868/2082 2115/3864/2080 2109/3863/2080
f 2111/3869/2083 2117/3870/2083 2116/3871/2082 2110/3872/2081
f 2112/3858/2078 2118/3857/2078 2117/3873/2083 2111/3874/2083
f 2119/3875/2084 2125/3876/2084 2130/3877/2085 2124/3878/2085
f 2120/3879/2086 2126/3880/2086 2125/3881/2084 2119/3882/2084
f 2121/3883/2087 2127/3884/2088 2126/3885/2086 2120/3886/2086
f 2122/3887/2089 2128/3888/2090 2127/3884/2088 2121/3883/2087
f 2123/3889/2091 2129/3890/2092 2128/3891/2090 2122/3892/2089
f 2124/3878/2085 2130/3877/2085 2129/3893/2092 2123/3894/2091
f 2131/3895/2093 2137/3896/2094 2142/3897/2095 2136/3898/2096
f 2132/3899/2097 2138/3900/2098 2137/3901/2094 2131/3902/2093
f 2133/3903/2099 2139/3904/2100 2138/3905/2098 2132/3906/2097
f 2134/3907/2101 2140/3908/2102 2139/3909/2100 2133/3910/2099
f 2135/3911/2103 2141/3912/2104 2140/3913/2102 2134/3914/2101
f 2136/3915/2096 2142/3916/2095 2141/3917/2104 2135/3918/2103
f 2137/3896/2094 2143/3919/2105 2148/3920/2106 2142/3897/2095
f 2138/3900/2098 2144/3921/2107 2143/3922/2105 2137/3901/2094
f 2139/3904/2100 2145/3923/2108 2144/3924/2107 2138/3905/2098
f 2140/3908/2102 2146/3925/2109 2145/3926/2108 2139/3909/2100
f 2141/3912/2104 2147/3927/2110 2146/3928/2109 2140/3913/2102
f 2142/3916/2095 2148/3929/2106 2147/3930/2110 2141/3917/2104
f 2143/3919/2105 2149/3931/2111 2154/3932/2112 2148/3920/2106
f 2144/3921/2107 2150/3933/2113 2149/3934/2111 2143/3922/2105
f 2145/3923/2108 2151/3935/2114 2150/3936/2113 2144/3924/2107
f 2146/3925/2109 2152/3937/2115 2151/3938/2114 2145/3926/2108
f 2147/3927/2110 2153/3939/2116 2152/3940/2115 2146/3928/2109
f 2148/3920/2106 2154/3932/2112 2153/3941/2116 2147/3942/2110
f 2149/3931/2111 2155/3943/2117 2160/3944/2118 2154/3932/2112
f 2150/3933/2113 2156/3945/2119 2155/3946/2117 2149/3934/2111
f 2151/3935/2114 2157/3947/2120 2156/3948/2119 2150/3936/2113
f 2152/3937/2115 2158/3949/2121 2157/3950/2120 2151/3938/2114
f 2153/3939/2116 2159/3951/2122 2158/3952/2121 2152/3940/2115
f 2154/3953/2112 2160/3954/2118 2159/3955/2122 2153/3956/2116
f 2161/3957/2123 2167/3958/2124 2172/3959/2125 2166/3960/2126
f 2162/3961/2127 2168/3962/2128 2167/3958/2124 2161/3957/2123
f 2163/3963/2129 2169/3964/2130 2168/3965/2128 2162/3966/2127
f 2164/3967/2131 2170/3968/2132 2169/3969/2130 2163/3970/2129
f 2165/3971/2133 2171/3972/2134 2170/3968/2132 2164/3967/2131
f 2166/3973/2126 2172/3974/2125 2171/3975/2134 2165/3976/2133
f 2167/3958/2124 2173/3977/2135 2178/3978/2136 2172/3959/2125
f 2168/3962/2128 2174/3979/2137 2173/3977/2135 2167/3958/2124
f 2169/3964/2130 2175/3980/2138 2174/3981/2137 2168/3965/2128
f 2170/3968/2132 2176/3982/2139 2175/3983/2138 2169/3969/2130
f 2171/3972/2134 2177/3984/2140 2176/3982/2139 2170/3968/2132
f 2172/3974/2125 2178/3985/2136 2177/3986/2140 2171/3975/2134
f 2179/3987/2141 2185/3988/2142 2190/3989/2143 2184/3990/2144
f 2180/3991/2145 2186/3992/2146 2185/3993/2142 2179/3994/2141
f 2181/3995/2147 2187/3996/2148 2186/3992/2146 2180/3991/2145
f 2182/3997/2149 2188/3998/2150 2187/3999/2148 2181/4000/2147
f 2183/4001/2151 2189/4002/2152 2188/4003/2150 2182/4004/2149
f 2184/4005/2144 2190/4006/2143 2189/4002/2152 2183/4001/2151
f 2185/3988/2142 2191/4007/2153 2196/4008/2154 2190/3989/2143
f 2186/3992/2146 2192/4009/2155 2191/4010/2153 2185/3993/2142
f 2187/3996/2148 2193/4011/2156 2192/4009/2155 2186/3992/2146
f 2188/3998/2150 2194/4012/2157 2193/4013/2156 2187/3999/2148
f 2189/4002/2152 2195/4014/2158 2194/4015/2157 2188/4003/2150
f 2190/4016/2143 2196/4017/2154 2195/4018/2158 2189/4019/2152
f 2197/4020/2159 2203/4021/2159 2208/4022/2160 2202/4023/2160
f 2198/4024/2161 2204/4025/2161 2203/4021/2159 2197/4020/2159
f 2199/4026/2162 2205/4027/2162 2204/4028/2161 2198/4029/2161
f 2200/4030/2163 2206/4031/2164 2205/4032/2162 2199/4033/2162
f 2201/4034/2165 2207/4035/2165 2206/4036/2164 2200/4037/2163
f 2202/4038/2160 2208/4039/2160 2207/4035/2165 2201/4034/2165
f 2209/4040/2166 2215/4041/2167 2220/4042/2168 2214/4043/2169
f 2210/4044/2170 2216/4045/2171 2215/4046/2167 2209/4047/2166
f 2211/4048/2172 2217/4049/2173 2216/4050/2171 2210/4051/2170
f 2212/4052/2174 2218/4053/2175 2217/4049/2173 2211/4048/2172
f 2213/4054/2176 2219/4055/2177 2218/4056/2175 2212/4057/2174
f 2214/4043/2169 2220/4042/2168 2219/4058/2177 2213/4059/2176
f 2215/4041/2167 2221/4060/2178 2226/4061/2179 2220/4042/2168
f 2216/4045/2171 2222/4062/2180 2221/4063/2178 2215/4046/2167
f 2217/4049/2173 2223/4064/2181 2222/4065/2180 2216/4050/2171
f 2218/4053/2175 2224/4066/2182 2223/4064/2181 2217/4049/2173
f 2219/4055/2177 2225/4067/2183 2224/4068/2182 2218/4056/2175
f 2220/4042/2168 2226/4061/2179 2225/4069/2183 2219/4058/2177
f 2221/4060/2178 2227/4070/2184 2232/4071/2185 2226/4061/2179
f 2222/4062/2180 2228/4072/2186 2227/4073/2184 2221/4063/2178
f 2223/4064/2181 2229/4074/2187 2228/4075/2186 2222/4065/2180
f 2224/4066/2182 2230/4076/2188 2229/4074/2187 2223/4064/2181
f 2225/4067/2183 2231/4077/2189 2230/4078/2188 2224/4068/2182
f 2226/4061/2179 2232/4071/2185 2231/4079/2189 2225/4069/2183
f 2233/4080/2190 2239/4081/2191 2244/4082/2192 2238/4083/2193
f 2234/4084/2194 2240/4085/2195 2239/4081/2191 2233/4080/2190
f 2235/4086/2196 2241/4087/2197 2240/4088/2195 2234/4089/2194
f 2236/4090/2198 2242/4091/2199 2241/4087/2197 2235/4086/2196
f 2237/4092/2200 2243/4093/2201 2242/4094/2199 2236/4095/2198
f 2238/4096/2193 2244/4097/2192 2243/4098/2201 2237/4099/2200
f 2239/4100/2191 2245/4101/2202 2250/4102/2203 2244/4103/2192
f 2240/4085/2195 2246/4104/2204 2245/4105/2202 2239/4081/2191
f 2241/4087/2197 2247/4106/2205 2246/4107/2204 2240/4088/2195
f 2242/4108/2199 2248/4109/2206 2247/4110/2205 2241/4111/2197
f 2243/4093/2201 2249/4112/2207 2248/4113/2206 2242/4094/2199
f 2244/4097/2192 2250/4114/2203 2249/4115/2207 2243/4098/2201
f 2251/4116/2208 2257/4117/2209 2262/4118/2210 2256/4119/2211
f 2252/4120/2212 2258/4121/2213 2257/4122/2209 2251/4123/2208
f 2253/4124/2214 2259/4125/2215 2258/4121/2213 2252/4120/2212
f 2254/4126/2216 2260/4127/2217 2259/4128/2215 2253/4129/2214
f 2255/4130/2218 2261/4131/2219 2260/4132/2217 2254/4133/2216
f 2256/4134/2211 2262/4135/2210 2261/4131/2219 2255/4130/2218
f 2257/4117/2209 2263/4136/2220 2268/4137/2221 2262/4118/2210
f 2258/4121/2213 2264/4138/2222 2263/4139/2220 2257/4122/2209
f 2259/4125/2215 2265/4140/2223 2264/4138/2222 2258/4121/2213
f 2260/4127/2217 2266/4141/2224 2265/4142/2223 2259/4128/2215
f 2261/4131/2219 2267/4143/2225 2266/4144/2224 2260/4132/2217
f 2262/4135/2210 2268/4145/2221 2267/4143/2225 2261/4131/2219
f 2263/4136/2220 2269/4146/2226 2274/4147/2227 2268/4137/2221
f 2264/4138/2222 2270/4148/2228 2269/4149/2226 2263/4139/2220
f 2265/4140/2223 2271/4150/2229 2270/4148/2228 2264/4138/2222
f 2266/4141/2224 2272/4151/2230 2271/4152/2229 2265/4142/2223
f 2267/4143/2225 2273/4153/2231 2272/4154/2230 2266/4144/2224
f 2268/4145/2221 2274/4155/2227 2273/4153/2231 2267/4143/2225
f 2269/4146/2226 2275/4156/2232 2280/4157/2233 2274/4147/2227
f 2270/4148/2228 2276/4158/2234 2275/4159/2232 2269/4149/2226
f 2271/4150/2229 2277/4160/2235 2276/4158/2234 2270/4148/2228
f 2272/4151/2230 2278/4161/2236 2277/4162/2235 2271/4152/2229
f 2273/4153/2231 2279/4163/2237 2278/4164/2236 2272/4154/2230
f 2274/4155/2227 2280/4165/2233 2279/4163/2237 2273/4153/2231
f 2281/4166/2238 2287/4167/2239 2292/4168/2240 2286/4169/2241
f 2282/4170/2242 2288/4171/2243 2287/4172/2239 2281/4173/2238
f 2283/4174/2244 2289/4175/2245 2288/4171/2243 2282/4170/2242
f 2284/4176/2246 2290/4177/2247 2289/4178/2245 2283/4179/2244
f 2285/4180/2248 2291/4181/2249 2290/4182/2247 2284/4183/2246
f 2286/4184/2241 2292/4185/2240 2291/4181/2249 2285/4180/2248
f 2287/4186/2239 2293/4187/2250 2298/4188/2251 2292/4189/2240
f 2288/4171/2243 2294/4190/2252 2293/4191/2250 2287/4172/2239
f 2289/4192/2245 2295/4193/2253 2294/4194/2252 2288/4195/2243
f 2290/4196/2247 2296/4197/2254 2295/4193/2253 2289/4192/2245
f 2291/4181/2249 2297/4198/2255 2296/4199/2254 2290/4182/2247
f 2292/4189/2240 2298/4188/2251 2297/4200/2255 2291/4201/2249
f 2293/4187/2250 2299/4202/2256 2304/4203/2257 2298/4188/2251
f 2294/4204/2252 2300/4205/2258 2299/4206/2256 2293/4207/2250
f 2295/4193/2253 2301/4208/2259 2300/4209/2258 2294/4194/2252
f 2296/4197/2254 2302/4210/2260 2301/4208/2259 2295/4193/2253
f 2297/4211/2255 2303/4212/2261 2302/4213/2260 2296/4214/2254
f 2298/4188/2251 2304/4203/2257 2303/4215/2261 2297/4200/2255
f 2305/4216/2262 2311/4217/2263 2316/4218/2264 2310/4219/2265
f 2306/4220/2266 2312/4221/2267 2311/4222/2263 2305/4223/2262
f 2307/4224/2268 2313/4225/2269 2312/4221/2267 2306/4220/2266
f 2308/4226/2270 2314/4227/2271 2313/4228/2269 2307/4229/2268
f 2309/4230/2272 2315/4231/2273 2314/4232/2271 2308/4233/2270
f 2310/4219/2265 2316/4218/2264 2315/4234/2273 2309/4235/2272
f 2311/4217/2263 2317/4236/2274 2322/4237/2275 2316/4218/2264
f 2312/4221/2267 2318/4238/2276 2317/4239/2274 2311/4222/2263
f 2313/4228/2269 2319/4240/2277 2318/4241/2276 2312/4242/2267
f 2314/4227/2271 2320/4243/2278 2319/4240/2277 2313/4228/2269
f 2315/4231/2273 2321/4244/2279 2320/4245/2278 2314/4232/2271
f 2316/4218/2264 2322/4237/2275 2321/4246/2279 2315/4234/2273
f 2317/4236/2274 2323/4247/2280 2328/4248/2281 2322/4237/2275
f 2318/4238/2276 2324/4249/2282 2323/4250/2280 2317/4239/2274
f 2319/4240/2277 2325/4251/2283 2324/4252/2282 2318/4241/2276
f 2320/4243/2278 2326/4253/2284 2325/4251/2283 2319/4240/2277
f 2321/4244/2279 2327/4254/2285 2326/4255/2284 2320/4245/2278
f 2322/4237/2275 2328/4248/2281 2327/4256/2285 2321/4246/2279
f 2329/4257/2286 2335/4258/2287 2340/4259/2288 2334/4260/2289
f 2330/4261/2290 2336/4262/2291 2335/4263/2287 2329/4264/2286
f 2331/4265/2292 2337/4266/2293 2336/4267/2291 2330/4268/2290
f 2332/4269/2294 2338/4270/2295 2337/4266/2293 2331/4265/2292
f 2333/4271/2296 2339/4272/2297 2338/4273/2295 2332/4274/2294
f 2334/4260/2289 2340/4259/2288 2339/4275/2297 2333/4276/2296
f 2335/4258/2287 2341/4277/2298 2346/4278/2299 2340/4259/2288
f 2336/4262/2291 2342/4279/2300 2341/4280/2298 2335/4263/2287
f 2337/4266/2293 2343/4281/2301 2342/4282/2300 2336/4267/2291
f 2338/4270/2295 2344/4283/2302 2343/4281/2301 2337/4266/2293
f 2339/4272/2297 2345/4284/2303 2344/4285/2302 2338/4273/2295
f 2340/4259/2288 2346/4278/2299 2345/4286/2303 2339/4275/2297
f 2347/4287/2304 2353/4288/2305 2358/4289/2306 2352/4290/2307
f 2348/4291/2308 2354/4292/2309 2353/4293/2305 2347/4294/2304
f 2349/4295/2310 2355/4296/2311 2354/4292/2309 2348/4291/2308
f 2350/4297/2312 2356/4298/2313 2355/4299/2311 2349/4300/2310
f 2351/4301/2314 2357/4302/2315 2356/4303/2313 2350/4304/2312
f 2352/4305/2307 2358/4306/2306 2357/4302/2315 2351/4301/2314
f 2353/4288/2305 2359/4307/2316 2364/4308/2317 2358/4289/2306
f 2354/4292/2309 2360/4309/2318 2359/4310/2316 2353/4293/2305
f 2355/4311/2311 2361/4312/2319 2360/4313/2318 2354/4314/2309
f 2356/4298/2313 2362/4315/2320 2361/4316/2319 2355/4299/2311
f 2357/4302/2315 2363/4317/2321 2362/4318/2320 2356/4303/2313
f 2358/4319/2306 2364/4320/2317 2363/4321/2321 2357/4322/2315
f 2365/4323/2322 2371/4324/2322 2376/4325/2323 2370/4326/2323
f 2366/4327/2324 2372/4328/2325 2371/4324/2322 2365/4323/2322
f 2367/4329/2326 2373/4330/2327 2372/4331/2325 2366/4332/2324
f 2368/4333/2328 2374/4334/2328 2373/4335/2327 2367/4336/2326
f 2369/4337/2329 2375/4338/2329 2374/4334/2328 2368/4333/2328
f 2370/4339/2323 2376/4340/2323 2375/4341/2329 2369/4342/2329
f 2377/4343/2330 2383/4344/2330 2388/4345/2331 2382/4346/2332
f 2378/4347/2333 2384/4348/2333 2383/4344/2330 2377/4343/2330
f 2379/4349/2334 2385/4350/2334 2384/4351/2333 2378/4352/2333
f 2380/4353/2335 2386/4354/2335 2385/4355/2334 2379/4356/2334
f 2381/4357/2336 2387/4358/2337 2386/4354/2335 2380/4353/2335
f 2382/4359/2332 2388/4360/2331 2387/4361/2337 2381/4362/2336
f 2389/4363/2338 2395/4364/2338 2400/4365/2339 2394/4366/2339
f 2390/4367/2340 2396/4368/2340 2395/4364/2338 2389/4363/2338
f 2391/4369/2341 2397/4370/2341 2396/4371/2340 2390/4372/2340
f 2392/4373/2342 2398/4374/2342 2397/4375/2341 2391/4376/2341
f 2393/4377/2343 2399/4378/2344 2398/4379/2342 2392/4380/2342
f 2394/4381/2339 2400/4382/2339 2399/4378/2344 2393/4377/2343
f 2401/4383/2345 2407/4384/2346 2412/4385/2347 2406/4386/2348
f 2402/4387/2349 2408/4388/2350 2407/4384/2346 2401/4383/2345
f 2403/4389/2351 2409/4390/2352 2408/4391/2350 2402/4392/2349
f 2404/4393/2353 2410/4394/2354 2409/4395/2352 2403/4396/2351
f 2405/4397/2355 2411/4398/2356 2410/4394/2354 2404/4393/2353
f 2406/4399/2348 2412/4400/2347 2411/4401/2356 2405/4402/2355
f 2407/4384/2346 2413/4403/2357 2418/4404/2358 2412/4385/2347
f 2408/4388/2350 2414/4405/2359 2413/4403/2357 2407/4384/2346
f 2409/4390/2352 2415/4406/2360 2414/4407/2359 2408/4391/2350
f 2410/4394/2354 2416/4408/2361 2415/4409/2360 2409/4395/2352
f 2411/4398/2356 2417/4410/2362 2416/4408/2361 2410/4394/2354
f 2412/4400/2347 2418/4411/2358 2417/4412/2362 2411/4401/2356
f 2413/4403/2357 2419/4413/2363 2424/4414/2364 2418/4404/2358
f 2414/4405/2359 2420/4415/2365 2419/4413/2363 2413/4403/2357
f 2415/4406/2360 2421/4416/2366 2420/4417/2365 2414/4407/2359
f 2416/4408/2361 2422/4418/2367 2421/4419/2366 2415/4409/2360
f 2417/4410/2362 2423/4420/2368 2422/4418/2367 2416/4408/2361
f 2418/4411/2358 2424/4421/2364 2423/4422/2368 2417/4412/2362
f 2419/4413/2363 2425/4423/2369 2430/4424/2370 2424/4414/2364
f 2420/4425/2365 2426/4426/2371 2425/4427/2369 2419/4428/2363
f 2421/4416/2366 2427/4429/2372 2426/4430/2371 2420/4417/2365
f 2422/4431/2367 2428/4432/2373 2427/4429/2372 2421/4416/2366
f 2423/4433/2368 2429/4434/2374 2428/4435/2373 2422/4436/2367
f 2424/4421/2364 2430/4437/2370 2429/4438/2374 2423/4422/2368
f 2431/4439/2375 2437/4440/2376 2442/4441/2377 2436/4442/2378
f 2432/4443/2379 2438/4444/2380 2437/4440/2376 2431/4439/2375
f 2433/4445/2381 2439/4446/2382 2438/4447/2380 2432/4448/2379
f 2434/4449/2383 2440/4450/2384 2439/4451/2382 2433/4452/2381
f 2435/4453/2385 2441/4454/2386 2440/4450/2384 2434/4449/2383
f 2436/4455/2378 2442/4456/2377 2441/4457/2386 2435/4458/2385
f 2437/4440/2376 2443/4459/2387 2448/4460/2388 2442/4441/2377
f 2438/4444/2380 2444/4461/2389 2443/4459/2387 2437/4440/2376
f 2439/4446/2382 2445/4462/2390 2444/4463/2389 2438/4447/2380
f 2440/4450/2384 2446/4464/2391 2445/4465/2390 2439/4451/2382
f 2441/4457/2386 2447/4466/2392 2446/4467/2391 2440/4468/2384
f 2442/4456/2377 2448/4469/2388 2447/4466/2392 2441/4457/2386
f 2449/4470/2393 2455/4471/2393 2460/4472/2394 2454/4473/2395
f 2450/4474/2396 2456/4475/2397 2455/4476/2393 2449/4477/2393
f 2451/4478/2398 2457/4479/2399 2456/4480/2397 2450/4481/2396
f 2452/4482/2400 2458/4483/2401 2457/4479/2399 2451/4478/2398
f 2453/4484/2402 2459/4485/2402 2458/4486/2401 2452/4487/2400
f 2454/4473/2395 2460/4472/2394 2459/4488/2402 2453/4489/2402
f 2461/4490/2403 2467/4491/2403 2472/4492/2404 2466/4493/2404
f 2462/4494/2405 2468/4495/2405 2467/4496/2403 2461/4497/2403
f 2463/4498/2406 2469/4499/2406 2468/4495/2405 2462/4494/2405
f 2464/4500/2407 2470/4501/2407 2469/4502/2406 2463/4503/2406
f 2465/4504/2408 2471/4505/2409 2470/4506/2407 2464/4507/2407
f 2466/4508/2404 2472/4509/2404 2471/4505/2409 2465/4504/2408
f 2473/4510/2410 2479/4511/2411 2484/4512/2412 2478/4513/2413
f 2474/4514/2414 2480/4515/2415 2479/4511/2411 2473/4510/2410
f 2475/4516/2416 2481/4517/2417 2480/4518/2415 2474/4519/2414
f 2476/4520/2418 2482/4521/2419 2481/4522/2417 2475/4523/2416
f 2477/4524/2420 2483/4525/2421 2482/4521/2419 2476/4520/2418
f 2478/4526/2413 2484/4527/2412 2483/4528/2421 2477/4529/2420
f 2479/4511/2411 2485/4530/2422 2490/4531/2423 2484/4512/2412
f 2480/4515/2415 2486/4532/2424 2485/4530/2422 2479/4511/2411
f 2481/4517/2417 2487/4533/2425 2486/4534/2424 2480/4518/2415
f 2482/4521/2419 2488/4535/2426 2487/4536/2425 2481/4522/2417
f 2483/4525/2421 2489/4537/2427 2488/4535/2426 2482/4521/2419
f 2484/4527/2412 2490/4538/2423 2489/4539/2427 2483/4528/2421
f 2485/4530/2422 2491/4540/2428 2496/4541/2429 2490/4531/2423
f 2486/4532/2424 2492/4542/2430 2491/4540/2428 2485/4530/2422
f 2487/4543/2425 2493/4544/2431 2492/4545/2430 2486/4546/2424
f 2488/4535/2426 2494/4547/2432 2493/4548/2431 2487/4536/2425
f 2489/4549/2427 2495/4550/2433 2494/4551/2432 2488/4552/2426
f 2490/4553/2423 2496/4554/2429 2495/4550/2433 2489/4549/2427
f 2491/4540/2428 2497/4555/2434 2502/4556/2435 2496/4541/2429
f 2492/4542/2430 2498/4557/2436 2497/4555/2434 2491/4540/2428
f 2493/4558/2431 2499/4559/2437 2498/4560/2436 2492/4561/2430
f 2494/4547/2432 2500/4562/2438 2499/4563/2437 2493/4548/2431
f 2495/4550/2433 2501/4564/2439 2500/4565/2438 2494/4551/2432
f 2496/4566/2429 2502/4567/2435 2501/4568/2439 2495/4569/2433
f 2503/4570/2440 2509/4571/2441 2514/4572/2442 2508/4573/2443
f 2504/4574/2444 2510/4575/2445 2509/4571/2441 2503/4570/2440
f 2505/4576/2446 2511/4577/2447 2510/4578/2445 2504/4579/2444
f 2506/4580/2448 2512/4581/2449 2511/4582/2447 2505/4583/2446
f 2507/4584/2450 2513/4585/2451 2512/4581/2449 2506/4580/2448
f 2508/4586/2443 2514/4587/2442 2513/4588/2451 2507/4589/2450
f 2509/4571/2441 2515/4590/2452 2520/4591/2453 2514/4572/2442
f 2510/4575/2445 2516/4592/2454 2515/4590/2452 2509/4571/2441
f 2511/4577/2447 2517/4593/2455 2516/4594/2454 2510/4578/2445
f 2512/4581/2449 2518/4595/2456 2517/4596/2455 2511/4582/2447
f 2513/4585/2451 2519/4597/2457 2518/4595/2456 2512/4581/2449
f 2514/4587/2442 2520/4598/2453 2519/4599/2457 2513/4588/2451
f 2521/4600/2458 2527/4601/2459 2532/4602/2460 2526/4603/2461
f 2522/4604/2462 2528/4605/2463 2527/4606/2459 2521/4607/2458
f 2523/4608/2464 2529/4609/2465 2528/4610/2463 2522/4611/2462
f 2524/4612/2466 2530/4613/2467 2529/4609/2465 2523/4608/2464
f 2525/4614/2468 2531/4615/2469 2530/4616/2467 2524/4617/2466
f 2526/4603/2461 2532/4602/2460 2531/4618/2469 2525/4619/2468
f 2527/4601/2459 2533/4620/2470 2538/4621/2471 2532/4602/2460
f 2528/4605/2463 2534/4622/2472 2533/4623/2470 2527/4606/2459
f 2529/4609/2465 2535/4624/2473 2534/4625/2472 2528/4610/2463
f 2530/4613/2467 2536/4626/2474 2535/4624/2473 2529/4609/2465
f 2531/4615/2469 2537/4627/2475 2536/4628/2474 2530/4616/2467
f 2532/4602/2460 2538/4621/2471 2537/4629/2475 2531/4618/2469
f 2539/4630/2476 2545/4631/2477 2550/4632/2478 2544/4633/2479
f 2540/4634/2480 2546/4635/2481 2545/4631/2477 2539/4630/2476
f 2541/4636/2482 2547/4637/2483 2546/4638/2481 2540/4639/2480
f 2542/4640/2484 2548/4641/2485 2547/4642/2483 2541/4643/2482
f 2543/4644/2486 2549/4645/2487 2548/4646/2485 2542/4647/2484
f 2544/4648/2479 2550/4649/2478 2549/4650/2487 2543/4651/2486
f 2545/4631/2477 2551/4652/2488 2556/4653/2489 2550/4632/2478
f 2546/4654/2481 2552/4655/2490 2551/4656/2488 2545/4657/2477
f 2547/4637/2483 2553/4658/2491 2552/4659/2490 2546/4638/2481
f 2548/4641/2485 2554/4660/2492 2553/4661/2491 2547/4642/2483
f 2549/4645/2487 2555/4662/2493 2554/4663/2492 2548/4646/2485
f 2550/4649/2478 2556/4664/2489 2555/4665/2493 2549/4650/2487
f 2551/4652/2488 2557/4666/2494 2562/4667/2495 2556/4653/2489
f 2552/4655/2490 2558/4668/2496 2557/4669/2494 2551/4656/2488
f 2553/4658/2491 2559/4670/2497 2558/4671/2496 2552/4659/2490
f 2554/4660/2492 2560/4672/2498 2559/4673/2497 2553/4661/2491
f 2555/4662/2493 2561/4674/2499 2560/4675/2498 2554/4663/2492
f 2556/4664/2489 2562/4676/2495 2561/4677/2499 2555/4665/2493
f 2557/4666/2494 2563/4678/2500 2568/4679/2501 2562/4667/2495
f 2558/4680/2496 2564/4681/2502 2563/4678/2500 2557/4666/2494
f 2559/4670/2497 2565/4682/2503 2564/4683/2502 2558/4671/2496
f 2560/4672/2498 2566/4684/2504 2565/4685/2503 2559/4673/2497
f 2561/4674/2499 2567/4686/2505 2566/4687/2504 2560/4675/2498
f 2562/4676/2495 2568/4688/2501 2567/4689/2505 2561/4677/2499
f 2569/4690/2506 2575/4691/2507 2580/4692/2508 2574/4693/2509
f 2570/4694/2510 2576/4695/2511 2575/4691/2507 2569/4690/2506
f 2571/4696/2512 2577/4697/2513 2576/4698/2511 2570/4699/2510
f 2572/4700/2514 2578/4701/2515 2577/4702/2513 2571/4703/2512
f 2573/4704/2516 2579/4705/2517 2578/4701/2515 2572/4700/2514
f 2574/4706/2509 2580/4707/2508 2579/4708/2517 2573/4709/2516
f 2575/4691/2507 2581/4710/2518 2586/4711/2519 2580/4692/2508
f 2576/4695/2511 2582/4712/2520 2581/4710/2518 2575/4691/2507
f 2577/4697/2513 2583/4713/2521 2582/4714/2520 2576/4698/2511
f 2578/4701/2515 2584/4715/2522 2583/4716/2521 2577/4702/2513
f 2579/4705/2517 2585/4717/2523 2584/4715/2522 2578/4701/2515
f 2580/4707/2508 2586/4718/2519 2585/4719/2523 2579/4708/2517
f 2587/4720/2524 2593/4721/2525 2598/4722/2526 2592/4723/2527
f 2588/4724/2528 2594/4725/2529 2593/4726/2525 2587/4727/2524
f 2589/4728/2530 2595/4729/2531 2594/4725/2529 2588/4724/2528
f 2590/4730/2532 2596/4731/2533 2595/4732/2531 2589/4733/2530
f 2591/4734/2534 2597/4735/2535 2596/4736/2533 2590/4737/2532
f 2592/4738/2527 2598/4739/2526 2597/4735/2535 2591/4734/2534
f 2593/4721/2525 2599/4740/2536 2604/4741/2537 2598/4722/2526
f 2594/4725/2529 2600/4742/2538 2599/4743/2536 2593/4726/2525
f 2595/4729/2531 2601/4744/2539 2600/4742/2538 2594/4725/2529
f 2596/4731/2533 2602/4745/2540 2601/4746/2539 2595/4732/2531
f 2597/4747/2535 2603/4748/2541 2602/4749/2540 2596/4750/2533
f 2598/4739/2526 2604/4751/2537 2603/4752/2541 2597/4735/2535
f 2599/4740/2536 2605/4753/2542 2610/4754/2543 2604/4741/2537
f 2600/4755/2538 2606/4756/2544 2605/4757/2542 2599/4758/2536
f 2601/4744/2539 2607/4759/2545 2606/4760/2544 2600/4742/2538
f 2602/4745/2540 2608/4761/2546 2607/4762/2545 2601/4746/2539
f 2603/4748/2541 2609/4763/2547 2608/4764/2546 2602/4749/2540
f 2604/4751/2537 2610/4765/2543 2609/4766/2547 2603/4752/2541
f 2611/4767/2548 2617/4768/2549 2622/4769/2550 2616/4770/2551
f 2612/4771/2552 2618/4772/2553 2617/4773/2549 2611/4774/2548
f 2613/4775/2554 2619/4776/2555 2618/4777/2553 2612/4778/2552
f 2614/4779/2556 2620/4780/2557 2619/4776/2555 2613/4775/2554
f 2615/4781/2558 2621/4782/2559 2620/4783/2557 2614/4784/2556
f 2616/4770/2551 2622/4769/2550 2621/4785/2559 2615/4786/2558
f 2617/4768/2549 2623/4787/2560 2628/4788/2561 2622/4769/2550
f 2618/4772/2553 2624/4789/2562 2623/4790/2560 2617/4773/2549
f 2619/4776/2555 2625/4791/2563 2624/4792/2562 2618/4777/2553
f 2620/4780/2557 2626/4793/2564 2625/4791/2563 2619/4776/2555
f 2621/4782/2559 2627/4794/2565 2626/4795/2564 2620/4783/2557
f 2622/4769/2550 2628/4788/2561 2627/4796/2565 2621/4785/2559
f 2623/4787/2560 2629/4797/2566 2634/4798/2567 2628/4788/2561
f 2624/4789/2562 2630/4799/2568 2629/4800/2566 2623/4790/2560
f 2625/4791/2563 2631/4801/2569 2630/4802/2568 2624/4792/2562
f 2626/4793/2564 2632/4803/2570 2631/4801/2569 2625/4791/2563
f 2627/4794/2565 2633/4804/2571 2632/4805/2570 2626/4795/2564
f 2628/4788/2561 2634/4798/2567 2633/4806/2571 2627/4796/2565
f 2629/4797/2566 2635/4807/2572 2640/4808/2573 2634/4798/2567
f 2630/4799/2568 2636/4809/2574 2635/4810/2572 2629/4800/2566
f 2631/4801/2569 2637/4811/2575 2636/4812/2574 2630/4802/2568
f 2632/4803/2570 2638/4813/2576 2637/4811/2575 2631/4801/2569
f 2633/4804/2571 2639/4814/2577 2638/4815/2576 2632/4805/2570
f 2634/4798/2567 2640/4808/2573 2639/4816/2577 2633/4806/2571
f 2641/4817/2578 2647/4818/2579 2652/4819/2580 2646/4820/2581
f 2642/4821/2582 2648/4822/2583 2647/4823/2579 2641/4824/2578
f 2643/4825/2584 2649/4826/2585 2648/4822/2583 2642/4821/2582
f 2644/4827/2586 2650/4828/2587 2649/4829/2585 2643/4830/2584
f 2645/4831/2588 2651/4832/2589 2650/4833/2587 2644/4834/2586
f 2646/4835/2581 2652/4836/2580 2651/4832/2589 2645/4831/2588
f 2647/4837/2579 2653/4838/2590 2658/4839/2591 2652/4840/2580
f 2648/4822/2583 2654/4841/2592 2653/4842/2590 2647/4823/2579
f 2649/4843/2585 2655/4844/2593 2654/4845/2592 2648/4846/2583
f 2650/4847/2587 2656/4848/2594 2655/4844/2593 2649/4843/2585
f 2651/4832/2589 2657/4849/2595 2656/4850/2594 2650/4833/2587
f 2652/4840/2580 2658/4839/2591 2657/4851/2595 2651/4852/2589
f 2659/4853/2596 2665/4854/2597 2670/4855/2598 2664/4856/2599
f 2660/4857/2600 2666/4858/2601 2665/4854/2597 2659/4853/2596
f 2661/4859/2602 2667/4860/2603 2666/4861/2601 2660/4862/2600
f 2662/4863/2604 2668/4864/2605 2667/4865/2603 2661/4866/2602
f 2663/4867/2606 2669/4868/2607 2668/4864/2605 2662/4863/2604
f 2664/4869/2599 2670/4870/2598 2669/4871/2607 2663/4872/2606
f 2665/4854/2597 2671/4873/2608 2676/4874/2609 2670/4855/2598
f 2666/4858/2601 2672/4875/2610 2671/4873/2608 2665/4854/2597
f 2667/4860/2603 2673/4876/2611 2672/4877/2610 2666/4861/2601
f 2668/4878/2605 2674/4879/2612 2673/4876/2611 2667/4860/2603
f 2669/4868/2607 2675/4880/2613 2674/4881/2612 2668/4864/2605
f 2670/4870/2598 2676/4882/2609 2675/4883/2613 2669/4871/2607
f 2671/4873/2608 2677/4884/2614 2682/4885/2615 2676/4874/2609
f 2672/4875/2610 2678/4886/2616 2677/4884/2614 2671/4873/2608
f 2673/4876/2611 2679/4887/2617 2678/4888/2616 2672/4877/2610
f 2674/4881/2612 2680/4889/2618 2679/4890/2617 2673/4891/2611
f 2675/4880/2613 2681/4892/2619 2680/4889/2618 2674/4881/2612
f 2676/4882/2609 2682/4893/2615 2681/4894/2619 2675/4883/2613
f 2677/4884/2614 2683/4895/2620 2688/4896/2621 2682/4885/2615
f 2678/4886/2616 2684/4897/2622 2683/4895/2620 2677/4884/2614
f 2679/4887/2617 2685/4898/2623 2684/4899/2622 2678/4888/2616
f 2680/4889/2618 2686/4900/2624 2685/4901/2623 2679/4890/2617
f 2681/4892/2619 2687/4902/2625 2686/4900/2624 2680/4889/2618
f 2682/4893/2615 2688/4903/2621 2687/4904/2625 2681/4894/2619
f 2689/4905/2626 2695/4906/2627 2700/4907/2628 2694/4908/2629
f 2690/4909/2630 2696/4910/2631 2695/4911/2627 2689/4912/2626
f 2691/4913/2632 2697/4914/2633 2696/4910/2631 2690/4909/2630
f 2692/4915/2634 2698/4916/2635 2697/4917/2633 2691/4918/2632
f 2693/4919/2636 2699/4920/2637 2698/4921/2635 2692/4922/2634
f 2694/4908/2629 2700/4907/2628 2699/4923/2637 2693/4924/2636
f 2695/4906/2627 2701/4925/2638 2706/4926/2639 2700/4907/2628
f 2696/4910/2631 2702/4927/2640 2701/4928/2638 2695/4911/2627
f 2697/4917/2633 2703/4929/2641 2702/4930/2640 2696/4931/2631
f 2698/4916/2635 2704/4932/2642 2703/4929/2641 2697/4917/2633
f 2699/4920/2637 2705/4933/2643 2704/4934/2642 2698/4921/2635
f 2700/4907/2628 2706/4926/2639 2705/4935/2643 2699/4923/2637
f 2701/4925/2638 2707/4936/2644 2712/4937/2645 2706/4926/2639
f 2702/4927/2640 2708/4938/2646 2707/4939/2644 2701/4928/2638
f 2703/4940/2641 2709/4941/2647 2708/4942/2646 2702/4943/2640
f 2704/4932/2642 2710/4944/2648 2709/4945/2647 2703/4929/2641
f 2705/4933/2643 2711/4946/2649 2710/4947/2648 2704/4934/2642
f 2706/4948/2639 2712/4949/2645 2711/4950/2649 2705/4951/2643
f 2713/4952/2650 2719/4953/2651 2724/4954/2652 2718/4955/2653
f 2714/4956/2654 2720/4957/2655 2719/4953/2651 2713/4952/2650
f 2715/4958/2656 2721/4959/2657 2720/4960/2655 2714/4961/2654
f 2716/4962/2658 2722/4963/2659 2721/4964/2657 2715/4965/2656
f 2717/4966/2660 2723/4967/2661 2722/4963/2659 2716/4962/2658
f 2718/4968/2653 2724/4969/2652 2723/4970/2661 2717/4971/2660
f 2719/4953/2651 2725/4972/2662 2730/4973/2663 2724/4954/2652
f 2720/4957/2655 2726/4974/2664 2725/4972/2662 2719/4953/2651
f 2721/4975/2657 2727/4976/2665 2726/4977/2664 2720/4978/2655
f 2722/4963/2659 2728/4979/2666 2727/4980/2665 2721/4964/2657
f 2723/4967/2661 2729/4981/2667 2728/4979/2666 2722/4963/2659
f 2724/4982/2652 2730/4983/2663 2729/4984/2667 2723/4985/2661
f 2731/4986/2668 2737/4987/2669 2742/4988/2670 2736/4989/2671
f 2732/4990/2672 2738/4991/2673 2737/4992/2669 2731/4993/2668
f 2733/4994/2674 2739/4995/2674 2738/4996/2673 2732/4997/2672
f 2734/4998/2675 2740/4999/2676 2739/4995/2674 2733/4994/2674
f 2735/5000/2677 2741/5001/2678 2740/5002/2676 2734/5003/2675
f 2736/4989/2671 2742/4988/2670 2741/5004/2678 2735/5005/2677
f 2743/5006/2679 2749/5007/2679 2754/5008/2680 2748/5009/2680
f 2744/5010/2681 2750/5011/2682 2749/5012/2679 2743/5013/2679
f 2745/5014/2683 2751/5015/2683 2750/5011/2682 2744/5010/2681
f 2746/5016/2684 2752/5017/2684 2751/5018/2683 2745/5019/2683
f 2747/5020/2685 2753/5021/2685 2752/5022/2684 2746/5023/2684
f 2748/5024/2680 2754/5025/2680 2753/5021/2685 2747/5020/2685
f 2755/5026/2686 2761/5027/2687 2766/5028/2688 2760/5029/2689
f 2756/5030/2690 2762/5031/2691 2761/5032/2687 2755/5033/2686
f 2757/5034/2692 2763/5035/2693 2762/5036/2691 2756/5037/2690
f 2758/5038/2694 2764/5039/2695 2763/5040/2693 2757/5041/2692
f 2759/5042/2696 2765/5043/2697 2764/5044/2695 2758/5045/2694
f 2760/5046/2689 2766/5047/2688 2765/5048/2697 2759/5049/2696
f 2761/5027/2687 2767/5050/2698 2772/5051/2699 2766/5028/2688
f 2762/5052/2691 2768/5053/2700 2767/5050/2698 2761/5027/2687
f 2763/5035/2693 2769/5054/2701 2768/5055/2700 2762/5036/2691
f 2764/5039/2695 2770/5056/2702 2769/5057/2701 2763/5040/2693
f 2765/5043/2697 2771/5058/2703 2770/5059/2702 2764/5044/2695
f 2766/5047/2688 2772/5060/2699 2771/5061/2703 2765/5048/2697
f 2767/5050/2698 2773/5062/2704 2778/5063/2705 2772/5051/2699
f 2768/5064/2700 2774/5065/2706 2773/5066/2704 2767/5067/2698
f 2769/5054/2701 2775/5068/2707 2774/5069/2706 2768/5055/2700
f 2770/5056/2702 2776/5070/2708 2775/5071/2707 2769/5057/2701
f 2771/5058/2703 2777/5072/2709 2776/5073/2708 2770/5059/2702
f 2772/5074/2699 2778/5075/2705 2777/5072/2709 2771/5058/2703
f 2773/5062/2704 2779/5076/2710 2784/5077/2711 2778/5063/2705
f 2774/5078/2706 2780/5079/2712 2779/5076/2710 2773/5062/2704
f 2775/5068/2707 2781/5080/2713 2780/5081/2712 2774/5069/2706
f 2776/5070/2708 2782/5082/2714 2781/5083/2713 2775/5071/2707
f 2777/5084/2709 2783/5085/2715 2782/5086/2714 2776/5087/2708
f 2778/5088/2705 2784/5089/2711 2783/5085/2715 2777/5084/2709
f 2785/5090/2716 2791/5091/2717 2796/5092/2718 2790/5093/2719
f 2786/5094/2720 2792/5095/2721 2791/5096/2717 2785/5097/2716
f 2787/5098/2722 2793/5099/2723 2792/5095/2721 2786/5094/2720
f 2788/5100/2724 2794/5101/2725 2793/5102/2723 2787/5103/2722
f 2789/5104/2726 2795/5105/2727 2794/5106/2725 2788/5107/2724
f 2790/5108/2719 2796/5109/2718 2795/5105/2727 2789/5104/2726
f 2791/5091/2717 2797/5110/2728 2802/5111/2729 2796/5092/2718
f 2792/5095/2721 2798/5112/2730 2797/5113/2728 2791/5096/2717
f 2793/5099/2723 2799/5114/2731 2798/5112/2730 2792/5095/2721
f 2794/5101/2725 2800/5115/2732 2799/5116/2731 2793/5102/2723
f 2795/5105/2727 2801/5117/2733 2800/5118/2732 2794/5106/2725
f 2796/5109/2718 2802/5119/2729 2801/5117/2733 2795/5105/2727
f 2797/5110/2728 2803/5120/2734 2808/5121/2735 2802/5111/2729
f 2798/5112/2730 2804/5122/2736 2803/5123/2734 2797/5113/2728
f 2799/5114/2731 2805/5124/2737 2804/5122/2736 2798/5112/2730
f 2800/5115/2732 2806/5125/2738 2805/5126/2737 2799/5116/2731
f 2801/5117/2733 2807/5127/2739 2806/5128/2738 2800/5118/2732
f 2802/5119/2729 2808/5129/2735 2807/5127/2739 2801/5117/2733
f 2809/5130/2740 2815/5131/2741 2820/5132/2742 2814/5133/2743
f 2810/5134/2744 2816/5135/2745 2815/5136/2741 2809/5137/2740
f 2811/5138/2746 2817/5139/2747 2816/5140/2745 2810/5141/2744
f 2812/5142/2748 2818/5143/2749 2817/5144/2747 2811/5145/2746
f 2813/5146/2750 2819/5147/2751 2818/5148/2749 2812/5149/2748
f 2814/5150/2743 2820/5151/2742 2819/5152/2751 2813/5153/2750
f 2815/5131/2741 2821/5154/2752 2826/5155/2753 2820/5132/2742
f 2816/5135/2745 2822/5156/2754 2821/5157/2752 2815/5136/2741
f 2817/5139/2747 2823/5158/2755 2822/5159/2754 2816/5140/2745
f 2818/5143/2749 2824/5160/2756 2823/5161/2755 2817/5144/2747
f 2819/5147/2751 2825/5162/2757 2824/5163/2756 2818/5148/2749
f 2820/5151/2742 2826/5164/2753 2825/5165/2757 2819/5152/2751
f 2827/5166/2758 2833/5167/2758 2838/5168/2759 2832/5169/2760
f 2828/4969/2761 2834/5170/2761 2833/5167/2758 2827/5166/2758
f 2829/5171/2762 2835/5172/2763 2834/5173/2761 2828/5174/2761
f 2830/5175/2764 2836/5176/2765 2835/5177/2763 2829/5178/2762
f 2831/5179/2766 2837/5180/2767 2836/5176/2765 2830/5175/2764
f 2832/5181/2760 2838/5182/2759 2837/5183/2767 2831/5184/2766
f 2839/5185/2768 2845/5186/2768 2850/5187/2769 2844/5188/2769
f 2840/5189/2770 2846/5190/2770 2845/5186/2768 2839/5185/2768
f 2841/5191/2771 2847/5192/2771 2846/5193/2770 2840/5194/2770
f 2842/5195/2772 2848/5196/2772 2847/5197/2771 2841/5198/2771
f 2843/5199/2773 2849/5200/2773 2848/5196/2772 2842/5195/2772
f 2844/5201/2769 2850/5202/2769 2849/5203/2773 2843/5204/2773
f 2851/5205/2774 2857/5206/2774 2862/5207/2775 2856/5208/2775
f 2852/5209/2776 2858/5210/2776 2857/5211/2774 2851/5212/2774
f 2853/5213/2777 2859/5214/2777 2858/5210/2776 2852/5209/2776
f 2854/5215/2778 2860/5216/2778 2859/5217/2777 2853/5218/2777
f 2855/5219/2779 2861/5220/2779 2860/5221/2778 2854/5222/2778
f 2856/5223/2775 2862/5224/2775 2861/5220/2779 2855/5219/2779
f 2863/5225/2780 2869/5226/2781 2874/5227/2782 2868/5228/2782
f 2864/5229/2783 2870/5230/2784 2869/5231/2781 2863/5232/2780
f 2865/5233/2785 2871/5234/2786 2870/5235/2784 2864/5236/2783
f 2866/5237/2787 2872/5238/2787 2871/5234/2786 2865/5233/2785
f 2867/5239/2788 2873/5240/2788 2872/5241/2787 2866/5242/2787
f 2868/5228/2782 2874/5227/2782 2873/5243/2788 2867/5244/2788
f 2875/5245/2789 2881/5246/2790 2886/5247/2791 2880/5248/2792
f 2876/5249/2793 2882/5250/2794 2881/5246/2790 2875/5245/2789
f 2877/5251/2795 2883/5252/2796 2882/5253/2794 2876/5254/2793
f 2878/5255/2797 2884/5256/2798 2883/5257/2796 2877/5258/2795
f 2879/5259/2799 2885/5260/2800 2884/5256/2798 2878/5255/2797
f 2880/5261/2792 2886/5262/2791 2885/5263/2800 2879/5264/2799
f 2881/5246/2790 2887/5265/2801 2892/5266/2802 2886/5247/2791
f 2882/5250/2794 2888/5267/2803 2887/5265/2801 2881/5246/2790
f 2883/5252/2796 2889/5268/2804 2888/5269/2803 2882/5253/2794
f 2884/5256/2798 2890/5270/2805 2889/5271/2804 2883/5257/2796
f 2885/5260/2800 2891/5272/2806 2890/5270/2805 2884/5256/2798
f 2886/5262/2791 2892/5273/2802 2891/5274/2806 2885/5263/2800
f 2887/5265/2801 2893/5275/2807 2898/5276/2808 2892/5266/2802
f 2888/5267/2803 2894/5277/2809 2893/5275/2807 2887/5265/2801
f 2889/5268/2804 2895/5278/2810 2894/5279/2809 2888/5269/2803
f 2890/5270/2805 2896/5280/2811 2895/5281/2810 2889/5271/2804
f 2891/5272/2806 2897/5282/2812 2896/5280/2811 2890/5270/2805
f 2892/5273/2802 2898/5283/2808 2897/5284/2812 2891/5274/2806
f 2893/5275/2807 2899/5285/2813 2904/5286/2814 2898/5276/2808
f 2894/5277/2809 2900/5287/2815 2899/5285/2813 2893/5275/2807
f 2895/5278/2810 2901/5288/2816 2900/5289/2815 2894/5279/2809
f 2896/5280/2811 2902/5290/2817 2901/5291/2816 2895/5281/2810
f 2897/5282/2812 2903/5292/2818 2902/5290/2817 2896/5280/2811
f 2898/5283/2808 2904/5293/2814 2903/5294/2818 2897/5284/2812
f 2905/5295/2819 2911/5296/2820 2916/5297/2821 2910/5298/2822
f 2906/5299/2823 2912/5300/2824 2911/5296/2820 2905/5295/2819
f 2907/5301/2825 2913/5302/2826 2912/5303/2824 2906/5304/2823
f 2908/5305/2827 2914/5306/2828 2913/5307/2826 2907/5308/2825
f 2909/5309/2829 2915/5310/2830 2914/5306/2828 2908/5305/2827
f 2910/5311/2822 2916/5312/2821 2915/5313/2830 2909/5314/2829
f 2911/5296/2820 2917/5315/2831 2922/5316/2832 2916/5297/2821
f 2912/5300/2824 2918/5317/2833 2917/5315/2831 2911/5296/2820
f 2913/5302/2826 2919/5318/2834 2918/5319/2833 2912/5303/2824
f 2914/5306/2828 2920/5320/2835 2919/5321/2834 2913/5307/2826
f 2915/5310/2830 2921/5322/2836 2920/5320/2835 2914/5306/2828
f 2916/5312/2821 2922/5323/2832 2921/5324/2836 2915/5313/2830
f 2923/5325/2837 2929/5326/2838 2934/5327/2839 2928/5328/2840
f 2924/5329/2841 2930/5330/2842 2929/5331/2838 2923/5332/2837
f 2925/5333/2843 2931/5334/2844 2930/5335/2842 2924/5336/2841
f 2926/5337/2845 2932/5338/2846 2931/5334/2844 2925/5333/2843
f 2927/5339/2847 2933/5340/2848 2932/5341/2846 2926/5342/2845
f 2928/5328/2840 2934/5327/2839 2933/5343/2848 2927/5344/2847
f 2929/5326/2838 2935/5345/2849 2940/5346/2850 2934/5327/2839
f 2930/5330/2842 2936/5347/2851 2935/5348/2849 2929/5331/2838
f 2931/5334/2844 2937/5349/2852 2936/5350/2851 2930/5335/2842
f 2932/5338/2846 2938/5351/2853 2937/5349/2852 2931/5334/2844
f 2933/5340/2848 2939/5352/2854 2938/5353/2853 2932/5341/2846
f 2934/5327/2839 2940/5346/2850 2939/5354/2854 2933/5343/2848
f 2935/5345/2849 2941/5355/2855 2946/5356/2856 2940/5346/2850
f 2936/5347/2851 2942/5357/2857 2941/5358/2855 2935/5348/2849
f 2937/5349/2852 2943/5359/2858 2942/5360/2857 2936/5350/2851
f 2938/5351/2853 2944/5361/2859 2943/5359/2858 2937/5349/2852
f 2939/5352/2854 2945/5362/2860 2944/5363/2859 2938/5353/2853
f 2940/5346/2850 2946/5356/2856 2945/5364/2860 2939/5354/2854
f 2941/5355/2855 2947/5365/2861 2952/5366/2862 2946/5356/2856
f 2942/5357/2857 2948/5367/2863 2947/5368/2861 2941/5358/2855
f 2943/5359/2858 2949/5369/2864 2948/5370/2863 2942/5360/2857
f 2944/5361/2859 2950/5371/2865 2949/5369/2864 2943/5359/2858
f 2945/5362/2860 2951/5372/2866 2950/5373/2865 2944/5363/2859
f 2946/5356/2856 2952/5366/2862 2951/5374/2866 2945/5364/2860
f 2953/5375/2867 2959/5376/2868 2964/5377/2869 2958/5378/2870
f 2954/5379/2871 2960/5380/2872 2959/5381/2868 2953/5382/2867
f 2955/5383/2873 2961/5384/2874 2960/5380/2872 2954/5379/2871
f 2956/5385/2875 2962/5386/2875 2961/5387/2874 2955/5388/2873
f 2957/5389/2876 2963/5390/2877 2962/5391/2875 2956/5392/2875
f 2958/5393/2870 2964/5394/2869 2963/5390/2877 2957/5389/2876
f 2965/5395/2878 2971/5396/2879 2976/5397/2880 2970/5398/2881
f 2966/5399/2882 2972/5400/2883 2971/5401/2879 2965/5402/2878
f 2967/5403/2884 2973/5404/2885 2972/5405/2883 2966/5406/2882
f 2968/5407/2886 2974/5408/2887 2973/5409/2885 2967/5410/2884
f 2969/5411/2888 2975/5412/2889 2974/5413/2887 2968/5414/2886
f 2970/5415/2881 2976/5416/2880 2975/5417/2889 2969/5418/2888
f 2971/5396/2879 2977/5419/2890 2982/5420/2891 2976/5397/2880
f 2972/5400/2883 2978/5421/2892 2977/5422/2890 2971/5401/2879
f 2973/5404/2885 2979/5423/2893 2978/5424/2892 2972/5405/2883
f 2974/5408/2887 2980/5425/2894 2979/5426/2893 2973/5409/2885
f 2975/5412/2889 2981/5427/2895 2980/5428/2894 2974/5413/2887
f 2976/5416/2880 2982/5429/2891 2981/5430/2895 2975/5417/2889
f 2983/5431/2896 2989/5432/2897 2994/5433/2898 2988/5434/2899
f 2984/5435/2900 2990/5436/2901 2989/5437/2897 2983/5438/2896
f 2985/5439/2902 2991/5440/2903 2990/5441/2901 2984/5442/2900
f 2986/5443/2904 2992/5444/2905 2991/5445/2903 2985/5446/2902
f 2987/5447/2906 2993/5448/2907 2992/5449/2905 2986/5450/2904
f 2988/5451/2899 2994/5452/2898 2993/5453/2907 2987/5454/2906
f 2989/5432/2897 2995/5455/2908 3000/5456/2909 2994/5433/2898
f 2990/5436/2901 2996/5457/2910 2995/5458/2908 2989/5437/2897
f 2991/5440/2903 2997/5459/2911 2996/5460/2910 2990/5441/2901
f 2992/5444/2905 2998/5461/2912 2997/5462/2911 2991/5445/2903
f 2993/5448/2907 2999/5463/2913 2998/5464/2912 2992/5449/2905
f 2994/5452/2898 3000/5465/2909 2999/5466/2913 2993/5453/2907
f 2995/5467/2908 3001/5468/2914 3006/5469/2915 3000/5465/2909
f 2996/5457/2910 3002/5470/2916 3001/5471/2914 2995/5458/2908
f 2997/5459/2911 3003/5472/2917 3002/5473/2916 2996/5460/2910
f 2998/5474/2912 3004/5475/2918 3003/5472/2917 2997/5459/2911
f 2999/5463/2913 3005/5476/2919 3004/5477/2918 2998/5464/2912
f 3000/5465/2909 3006/5469/2915 3005/5478/2919 2999/5466/2913
f 3001/5468/2914 3007/5479/2920 3012/5480/2921 3006/5469/2915
f 3002/5470/2916 3008/5481/2922 3007/5482/2920 3001/5471/2914
f 3003/5472/2917 3009/5483/2923 3008/5484/2922 3002/5473/2916
f 3004/5475/2918 3010/5485/2924 3009/5483/2923 3003/5472/2917
f 3005/5476/2919 3011/5486/2925 3010/5487/2924 3004/5477/2918
f 3006/5469/2915 3012/5480/2921 3011/5488/2925 3005/5478/2919
f 3013/5489/2926 3019/5490/2927 3024/5491/2928 3018/5492/2929
f 3014/5493/2930 3020/5494/2931 3019/5495/2927 3013/5496/2926
f 3015/5497/2932 3021/5498/2933 3020/5494/2931 3014/5493/2930
f 3016/5499/2934 3022/5500/2935 3021/5501/2933 3015/5502/2932
f 3017/5503/2936 3023/5504/2937 3022/5505/2935 3016/5506/2934
f 3018/5507/2929 3024/5508/2928 3023/5504/2937 3017/5503/2936
f 3019/5509/2927 3025/5510/2938 3030/5511/2939 3024/5512/2928
f 3020/5494/2931 3026/5513/2940 3025/5514/2938 3019/5495/2927
f 3021/5498/2933 3027/5515/2941 3026/5513/2940 3020/5494/2931
f 3022/5516/2935 3028/5517/2942 3027/5518/2941 3021/5519/2933
f 3023/5504/2937 3029/5520/2943 3028/5521/2942 3022/5505/2935
f 3024/5508/2928 3030/5522/2939 3029/5520/2943 3023/5504/2937
f 3031/5523/2944 3037/5524/2945 3042/5525/2946 3036/5526/2947
f 3032/5527/2948 3038/5528/2949 3037/5529/2945 3031/5530/2944
f 3033/5531/2950 3039/5532/2951 3038/5533/2949 3032/5534/2948
f 3034/5535/2952 3040/5536/2953 3039/5537/2951 3033/5538/2950
f 3035/5539/2954 3041/5540/2955 3040/5541/2953 3034/5542/2952
f 3036/5543/2947 3042/5544/2946 3041/5545/2955 3035/5546/2954
f 3043/5547/2956 3049/5548/2957 3054/5549/2958 3048/5550/2959
f 3044/5551/2960 3050/5552/2961 3049/5553/2957 3043/5554/2956
f 3045/5555/2962 3051/5556/2963 3050/5557/2961 3044/5558/2960
f 3046/5559/2964 3052/5560/2965 3051/5561/2963 3045/5562/2962
f 3047/5563/2966 3053/5564/2967 3052/5565/2965 3046/5566/2964
f 3048/5567/2959 3054/5568/2958 3053/5569/2967 3047/5570/2966
f 3049/5548/2957 3055/5571/2968 3060/5572/2969 3054/5549/2958
f 3050/5552/2961 3056/5573/2970 3055/5574/2968 3049/5553/2957
f 3051/5575/2963 3057/5576/2971 3056/5573/2970 3050/5552/2961
f 3052/5560/2965 3058/5577/2972 3057/5578/2971 3051/5561/2963
f 3053/5564/2967 3059/5579/2973 3058/5580/2972 3052/5565/2965
f 3054/5581/2958 3060/5582/2969 3059/5579/2973 3053/5564/2967
f 3061/5583/2974 3067/5584/2975 3072/5585/2976 3066/5586/2977
f 3062/5587/2978 3068/5588/2979 3067/5589/2975 3061/5590/2974
f 3063/5591/2980 3069/5592/2981 3068/5593/2979 3062/5594/2978
f 3064/5595/2982 3070/5596/2983 3069/5597/2981 3063/5598/2980
f 3065/5599/2984 3071/5600/2985 3070/5596/2983 3064/5595/2982
f 3066/5601/2977 3072/5602/2976 3071/5603/2985 3065/5604/2984
f 3067/5589/2975 3073/5605/2986 3078/5606/2987 3072/5607/2976
f 3068/5588/2979 3074/5608/2988 3073/5605/2986 3067/5589/2975
f 3069/5592/2981 3075/5609/2989 3074/5610/2988 3068/5593/2979
f 3070/5596/2983 3076/5611/2990 3075/5612/2989 3069/5597/2981
f 3071/5600/2985 3077/5613/2991 3076/5611/2990 3070/5596/2983
f 3072/5602/2976 3078/5614/2987 3077/5615/2991 3071/5603/2985
f 3073/5605/2986 3079/5616/2992 3084/5617/2993 3078/5606/2987
f 3074/5608/2988 3080/5618/2994 3079/5616/2992 3073/5605/2986
f 3075/5609/2989 3081/5619/2995 3080/5620/2994 3074/5610/2988
f 3076/5611/2990 3082/5621/2996 3081/5622/2995 3075/5612/2989
f 3077/5613/2991 3083/5623/2997 3082/5621/2996 3076/5611/2990
f 3078/5614/2987 3084/5624/2993 3083/5625/2997 3077/5615/2991
f 3079/5616/2992 3085/5626/2998 3090/5627/2999 3084/5617/2993
f 3080/5618/2994 3086/5628/3000 3085/5626/2998 3079/5616/2992
f 3081/5629/2995 3087/5630/3001 3086/5631/3000 3080/5632/2994
f 3082/5621/2996 3088/5633/3002 3087/5634/3001 3081/5622/2995
f 3083/5623/2997 3089/5635/3003 3088/5633/3002 3082/5621/2996
f 3084/5636/2993 3090/5637/2999 3089/5638/3003 3083/5639/2997
f 3091/5640/3004 3097/5641/3005 3102/5642/3006 3096/5643/3007
f 3092/5644/3008 3098/5645/3009 3097/5641/3005 3091/5640/3004
f 3093/5646/3010 3099/5647/3011 3098/5648/3009 3092/5649/3008
f 3094/5650/3012 3100/5651/3013 3099/5652/3011 3093/5653/3010
f 3095/5654/3014 3101/5655/3015 3100/5651/3013 3094/5650/3012
f 3096/5656/3007 3102/5657/3006 3101/5658/3015 3095/5659/3014
f 3097/5641/3005 3103/5660/3016 3108/5661/3017 3102/5642/3006
f 3098/5645/3009 3104/5662/3018 3103/5660/3016 3097/5641/3005
f 3099/5647/3011 3105/5663/3019 3104/5664/3018 3098/5648/3009
f 3100/5651/3013 3106/5665/3020 3105/5666/3019 3099/5652/3011
f 3101/5655/3015 3107/5667/3021 3106/5665/3020 3100/5651/3013
f 3102/5657/3006 3108/5668/3017 3107/5669/3021 3101/5658/3015
f 3103/5660/3016 3109/5670/3022 3114/5671/3023 3108/5661/3017
f 3104/5662/3018 3110/5672/3024 3109/5670/3022 3103/5660/3016
f 3105/5663/3019 3111/5673/3025 3110/5674/3024 3104/5664/3018
f 3106/5665/3020 3112/5675/3026 3111/5676/3025 3105/5666/3019
f 3107/5667/3021 3113/5677/3027 3112/5675/3026 3106/5665/3020
f 3108/5668/3017 3114/5678/3023 3113/5679/3027 3107/5669/3021
f 3115/5680/3028 3121/5681/3029 3126/5682/3030 3120/5683/3031
f 3116/5684/3032 3122/5685/3033 3121/5686/3029 3115/5687/3028
f 3117/5688/3034 3123/5689/3035 3122/5690/3033 3116/5691/3032
f 3118/5692/3036 3124/5693/3037 3123/5694/3035 3117/5695/3034
f 3119/5696/3038 3125/5697/3039 3124/5698/3037 3118/5699/3036
f 3120/5700/3031 3126/5701/3030 3125/5702/3039 3119/5703/3038
f 3121/5681/3029 3127/5704/3040 3132/5705/3041 3126/5682/3030
f 3122/5685/3033 3128/5706/3042 3127/5707/3040 3121/5686/3029
f 3123/5689/3035 3129/5708/3043 3128/5709/3042 3122/5690/3033
f 3124/5693/3037 3130/5710/3044 3129/5711/3043 3123/5694/3035
f 3125/5697/3039 3131/5712/3045 3130/5713/3044 3124/5698/3037
f 3126/5701/3030 3132/5714/3041 3131/5715/3045 3125/5702/3039
f 3133/5716/3046 3139/5717/3046 3144/5718/3047 3138/5719/3048
f 3134/5720/3049 3140/5721/3049 3139/5717/3046 3133/5716/3046
f 3135/5722/3050 3141/5723/3050 3140/5724/3049 3134/5725/3049
f 3136/5726/3051 3142/5727/3051 3141/5728/3050 3135/5729/3050
f 3137/5730/3052 3143/5731/3052 3142/5727/3051 3136/5726/3051
f 3138/5732/3048 3144/5733/3047 3143/5734/3052 3137/5735/3052
f 3145/5736/3053 3151/5737/3053 3156/5738/3054 3150/5739/3055
f 3146/5740/3056 3152/5741/3056 3151/5737/3053 3145/5736/3053
f 3147/5742/3057 3153/5743/3058 3152/5744/3056 3146/5745/3056
f 3148/5746/3059 3154/5747/3060 3153/5748/3058 3147/5749/3057
f 3149/5750/3061 3155/5751/3062 3154/5747/3060 3148/5746/3059
f 3150/5752/3055 3156/5753/3054 3155/5754/3062 3149/5755/3061
